{"version":"v1","type":"CLUB","data":[{"id":694343262,"clubTypeId":1,"shaftLength":45.5,"flexTypeId":"REGULAR","averageDistance":0,"adviceDistance":0,"retired":false,"deleted":false,"lastModifiedTime":"2024-03-26T12:46:38.000Z"},{"id":694343263,"clubTypeId":2,"shaftLength":43.0,"flexTypeId":"REGULAR","averageDistance":0,"adviceDistance":0,"retired":false,"deleted":false,"lastModifiedTime":"2024-03-26T12:46:38.000Z"},{"id":694343264,"clubTypeId":3,"shaftLength":42.5,"flexTypeId":"REGULAR","averageDistance":0,"adviceDistance":0,"retired":false,"deleted":false,"lastModifiedTime":"2024-03-26T12:46:38.000Z"},{"id":694343265,"clubTypeId":6,"shaftLength":40.0,"flexTypeId":"REGULAR","averageDistance":0,"adviceDistance":0,"retired":false,"deleted":false,"lastModifiedTime":"2024-03-26T12:46:38.000Z"},{"id":694343266,"clubTypeId":7,"shaftLength":39.5,"flexTypeId":"REGULAR","averageDistance":0,"adviceDistance":0,"retired":false,"deleted":false,"lastModifiedTime":"2024-03-26T12:46:38.000Z"},{"id":694343267,"clubTypeId":12,"shaftLength":38.5,"flexTypeId":"REGULAR","averageDistance":0,"adviceDistance":0,"retired":false,"deleted":false,"lastModifiedTime":"2024-03-26T12:46:38.000Z"},{"id":694343268,"clubTypeId":13,"shaftLength":38.0,"flexTypeId":"REGULAR","averageDistance":0,"adviceDistance":0,"retired":false,"deleted":false,"lastModifiedTime":"2024-03-26T12:46:38.000Z"},{"id":694343269,"clubTypeId":14,"shaftLength":37.5,"flexTypeId":"REGULAR","averageDistance":0,"adviceDistance":0,"retired":false,"deleted":false,"lastModifiedTime":"2024-03-26T12:46:38.000Z"},{"id":694343270,"clubTypeId":15,"shaftLength":37.0,"flexTypeId":"REGULAR","averageDistance":0,"adviceDistance":0,"retired":false,"deleted":false,"lastModifiedTime":"2024-03-26T12:46:38.000Z"},{"id":694343271,"clubTypeId":16,"shaftLength":36.5,"flexTypeId":"REGULAR","averageDistance":0,"adviceDistance":0,"retired":false,"deleted":false,"lastModifiedTime":"2024-03-26T12:46:38.000Z"},{"id":694343272,"clubTypeId":17,"shaftLength":36.0,"flexTypeId":"REGULAR","averageDistance":0,"adviceDistance":0,"retired":false,"deleted":false,"lastModifiedTime":"2024-03-26T12:46:38.000Z"},{"id":694343273,"clubTypeId":18,"shaftLength":35.5,"flexTypeId":"REGULAR","averageDistance":0,"adviceDistance":0,"retired":false,"deleted":false,"lastModifiedTime":"2024-03-26T12:46:38.000Z"},{"id":694343274,"clubTypeId":19,"shaftLength":35.5,"flexTypeId":"REGULAR","averageDistance":0,"adviceDistance":0,"retired":false,"deleted":false,"lastModifiedTime":"2024-03-26T12:46:38.000Z"},{"id":694343275,"clubTypeId":20,"shaftLength":35.5,"flexTypeId":"REGULAR","averageDistance":0,"adviceDistance":0,"retired":false,"deleted":false,"lastModifiedTime":"2024-03-26T12:46:38.000Z"},{"id":694343276,"clubTypeId":21,"shaftLength":35.25,"flexTypeId":"REGULAR","averageDistance":0,"adviceDistance":0,"retired":false,"deleted":false,"lastModifiedTime":"2024-03-26T12:46:38.000Z"},{"id":694343277,"clubTypeId":22,"shaftLength":35.0,"flexTypeId":"REGULAR","averageDistance":0,"adviceDistance":0,"retired":false,"deleted":false,"lastModifiedTime":"2024-03-26T12:46:38.000Z"},{"id":694343278,"clubTypeId":23,"shaftLength":35.0,"flexTypeId":"REGULAR","averageDistance":0,"adviceDistance":0,"retired":false,"deleted":false,"lastModifiedTime":"2024-03-26T12:46:38.000Z"}],"preparedOn":"2024-04-03T09:01:37.236Z"}