date,time,Unknown,calcium,calories,carbs,cholesterol,fat,fiber,iron,monounsaturated fat,polyunsaturated fat,potassium,protein,saturated fat,sodium,sugar,vitamin_c
2024-03-16,10:51:00,,11.9403,40.2428,7.28118,0,0,0.597015,0.214925,0,0,375,0.599415,0,14.9254,6.56717,28.6567
2024-03-16,16:37:00,,128.044,1095.36,68.8976,304.374,67.5813,3.90055,5.2222,11.3821,5.12652,595.397,56.1978,25.794,1983.91,9.23707,3.776
2024-03-16,17:13:00,,0,192,12,0,1.65,0.65,0,0,0,0,32,0.55,300.177,0.65,0
2024-03-16,23:13:00,,22.4,1104.4,118.2,50,51.64,3.2,0.7704,3.112,1.136,306,32.388,2.156,360,5,0
2024-03-17,13:45:00,,0,200,25.9,0,7.4,0,0,0,0,0.2,5.9,0,0.1,0,0
2024-03-17,13:46:00,,0,542,55.2,30,19.6,2.5,0,1.8,0.6,157.2,33.3,1.8,672,2.7,0
2024-03-17,14:28:00,,22.4,1020.83,104.999,208.5,51.2445,3.158,0.7704,15.5515,7.06,772,36.9035,7.81175,785.7,8.02,13.5
2024-03-17,21:04:00,,0,643,8,50,33,2,0,3,1,262,77,2,120,3,0
2024-03-18,07:29:00,,18,720.994,71.121,0,17.642,2.55,0.4887,0.07,0.085,632.1,51.6955,0.0975,790.8,12.47,0
2024-03-18,08:47:00,,0,512,32.6,50,17.6,2,0,3,1,262,58,2.5,120.355,3.4,0
2024-03-18,15:02:00,,155.662,680.726,40.386,81,39.7164,7.1514,0.885001,5.9577,1.13955,785.564,68.3299,3.7129,931.3,19.5407,33.1968
2024-03-19,07:32:00,,0,200,50,0,0,0,0,0,0,0,4,0,170,50,0
2024-03-19,09:12:00,,0,377,40.05,0,5.85,5.15,0,0,0,0,38.05,1.2,300.177,0.65,0
2024-03-19,15:15:00,,32.64,758.886,8.1008,163.68,60.2497,10.03,0.77,9.44872,2.29364,448.72,46.3523,4.35624,68.2348,0.6908,0
2024-03-19,19:44:00,,0,740,124.6,28,5.2,4.4,0,0,0,0,25.2,0,1440,0,0
2024-03-20,09:18:00,,0,647.6,57.99,100,25.5,3.3,0,6.095,5.27,405,40.89,3.165,2116.05,2.38,0
2024-03-20,15:53:00,,46.8153,707.851,61.7642,105.75,32.1,2.24702,4.93993,12.6,1.35,712.5,44.472,8.4,884.349,14.2172,33.9667
2024-03-20,20:15:00,,136.8,892.8,92.08,49.2,35.12,1.2,1.4256,6.96,0.84,256.2,49.11,5.88,211.92,0.12,4.752
2024-03-21,07:28:00,,0,476,57.6,0,5.39,4.5,0,0,0,0,53.34,1.282,0.355,14.83,0
2024-03-22,00:09:00,,448.2230,666.7071270,29.114490,196.4160,41.789670,4.058890,2.049060,1.940830,1.021320,138.2530,45.201770,2.556940,79.67020,8.034670,3.562760
2024-03-22,09:30:00,,0,377,40.05,0,5.85,5.15,0,0,0,0,38.05,1.2,300.177,0.65,0
2024-03-22,15:14:00,,32.64,758.886,8.1008,163.68,60.2497,10.03,0.77,9.44872,2.29364,448.72,46.3523,4.35624,68.2348,0.6908,0
2024-03-22,23:35:00,,85.14,1482.56,112.047,54684,56.5353,5.1318,1.56978,10.8881,2.80276,1136.72,63.8508,11.7077,665.8,9.50782,33.3318
2024-03-23,09:48:00,,231.4,89,23.3536,0,0.178,2.492,0,0.02314,0.0712,194.02,4.9612,0.01602,1.78,17.533,51.0504
2024-03-23,11:48:00,,0,377,40.05,0,5.85,5.15,0,0,0,0,38.05,1.2,300.177,0.65,0
2024-03-23,15:13:00,,31.6,641.187,58.9646,0,26.9404,2.80502,1.7055,1.86825,0.735877,27.5,40.2271,8.91522,195.498,13.3921,10.656
2024-03-23,22:07:00,,87.1,911.64,84.1247,35,46.754,5.876,3.4929,7.86213,0.37409,513.51,42.7884,10.7094,1136.15,17.2449,18.051
2024-03-24,08:29:00,,0,284,38.75,0,5.45,5.15,0,0,0,0,17.05,0.95,300,0.45,0
2024-03-24,13:58:00,,0,198,21.4,0,2.5,1.3,0,0,0,0,22,0.6,600,0.9,0
2024-03-24,15:14:00,,40,1098,42.408,0,43.768,2.748,1.9944,0.112,0.136,44,135.328,9.036,243.28,7.4,10.656
2024-03-24,21:28:00,,14,770,55.6375,0,35.4125,4.75,0.4815,0.07,0.085,27.5,48.28,2.6725,500,1.475,0
2024-03-25,09:35:00,,0,371,30.65,0,5,4.5,0,0,0,0,48.05,1.15,0.355,0.4,0
2024-03-25,13:37:00,,373.519,555.589,24.262,163.68,34.8247,3.38241,1.70755,1.61736,0.851099,115.211,37.6681,2.13078,66.3918,6.69556,2.96897
2024-03-25,22:20:00,,1000,573.8,87.49,0,14.24,4.85,0.18,0.09,0.34,100,23.08,0.35,646.8,9.29,0
2024-03-26,08:03:00,,0,93,12,0,4,1.1,0,0,0,0,6.3,0.7,0.11,5.6,0
2024-03-26,09:41:00,,0,377,40.05,0,5.85,5.15,0,0,0,0,38.05,1.2,300.177,0.65,0
2024-03-26,13:38:00,,448.223,666.707,29.1144,196.416,41.7896,4.05889,2.04906,1.94083,1.02132,138.253,45.2017,2.55694,79.6702,8.03467,3.56276
2024-03-26,22:29:00,,5,1391.82,38.866,3,76.528,3.012,0.009,21,8.85,994.5,113.722,18.45,545.4,4.92,27
2024-03-27,07:56:00,,410,1054.6,79.9,36.6,36.34,4.6,0.09,13.336,5.556,958.4,50.2,4.564,416,4.1,14.4
2024-03-27,07:58:00,,0,1238,64.9,0,31.4,1.5,0,0,0,0,9.7,4.1,0.95,0,0
2024-03-27,09:18:00,,0,371,40.05,0,6,6.65,0,1.75,1.8,0,40.8,1.35,300.179,1.35,0
2024-03-27,13:15:00,,0,601.55,81.355,0,18.815,0,0,0,0,0,22.79,2.65,0,19.61,0
2024-03-28,09:38:00,,600,269,34.3,246,10.48,2.4,0.108,2.994,1.284,148,11.2,2.046,386,3.33,0
2024-03-28,16:22:00,,400,831.9,48.7,1,45.94,2.6,0.072,7.036,3.086,325,55.69,13.1673,359,5.5,9
2024-03-28,21:20:00,,26.25,43.5,10.5,0,0.33,2.25,0.18,0.03525,0.21525,148.5,0.795,0.02175,3.75,6.7425,56.025
2024-03-29,09:10:00,,350,314.25,31.275,0,12.43,1.4,0.063,0.0315,0.119,35,18.95,1.9885,175,4.75,0
2024-03-29,13:47:00,,464.5,403.45,29.29,22.5,20.925,2.8,2.541,8.5405,0.153,242.5,27.585,6.4695,452.2,3.195,0
2024-03-29,14:51:00,,720.887,1018.89,83.3398,0,57.7955,7.89725,9.70921,5.52,1.2098,1296.34,52.1502,1.19275,992.893,2.94055,27.492
2024-03-29,20:08:00,,500,612.4,38.93,0,38.05,4,0.09,0.045,0.17,50,31.8,13.655,254.85,2.85,0
2024-03-30,09:04:00,,0,368.637,16.8222,246,23.3857,0,0,2.94,1.08,88,23.9767,1.98,86.048,0.66,0
2024-03-30,12:52:00,,0,331.5,27,0,20.7,0,0,0,0,0,7.05,0,0,0,0
2024-03-30,16:40:00,,1.5,944.6,83.09,0,46.4,6.95,0.675,2,0.4,100,35.94,24.08,5958.8,1.24,0.33
2024-03-30,22:02:00,,0,537,25.57,0,24.87,0.65,0,0,0,0.3,52.37,7.39,300.327,0.65,0
2024-03-31,08:38:00,,0,365,30.65,0,5.15,6,0,1.75,1.8,0,50.8,1.3,0.3565,1.1,0
2024-03-31,12:59:00,,0242.5,1981046.67,21.455,052.95,2.560,1.37,00.1935,011.575,02.865,0752.925,2258.94,0.69,600444.948,0.920,015.3
2024-03-31,20:38:00,,0,760,58.5,52.5,24.25,4.5,0,0,0,0,33.25,7.5,1260,6.75,0
2024-04-01,05:36:00,,21.6945,248.738,21.001,0,14.2335,2.565,0.39042,6.92587,1.08892,255.244,11.026,1.86156,235.749,13.871,35.1
2024-04-01,19:09:00,,113.271,870.254,95.3771,204.043,27.8969,8.0956,4.4671,5.99405,11.7743,1122.06,56.9711,4.77225,1525.43,8.65,24.4962
2024-04-02,07:40:00,,91.6,485.2,17,13.8,28.752,2.44,1.05,2.9428,1.304,312,38.948,6.6824,1039.12,4.24,0
2024-04-02,19:07:00,,36.66,778.733,56.6825,88.8604,28.2219,3.70092,2.37202,4.08814,5.61652,646.39,65.1118,5.38028,2325.83,9.68,8.95734
2024-04-02,22:13:00,,193.96,803.777,67.9917,88.5525,40.6622,13.0228,6.6854,7.218,5.5958,652.976,46.09,8.5201,1519.11,19.7439,41.2118
2024-04-03,08:17:00,,0,452,43.2,0,25.6,0,0,0,0,0,12,8,0,8,0
2024-04-03,12:21:00,,0,179.4,1.68,0,15,0,0,0,0,0,7.5,1.2,0,0,0
2024-04-03,14:25:00,,0,558,39.25,0,16.75,0,0,0,0,0,65.3,0.35,0,1.75,0
2024-04-03,19:55:00,,0,600,70,0,20,0,0,0,0,0,33.75,0,0,0,0
2024-04-04,06:31:00,,0,249.6,46.15,0,5.73,1.02,0,0,0,0,5.61,0.852,600,16.59,0
2024-04-04,07:51:00,,0,371,40.05,0,6,6.65,0,1.75,1.8,0,40.8,1.35,300.179,1.35,0
2024-04-04,14:23:00,,500,633.1,65.95,0,30.34,3.02,0.09,0.045,0.17,50,21.42,7.175,850,4.66,0
2024-04-04,23:46:00,,505,920.1,61.55,0,35.05,2,0.099,0.045,0.17,189.5,53.3,3.105,256.175,3.5,0
2024-04-05,09:41:00,,0,371,40.05,0,6,6.65,0,1.75,1.8,0,40.8,1.35,300.179,1.35,0
2024-04-05,14:09:00,,32.64,758.886,8.1008,163.68,60.2497,10.03,0.77,9.44872,2.29364,448.72,46.3523,4.35624,68.2348,0.6908,0
2024-04-05,19:33:00,,0,143.4,1.29,0,12.84,0,0,0,0,0,5.49,5.13,0,0,0
2024-04-05,22:39:00,,400,1475.58,75.584,2,81.282,10.218,0.072,14.036,6.036,751,102.888,22.474,1168.17,6.69,18
2024-04-06,08:18:00,,0,307.8,34.96,0,5.62,7.2,0,2.1,2.16,0,31.56,1.21,0.1793,1.04,0
2024-04-06,13:50:00,,247.258,734.362,56.9432,246,40.477,4.3315,6.43081,6.599,1.8072,928.892,44.4668,2.7495,631.262,1.1237,18.328
2024-04-06,20:50:00,,0,770.275,111.45,0,20.021,0,0,0,0,0,37.05,0.009,0,0.26,0
2024-04-07,06:27:00,,0,374,59.52,0,7.88,7.3,0,0.75,0.75,0,11.97,1.41,0.1,13.5,0
2024-04-07,11:44:00,,0,770,125.75,0,7.25,7.3,0,1.75,1.8,0,51.8,1.65,855.179,76.8,0
2024-04-07,14:09:00,,154,1240.4,92.58,107.2,60.38,13.46,0.24192,4.9,11.515,200.7,89.665,0.035,675.9,0,8.1672
2024-04-07,20:22:00,,80.34,508.24,49.7655,53,10.7413,11.004,0.2028,0.0127,0.0343,444.02,48.0132,3.66255,1486.41,8.1701,2.444
2024-04-08,08:12:00,,0,272,29.35,0,4.75,6,0,1.75,1.8,0,29.8,1.05,0.179,0.9,0
2024-04-08,15:59:00,,117,879.6,144.008,0,33.04,16.06,0.36,0.0437,0.188,558.1,19.262,0.0761,4.9,13.565,29.412
2024-04-08,20:28:00,,252.662,408.326,29.964,132.5,11.6563,6.3114,1.11,5.9499,1.11555,1635.16,53.1459,1.2075,2622.88,10.4307,15.9888
2024-04-08,21:34:00,,0,157,12.9,0,10,2.9,0,0,0,0,5.7,0,0.45,0,0
2024-04-09,06:25:00,,0,85,13,0,2.6,1,0,0,0,0,1.5,0.3,120,5.2,0
2024-04-09,13:17:00,,448.2230,666.707327,29.114430,196.4160,41.78964,4.058896,2.049060,1.940831,1.021321,138.2530,45.201742,2.556941,79.67020,8.034671,3.562760
2024-04-09,20:03:00,,0,819.4,71.35,0,47.9,11.4,0,0,0,0,30.65,13,473,9.25,0
2024-04-10,08:22:00,,143.25,378.1,31.938,60,16.58,3.81,0.18,1.66395,1.37325,489.6,25.651,1.52885,952.698,17.1675,81.837
2024-04-10,14:32:00,,148.84,507.851,45.0742,79.5,12.59,2.19702,1.35253,0.1,0.2,901.8,48.757,1.8,1073.41,6.56717,39.2947
2024-04-10,18:49:00,,10,435.6,50.92,7.5,17.22,3.5,0.18,1,0,140,22.24,1.5,210,3,3
2024-04-10,19:21:00,,0,600,70,0,20,0,0,0,0,0,33.75,0,0,0,0
2024-04-11,07:00:00,,23.85,322.097,33.7073,18.2532,17.123,0.468699,0.443449,1.03543,1.90366,132.511,11.4926,5.9386,54.249,15.5576,5.53397
2024-04-11,08:07:00,,0,365,30.65,0,5.15,6,0,1.75,1.8,0,50.8,1.3,0.3565,1.1,0
2024-04-11,14:03:00,,448.223,666.707,29.1144,196.416,41.7896,4.05889,2.04906,1.94083,1.02132,138.253,45.2017,2.55694,79.6702,8.03467,3.56276
2024-04-11,21:59:00,,0,1223.5,73.6,64.4,79.16,2.4,0,21.808,10.016,788,53.22,3.422,420,0,21.6
2024-04-12,08:07:00,,0,365,30.65,0,5.15,6,0,1.75,1.8,0,50.8,1.3,0.3565,1.1,0
2024-04-12,19:57:00,,448.223,666.707,29.1144,196.416,41.7896,4.05889,2.04906,1.94083,1.02132,138.253,45.2017,2.55694,79.6702,8.03467,3.56276
2024-04-12,23:32:00,,147,1638.15,93.96,192,57.36,0,2.295,0,0,1369.5,79.77,13.08,984.105,22.95,14.4
2024-04-13,08:45:00,,0,163.88,21.76,0,6.052,1.156,0,0,0,0,4.896,0.816,680,2.448,0
2024-04-13,12:03:00,,0,198,21.4,0,2.5,1.3,0,0,0,0,22,0.6,600,0.9,0
2024-04-13,14:51:00,,432.938,1172.97,49.4839,0.8,75.0054,4.4171,0.8149,11.3025,3.406,581.618,109.548,19.2904,458.122,7.9366,23.7997
2024-04-13,23:51:00,,9,1313.95,78.08,0.8,50.48,0.8,0.045,5.6,2.36,232.5,35.76,1.48,96.14,0.2,7.2
2024-04-14,09:07:00,,0,105,26.95,0,0.39,0,0,0,0,0,1.29,0.132,0,14.43,0
2024-04-14,11:38:00,,0,192,12,0,1.65,0.65,0,0,0,0,32,0.55,300.177,0.65,0
2024-04-14,14:19:00,,815.938,1615.27,98.1169,589.6,93.0144,6.7871,41.5669,23.3905,6.108,1677.42,98.3232,18.6474,2038.13,10.7716,18.2197
2024-04-14,21:02:00,,50.2869,878.872,95.9556,72.372,20.3087,2.28528,3.01729,4.26957,5.86578,675.076,68.5328,3.78591,741.873,5.27882,9.35486
2024-04-15,07:06:00,,18,384.2,35.87,0,5.15,6.72,0.0162,1.75,1.8,23.1,51.1,1.3,0.6565,1.1,1.746
2024-04-15,21:03:00,,448.223,666.707,29.1144,196.416,41.7896,4.05889,2.04906,1.94083,1.02132,138.253,45.2017,2.55694,79.6702,8.03467,3.56276
2024-04-15,21:04:00,,72,378.8,27.2,492,20.26,5.26,0,5.88,2.16,176,18.5,4.06,522,0.66,7.2
2024-04-16,06:27:00,,0,66.42,12.6,0,1.06,0,0,0,0,0,1,0,0,5.04,0
2024-04-16,07:59:00,,140,290,13.38,62,11.7,2,0,0,0,264,34.24,0,67.064,0.44,2.76
2024-04-16,12:10:00,,0,604.3,58.28,0,27.45,0,0,0,0,0,25.845,0.8,0.4,0,0
2024-04-16,18:35:00,,0,758,84.5,0,29,0,0,0,0,0,37.55,1.3,0,0,0
2024-04-17,07:31:00,,0,611.6,57.41,80,24.13,3.2,0,5.556,4.896,324,35.93,2.732,1800.05,1.97,0
2024-04-17,11:28:00,,0,499.4,14.68,145,29,2,0,0,0,0,43.5,4.2,1130,0,0
2024-04-17,14:08:00,,0,755.8,111.45,21,15.5,3.3,0,0,0,0,22.9,1.6,1080,0.2,0
2024-04-17,17:56:00,,0,555,93.45,21,3.9,3.3,0,0,0,0,18.9,0,1080,0,0
2024-04-18,07:44:00,,0,365,30.65,0,5.15,6,0,1.75,1.8,0,50.8,1.3,0.3565,1.1,0
2024-04-18,12:09:00,,0,722.05,15.365,145,41.95,2,0,0,0,0,70.4,12.46,1132.58,0,0
2024-04-18,20:23:00,,0,95.6,0.86,0,8.56,0,0,0,0,0,3.66,3.42,0,0,0
2024-04-18,20:34:00,,20,714,85.82,0,23.37,0,1.08,3.458,1.414,198,40.22,4.98,104.95,3.87,0
2024-04-19,07:49:00,,0,365,30.65,0,5.15,6,0,1.75,1.8,0,50.8,1.3,0.3565,1.1,0
2024-04-19,15:40:00,,125,944.3,30.81,0,33.85,2.1,0.009,0,0,139.5,104.44,15.2,230,4.42,12
2024-04-19,21:38:00,,100,755.5,91.04,0,33.68,5.35,1.8,0,0,0,22.61,7.8,4145,8.81,0
2024-04-20,09:09:00,,0,371,40.05,0,6,6.65,0,1.75,1.8,0,40.8,1.35,300.179,1.35,0
2024-04-20,18:51:00,,44,1199.6,60.62,0.8,53.62,3.8,0.04824,5.6,2.36,369.4,92.92,14.04,168.2,1.05,7.4304
2024-04-20,19:57:00,,0,161.7,11.7,0,0,0,0,0,0,0,1.32,0,0,0.33,0
2024-04-20,21:26:00,,288,854,94.1,148.9,29.56,10.6,4.05648,0.7,0.7,129,56.6,5.64,2340.95,10.9,96.4608
2024-04-21,07:51:00,,0,135,15,0,6,0,0,0,0,0,4,0,0,0,0
2024-04-21,10:51:00,,40,494,144.61,38,18.27,16.5,0.189,0.1,0.1,0,45.55,0.95,333.214,112.37,2.16
2024-04-21,13:42:00,,88,1279.2,40.38,1.6,68.36,2,0.09648,11.2,4.72,456.8,99.14,20.88,1014.4,1.45,14.8608
2024-04-21,21:27:00,,282,514.8,60.72,100,19.04,5,2.84472,0,0,1.2,26.96,1,1561.6,10,96.6912
2024-04-22,07:26:00,,0,346,1.76,168,22.1,0,0,37.6,22.4,0,30.98,27.2,79.2,0,0
2024-04-22,14:11:00,,373.519,555.589,24.262,163.68,34.8247,3.38241,1.70755,1.61736,0.851099,115.211,37.6681,2.13078,66.3918,6.69556,2.96897
2024-04-22,21:59:00,,41.494,1259.24,110.177,120.937,40.0544,1.4922,1.893,0.1796,0.2086,982.956,77.9228,3.508,1148.51,6.93,12.4994
2024-04-23,06:22:00,,0,66.42,12.6,0,1.06,0,0,0,0,0,1,0,0,5.04,0
2024-04-23,07:43:00,,0,333.8,30.13,0,4.84,4.5,0,0,0,0,39.65,1.05,0.284,0.32,0
2024-04-23,22:06:00,,119.25,484.509,52.13,91.2662,19.74,2.92077,2.21725,5.25243,9.58319,727.807,26.0791,3.44845,588.472,5.68186,27.6698
2024-04-23,22:07:00,,0,956,82.5334,100,22,0,0,0,0,0,33.1334,0,2580,0,0
2024-04-24,06:28:00,,0,66.42,12.6,0,1.06,0,0,0,0,0,1,0,0,5.04,0
2024-04-24,08:17:00,,0,371,30.65,0,5,4.5,0,0,0,0,48.05,1.15,0.355,0.4,0
2024-04-24,19:11:00,,0,544.6,47,0,61.4,1,0,0,24,0,31.5,31,121,25,0
2024-04-24,19:12:00,,0,958.8,145,0,32.2,63,0,50.4,61.2,198,39.4,70.2,972,0,115.8
2024-04-25,08:11:00,,0,554.4,47.97,80,22.81,2.64,0,4.876,4.216,324,34.61,2.572,1692.85,1.97,0
2024-04-25,11:56:00,,0,179.4,1.68,0,15,0,0,0,0,0,7.5,1.2,0,0,0
2024-04-25,14:55:00,,11.9403,684.851,40.3642,0,18.8,0.597015,0.214925,0,0,0,82.697,1.7,14.9254,6.56717,28.6567
2024-04-25,23:28:00,,57.0724,1019.02,110.311,89.1949,25.9648,5.50797,2.20416,5.11758,4.45976,556.331,25.6637,3.22239,412.089,3.90505,1.86782
2024-04-26,08:19:00,,0,408.6,36.22,0,13.12,0,0,0,0,0,36.24,0.25,0.1775,0.2,0
2024-04-26,18:13:00,,373.519,960.589,69.262,163.68,52.8247,3.38241,1.70755,1.61736,0.851099,115.211,49.6681,2.13078,66.3918,6.69556,2.96897
2024-04-26,21:06:00,,0,685,26.25,290,31.5,4.1,0,0,0,0,75,7.7,2435,0.1,0
2024-04-26,21:07:00,,0,1128.68,50.7,436,55,7,0,7,2.95,285,109.475,9.45,3465,2,9
2024-04-27,08:23:00,,0,105,26.95,0,0.39,0,0,0,0,0,1.29,0.132,0,14.43,0
2024-04-27,10:56:00,,0,192,12,0,1.65,0.65,0,0,0,0,32,0.55,300.177,0.65,0
2024-04-27,14:20:00,,29.96,1505.22,34.9899,141.76,82.8631,3.298,2.0625,16.983,11.0662,722.13,154.236,3.8975,641.57,3.516,28.656
2024-04-27,22:04:00,,0,465,15,0,6,0,0,0,0,0,4,0,0,0,0
2024-04-28,10:27:00,,0,621.5,47.1,0,41.55,0,0,0,0,0,12.9,13.65,1.5525,5.15,0
2024-04-28,13:46:00,,0,233,23.5,0,4.45,0.65,0,0,0,0,23.5,0.84,300,1.65,0
2024-04-28,14:19:00,,0,644,65.96,110,31.88,11.6,0,2.142,0.676,138,32.28,14.478,154,3.16,0
2024-04-28,21:17:00,,0,944,66,2,60,2,0,14,5.9,570,34.9,0.1,150,0,18
2024-04-29,07:23:00,,0,290,9.96,0,2.92,15.6,0,0,0,0,48,0.9,0.391,2.12,0
2024-04-29,13:21:00,,0,726.3,69.66,0,37.8,0,0,0,0,0,30.24,7.29,0,17.55,0
2024-04-29,21:20:00,,0,526,0,0,0,0,0,0,0,0,0,0,0,0,0
2024-04-30,08:24:00,,0,260,3.39,0,15.05,0,0,0,0,0,27.29,3,0.048,0.33,0
2024-04-30,12:24:00,,0,376.98,42.774,0,15.03,0.594,0,0,0,0,17.715,0.627,0.891,0.792,0
2024-04-30,13:30:00,,0,663.38,66.414,0,28.21,4.194,0,1.979,1.424,0,37.835,8.295,6.291,5.592,0
2024-04-30,20:59:00,,49.7872,790.446,72.2236,139.523,38.1343,1.7752,1.0546,4.8126,3.1305,504.993,39.6588,9.04921,859.573,5.03262,0.931698
2024-05-01,09:06:00,,0,277.5,15.5,5,16,0,0,0,0,0,17,3,0,0,0
2024-05-01,13:59:00,,7.29999,825,16.22,0,15.05,0.579999,0.629999,0,0,21.0666,8.442,3.16667,0.24,1.56667,0
2024-05-01,22:49:00,,19,1311.75,90.9,0,45,0,0.063,0,0,283.5,50.7,0,48,0,0
2024-05-02,09:02:00,,0,282,10,0,9.4,0,0,0,0,0,6.9,1.4,0,0,0
2024-05-02,15:17:00,,0,733,65.4,26.2,37,2.2,0,9.9,4.04,473,31.1,1.26,150,1.6,10.8
2024-05-02,18:16:00,,775,277,29.7,25,11.57,3.85,0.072,2.286,3.136,171,12.8,1.544,260,3.5,0
2024-05-02,21:34:00,,0,907.676,89.0153,0,44.6588,3.24706,0,0.847058,1.69412,492.706,33.6529,1.55294,95.9999,5.00647,0
2024-05-03,07:06:00,,0,362,28.9,35,12.7,1.4,0,2.1,0.7,183.4,31.5,1.65,84.1775,2.3,0
2024-05-03,14:25:00,,0,956,82.5334,100,22,0,0,0,0,0,33.1334,0,2580,0,0
2024-05-03,19:32:00,,0,108,12,0,4.8,0,0,0,0,0,3.2,0,0,0,0
2024-05-03,21:46:00,,620.26,1702.02,104.206,1.6,75.608,5.368,0.650399,11.2688,5.0448,984.24,94.1488,18.3791,602.28,6.6366,157.116
2024-05-04,08:26:00,,0,162,18,0,7.2,0,0,0,0,0,4.8,0,0,0,0
2024-05-04,11:54:00,,6,200.8,15.89,0,0.81,2.4,0.12,0.007,0.051,107,33.86,0.428,1.284,10.71,4.6
2024-05-04,14:17:00,,34.875,560.455,52.9727,105.75,22.9,2.19545,4.725,12.7255,1.45818,762.5,35.0932,7.30909,1393.05,0.822727,5.31
2024-05-04,20:27:00,,121.768,1724.76,151.118,0,94.2192,18.6242,1.85,16.3317,5.9675,652.588,54.655,26.4783,3469.48,2.84,9.59999
2024-05-05,08:57:00,,0,334.364,33.1782,0,14.42,0.436364,0,0.100364,0.0865455,40,15.6345,0.0872727,419.636,0.0581818,0
2024-05-05,15:02:00,,132,1579.55,73.37,108.5,86.875,7.35,0.14472,14,5.9,606.45,103.185,14.1,774.3,1.05,18.6912
2024-05-05,15:05:00,,0,205,51.95,0,0.39,0,0,0,0,0,1.29,0.132,85,39.43,0
2024-05-05,20:48:00,,0,725,83.35,0,22.8,0,0,0,0,0,46.54,0,0,0,0
2024-05-06,08:40:00,,0,419.4,14.87,0,16.55,0,0,0,0,0,50.89,1.61,2240.4,3.31,0
2024-05-06,13:08:00,,448.223,666.707,29.1144,196.416,41.7896,4.05889,2.04906,1.94083,1.02132,138.253,45.2017,2.55694,79.6702,8.03467,3.56276
2024-05-06,20:56:00,,17.6,523.2,58.85,0,8.584,2.968,1.224,0.885,0.6042,274.2,55.764,2.061,407.28,9.446,10.656
2024-05-07,06:26:00,,0,462.5,50.15,0,7.75,10.5,0,1.75,1.8,0,52.8,1.6,120.357,6.3,0
2024-05-07,07:57:00,,5.5,143.5,13,11.5,4.76,1,0.425,1.0115,0.4975,87.5,10.64,0.7645,456,5.2,0
2024-05-07,14:23:00,,0,944,66,2,60,2,0,14,5.9,570,34.9,0.1,150,0,18
2024-05-07,19:10:00,,0,296.062,23.25,0,15.79,0.25,0,0,0,35.25,13.225,1.155,68.125,0,0
2024-05-08,13:39:00,,0,535,40.75,100,13.95,0.4,0,0.037,0.05,716,56.57,2.858,105,6.2,0
2024-05-08,13:41:00,,0,647.6,57.99,100,25.5,3.3,0,6.095,5.27,405,40.89,3.165,2116.05,2.38,0
2024-05-08,17:20:00,,0,56.9,3.1,0,4.3,0,0,0,0,0,0.76,0,0,0,0
2024-05-08,23:25:00,,0,1373.7,77.7,64,82.66,2,0,19.008,8.836,674,51.34,3.402,390,0.33,18
2024-05-09,08:30:00,,0,611.6,57.41,80,24.13,3.2,0,5.556,4.896,324,35.93,2.732,1800.05,1.97,0
2024-05-09,13:20:00,,391.003,519.101,41.8392,88.125,26.03,3.37202,4.21543,10.5315,1.244,628.75,30.6095,6.0385,913.675,8.94217,33.0817
2024-05-09,20:10:00,,13.8666,890.333,103.23,246,31.0553,1.70666,0.890878,3.0312,1.37867,100.8,47.4567,2.12773,89.28,2.304,0
2024-05-09,08:30:00,0,611.6,57.41,80,24.13,3.2,0,5.556,4.896,324,35.93,2.732,1800.05,1.97,0
2024-05-09,13:20:00,391.003,519.101,41.8392,88.125,26.03,3.37202,4.21543,10.5315,1.244,628.75,30.6095,6.0385,913.675,8.94217,33.0817
2024-05-09,20:10:00,13.8666,890.333,103.23,246,31.0553,1.70666,0.890878,3.0312,1.37867,100.8,47.4567,2.12773,89.28,2.304,0
2024-05-10,06:22:00,0,469.5,37.495,0,19.125,1,0,0,0,0,33.58,0.3,120.2,6.575,0
2024-05-10,11:00:00,0,105,26.95,0,0.39,0,0,0,0,0,1.29,0.132,0,14.43,0
2024-05-10,17:37:00,86.4945,714.802,71.8343,25.6939,41.3247,6.64215,1.9305,10.158,12.4445,470.031,14.4165,4.254,931.246,13.5228,6.555
2024-05-10,21:30:00,660,965,84.88,0,34.23,3.45,0.108,0.054,0.204,60,75.69,2.106,300.174,8.15,6
2024-05-11,09:05:00,0,202.5,22.5,0,9,0,0,0,0,0,6,0,0,0,0
2024-05-11,13:30:00,0,630,82.5,0,22,0,0,0,0,0,25.5,5,1840,17,0
2024-05-11,19:23:00,0,198,21.4,0,2.5,1.3,0,0,0,0,22,0.6,600,0.9,0
2024-05-11,21:14:00,0,1066.96,92.1412,0,59.1853,3.78823,0,0.988235,1.97647,574.823,42.5418,1.81176,112,0.0658823,0
2024-05-12,08:28:00,0,202.5,22.5,0,9,0,0,0,0,0,6,0,0,0,0
2024-05-12,11:22:00,0,288,35.45,0,7.85,0.65,0,0,0,0,18.65,1.8,852,5.55,0
2024-05-12,14:59:00,76.32,615.195,51.0535,58.4104,15.7776,3.4362,1.41904,3.41375,6.17824,810.536,36.135,2.25239,2130.73,5.16665,17.7087
2024-05-12,21:12:00,0,1105.02,65.2135,0,51.0059,6.7647,0,1.76471,3.52941,1026.47,100.235,14.7053,200,4.53765,0
2024-05-13,07:42:00,0,0,0,0,0,0,0,0,0,0,0,0,0,0,0
2024-05-13,17:26:00,0,143,35,0,0,0,0,0,0,588,0,0,1.4,15,0
2024-05-13,21:26:00,0,245.818,29.0509,246,10.28,0.381818,0,3.02782,1.15573,123,9.67273,2.05636,453.182,0.380909,0
2024-05-14,08:03:00,0,394.5,24.055,0,19.825,0,0,0,0,0,28.08,0,0.136,0.935,0
2024-05-14,13:36:00,60,604,41.7,100,20.85,1.05,0,0,0,604,57.21,2.842,104,0,6
2024-05-14,20:48:00,120,441.6,22,125,14.75,2.1,0,0,0,755,55.2,1.4275,130,0,12
2024-05-15,08:32:00,0,436,65.41,0,5.712,4.9,0,0.3,0.3,0,29.882,1.2056,0.2175,17.144,0
2024-05-15,14:14:00,31.9562,687.9,65.8161,261.375,14.5407,0.944216,1.66192,5.25885,3.28854,1085.12,68.0094,2.9883,1931.19,8.02778,0.553687
2024-05-15,20:31:00,0,1211.7,141.7,0,50,0,0,0,0,0,21.32,0,0,0.33,0
2024-05-15,22:22:00,11.53,73.59,3.9232,8.05,3.20352,0.1472,0.55542,1.12744,1.18902,68.802,6.82296,0.681118,281.664,0.52352,0
2024-05-16,07:18:00,22.55,211.21,13.9384,6.67,16.0998,2.9744,0.76234,5.34505,2.69649,259.854,6.95112,1.83175,290.608,1.31104,0
2024-05-16,10:30:00,0,105,26.95,0,0.39,0,0,0,0,0,1.29,0.132,0,14.43,0
2024-05-16,15:44:00,630,869,38.91,170,33.42,0.2,0.18,4.911,3.414,1208,97.35,4.341,856,0.41,0
2024-05-16,21:22:00,0,309.273,45.4436,0,2.74,1.62727,0,0.0752727,0.0649091,30,24.2909,0.665455,914.727,0.943636,0
2024-05-17,06:47:00,31.45,281.35,15.9,17.25,18.9328,3.048,1.2823,6.48533,3.57457,344.13,15.5724,2.43707,622.96,1.5728,0
2024-05-17,08:23:00,0,85,13,0,2.6,1,0,0,0,0,1.5,0.3,120,5.2,0
2024-05-17,14:17:00,373.519,759.589,68.342,163.68,35.2647,3.98241,1.70755,1.75536,0.970099,170.211,41.8681,2.25078,643.392,6.77556,2.96897
2024-05-17,22:06:00,0,1285,160,0,45,0,0,0,0,0,60,0,0,0,0
2024-05-18,08:46:00,0,337.116,41.7052,0,11.8342,3.68421,0,0,0,0,14.7184,0.347368,0,2.72631,0
2024-05-18,12:10:00,42,409,44.2,0,18.45,4.15,2.52,0,0,490,39.7,2.3,972.178,4.85,0
2024-05-18,13:42:00,95.1926,893.616,124.308,36.672,48.2013,7.71709,6.95304,6.28957,1.95928,1148.92,26.6692,16.8777,2315.34,22.9901,19.8841
2024-05-18,20:12:00,21.3041,483.327,49.2204,174.25,9.74715,0.702205,1.10795,3.52263,2.20679,730.083,45.8487,2.00675,1357.4,5.36155,0.369124
2024-05-19,06:52:00,0,85,13,0,2.6,1,0,0,0,0,1.5,0.3,120,5.2,0
2024-05-19,08:49:00,21.3041,436.963,39.2023,174.25,9.64715,0.565841,1.10795,3.49127,2.17974,717.583,44.8941,1.97947,1226.26,5.34337,0.369124
2024-05-19,14:50:00,0,1300,156,0,104,0,0,0,0,130,104,0,1300,0,0
2024-05-19,20:30:00,636.348,958.37,64.7679,313.65,40.4089,9.01215,6.15231,10.0345,4.50389,1659.05,87.2749,5.40618,2288.53,17.9239,25.4144
2024-05-20,07:42:00,0,278.5,32.705,0,4.83,7.36,0,1.75,1.8,0,29.895,1.05,0.839,0.9,0
2024-05-20,14:14:00,448.223,666.707,29.1144,196.416,41.7896,4.05889,2.04906,1.94083,1.02132,138.253,45.2017,2.55694,79.6702,8.03467,3.56276
2024-05-20,20:50:00,0,994.5,108.9,0,16.5,0,0,0,0,1.5,33,0,16.5,0,0
2024-05-21,06:19:00,0,85,13,0,2.6,1,0,0,0,0,1.5,0.3,120,5.2,0
2024-05-21,07:53:00,6.6,420.7,39.735,13.8,12.577,2.8,0.51,4.0138,1.157,105,36.478,1.2574,403.4,3.195,0
2024-05-21,19:29:00,379,504.1,45.465,132.5,10.365,4.09,0.225,0.0481,0.065,1060.6,57.543,0.0208,1763.8,8.06,20.4
2024-05-21,22:42:00,36,918,48.6,27,8.1,1.8,3.24,0,0,1234.8,21.6,0,2754,9,0
2024-05-22,08:41:00,0,554.6,59.35,80,18.99,6.54,0,2.356,2.296,324,37.1,2.332,1264.05,4.65,0
2024-05-22,12:01:00,0,475,39.05,0,27.46,2.02,0,0,0,0,18.55,1.56,0.15,2.46,0
2024-05-22,13:47:00,104.052,606.544,75.615,110.646,21.969,8.48408,3.92568,8.42651,2.77536,1174.8,35.0776,4.43607,870.074,9.84794,14.1632
2024-05-22,21:49:00,108,734,23.36,0,42.09,1.89,0,0,0,0,62.64,12,0,4.42,10.8
2024-05-23,00:55:00,0,1501.64,177.6,0,25,0,0.03024,0,0,1.512,45,0,0.756,0,0
2024-05-23,07:20:00,48,63.2,16.48,0,0.04,2.84,0,0,0,0,2,0,1,0,4.8
2024-05-23,08:06:00,0,365,30.65,0,5.15,6,0,1.75,1.8,0,50.8,1.3,0.3565,1.1,0
2024-05-23,13:54:00,898.815,799.971,75.2096,130.944,37.3398,5.10593,1.47404,1.34789,0.884879,152.169,40.3345,1.77062,353.113,8.35645,2.37517
2024-05-24,07:53:00,500,490.9,42.14,492,25.5,2,0.09,5.925,2.33,226,25.5,4.105,422,3.46,0
2024-05-24,15:22:00,0,1095,120,0,55,0,0,0,0,0,30,0,0,0,0
2024-05-24,22:34:00,0,1130,130,0,50,0,0,0,0,0,40,0,0,0,0
2024-05-25,08:35:00,120,506.8,48,0,24.764,2.1,0,0,0,0,21.5,1.584,90,0,12
2024-05-25,14:48:00,750,813.35,60.025,0,31.26,6.5,0.135,0.0675,0.255,75,72.55,1.3625,875,5.25,0
2024-05-25,20:52:00,300,729.69,74.41,0,27.65,1.2,0.054,0.027,0.102,30,42.34,0.033,150,9.32,0
2024-05-26,06:07:00,0,549,96.56,0,9.14,7,0,1.2,1.2,0,16.36,1.58,1.06,39.6,0
2024-05-26,09:59:00,0,398,71.4,0,2.5,1.3,0,0,0,0,22,0.6,770,50.9,0
2024-05-26,14:22:00,1007.5,1389.4,163.655,55.2,57.88,17.75,0.4383,6.09,2.14,438.25,41.88,9.11,1157.58,12.5,0
2024-05-26,21:17:00,165.58,922,101.275,0,30.744,2.822,1.34142,3.0464,4.0064,233.25,41.4118,3.1504,3067.12,4.4132,4.7232
2024-05-27,07:19:00,0,391.5,43.5,0,17.4,0,0,0,0,0,11.6,0,0,0,0
2024-05-27,13:41:00,373.519,555.589,24.262,163.68,34.8247,3.38241,1.70755,1.61736,0.851099,115.211,37.6681,2.13078,66.3918,6.69556,2.96897
2024-05-27,20:22:00,0,585.8,66.98,0,25.622,2.424,0,0,0,0,22.45,0.652,0.18,2.952,0
2024-05-28,08:36:00,nan,1238.88,722.86,100.246,0,31.0032,5.464,0.3468,0.18316,0.4884,648.48,13.9576,3.78852,555.76,30.7464,71.1759
2024-05-28,12:51:00,nan,0,615.1,44.1,0,31.08,0,0,0,0,0,36.5,4.33333,0.999999,0.2,0
2024-05-28,20:50:00,nan,0,946,156,0,26.26,0,0,0,0,0,21.82,0,0,0,0
2024-05-29,06:27:00,nan,0,85,13,0,2.6,1,0,0,0,0,1.5,0.3,120,5.2,0
2024-05-29,07:53:00,nan,0,470,57.6,0,5.54,6,0,1.75,1.8,0,52.09,1.432,0.3565,15.53,0
2024-05-29,11:51:00,nan,748.5,710.3,67.0525,0,38.574,4.5025,1.1475,0.054,0.204,120.225,25.755,1.65,437.65,5.25,6.1875
2024-05-29,23:00:00,nan,31.9,402.4,8.26,0,12.59,1.6,1.0026,0.1,0.2,352.8,65.36,0.2,71.78,0.3,10.638
2024-05-30,07:50:00,nan,0,347.4,23.39,0,17.6,0,0,0,0,0,22.09,0.09,0.064,0.74,0
2024-05-30,15:28:00,nan,0,658.667,127.173,50.6667,1.77333,2.53333,0,0.405334,0.481334,633.334,29.64,0.430667,1773.33,21.7867,0
2024-05-30,23:27:00,nan,615,1438.5,82.47,0,43.2,2.4,0.135,0.054,0.204,478.5,76.11,13.626,486.21,3.63,0
2024-05-31,08:21:00,nan,0,397,40.33,0,5.15,8,0,1.75,1.8,0,51.8,1.3,1.3565,1.1,0
2024-05-31,13:22:00,nan,410.871,611.148,26.6882,180.048,38.3072,3.72065,1.87831,1.7791,0.936209,126.732,41.4349,2.34386,73.031,7.36512,3.26586
2024-05-31,22:24:00,nan,905,1409.8,36.11,152,81,2,0.333,14,5.9,946,107.89,19.5,511.4,8.82,18
2024-05-31,23:34:00,nan,5,107,0.45,0,0,0,0.009,0,0,139.5,0.35,0,6,0,0
2024-06-01,07:48:00,nan,0,324.916,41.7052,0,11.7842,3.68421,0,0,0,0,11.8684,0.347368,0,2.72631,0
2024-06-01,13:18:00,nan,0,396,42.8,0,5,2.6,0,0,0,0,44,1.2,1200,1.8,0
2024-06-01,16:05:00,nan,468.489,1499.57,55.4006,30.334,54.6312,2.05,0.758778,3.35739,1.49677,426.77,143.916,14.6285,515.776,10.07,0
2024-06-01,19:59:00,nan,0,625,49,1,35,1,0,7,2.95,285,28.25,0.05,75,0,9
2024-06-02,09:33:00,nan,0,324.916,41.7052,0,11.7842,3.68421,0,0,0,0,11.8684,0.347368,0,2.72631,0
2024-06-02,13:36:00,nan,0,343,38.4,0,8.5,1.3,0,0,0,0,27,0.6,600,0.9,0
2024-06-02,15:00:00,nan,0,712.76,90.9921,0,15.6281,3.37818,0,1.36818,0.967873,440.6,31.9002,0.671636,834.818,6.59709,0
2024-06-02,20:58:00,nan,28.16,1207.44,91.148,0.44,54.0032,2.288,0.827196,0.9328,0.6028,88.44,90.674,1.3904,1453.52,13.948,0
2024-06-03,07:41:00,nan,0,365,30.65,0,5.15,6,0,1.75,1.8,0,50.8,1.3,0.3565,1.1,0
2024-06-03,10:58:00,nan,0,24,6.04,0,0.12,0.32,0,0.0296,0.04,89.6,0.488,0.0128,0.8,4.96,0
2024-06-03,13:46:00,nan,373.519,555.589,24.262,163.68,34.8247,3.38241,1.70755,1.61736,0.851099,115.211,37.6681,2.13078,66.3918,6.69556,2.96897
2024-06-03,21:36:00,nan,132,1008.8,108.52,0,32.44,0,0.14472,0,0,1.2,65.36,0,293.4,3,0.6912
2024-06-04,06:27:00,nan,00,85365,1330.65,00,2.65,16,00,01.75,01.8,00,1.550,0.31,1200.3565,5.21,00
2024-06-04,14:18:00,nan,0,897.95,73.4684,80,26.455,0,0,0,0,0,31.7934,1.155,2180,0.735,0
2024-06-04,20:47:00,nan,22,422.6,68.46,87.5,10.54,3.36,0.0972,0,0,0,16.34,3.75,476.6,2.5,1.176
2024-06-05,07:54:00,nan,18,384.2,35.87,0,5.15,6.72,0.0162,1.75,1.8,23.1,51.1,1.3,0.6565,1.1,1.746
2024-06-05,10:42:00,nan,12,104,27.62,0,0.34,4.8,0.24,0.014,0.102,214,0.52,0.056,2,20.78,9.2
2024-06-05,13:16:00,nan,0,1067.8,115.5,0,43.1,0,0,0,0,0,52.4,4,0,3.8,0
2024-06-05,20:22:00,nan,38.1332,734.066,98.8798,0,24.6147,6.65332,2.44991,0.250799,0.821331,35.1999,24.2933,3.76627,10.76,4.61599,0
2024-06-06,08:16:00,nan,0,403,49.73,0,6,8.65,0,1.75,1.8,0,41.8,1.35,301.179,1.35,0
2024-06-06,14:37:00,nan,0,759.95,100.435,20,27.605,2,0,0,0,0,17.36,4.155,1000,6.735,0
2024-06-06,20:15:00,nan,0,1185,118.46,1.4,53.9,1.4,0,9.8,4.13,399,54.4,8.07,2841,14,12.6
2024-06-07,08:16:00,nan,0,470,57.6,0,5.54,6,0,1.75,1.8,0,52.09,1.432,0.3565,15.53,0
2024-06-07,09:52:00,nan,0,174.636,0,0,0,0,0.03024,0,0,1.512,0,0,0.756,0,0
2024-06-07,12:18:00,nan,373.519,736.839,43.707,163.68,37.0897,4.02741,1.70755,1.61736,0.851099,115.211,39.5681,2.58078,66.3918,7.19556,2.96897
2024-06-07,21:45:00,nan,154.85,1275.19,109.408,155.632,62.9629,5.2369,2.5152,6.1098,9.48595,5945.3,71.7238,2.90535,1252.88,31.2017,49.9025
2024-06-08,09:08:00,nan,0,294.816,41.7052,0,8.95921,3.68421,0,0,0,0,10.4434,0.347368,0,2.72631,0
2024-06-08,11:43:00,nan,0,192,12,0,1.65,0.65,0,0,0,0,32,0.55,300.177,0.65,0
2024-06-08,14:00:00,nan,450,522.75,51.745,0.5,17.16,2.3,0.081,3.5405,1.628,187.5,36.085,4.7645,314.66,8.18,4.5
2024-06-08,20:12:00,nan,12,985,72.4,40.6,59,2.8,0.648,11.2,4.72,456,42.2,3.08,660,0,15.84
2024-06-09,08:47:00,nan,0152,318.5894,4855.2,0372.3,8.97554,015.3,01.296,01.92,00.46,0287.2,10.87555,0.31,12001029.8,1.10,00
2024-06-09,12:39:00,nan,0,298,46.4,0,2.5,1.3,0,0,0,0,22,0.6,685,25.9,0
2024-06-09,20:54:00,nan,17,1213.95,15.12,1.6,53.8,1.6,0.0594,11.2,4.72,683.7,92.56,17.18,615.6,0,14.4
2024-06-10,07:37:00,nan,0,377.8,34.522,0,5.15,6.8,0,1.75,1.8,0,51.2,1.3,0.7565,1.1,0
2024-06-10,14:13:00,nan,298.815,687.471,46.4096,130.944,38.6598,2.70593,1.36604,1.29389,0.680879,92.1688,37.3345,1.70462,53.1134,5.35645,2.37517
2024-06-10,19:50:00,nan,0,723,83,0,26.8,0,0,0,0,0,34.2,0,0,0,0
2024-06-11,06:45:00,nan,0,153,17.58,0,7.36,3.93,0,0,0,0,2.11,4.99,22,8.47,0
2024-06-11,08:20:00,nan,0,347.825,37.8,0,12.175,0.55,0,0,0.05,89,16.84,0.025,0.564,1.015,0
2024-06-11,12:46:00,nan,0,1017,160.8,0,33.5,9.8,0,0,0,0,23.8,3,798.4,30.9,0
2024-06-11,19:04:00,nan,102,972.082,104.716,81,37.281,3.81818,9.018,4.85648,2.07117,1515.3,43.3293,20.7571,1835.32,6.10909,25.2
2024-06-12,08:36:00,nan,0,480.6,49.41,80,16.238,5.312,0,2.316,2.136,324,34.288,2.252,1264.05,4.114,0
2024-06-12,13:18:00,nan,0,379.5,20.65,0,14.5,0.4,0,0.037,0.05,112,41.06,2.656,1.6,6.2,0
2024-06-12,17:57:00,nan,0,633.6,109.75,0,24.04,0,0,0,0,0,41.8,5.03,60,0,0
2024-06-13,06:24:00,nan,0,85,13,0,2.6,1,0,0,0,0,1.5,0.3,120,5.2,0
2024-06-13,08:00:00,nan,700,447.9,40.36,0,21.46,2.8,0.126,0.063,0.238,70,22.28,0.167,350,3.8,0
2024-06-13,13:07:00,nan,0,806,71.5334,80,19,0,0,0,0,0,28.1334,0,2180,0,0
2024-06-13,20:50:00,nan,33,675.5,22.53,1.4,35.26,1.4,0.03618,9.8,4.13,399.3,51.79,8.47,177.9,0.63,12.7728
2024-06-14,08:00:00,nan,3,383.6,35.63,0,5.24,6.24,0.054,1.78,1.83,52.8,50.98,1.33,0.9565,5.57,1.08
2024-06-14,13:22:00,nan,32.64,758.886,8.1008,163.68,60.2497,10.03,0.77,9.44872,2.29364,448.72,46.3523,4.35624,68.2348,0.6908,0
2024-06-14,21:00:00,nan,0,998,88,0,45,0,0,0,0,0,40.7,0,0,0.5,0
2024-06-14,22:43:00,nan,5,320.2,23.33,0,12.48,0,0.009,0,0,139.5,2.71,1.44,6.14,0.2,0
2024-06-15,08:22:00,nan,0,294.816,41.7052,0,8.95921,3.68421,0,0,0,0,10.4434,0.347368,0,2.72631,0
2024-06-15,15:18:00,nan,35.1926,1049.98,183.286,36.672,25.8813,6.15345,4.64904,6.25193,1.92682,433.92,25.3237,14.345,2308.58,43.9683,19.8841
2024-06-15,21:45:00,nan,495,805.5,126.45,0,18.9,0,0.5427,0,0,4.5,26.1,0,1093.5,0,2.592
2024-06-16,08:35:00,nan,0,294.815,41.7052,0,8.95921,3.68421,0,0,0,0,10.4434,0.347368,0,2.72631,0
2024-06-16,13:01:00,nan,154,817.6,114.84,0,22.18,0.6,0.38484,0,0,1.4,36.92,0,525.3,4.5,0.8064
2024-06-16,18:05:00,nan,0,121.8,27.3,0,0.42,0.84,0.3024,0,0,0,2.52,0,259.14,6.3,0
2024-06-16,20:12:00,nan,390,941.65,52.325,0,22.31,4.8,0.027,0.0135,0.051,15,81.94,1.5565,77.52,6.48,24
2024-06-17,08:01:00,nan,0,365,30.65,0,5.15,6,0,1.75,1.8,0,50.8,1.3,0.3565,1.1,0
2024-06-17,13:32:00,nan,0,812.95,69.735,80,19.705,0,0,0,0,0,28.35,1.394,1870,75.735,0
2024-06-17,21:00:00,nan,171,907.5,103.95,94.5,33.3,4.8,0.5049,0,0,1.5,44.7,5.1,3094.5,18.6,1.584
2024-06-18,06:19:00,nan,0,85,13,0,2.6,1,0,0,0,0,1.5,0.3,120,5.2,0
2024-06-18,08:00:00,nan,0,326.5,30.645,0,9.38,0,0,0,0,0,27.87,0.53,0.676,1.07,0
2024-06-18,13:14:00,nan,373.519,555.589,24.262,163.68,34.8247,3.38241,1.70755,1.61736,0.851099,115.211,37.6681,2.13078,66.3918,6.69556,2.96897
2024-06-18,20:15:00,nan,204.807,809.537,62.4781,16.6881,47.6784,4.5057,4.50799,21.2164,9.2462,902.498,24.9237,9.9979,422.852,8.5368,26.6705
2024-06-19,07:54:00,nan,0,412.9,44.158,80,13.302,4.698,0,2.296,2.056,324,29.479,2.212,1264.06,3.956,0
2024-06-19,15:15:00,nan,31.9,500.5,44.1,0,15.02,2.5,1.1826,0.19,0.23,906.8,43.52,1.81,110.48,6.55,16.638
2024-06-19,20:06:00,nan,10.92,736.367,47.2004,115.57,35.9829,4.00273,0.991901,3.24383,1.68864,240.49,54.0864,7.22645,93.2027,2.00036,0
2024-06-20,06:52:00,nan,0,85,13,0,2.6,1,0,0,0,0,1.5,0.3,120,5.2,0
2024-06-20,07:53:00,nan,117.84,397.28,13.6,231.14,16.4418,1.68,1.9838,6.4864,3.3762,480.48,45.7346,4.4518,178.36,0,9.6
2024-06-20,13:19:00,nan,0,846.45,66.585,80,24.705,0,0,0,0,0,29.76,1.155,2035,0.735,0
2024-06-20,21:09:00,nan,347.34,595.247,51.3108,168.37,22.5776,3.36608,2.91668,8.33648,2.74306,912.827,46.9718,4.3699,903.15,5.56304,9.27614
2024-06-21,06:54:00,nan,0,185,25.45,0,4.225,2.9,0,0,0,0,12.3,0.85,120.9,5.425,0
2024-06-21,08:04:00,nan,0,274,23.88,0,7.7,0,0,0,0,0,25.29,0,0.192,1.32,0
2024-06-21,12:36:00,nan,373.519,555.589,24.262,163.68,34.8247,3.38241,1.70755,1.61736,0.851099,115.211,37.6681,2.13078,66.3918,6.69556,2.96897
2024-06-21,20:41:00,nan,231.193,1079.42,87.123,117.672,56.8013,5.008,11.0457,6.12648,1.81864,1558.02,48.5855,33.7359,1854.24,22.8956,45.7177
2024-06-22,11:44:00,nan,0,103.6,0.3,0,1.71,0,0,0,0,0,21.76,0.66,1.08,0.27,0
2024-06-22,14:13:00,nan,121,980.3,133.71,0,25.82,3.6,0.13266,0,0,1.1,48.98,6,1857.3,20.6,0.6336
2024-06-22,20:13:00,nan,250,1130.05,89.969,185.355,57.27,3.052,0.045,22.7835,3.298,713.5,62.552,8.9375,881,9.75,0
2024-06-23,08:20:00,nan,0,365,30.65,0,5.15,6,0,1.75,1.8,0,50.8,1.3,0.3565,1.1,0
2024-06-23,13:05:00,nan,1.575,436.05,24.1448,92.6775,19.035,1.026,0.0315,11.3805,1.6065,345.825,19.926,4.455,392.175,10.3477,0
2024-06-23,13:46:00,nan,0,523.8,11.25,0,28.17,0,0,0,0,0,54.6,0,0,0,0
2024-06-23,19:42:00,nan,0,687.2,62,0,27.2,1.6,0,0,0,0,48,8,0.18,4.6,0
2024-06-24,06:18:00,nan,0,341.5,41.5,0,14,1,0,0,0,0,9.1,0.3,120,5.2,0
2024-06-24,07:53:00,nan,0,335.6,31.27,0,9,0,0,0,0,0,30.29,0.29,0.192,1.62,0
2024-06-24,14:46:00,nan,497.491,518.151,30.6127,139.128,29.745,3.59505,1.48382,1.39096,0.784634,115.929,33.2779,1.83096,146.433,6.59123,2.52362
2024-06-24,21:48:00,nan,0,669.976,73.8953,0,29.6588,3.24706,0,0.847058,1.69412,492.706,27.9829,1.55294,95.9999,4.47647,0
2024-06-25,06:36:00,nan,0,118,14,0,0,0,0,0,0,0,0,0,0,0,0
2024-06-25,08:11:00,nan,0,428,46.82,0,5.384,6,0,1.75,1.8,0,51.574,1.3792,0.3565,9.758,0
2024-06-25,14:00:00,nan,4.47761,711.294,42.1266,0,30.46,0.803881,0.080597,0,0,0,67.0439,1.44,5.59702,2.46269,10.7463
2024-06-25,22:53:00,nan,18.7999,794.367,94.4305,61.5282,16.2666,3.99252,0.967998,10.5985,2.11784,913.965,38.0112,2.45034,2098.86,15.922,8.39498
2024-06-26,07:49:00,nan,0,507.65,51.979,80,17.371,5.619,0,2.326,2.176,324,35.9345,2.272,1264.05,4.248,0
2024-06-26,12:38:00,nan,0,294,55.775,0,13.25,0.35,0,0.66,2.5,17.62,15.77,1.785,0.08,0.104,0
2024-06-26,13:15:00,nan,86.687,596.649,54.7112,0,19.7234,10.5683,1.8377,7.6129,2.4161,324.326,61.9694,1.6625,465.959,10.3376,49.0639
2024-06-26,23:25:00,nan,0,935,55,0,55,0,0,0,0,0,55,0,0,0,0
2024-06-27,07:12:00,nan,0,123.5,16.17,0,3.859,0,0,0,0,0,7.899,0.0792,0,8.658,0
2024-06-27,08:04:00,nan,0,399,37,246,20.4,0,0,2.94,1.08,88,16.8,1.98,86,0.33,0
2024-06-27,12:24:00,nan,410.871,611.148,26.6882,180.048,38.3072,3.72065,1.87831,1.7791,0.936209,126.732,41.4349,2.34386,73.031,7.36512,3.26586
2024-06-27,20:54:00,nan,88,801.2,24.98,0,28.36,0,0.09648,0,0,0.8,85.14,14,194.4,1.05,0.4608
2024-06-28,06:53:00,nan,0,44,0.9,0,0.5,0,0,0,0,0,9.4,0.1,0.01,0.5,0
2024-06-28,12:36:00,nan,0,365,30.65,0,5.15,6,0,1.75,1.8,0,50.8,1.3,0.3565,1.1,0
2024-06-28,12:37:00,nan,410.871,611.148,26.6882,180.048,38.3072,3.72065,1.87831,1.7791,0.936209,126.732,41.4349,2.34386,73.031,7.36512,3.26586
2024-06-28,21:48:00,nan,0,1400,70,0,70,0,0,0,0,0,70,0,0,0,0
2024-06-29,08:55:00,nan,0,44,0.9,0,0.5,0,0,0,0,0,9.4,0.1,0.01,0.5,0
2024-06-29,09:18:00,nan,0,1600,70,0,70,0,0,0,0,0,70,0,0,0,0
2024-06-29,10:03:00,nan,0,44,0.9,0,0.5,0,0,0,0,0,9.4,0.1,0.01,0.5,0
2024-06-29,11:43:00,nan,72,905.4,103.6,81.6,31.8,0,3.024,4.8,1.3,107.2,31.9,7.91,786.2,2.96,25.92
2024-06-30,09:17:00,nan,350,321.25,21.425,492,20.28,1.4,0.063,5.9115,2.279,211,16.45,3.9985,347,2.41,0
2024-06-30,11:23:00,nan,0,41.1,0.75,0,1.83,0,0,0,0,0,5.4,0.9,0,0,0
2024-06-30,14:32:00,nan,120,1002.5,108.65,40,52.05,6.4,2.16,2.4,0.8,209.6,23.3,8.8,2535,12,0
2024-06-30,19:11:00,nan,0,854,66,2,50,2,0,14,5.9,570,34.9,0.1,150,0,18
2024-07-01,08:25:00,nan,120,317.12,28.548,0,13.214,0.622,0.8316,0,0,48.18,21.884,1.236,1001.5,2.61,4.95
2024-07-01,11:59:00,nan,180,505,17,52,35,4,3.24,0,0,0,24,5,1011,5,40.8
2024-07-01,21:57:00,nan,100,1341,108.1,0,48.6,4,1.8,0,0,0,116,6,1670,8,0
2024-07-02,08:24:00,nan,7.8,433.12,21.056,219.8,26.132,6.06,1.356,8.2138,1.947,459,29.178,4.0934,619.2,2,7.2
2024-07-02,19:46:00,nan,0,773.5,114.95,0,31.83,5.8,0,0,0,0,34.73,4.37,438.11,21.4,0
2024-07-02,21:07:00,nan,100,477,48.2,60,24.2,4,0.72,0,0.1,252,19.5,6,620,13.2,45
2024-07-03,06:52:00,nan,6.66666,172.917,1.33333,40.75,11.6917,0.999999,0.24,5.33333,0,0,0.666666,1.71667,36.6666,0.333333,0
2024-07-03,08:38:00,nan,1.2,459.92,42.056,206,24.04,6.06,0.846,7,1.35,354,20.21,3.536,216,2,7.2
2024-07-03,14:04:00,nan,20,409,33.8,5,20.6,3,1.44,0,0,0,20,5.7,600,16,6
2024-07-03,18:13:00,nan,0,1191.6,42.6,214.2,84,3.36,0,21,8.85,1548.6,61.35,19.35,862.2,13.2,27
2024-07-04,08:07:00,nan,0,361,23.9,0,15.58,0,0,0,0,0,29.18,0.3,1500,0,0
2024-07-04,15:37:00,nan,0,990.4,150.88,0,42.528,9.28,0,0,0,0,45.808,6.992,4.976,34.24,0
2024-07-04,22:03:00,nan,0,802,62.4,1.6,46,1.6,0,11.2,4.72,456,34.4,0.08,120,0,14.4
2024-07-05,06:54:00,nan,0,44,0.9,0,0.5,0,0,0,0,0,9.4,0.1,0.01,0.5,0
2024-07-05,08:19:00,nan,0,365,30.65,0,5.15,6,0,1.75,1.8,0,50.8,1.3,0.3565,1.1,0
2024-07-05,14:42:00,nan,450.123,978.634,52.4421,380.316,62.418,4.4312,3.4598,27.1571,4.6233,818.882,49.5674,16.3071,865.714,14.4721,4.4685
2024-07-05,23:01:00,nan,0,1600,100,0,70,0,0,0,0,0,70,0,0,0,0
2024-07-06,11:29:00,nan,0,270,30,0,12,0,0,0,0,0,8,0,0,0,0
2024-07-06,11:58:00,nan,0,91.5,12.15,0,0.5,0,0,0,0,0,9.4,0.1,150.01,11.75,0
2024-07-06,14:51:00,nan,110.193,1080.8,99.7566,117.672,52.7213,5.93527,11.129,6.20175,1.88355,1586.92,46.2964,33.8014,2086.76,27.4392,45.0841
2024-07-06,20:18:00,nan,373.519,678.089,32.262,163.68,43.3247,7.88241,1.70755,1.61736,0.851099,115.211,39.1681,3.63078,68.3918,14.6956,2.96897
2024-07-07,08:21:00,nan,0,345.5,43.635,0,12.54,3.15,0,0,0,0,10.635,0.455,0,0,0
2024-07-07,13:14:00,nan,0,303,60.8896,0,0.5,3.8574,0,0,0,0,20.5252,0.1,87.17,44.5278,0
2024-07-07,13:52:00,nan,350,1242.95,87.05,43.4,70.04,14.995,0.063,14.0315,6.019,987.05,92,15.6585,717.365,14.77,18
2024-07-07,20:19:00,nan,0,803.909,91.4455,0,31.41,3.32091,0,0.250909,0.216364,558.95,27.6364,0.218182,1918.04,0.145455,0
2024-07-08,06:54:00,nan,5.4,416.3,43.7,0,5.447,8.16,0.252001,1.7923,1.9314,69.3,51.466,1.3252,1.2565,10.064,8.73002
2024-07-08,13:38:00,nan,0,775.2,69.6,80,17.28,0,0,0,0,0,25.52,0,1600,0,0
2024-07-08,21:06:00,nan,0,44,0.9,0,0.5,0,0,0,0,0,9.4,0.1,0.01,0.5,0
2024-07-08,21:23:00,nan,0,516.494,60.56,0,19.88,4.5,0,1.85002,1.94322,0,18.78,2.88172,2,15.44,0
2024-07-09,06:24:00,nan,12,148,28.52,0,0.84,4.8,0.24,0.014,0.102,214,9.92,0.156,2.01,21.28,9.2
2024-07-09,07:59:00,nan,4.675,252.725,3.31,9.775,8.386,0,0.36125,0.859775,0.422875,74.375,39.059,0.394825,286,2.75,0
2024-07-09,13:53:00,nan,373.519,555.589,24.262,163.68,34.8247,3.38241,1.70755,1.61736,0.851099,115.211,37.6681,2.13078,66.3918,6.69556,2.96897
2024-07-09,21:16:00,nan,0,836.941,75.9882,0,45.0471,3.51765,0,0.917647,1.83529,533.764,33.0424,1.68235,104,0.0611764,0
2024-07-10,05:45:00,nan,0,98,6.4,0,6.8,3.6,0,0,0,0,1.2,1.2,1.6,6.4,0
2024-07-10,07:01:00,nan,5.4,422.3,43.7,0,5.297,6.66,0.252001,0.0423,0.1314,69.3,48.716,1.1752,1.255,9.364,8.73002
2024-07-10,13:22:00,nan,186.759,620.394,77.061,81.84,24.6423,6.55121,0.853776,0.80868,0.42555,57.6055,28.584,2.27739,35.1759,18.4978,1.48448
2024-07-10,20:22:00,nan,146.865,1272.14,90.1911,652.448,67.5776,1.82495,4.112,17.7963,5.74582,926.096,70.4464,21.5035,2723.32,24.9921,10.331
2024-07-11,06:28:00,nan,4.675,412.925,12.31,9.775,20.986,0,0.36125,0.859775,0.422875,74.375,40.499,0.394825,286,7.79,0
2024-07-11,11:40:00,nan,410.871,611.148,26.6882,180.048,38.3072,3.72065,1.87831,1.7791,0.936209,126.732,41.4349,2.34386,73.031,7.36512,3.26586
2024-07-11,20:28:00,nan,0,1124,66,67,72.5,2,0,14,5.9,570,49.9,2.6,315,0,18
2024-07-12,16:57:00,nan,0373.519,365555.589,30.6524,0163.68,5.1534,63.38241,01.70755,1.751,1.80,0115.211,50.837,1.32,0.356566,1.16,02.96897
2024-07-12,16:58:00,nan,5.4,51.3,13.05,0,0.297,2.16,0.252001,0.0423,0.1314,69.3,0.666,0.0252,0.9,8.964,8.73002
2024-07-12,20:19:00,nan,146.777,1180.71,84.7491,234.309,53.2206,4.10725,7.68461,23.1756,6.59925,928.207,65.7832,19.7579,4431.07,2.1434,4.04181
2024-07-13,07:33:00,nan,0,162,18,0,7.2,0,0,0,0,0,4.8,0,0,0,0
2024-07-13,11:19:00,nan,0,220.1,21.96,0,4.7,0,0,0,0,0,22.04,0.1,2.17,4.1,0
2024-07-13,14:11:00,nan,196.698,1357.29,44.4759,63.9254,67.5297,3.5244,1.1078,5.893,6.5956,208.218,144.487,28.9792,534.366,13.2065,18.8927
2024-07-13,19:20:00,nan,85,674.409,60.0755,95,19.754,5.30091,9.495,5.74291,7.24236,267.95,45.2864,4.11818,785.091,1.15745,3.12
2024-07-14,07:14:00,nan,5.4,446.3,68.63,0,8.267,10.01,0.252001,0.0423,0.1314,69.3,21.346,1.3652,300.9,9.414,8.73002
2024-07-14,12:36:00,nan,0,500.2,86.44,0,4.78,5,0,0,0,0,28.44,0.88,685,25.9,0
2024-07-14,15:23:00,nan,0,904.75,108.569,0,25.549,0,0,1.5,1.2,0,59.765,17.02,1224.09,4.936,0
2024-07-14,19:49:00,nan,0,967.741,96.4482,0,50.0471,3.51765,0,0.917647,1.83529,533.764,34.0324,1.68235,104,11.2812,0
2024-07-15,06:36:00,nan,0,365.8,11.27,0,25.455,0,0,0,0,0,20.06,0.33,0.54,5.735,0
2024-07-15,10:37:00,nan,7.3815,127.997,21.3371,13.3665,4.3895,2.4187,0.404986,1.10124,0.217455,23.541,2.6359,2.33415,76.608,2.25435,0.0399
2024-07-15,11:44:00,nan,317.491,607.251,35.6227,139.128,35.601,2.87505,1.45142,1.37476,0.723434,97.9294,36.0179,1.81116,56.433,5.69123,2.52362
2024-07-15,20:22:00,nan,0,681.3,14.1,0,54.67,0,0,0,0,0,32.55,0.17,0.01,5.6,0
2024-07-16,06:58:00,nan,0,149,27.85,0,0.89,0,0,0,0,0,10.69,0.232,0.01,14.93,0
2024-07-16,07:13:00,nan,0,399,29.85,0,4.75,6,0,1.75,1.8,0,60.8,0.8,0.0015,0.7,0
2024-07-16,12:46:00,nan,373.519,555.589,24.262,163.68,34.8247,3.38241,1.70755,1.61736,0.851099,115.211,37.6681,2.13078,66.3918,6.69556,2.96897
2024-07-16,16:29:00,nan,65,871.591,114.105,52,25.714,8.11909,8.775,1.59309,2.28564,287.95,26.4136,5.86182,1305.91,11.5865,3.12
2024-07-17,05:23:00,nan,0,227.6,29.15,0,10.39,0,0,0,0,0,6.29,1.432,0,16.23,0
2024-07-17,06:53:00,nan,700,334.5,40.73,0,8.56,2.8,0.126,0.063,0.238,70,23.19,0.077,350.192,4.82,0
2024-07-17,12:49:00,nan,410.871,611.148,26.6882,180.048,38.3072,3.72065,1.87831,1.7791,0.936209,126.732,41.4349,2.34386,73.031,7.36512,3.26586
2024-07-17,21:13:00,nan,60.0615,787.292,36.3056,210.158,47.5143,13.9106,1.7164,14.7628,2.65215,1157.79,24.6057,10.9143,330.522,4.81105,2.23425
2024-07-18,07:18:00,nan,700,334.5,40.73,0,8.56,2.8,0.126,0.063,0.238,70,23.19,0.077,350.192,4.82,0
2024-07-18,13:18:00,nan,410.871,611.148,26.6882,180.048,38.3072,3.72065,1.87831,1.7791,0.936209,126.732,41.4349,2.34386,73.031,7.36512,3.26586
2024-07-18,21:51:00,nan,0,540,60,0,24,0,0,0,0,0,16,0,0,0,0
2024-07-19,07:17:00,nan,0,234,2.08,0,12.9,0,0,0,0,0,26.39,1.2,1000.19,1.32,0
2024-07-19,12:50:00,nan,186.759,855.294,72.881,99.09,41.2623,6.94121,0.853776,0.80868,0.42555,57.6055,46.484,2.56539,566.446,7.84778,1.48448
2024-07-19,21:10:00,nan,10,1207.6,104.58,0,41.76,0,0.018,0,0,279,48.7,9.6,3295.2,16.8,0
2024-07-19,22:08:00,nan,7,154,3.45,6.5,3,0.2,0.117,0,0,139.5,2.55,0.5,96,0,0.24
2024-07-20,08:27:00,nan,0,168,1.12,0,12,0,0,0,0,0,12.58,0,0,0,0
2024-07-20,11:08:00,nan,0,154,1.8,0,0.7,0,0,0,0,0,35.4,0.1,0.01,0.5,0
2024-07-20,13:43:00,nan,113.084,1233.66,125.846,110.9,60.3236,2.77,1.7771,1.7184,3.5268,193.478,36.7172,9.0492,653.352,3.251,1.2492
2024-07-20,19:04:00,nan,0,405,45,0,18,0,0,0,0,0,12,0,0,0,0
2024-07-21,08:19:00,nan,0,180,1.12,0,13.4,0,0,0,0,0,12.58,0,0,0,0
2024-07-21,13:01:00,nan,81,725.8,60.396,63,11.8294,0,3.402,0,0,120.6,72.556,2.7,111.6,1.8,29.16
2024-07-21,13:02:00,nan,112.056,1009.18,164.529,49.104,38.4474,1.01472,0.512266,0.485208,0.25533,34.5633,47.1004,3.38923,104.918,27.0087,0.89069
2024-07-21,16:46:00,nan,28.16,885.931,138.183,0.44,18.6232,2.99709,0.827196,1.09589,0.743436,153.44,36.6476,1.53222,905.429,7.62255,0
2024-07-22,06:24:00,nan,47,282.2,1.94,35,18,0,0,0,0,110.9,26.49,4.82,280.096,1.06,0
2024-07-22,13:15:00,nan,140,361.5,21.43,106,12.75,0.98,0.18,0.037,0.05,844,44.29,0.016,1411,6.2,0
2024-07-22,21:13:00,nan,36.64,887.7,48.38,101.3,38.572,11.9,1.1432,3.727,2.083,702.1,96.215,14.605,502.5,5.29,84.9336
2024-07-23,07:23:00,nan,73.25,354.7,12.875,35,18.63,2.25,0.18,0.03525,0.21525,259.4,32.285,4.91675,283.862,8.1625,56.025
2024-07-23,09:19:00,nan,112.056,682.077,48.1586,49.104,36.6474,1.01472,0.512266,0.485208,0.25533,34.5633,37.7004,1.83923,19.9175,2.00867,0.89069
2024-07-23,12:42:00,nan,7.46269,611.057,41.1976,0,23.4,3.41313,0.134328,0,0.16,296,56.4531,5.02,163.328,5.78448,62.5505
2024-07-23,18:53:00,nan,116.6,587.96,22,107.16,44.406,4.18,1.8092,15.478,14.1772,570.76,24.852,12.534,992.32,16.368,53.9
2024-07-24,07:16:00,nan,219.6,325.6,9.084,27.6,14.956,1.042,1.9236,2.4276,1.194,355.38,37.34,1.2408,833.048,4.032,4.95
2024-07-24,12:23:00,nan,0,569.6,21.7,108.8,31.14,4.88,0,7.2,5.28,0,48.64,9.14,576.4,9.78,0
2024-07-24,19:39:00,nan,0,69.3,15.84,0,0,0,0,0,0,0,0,0,13.2,4.29,0
2024-07-24,19:45:00,nan,0,750,55,100,15,0,0,0,0,0,25,0,2000,0,0
2024-07-25,05:58:00,nan,0,153,17.58,0,7.36,3.93,0,0,0,0,2.11,4.99,22,8.47,0
2024-07-25,07:54:00,nan,219.6,408.6,9.754,27.6,20.306,1.042,1.9236,2.4276,1.194,355.38,44.63,1.2408,833.064,4.142,4.95
2024-07-25,13:23:00,nan,164.652,552.419,23.956,145.469,35.4553,6.246,5.1604,14.642,2.71926,1243.84,36.184,11.8136,2781.08,8.5092,100.517
2024-07-25,19:51:00,nan,84,867.6,56.08,163.6,16.44,0,0.108,0,0,439.2,49.48,0,2846,0,0
2024-07-26,01:26:00,nan,8,310.6,14.2,26,22,0.8,0.432,0,0,0,13.8,3.3,360,1.8,0.96
2024-07-26,07:21:00,nan,219.6,408.6,9.754,27.6,20.306,1.042,1.9236,2.4276,1.194,355.38,44.63,1.2408,833.064,4.142,4.95
2024-07-26,12:22:00,nan,210.4,540.6,30.8,125.8,26.658,6.38,1.082,3.718,9.658,1064.2,46.008,7.406,2026,20.468,53.9
2024-07-26,22:33:00,nan,15,1316.7,28.23,2,49.82,2,0.027,14,5.9,988.5,110.65,14.16,375.2,0,18
2024-07-27,09:25:00,nan,4.4,46.8,0,9.2,1.728,0,0.34,0.8092,0.398,70,7.312,0.3716,268.8,0,0
2024-07-27,11:29:00,nan,0,850.8,86.56,40.96,39.44,0,0,7.68,2.08,0,35.32,8.816,1099.2,2.176,0
2024-07-27,15:59:00,nan,0,252.2,45.24,0,3.38,2.925,0,0,0,0,8.84,0.455,0,0,0
2024-07-27,20:06:00,nan,100,887.5,105.5,0,41,4,1.8,0,0,0,18.8,9,1670,8,0
2024-07-28,07:04:00,nan,6.15,363.67,34.9524,0,16.923,0.738,0.16605,0.019065,0.051045,145.755,17.3812,0.01722,5.235,5.21745,8.42549
2024-07-28,10:51:00,nan,0,280,38.7,0,2.6,1.3,0,0,0,0,22.1,0.6,600,0.9,0
2024-07-28,12:19:00,nan,0,815,105,0,31.25,0,0,0,0,0,22,10,0,0,0
2024-07-28,17:56:00,nan,204,1161.12,127.264,68.4,58.7059,11.8047,5.4,8.4847,14.4494,1484.87,36.0353,8.15529,1467.2,7.91765,1.728
2024-07-29,04:59:00,nan,0,258.5,17.4,0,6.8,0,0,0,0,0,30.4,0,0,0,0
2024-07-29,14:57:00,nan,350,499.857,19.5,155,20.95,0,0,0,0,660,58.8,0.15,165,0,6.9
2024-07-29,17:32:00,nan,0,95.68,0.896,0,8,0,0,0,0,0,4,0.64,0,0,0
2024-07-29,21:27:00,nan,10,836.489,87.95,68,40.65,20,1.75,3.70004,3.88644,986,33.8,9.42344,662,28,0
2024-07-30,06:45:00,nan,126.6,347.606,8.578,13.8,18.056,0.622,1.3416,1.2138,0.597,153.18,36.332,0.5934,404.712,2.72,4.95
2024-07-30,13:16:00,nan,0,597,11.1,0,37.1,2.4,0,0,0,0,46,11.1,370.4,0.1,0
2024-07-30,21:53:00,nan,113,1012.45,98.1227,198,45.4,7.74545,3.6054,0.125455,0.108182,189.5,50.9682,3.70909,1475.55,7.27273,21.6
2024-07-31,07:54:00,nan,126.6,347.606,8.578,13.8,18.056,0.622,1.3416,1.2138,0.597,153.18,36.332,0.5934,404.712,2.72,4.95
2024-07-31,14:35:00,nan,0,700,43,0,27,5,0,0,0,0,71,5,0,35,0
2024-07-31,20:08:00,nan,0,726,116.05,0,20.9,14.85,0,0,0,0,25.85,3.3,6.05,2.2,0
2024-08-01,09:56:00,nan,0,399,29.85,0,4.75,6,0,1.75,1.8,0,60.8,0.8,0.0015,0.7,0
2024-08-01,12:37:00,nan,373.519,555.589,24.262,163.68,34.8247,3.38241,1.70755,1.61736,0.851099,115.211,37.6681,2.13078,66.3918,6.69556,2.96897
2024-08-01,19:10:00,nan,0,235.75,26.35,0,5.75,2.25,0,0,0,0,1.8,3.45,0.375,0,0
2024-08-01,19:17:00,nan,0,1352,76.8,68.2,92.5,3.2,0,22.4,9.44,912,51.4,2.66,405,0,28.8
2024-08-02,11:41:00,nan,0,308,22.3,0,2.7,1.3,0,0,0,0,48,0.6,600,0.9,0
2024-08-02,11:42:00,nan,0,1224.8,89.55,0,63.4,0,0,0,0,0,41.95,17.25,1813.91,3.25,0
2024-08-02,19:26:00,nan,0,179.4,1.68,0,15,0,0,0,0,0,7.5,1.2,0,0,0
2024-08-03,04:35:00,nan,262.201,1334.04,130.866,255.181,33.909,17.9655,7.352,12.563,6.0295,2531.85,97.2455,9.947,2568.02,38.367,157.546
2024-08-03,15:17:00,nan,72.1126,350.767,4.45,81.6466,20.3139,1,1.64283,6.99949,2.06668,533.295,37.3219,5.6047,414.453,1.65,0.84
2024-08-03,19:49:00,nan,12,356.13,39.06,0,6.58,4.8,0.2652,0.014,0.102,215.26,1.7,0.776,2.7,20.88,9.2
2024-08-03,20:14:00,nan,289.808,813.236,32.5048,234.472,24.4499,2.15296,0.890021,0.776944,0.60544,919.084,92.2172,2.34731,1585.36,14.7282,1.20859
2024-08-04,03:16:00,nan,285,841.5,87.15,28,12.5,0,0.3195,0,0,281.5,30.2,0,641.5,0,1.44
2024-08-04,12:54:00,nan,0,190,33,0,4,0,0,0,0,0,3,0,0,0,0
2024-08-04,16:46:00,nan,125.4,416.4,12.072,13.8,4.026,0.562,1.3416,1.2138,0.597,153.18,37.212,0.5574,404.92,6.79,4.95
2024-08-04,19:29:00,nan,80.8944,949.517,90.6565,69.6772,42.957,5.8728,2.8959,24.4669,10.0609,913.573,35.1977,16.1283,5759.99,3.8784,16.1388
2024-08-05,04:23:00,nan,171.45,1316.04,121.405,130,41.552,8.18,8.5501,12.1768,10.4943,529.88,67.14,8.42735,1563.79,7.6095,0
2024-08-05,16:51:00,nan,133.1,366.986,8.567,103.4,19.101,0.562,2.6026,5.742,3.135,272.58,39.27,4.026,79.612,4.37,5.39
2024-08-05,19:20:00,nan,0,314.04,30,0,0,0,0.0336,0,0,1.68,0,0,48.84,30,0
2024-08-05,21:19:00,nan,40,1016,81.6,26.4,57,2.4,1.44,16.8,7.63,609,47.15,1.57,625,2,12.6
2024-08-06,04:26:00,nan,275,722.5,115.25,20,18.5,1,0.3015,0,0,2.5,20.5,2,840.5,34,1.44
2024-08-06,14:14:00,nan,5,394.4,38.44,0,10.24,0,0.009,0,0,139.5,4.53,0.72,6.07,16.6,0
2024-08-06,16:07:00,nan,133.1,366.986,8.567,103.4,19.101,0.562,2.6026,5.742,3.135,272.58,39.27,4.026,79.612,4.37,5.39
2024-08-07,00:37:00,nan,88,606,51.6,55.6,34.6,2.8,3.168,19.6,9.47,633,29.35,3.33,1189,4.4,5.4
2024-08-07,04:30:00,nan,12.5,1218,38.895,2,49.6,2,0.0225,14,5.9,918.75,84.775,14.16,372.2,16.5,18
2024-08-07,15:40:00,nan,129.2,283.486,5.002,75.2,15.08,0.562,2.1196,4.176,2.28,211.38,31.532,2.928,58.312,2.72,5.27
2024-08-07,18:29:00,nan,20,198,15.9,13.1,12.5,1.1,0.72,7.7,3.52,276,7.25,0.78,305,1,5.4
2024-08-07,20:03:00,nan,272.201,1240.04,140.466,267.682,40.409,18.4655,8.054,16.063,7.7795,2357.85,103.045,10.697,2816.03,39.367,157.546
2024-08-07,23:18:00,nan,709,1470.1,65.31,2,62.73,4.8,0.1422,14.063,6.138,891.1,117.03,15.377,734.8,3.5,18
2024-08-08,13:07:00,nan,0,44,0.9,0,0.5,0,0,0,0,0,9.4,0.1,0.01,0.5,0
2024-08-08,14:09:00,nan,0,110,0.9,0,0.2,0,0,0,0,0,26,0,0,0,0
2024-08-09,08:46:00,nan,0,186,34,0,4,0,0,0,0,0,3,0,85,25,0
2024-08-09,08:57:00,nan,3.375,723.9,58.1937,0,10.2,1.04,0.0674999,0,0,3.375,49.6,0.48,510.375,22.8937,0
2024-08-09,13:49:00,nan,700,1218.3,184.96,60,39.46,20.05,0.126,3.663,1.438,384.4,37.74,5.777,500.05,20.52,0
2024-08-09,20:37:00,nan,60,877,66,57,45.1,0,0.2835,0,0,0,41.625,0,49.5,0,0
2024-08-10,06:10:00,nan,0,465,75,0,10.5,0,0,0,0,0,24,0,0,0,0
2024-08-10,10:18:00,nan,47.985,207.69,14.4531,23.142,12.922,0.7,1.21086,5.8779,0.730646,130.074,7.4683,4.8986,477.372,1.90274,0
2024-08-10,16:36:00,nan,0,1048,49.05,3,62.2,3,0,21,8.85,855,73.75,0.15,225,0,27
2024-08-11,08:49:00,nan,53,684.7,61.238,510.4,36.128,7.204,2.4056,9.5094,5.4,755.5,40.965,6.3212,5665.98,1.578,10.638
2024-08-11,18:45:00,nan,0,1281,99,3,75,3,0,21,8.85,855,52.35,0.15,225,0,27
2024-08-12,12:45:00,nan,0,47.5,11.25,0,0,0,0,0,0,0,0,0,150,11.25,0
2024-08-12,18:17:00,nan,40,707.484,44.4206,250,1.9032,0.00436364,0,0.00100364,0.000865455,0.4,69.1305,0.000872727,2024.2,22.0006,9.6
2024-08-13,08:22:00,nan,700,447.8,40.65,442.8,22.185,2.8,0.126,5.355,2.182,228.4,24.625,3.641,504.8,4.094,0
2024-08-13,12:45:00,nan,0,434,70,0,9.8,0,0,0,0,0,22.4,0,0,0,0
2024-08-13,15:21:00,nan,0,115.5,28.65,0,0,0,0,0,0,0,0,0,0,0,0
2024-08-13,16:59:00,nan,165,268.5,42.15,0,6.3,0,0.1809,0,0,1.5,8.7,0,364.5,0,0.864
2024-08-14,05:54:00,nan,700,410.5,40.85,492,20.56,2.8,0.126,5.943,2.398,246,18.9,4.037,522,4.16,0
2024-08-14,05:57:00,nan,0,210,41.6,0,3.55,0,0,0,0,0,2.25,0,0,21,60
2024-08-14,15:01:00,nan,228,1588,182.6,82,62.7,2,2.376,11.6,1.4,427,58,19.8,357.3,35.2,7.92
2024-08-14,20:21:00,nan,0,218.7,0.84,0,7.5,0,0,0,0,0,3.75,0.6,0,0,0
2024-08-15,07:59:00,nan,0,346.1,14.36,400,22.62,0,0,5.536,1.851,138,19.87,8.024,211,1.43,0
2024-08-15,12:47:00,nan,149.408,644.736,60.2048,65.472,31.9299,1.35296,0.683021,0.646944,0.34044,46.0844,31.5672,2.60231,28.5567,6.92822,1.18759
2024-08-15,21:43:00,nan,154.297,1255.19,63.7362,172.509,42.3866,2.7513,12.6774,7.5968,1.6796,1451.56,82.3177,10.957,1071.23,5.3687,18.289
2024-08-16,09:47:00,nan,0,468,57.42,0,14.58,0,0,0,0,0,26.46,8.1,0,0,0
2024-08-16,15:01:00,nan,2.25,615.4,60.5425,0,24.96,0,0.045,0,0,2.25,4.72,2.88,20.53,15.1825,0
2024-08-16,20:32:00,nan,0,1600,160,0,80,0,0,0,0,0,60,0,0,0,0
2024-08-17,09:11:00,nan,0,465,75,0,10.5,0,0,0,0,0,24,0,0,0,0
2024-08-17,14:55:00,nan,0,110,0.9,0,0.2,0,0,0,0,0,26,0,0,0,0
2024-08-17,18:39:00,nan,0,44,0.9,0,0.5,0,0,0,0,0,9.4,0.1,0.01,0.5,0
2024-08-17,19:35:00,nan,700,1459.5,94.75,3,76.56,6.5,0.126,21.063,9.088,925,99.25,15.427,799,14.7,27
2024-08-18,06:31:00,nan,0,110,0.9,0,0.2,0,0,0,0,0,26,0,0,0,0
2024-08-18,08:09:00,nan,0,405,45,0,18,0,0,0,0,0,12,0,0,0,0
2024-08-18,14:31:00,nan,40,998.5,84.14,199,42.07,21,1.8,11,5,866,43.39,16.35,838,13.91,18
2024-08-18,20:14:00,nan,700,337.4,40.6,0,11.83,2.8,0.126,0.063,0.238,70,17.5,2.177,350,3.5,0
2024-08-19,07:16:00,nan,0,156,1.12,0,10.6,0,0,0,0,0,12.58,0,0,0,0
2024-08-19,09:42:00,nan,8.26,588.396,66.0485,0,26.445,8.069,0.224,5.30325,5.6156,347.55,29.1768,3.6477,182.49,2.5878,0.336
2024-08-19,14:20:00,nan,0,726,116.05,0,20.9,14.85,0,0,0,0,25.85,3.3,6.05,2.2,0
2024-08-19,21:49:00,nan,0,206.64,36.54,0,2.52,8.82,0,0.756,1.386,0,5.04,0.378,2.205,0.378,0
2024-08-19,23:43:00,nan,240,903.3,89.7,81,34.8,3,7.7409,0,0,1174.5,40.2,19.5,1278,22.5,26.064
2024-08-20,08:29:00,nan,0,400.7,2.35,492,34.7,0.035,0,5.88,2.16,176,22.75,9.21,172.567,0.73,0
2024-08-20,13:14:00,nan,838.45,1032.85,72.805,138,49.925,6.73,1.2105,16.4295,5.104,758.05,72.4075,7.176,820.1,4.653,13.5
2024-08-20,19:13:00,nan,0,33,5.275,0,0.95,0.675,0,0,0,0,1.175,0.15,0.275,0.1,0
2024-08-21,09:01:00,nan,0,328.4,2.2,492,28.4,0.02,0,5.88,2.16,176,19,6.96,172.324,0.7,0
2024-08-21,11:19:00,nan,0,721.45,102.809,0,22.618,7.499,0,0.42,0.77,0,32.29,13.35,601.225,5.31,0
2024-08-21,15:07:00,nan,0,673.3,54.35,0,24.35,0,0,0,0,522.7,65.2,0,205.7,0,0
2024-08-21,20:12:00,nan,0,727.2,56.64,0,5.18,2.925,0,0,0,0,32.74,0.755,0,0,0
2024-08-22,07:11:00,nan,0,434.76,51.22,0,25.68,1.6,0,0,0,0,8.7,14.94,0,7.3,0
2024-08-22,08:56:00,nan,26.25,574.4,34.1,492,31.23,3.57,0.18,5.91525,2.37525,324.5,41.795,7.58175,776.074,8.3425,56.025
2024-08-22,14:33:00,nan,0,789,100.2,0,27.27,12.15,0,0,0,0,42.15,2.7,4.95,1.8,0
2024-08-22,20:21:00,nan,500,765.182,73.7773,0,33.1364,2,0.09,0.045,0.17,51.0977,39.5364,9.14591,250.432,2.52273,0
2024-08-23,13:14:00,nan,0,328.4,2.2,492,28.4,0.02,0,5.88,2.16,176,19,6.96,172.324,0.7,0
2024-08-23,13:50:00,nan,140,826,84.3,106,24.4,0,0.18,0,0,732,66.3,5,3250,17,0
2024-08-23,15:40:00,nan,0,418.55,40.1,0,27.9,1.2,0,1.4,3.2,0,8.025,16.6,0.2,0,0
2024-08-23,20:47:00,nan,0,616.8,120,0,6,0,0,0,0,0,24,0,4.8,9.6,0
2024-08-24,08:51:00,nan,26.25,356.4,64.7,0,7.85,8.75,0.18,0.45525,0.98525,282.54,6.515,0.93175,121.615,14.2525,56.025
2024-08-24,08:53:00,nan,275.125,593.823,56.5676,68.7677,18.9064,2.62685,2.39326,4.22858,1.98747,487.807,49.0506,9.5403,639.525,3.33491,1.56196
2024-08-24,13:14:00,nan,0,756,99,0,26.4,0,0,0,0,0,30.6,6,2208,20.4,0
2024-08-24,20:39:00,nan,0,1239,90.7,3,88.7,3,0,21,8.85,855,50.55,13.25,225.1,0,27
2024-08-25,08:26:00,nan,0,290.76,29.72,0,14.48,0,0,0,0,0,7.8,2.24,0,0,0
2024-08-25,12:10:00,nan,0,570.6,69.9,0,22.24,0,0,0,0,0,20.46,2.6,956.8,8.84,0
2024-08-25,21:12:00,nan,0,1698,106.4,0,76,0,0,0,0,0,75.3,12,0,0,0
2024-08-26,08:07:00,nan,0,47.76,2.72,0,3.68,0,0,0,0,0,0.6,2.24,0,0,0
2024-08-26,10:50:00,nan,275.125,395.823,35.1676,68.7677,16.4064,1.32685,2.39326,4.22858,1.98747,487.807,27.0506,8.9403,639.525,2.43491,1.56196
2024-08-26,14:37:00,nan,141.053,672.381,19.8253,372.413,46.831,2.1404,1.95179,19.9136,6.986,694.827,44.3116,5.9632,600.142,1.9035,24.8746
2024-08-26,20:56:00,nan,102.24,1035.17,158.45,150.66,29.9248,6.26836,5.56079,1.49956,0.990745,572.66,65.3705,16.5729,1054.92,19.5202,0
2024-08-27,06:46:00,nan,0,112,13.5,0,6,1.6,0,0,0,0,2.8,0.7,0,7.3,0
2024-08-27,09:07:00,nan,18,308.2,34.17,0,4.55,6.72,0.0162,1.75,1.8,23.1,35.1,0.8,0.3015,0.7,1.746
2024-08-27,12:15:00,nan,373.519,555.589,24.262,163.68,34.8247,3.38241,1.70755,1.61736,0.851099,115.211,37.6681,2.13078,66.3918,6.69556,2.96897
2024-08-27,21:24:00,nan,46.44,624.864,48.1803,231.14,21.1338,3.33382,2.648,6.65048,3.65611,1098.5,58.4121,4.59704,560.002,10.1207,33.7019
2024-08-28,06:23:00,nan,0,150.66,13.5,0,8.64,0,0,0,0,0,3.996,2.16,0,2.052,0
2024-08-28,07:40:00,nan,0,420,36.9,0,15.2,0,0,0,0,0,46,4,0,0,0
2024-08-28,12:59:00,nan,113.085,841.742,63.5876,80,26.215,1.6862,1.5914,3.6994,1.3178,240.472,31.4808,2.1186,1837.84,2.6184,3.5866
2024-08-28,20:43:00,nan,290,285.286,10,313,19.7,0,0.216,0,0,117,17.56,3.64,155.02,0.3,0
2024-08-29,07:27:00,nan,300,346.5,46.65,0,12.24,1.2,0.054,0.027,0.102,30,10.1,0.033,150,1.5,0
2024-08-29,11:52:00,nan,373.519,555.589,24.262,163.68,34.8247,3.38241,1.70755,1.61736,0.851099,115.211,37.6681,2.13078,66.3918,6.69556,2.96897
2024-08-29,19:38:00,nan,77,734.827,55.3391,0,41.8255,0,0.08442,0,0,2.67591,30.6055,16.3636,287.677,0.0409091,0.4032
2024-08-30,07:29:00,nan,140,266.5,13.5,62,11.6,0,0,0,0,264,25.8,0,66,0,2.76
2024-08-30,13:59:00,nan,0,891,72,0,45,0,0,0,0,0,48.6,0,0,0,0
2024-08-30,22:12:00,nan,266.137,1330.38,131.32,177.933,56.8304,22.3228,9.20255,27.6068,9.87942,2284.14,68.5631,13.7486,4279.89,21.3776,157.21
2024-08-31,08:32:00,nan,0,121.5,13.5,0,5.4,0,0,0,0,0,3.6,0,0,0,0
2024-08-31,11:16:00,nan,20,474,24.4,254.6,22.5,2.6,0.36,7.14,2.85,259,23.75,3.01,330,0.33,5.4
2024-08-31,13:43:00,nan,0,748,95,0,60.2,2,0,0.1,0.12,570,47.5,0.04,7,0.8,15
2024-08-31,20:19:00,nan,0,1135,110,0,55,0,0,0,0,0,50,0,0,0,0
2024-09-01,08:42:00,nan,0,349,26.58,0,17.04,0.8,0,0.04,0.048,228,21.2,0.016,2.8,0.32,6
2024-09-01,17:11:00,nan,0,100,25,0,0,0,0,0,0,0,0,0,85,25,0
2024-09-01,17:12:00,nan,0,1259.4,72.38,0.6,53.58,0.6,0,4.2,1.77,171,95.91,14.03,45,1.05,5.4
2024-09-01,19:16:00,nan,0,736.4,81.48,0,29.68,0,0,0,0,0,35.56,0,0,0,0
2024-09-02,06:53:00,nan,0,451.9,38.73,0,13.98,0,0,0,0,0,42.51,0,0,0,0
2024-09-02,10:39:00,nan,0,255.66,40.45,0,9.03,0,0,0,0,0,5.286,2.292,0,16.482,0
2024-09-02,13:40:00,nan,373.519,555.589,24.262,163.68,34.8247,3.38241,1.70755,1.61736,0.851099,115.211,37.6681,2.13078,66.3918,6.69556,2.96897
2024-09-02,17:57:00,nan,0,355.716,40.42,0,16.59,0,0,0,0,0,9.11,0,0,0,0
2024-09-03,07:46:00,nan,0,466,37.12,0,25.6,0,0,0,0,0,32.58,4,0,0,0
2024-09-03,11:37:00,nan,0,721.25,74.525,0,21.335,7.89,0,0,0,0,33.94,2.995,1921.01,12.41,0
2024-09-03,19:08:00,nan,0,239.4,35.1,20,8,1,0,0,0,0,6,2,195,7,0
2024-09-03,19:44:00,nan,0,651,63,84,33.6,4.2,0,0,0,0,25.2,8.4,777,16.8,0
2024-09-04,07:44:00,nan,120,317.12,28.548,0,13.214,0.622,0.8316,0,0,48.18,21.884,1.236,1001.5,2.61,4.95
2024-09-04,15:30:00,nan,0,900,96.3,0,38.7,7.2,0,0,0,0,40.5,7.2,0,6.3,0
2024-09-04,17:37:00,nan,96,204,6,0,18,3.6,1.296,12,4.8,228,7.2,1.2,132,1.2,0
2024-09-04,21:32:00,nan,0,480,56,0,16,0,0,0,0,0,27,0,0,0,0
2024-09-05,07:43:00,nan,0,559.6,59.46,80,19.04,6.54,0,2.356,2.296,324,38.1,2.332,1264.06,4.76,0
2024-09-05,12:43:00,nan,0,626.4,76.14,0,29.7,5.94,0,0,0,0,15.39,4.05,0,2.43,0
2024-09-05,18:57:00,nan,0,423.6,42.81,0,20.67,0,0,0.9,0,0,14.78,3.96,2124,11.22,0
2024-09-05,19:31:00,nan,0,610.455,40.0727,163,16.5,0.545455,0,0.125455,0.108182,50,3.81818,2.30909,524.546,0.0727273,0
2024-09-06,05:26:00,nan,0,240,41.95,0,6.39,0,0,0,0,0,5.29,0.132,0,14.43,0
2024-09-06,07:10:00,nan,150,472.25,45.225,0,14.72,0.6,0.027,0.0135,0.051,15,36.65,0.0165,75,0.75,0
2024-09-06,11:17:00,nan,373.519,555.589,24.262,163.68,34.8247,3.38241,1.70755,1.61736,0.851099,115.211,37.6681,2.13078,66.3918,6.69556,2.96897
2024-09-06,20:18:00,nan,44.9353,1097.16,95.7325,58.4058,31.2827,3.66045,0.917699,6.79445,1.42008,625.286,23.9098,11.6876,1002.38,9.97993,17.3145
2024-09-07,08:37:00,nan,275.125,395.823,35.1676,68.7677,16.4064,1.32685,2.39326,4.22858,1.98747,487.807,27.0506,8.9403,639.525,2.43491,1.56196
2024-09-07,13:28:00,nan,199.3,964.7,106.69,102,30.91,13.58,10.4245,5.7746,6.944,615.3,60.539,2.662,1488.6,4.422,0
2024-09-07,19:33:00,nan,0,100,25,0,0,0,0,0,0,0,0,0,85,25,0
2024-09-07,21:10:00,nan,600,1114.3,143.46,0,41.18,2.4,0.108,8.054,2.004,60,43.19,7.316,2140,31.47,0
2024-09-08,08:09:00,nan,0,438.5,37.1,0,11.65,0.65,0,0,0,0,43.8,0.3,0,0.45,0
2024-09-08,15:45:00,nan,0,1021.8,119.31,50,49.3,11.45,0,3,1,262,27.94,21.1,123.85,15.62,0
2024-09-08,19:44:00,nan,0,692.765,86.5029,0,18.0882,4.87059,3.24,1.27059,2.54118,739.058,56.2394,4.32941,144,0.0847058,57.6
2024-09-08,21:12:00,nan,1.575,256.46,32.6198,0,1.664,1.44,0.0315,0,0,1.575,4.352,0.224,14.175,10.3477,0
2024-09-09,07:01:00,nan,5.5,324.5,12.12,11.5,18.56,0,0.425,1.0115,0.4975,87.5,25.22,0.4645,336,0,0
2024-09-09,17:59:00,nan,623.519,619.339,38.137,163.68,35.0247,4.38241,1.75255,1.63986,0.936099,140.211,39.4181,2.15828,191.392,7.94556,2.96897
2024-09-09,21:29:00,nan,110,1187.6,41.9,1.2,53.2,1.2,0.1206,8.4,3.54,343,103.9,16.86,333,1.26,11.376
2024-09-10,04:45:00,nan,0,324.2,37.08,0,3.02,6,0,0,0,30,34.04,0.54,0,5.58,0
2024-09-10,06:48:00,nan,0,214.2,36.18,0,2.82,6,0,0,0,30,8.04,0.54,0,5.58,0
2024-09-10,13:48:00,nan,0,788.8,64.16,80,20.48,2.32,0,0,0,0,29.12,1.04,2560,1.84,0
2024-09-10,19:45:00,nan,12.3,627.54,58.17,0,18.91,3.12,0.723001,1.911,2.244,86.7,54.545,4.046,541.4,5.162,0
2024-09-11,05:52:00,nan,0,44,0.9,0,0.5,0,0,0,0,0,9.4,0.1,0.01,0.5,0
2024-09-11,07:24:00,nan,0,270,30,0,12,0,0,0,0,0,8,0,0,0,0
2024-09-11,12:10:00,nan,410.871,611.148,26.6882,180.048,38.3072,3.72065,1.87831,1.7791,0.936209,126.732,41.4349,2.34386,73.031,7.36512,3.26586
2024-09-11,20:33:00,nan,480,1444,158.2,180,45.8,0,4.0824,0,0,4,75.7,8,2832,25,3.504
2024-09-12,07:04:00,nan,0,339.669,20.1515,0,12.3228,0.485679,0,0.00112909,0.000973636,0.45,35.5552,1.73175,4.72091,2.50066,0
2024-09-12,12:00:00,nan,373.519,555.589,24.262,163.68,34.8247,3.38241,1.70755,1.61736,0.851099,115.211,37.6681,2.13078,66.3918,6.69556,2.96897
2024-09-12,22:39:00,nan,0,1010,110,0,50,0,0,0,0,0,30,0,0,0,0
2024-09-13,06:52:00,nan,0,324.2,37.08,0,3.02,6,0,0,0,30,34.04,0.54,0,5.58,0
2024-09-13,09:13:00,nan,0,105,26.95,0,0.39,0,0,0,0,0,1.29,0.132,0,14.43,0
2024-09-13,17:33:00,nan,373.519,555.589,24.262,163.68,34.8247,3.38241,1.70755,1.61736,0.851099,115.211,37.6681,2.13078,66.3918,6.69556,2.96897
2024-09-13,22:10:00,nan,9,1257.6,21.81,2,60,2,0.0162,14,5.9,821.1,113.13,19.1,440.8,0,18
2024-09-14,09:12:00,nan,24,336,21.6,9.6,7.8,2.4,0.432,0,0,0,19.2,1.2,238.8,0,0
2024-09-14,14:14:00,nan,375.395,933.047,52.2484,170.715,49.67,4.6359,8.84174,20.0243,10.3536,1521,69.5637,13.6712,3269.47,21.6157,10.8537
2024-09-14,18:34:00,nan,22,72.6,15.96,0,0.54,0.86,0.0972,0,0,0,1.34,0,1.6,0,1.176
2024-09-14,18:47:00,nan,0,775.636,113.682,492,24.1,1.36364,0,6.19364,2.43045,301,25.1455,4.23273,1483.46,0.841818,0
2024-09-15,07:19:00,nan,0,447.636,61.8218,0,12.4,0.763636,0,0.175636,0.151455,70,18.5655,0.152727,734.404,0.101818,0
2024-09-15,12:49:00,nan,0,314.8,70.3,0,1.4,4.9,0,0.42,0.77,0,2.8,0.21,171.225,50.21,0
2024-09-15,15:04:00,nan,77.1485,1108.69,100.268,61.7545,52.3333,0.37565,6.3387,3.7984,0.8398,455.783,56.9639,6.4785,3713.12,0.46935,9.14451
2024-09-15,19:27:00,nan,0,1258,43.5,351,90.5,5,0,7,2.95,285,70.25,16.8,3230,0,9
2024-09-16,07:02:00,nan,0,412.2,57.58,0,5.32,7.3,0,0,0,30,30.04,1.14,600,6.48,0
2024-09-16,10:55:00,nan,12,104,27.62,0,0.34,4.8,0.24,0.014,0.102,214,0.52,0.056,2,20.78,9.2
2024-09-16,13:38:00,nan,373.519,555.589,24.262,163.68,34.8247,3.38241,1.70755,1.61736,0.851099,115.211,37.6681,2.13078,66.3918,6.69556,2.96897
2024-09-16,20:58:00,nan,0,658.5,48,0,53.4,3,0,0,0,0,40.65,0,750,0,0
2024-09-17,06:55:00,nan,5.5,261.5,3.31,11.5,8.71,0,0.425,1.0115,0.4975,87.5,40.43,0.4645,336.4,2.75,0
2024-09-17,12:53:00,nan,0,675,49.5,90,13.5,0,0,0,0,0,22.5,0,1800,0,0
2024-09-17,20:11:00,nan,0,729.29,81.5863,0,25.4215,10.5686,0,0.1,0.12,570,41.1381,2.66977,1492,10.5229,15
2024-09-18,06:49:00,nan,0,314,24.81,0,7.4,0,0,0,0,0,35.09,0.1,1.1,4,0
2024-09-18,12:58:00,nan,112.056,673.131,61.1513,49.104,21.4474,1.56018,0.512266,0.610663,0.363512,84.5633,60.1186,0.748325,544.463,2.0814,0.89069
2024-09-18,20:54:00,nan,712.3,681.02,43.86,197.2,29.92,3.91,3.9474,6.46,1.7,906.27,57.97,19.72,1784.83,0,21.114
2024-09-19,06:46:00,nan,0,202.5,22.5,0,9,0,0,0,0,0,6,0,0,0,0
2024-09-19,07:26:00,nan,0,314,24.81,0,7.4,0,0,0,0,0,35.09,0.1,1.1,4,0
2024-09-19,13:01:00,nan,336.167,770.03,51.8358,147.312,43.3422,3.04417,1.5368,1.45562,0.765989,103.69,41.9013,1.9177,59.7526,6.026,2.67207
2024-09-19,21:38:00,nan,0,865,90,0,45,0,0,0,0,0,25,0,0,0,0
2024-09-20,06:46:00,nan,0,314,24.81,0,7.4,0,0,0,0,0,35.09,0.1,1.1,4,0
2024-09-20,18:28:00,nan,0,643.2,42.5,0,36.75,4.2,0,16.1,6.3,336.3,43.5,4.4,1.4,4.05,0
2024-09-20,20:36:00,nan,500.526,1244.06,69.6646,227.62,66.2266,6.1812,11.789,26.699,13.8048,2028,92.7516,18.2282,4359.3,28.821,14.4716
2024-09-21,08:51:00,nan,0,246,28.5,0,7.65,0,0,0,0,0,15.4,0.3,0.7,1.25,0
2024-09-21,11:02:00,nan,0,497,84.05,0,3.75,1.95,0,0,0,0,33,0.9,174.5,51.35,0
2024-09-21,12:42:00,nan,0,630,82.5,0,22,0,0,0,0,0,25.5,5,1840,17,0
2024-09-21,19:59:00,nan,148.571,1148.55,93.4107,201.131,46.4343,7.8694,10.3538,21.8114,10.241,1360.18,86.1487,9.3422,1098.59,3.6466,42.7044
2024-09-22,07:50:00,nan,36.9,473.1,35.186,0,26.414,5.66,2.169,5.7706,6.9224,302.5,22.435,2.0572,585.4,0.77,0
2024-09-22,15:18:00,nan,130,1270.8,54.25,11.6,51.7,10.1,1.0206,11.2,4.72,457,103.35,19.48,370.5,2.655,23.976
2024-09-22,20:18:00,nan,0,625,70,0,25,0,0,0,0,0,30,0,0,0,0
2024-09-23,06:10:00,nan,0,462,73.85,0,13.3,9.45,0,0,0,0,16.45,2.1,3.85,1.4,0
2024-09-23,07:14:00,nan,141.76,440.84,23.2992,395.1,27.0828,3.92,3.3076,3.658,2.2182,748.56,26.0928,7.362,923.6,4.8316,5.232
2024-09-23,12:30:00,nan,123.971,772.954,58.1787,199.931,23.8563,2.8294,8.9078,9.5612,2.0702,812.981,77.8087,7.9058,602.394,3.0946,31.9044
2024-09-24,07:21:00,nan,30.75,406.25,23.295,0,24.325,4.05,1.8075,4.7775,5.61,216.75,21.5925,1.665,328.5,0.255,0
2024-09-24,12:09:00,nan,373.519,555.589,24.262,163.68,34.8247,3.38241,1.70755,1.61736,0.851099,115.211,37.6681,2.13078,66.3918,6.69556,2.96897
2024-09-24,19:41:00,nan,18.45,1276.35,104.105,1.6,69.595,4.03,1.0845,14.0665,8.086,586.05,57.4075,1.079,317.1,0.153,14.4
2024-09-25,06:53:00,nan,12.3,360.3,27.81,0,8.55,1.62,0.723001,1.911,2.244,86.7,41.925,1.206,131.4,0.382,0
2024-09-25,19:03:00,nan,410.871,611.148,26.6882,180.048,38.3072,3.72065,1.87831,1.7791,0.936209,126.732,41.4349,2.34386,73.031,7.36512,3.26586
2024-09-25,20:02:00,nan,0,922.5,106.5,0,33,0,0,0,0,0,46.5,0,0,0,0
2024-09-26,07:14:00,nan,0,554.6,59.35,80,18.99,6.54,0,2.356,2.296,324,37.1,2.332,1264.05,4.65,0
2024-09-26,12:59:00,nan,210,683,38.3,159,25.7,0,0.27,0,0,1098,70.4,0,2115,0,0
2024-09-26,16:55:00,nan,40,812,135.68,52.4,8.16,7.52,3.6,0,0,4,37.16,1,2412,20,0
2024-09-27,07:37:00,nan,0,310.5,34.5,0,13.8,0,0,0,0,0,9.2,0,0,0,0
2024-09-27,15:54:00,nan,410.871,611.148,26.6882,180.048,38.3072,3.72065,1.87831,1.7791,0.936209,126.732,41.4349,2.34386,73.031,7.36512,3.26586
2024-09-27,20:37:00,nan,700,1775.5,129.75,226,48.37,10.1,0.126,9.673,3.58,799.6,146.09,11.25,1330,9.51,0
2024-09-28,10:43:00,nan,00,258.5148,17.416,00,6.86,00,00,00,00,00,30.44,00,00,00,00
2024-09-28,14:09:00,nan,0,1114.42,127.111,0,17.06,3.94182,0,0.225818,0.194727,90,28.1327,1.21636,1724.18,10.3509,0
2024-09-28,18:56:00,nan,0,526.727,69.8364,0,17.38,0.872727,0,0.200727,0.173091,80,19.3291,0.174545,839.313,0.116364,0
2024-09-29,05:53:00,nan,0,321.3,54.27,0,4.23,9,0,0,0,45,12.06,0.81,0,8.37,0
2024-09-29,11:11:00,nan,0,512.8,93,0,3.9,6.2,0,0.42,0.77,0,24.8,0.81,174.225,51.11,0
2024-09-29,13:46:00,nan,10,1018.67,107.9,0,54.1333,6.3,0.36,0,0,271.2,29.6666,7.66667,1090.42,4.6,16.8
2024-09-29,20:16:00,nan,173.171,1297.95,127.503,199.931,45.0123,10.5094,11.7998,17.2616,11.3318,1223.38,92.4787,10.6586,1414.79,15.4186,31.9044
2024-09-30,06:49:00,nan,30.75,335.3,21.112,0,13.2105,4.4,1.8075,4.79395,5.6933,235.3,32.93,1.6909,412.15,0.458,0
2024-09-30,11:58:00,nan,373.519,555.589,24.262,163.68,34.8247,3.38241,1.70755,1.61736,0.851099,115.211,37.6681,2.13078,66.3918,6.69556,2.96897
2024-09-30,21:46:00,nan,700,1050.5,128.95,0,22.56,2.8,0.126,0.063,0.238,70,30.4,5.077,2190,20.5,0
2024-10-01,07:25:00,nan,0,518.6,58.77,60,17.62,6.44,0,1.817,1.922,243,32.14,1.899,948.048,4.24,0
2024-10-01,14:09:00,nan,0,882,108.8,15,25.9,1.8,0,0,0,0,30.6,3,1218,1.8,0
2024-10-01,18:30:00,nan,298.815,733.471,34.8096,130.944,47.6598,6.90593,1.36604,1.29389,0.680879,92.1688,40.2345,4.00462,53.1134,7.65645,2.37517
2024-10-02,07:25:00,nan,120,376.12,8.668,0,23.314,0.622,0.8316,0,0,48.18,32.464,1.236,1001.5,2.61,4.95
2024-10-02,19:40:00,nan,0,757,36.5,243.4,37.8,4.9,0,0,0,0,63.4,7.1,1560.7,4.2,0
2024-10-02,19:44:00,nan,53.8574,784.152,75.9594,102.236,43.8184,2.6394,3.946,25.4606,9.5412,346.456,23.7276,5.1766,402.476,5.6184,2.394
2024-10-03,07:14:00,nan,0,466,37.12,0,25.6,0,0,0,0,0,32.58,4,0,0,0
2024-10-03,07:24:00,nan,25,386.364,50.2582,27,10.92,1.43636,2.52,0.100364,0.0865455,431,17.3145,6.92727,724.156,2.05818,8.4
2024-10-03,12:17:00,nan,482.04,815.7,48.504,236.76,36.4506,2.82,2.3406,3.5814,0.73038,1183.98,73.4808,9.6444,984.78,2.7918,13.638
2024-10-04,07:25:00,nan,120,220.12,7.548,0,12.714,0.622,0.8316,0,0,48.18,19.884,1.236,1001.5,2.61,4.95
2024-10-04,12:44:00,nan,44.6,599.05,40.94,8,25.51,5.24,1.806,3.822,4.488,173.4,29.86,2.332,461.8,0.204,0
2024-10-04,21:00:00,nan,0,1453,91.4,0,50,0,0,0,0,0,80,0,0,0,0
2024-10-05,07:28:00,nan,0,210.4,23.28,0,8.48,0,0,0,0,0,10.16,0,0,0,0
2024-10-05,09:07:00,nan,20.4,293,31.194,0,18.089,4.296,0.4836,6.6654,2.6616,305.16,9.3468,1.9428,91.32,2.6026,0
2024-10-05,13:13:00,nan,130,1114,47.7,10.9,42.2,9.4,1.0206,6.3,2.655,257.5,94.425,18.045,318,2.55,17.676
2024-10-05,19:49:00,nan,238.185,1096.49,127.395,204.145,39.9462,20.5422,6.6352,18.058,7.3118,2152.5,80.4596,9.598,2338.22,31.4424,132.157
2024-10-06,07:56:00,nan,0,175.5,19.5,0,7.8,0,0,0,0,0,5.2,0,0,0,0
2024-10-06,10:51:00,nan,0,442,73.6,0,3,1.3,0,0,0,0,31.4,0.7,173.01,51.4,0
2024-10-06,14:45:00,nan,0,1263.1,59.3,0,60,0,0,0,0,0,123,23.3,308,4.08,0
2024-10-06,19:34:00,nan,0,292.5,20.34,0,15.75,0,0,0,0,0,14.635,0,0,0,0
2024-10-07,05:53:00,nan,0,288.5,31.05,0,2.55,5,0,0,0,25,32.7,0.45,0,4.65,0
2024-10-07,14:20:00,nan,373.519,555.589,24.262,163.68,34.8247,3.38241,1.70755,1.61736,0.851099,115.211,37.6681,2.13078,66.3918,6.69556,2.96897
2024-10-07,16:52:00,nan,700,256.5,39.41,0,5.86,2.8,0.126,0.063,0.238,70,11.19,0.077,350,3.5,0
2024-10-07,18:09:00,nan,61.5536,518.74,54.601,72.6255,21.8606,2.4124,2.25561,7.39676,1.39493,522.159,23.4805,5.93514,1793.59,3.55953,10.9937
2024-10-08,05:40:00,nan,0,140,31.66,0,0.7,5.1,0,0.043,0.048,198,10.03,0.11,2.01,16.77,0
2024-10-08,06:58:00,nan,0,288.5,31.05,0,2.55,5,0,0,0,25,32.7,0.45,0,4.65,0
2024-10-08,13:05:00,nan,32.64,758.886,8.1008,163.68,60.2497,10.03,0.77,9.44872,2.29364,448.72,46.3523,4.35624,68.2348,0.6908,0
2024-10-08,20:29:00,nan,332,988.7,111.98,108,34.56,0,2.49768,0,0,2.8,51.04,4.8,1796.4,15,2.3328
2024-10-09,07:18:00,nan,0,420,36.9,0,15.2,0,0,0,0,0,46,4,0,0,0
2024-10-09,12:00:00,nan,413.519,680.589,41.762,163.68,40.3247,3.38241,1.70755,1.61736,0.851099,115.211,39.1681,2.13078,66.3918,6.69556,2.96897
2024-10-09,20:19:00,nan,0,670,690,0,3236,0,0,0,0,0,2502,0,0,0,0
2024-10-10,08:15:00,nan,200,519,63.8,0,14.66,2.1,0.036,0.018,0.068,20,31.4,0.622,103,1.9,0
2024-10-10,12:33:00,nan,57.412,638.58,44.4957,180.84,11.592,7.0688,3.54501,3.15729,2.70988,380.352,62.1265,1.91963,132.629,2.415,0.0756
2024-10-10,21:53:00,nan,0,1502,207.6,0,40,0,0,0,0,0,25,0,0,0,0
2024-10-10,23:00:00,nan,0,1065,120,0,45,0,0,0,0,0,45,0,0,0,0
2024-10-11,05:39:00,nan,0,270,30,0,12,0,0,0,0,0,8,0,0,0,0
2024-10-11,16:08:00,nan,0,592,99.68,22.4,4.16,3.52,0,0,0,0,20.16,0,1152,0,0
2024-10-12,07:44:00,nan,0,135,15,0,6,0,0,0,0,0,4,0,0,0,0
2024-10-12,08:46:00,nan,67.225,1217.38,166.413,0,43.8375,5.375,560.544,1.43325,1.683,99.025,41.0338,3.2895,1177.98,38.1465,0
2024-10-12,14:13:00,nan,280,705.3,46.4667,124,30.29,2.56,0,7.66668,3.00001,531,65.34,1.77,420.373,5.81334,5.52
2024-10-13,04:10:00,nan,1605.8,1528.11,176.272,210,54.3825,7.58636,7.5105,0.910814,1.03065,2341.85,175.384,48.8741,1916.89,18.1757,0
2024-10-13,16:52:00,nan,0,870,78,0,45,5,0,0,0,0,40,13,1300,12,9
2024-10-14,00:05:00,nan,14.4,1162.93,42.3142,231.486,64.0663,0.762364,6.03926,0.886364,1.65855,54.16,101.827,20.6004,1268.75,1.13978,0
2024-10-14,04:08:00,nan,25.5,562.5,36.6,73.2,33,3,1.095,15.645,12.21,901.5,30.3,3.795,1243.5,0.6,12.45
2024-10-14,16:44:00,nan,79.4,354.86,9.457,450.56,25.172,0.8,1.97586,9.682,5.228,491.12,22.736,7.907,698,0.78,6
2024-10-14,20:57:00,nan,0,1035,125,0,35,0,0,0,0,0,55,0,0,0,0
2024-10-15,00:58:00,nan,0,109,11,0,0,0,0,0,0,0,0,1,0,0,0
2024-10-15,04:46:00,nan,0,1165,150,0,45,0,0,0,0,0,40,0,0,0,0
2024-10-15,14:06:00,nan,230.6,829.1,47.321,574.9,56.42,3,4.11426,5.874,3.74,136.4,30.36,17.079,1784.8,10.88,1.2
2024-10-15,20:07:00,nan,280,1160.6,172.2,124,17.28,16,0,0.8,0.96,5088,85.94,1.52,188,7.7,125.52
2024-10-16,03:55:00,nan,0,1232.5,116,0,65.5,0,0,0,0,0,44.5,10,0,0,0
2024-10-16,16:58:00,nan,130.6,499.1,18.201,449.9,33.82,2,2.31426,5.874,3.74,136.4,28.36,9.079,1044.93,1.76,1.2
2024-10-16,21:17:00,nan,184.64,766.528,55.6758,125.632,37.0874,7.248,3.7688,10.4999,14.5926,1054.18,51.8003,6.53288,2136.86,14.641,34.768
2024-10-16,23:14:00,nan,72,432,52.2,0,12.6,7.2,1.944,0,0,0,5.4,3.6,144,27,0
2024-10-17,05:48:00,nan,28.05,1517.75,97.56,0,66.555,4.59,1.3515,13.6935,12.801,1109.25,47.675,16.9255,752.25,0.867,19.89
2024-10-17,14:34:00,nan,100,370,30,125,23,1,1.8,0,0,0,10,8,740,10,0
2024-10-17,22:16:00,nan,66.74,478.15,25.71,0,38.236,5.396,1.97379,20.022,9.585,428.13,14.456,5.396,222.23,3.2163,0.284
2024-10-17,23:03:00,nan,806,1105.8,69.71,0,19.94,4.58,0.36,0.072,0.272,1070.72,111.06,1.348,598.19,5.99,10.08
2024-10-18,03:11:00,nan,0,183.72,18.99,0,5.33,4.41,0,0.378,0.693,0,12.385,0.729,1.1025,0.469,0
2024-10-18,06:50:00,nan,456.6,447.1,46.781,426.8,21.96,4.18,2.00466,5.97,3.948,615.12,18.02,5.007,480.12,2.7,19.08
2024-10-18,12:29:00,nan,373.519,555.589,24.262,163.68,34.8247,3.38241,1.70755,1.61736,0.851099,115.211,37.6681,2.13078,66.3918,6.69556,2.96897
2024-10-19,03:55:00,nan,23.625,115.875,10.7085,0,7.0155,1.491,1.02585,2.21925,3.255,79.185,2.45055,1.1667,185.67,1.0581,0
2024-10-19,09:18:00,nan,0,297,22.62,0,14.95,0,0,0,0,0,16.38,0.1,0.7,1.25,0
2024-10-19,12:23:00,nan,350,983.45,109.965,0,47.48,5,0.063,0.0315,0.119,35,30.95,6.3385,1151.7,5.89,0
2024-10-19,19:06:00,nan,70,606,80,0,17.3,0,1.44,0,0,0,31.9,4.7,72,0,4.8
2024-10-20,08:20:00,nan,210.389,302.688,26.8928,52.5871,12.546,1.01465,1.83014,3.23362,1.51983,373.029,20.6857,6.8367,489.048,1.86199,1.19444
2024-10-20,10:55:00,nan,0,186,2.6,0,1,0,0,0,0,0,42,0.6,0.36,0.6,0
2024-10-20,14:03:00,nan,108,1182.2,60.28,11.2,44.36,9.7,0.99648,8.4,3.54,342.8,94.39,18.06,291.9,11.05,20.2608
2024-10-20,19:26:00,nan,70,1117.1,140.36,0,45,2.4,1.44,0,0,0,38.15,7.725,722.632,2.76,4.8
2024-10-21,08:03:00,nan,350,386.25,52.425,0,13.48,1.4,0.063,0.0315,0.119,35,11.25,0.0385,175,1.75,0
2024-10-21,13:01:00,nan,0,726,66,0,37.2,8.4,0,0,0,0,37.2,16.2,0,0,0
2024-10-21,20:29:00,nan,0,844.664,62.9062,218.4,29.324,4.21636,0,4.79036,3.81055,868.8,79.6585,9.68727,1559.24,0.310182,0
2024-10-22,05:30:00,nan,23.625,255.375,12.6585,0,7.7655,1.491,1.02585,2.21925,3.255,79.185,33.9506,1.6167,185.94,1.5081,0
2024-10-22,07:05:00,nan,550,287.25,35.085,0,10.52,2.71,0.099,0.0495,0.187,98.8,13.615,0.0605,276.2,4.022,0
2024-10-22,15:22:00,nan,1000,748.5,68.28,90,29.1,5.88,0.18,0.09,0.34,100,60.48,0.21,1157,5,0
2024-10-22,20:15:00,nan,20,1277.6,70.5,35,72.1,1,1.44,0,0,0,77.55,2.08,370.142,1,0
2024-10-23,06:11:00,nan,0,278.1,36.3,0,10.38,0,0,0,0,0,7.34,0,0,0,0
2024-10-23,06:29:00,nan,0,1240,180,0,40,0,0,0,0,0,40,0,0,0,0
2024-10-23,14:18:00,nan,20,690.3,93.62,0,24.422,7.12,0.684,0.0288,0.1368,414,25.078,1.2512,28.6,15.23,51.24
2024-10-23,15:40:00,nan,14.7,23.1,6.79,0,0.21,1.4,0,0,0.14,107.1,0.49,0,0.98,3.423,41.16
2024-10-24,07:50:00,nan,20.025,203.575,9.9795,0,11.7735,1.422,0.904951,2.02275,2.862,75.645,13.5414,0.9999,163.97,1.3627,0
2024-10-24,10:29:00,nan,350,359.25,49.425,0,12.28,1.4,0.063,0.0315,0.119,35,10.45,0.0385,175,1.75,0
2024-10-24,12:53:00,nan,0,502.2,45,0,28.8,0,0,0,0,0,13.32,7.2,0,6.84,0
2024-10-24,21:40:00,nan,700,1331.1,122.25,0,39.86,2.8,0.126,0.063,0.238,400,70.2,2.077,350,3.5,0
2024-10-25,07:41:00,nan,250,428.25,54.375,0,16.4,1,0.045,0.0225,0.085,25,12.55,0.0275,125,1.25,0
2024-10-25,12:42:00,nan,0,661.5,34.2,0,39.15,0,0,0,0,0,29.25,14.4,0,3.6,0
2024-10-25,16:13:00,nan,0,315.6,34.92,0,12.72,0,0,0,0,0,15.24,0,0,0,0
2024-10-25,21:59:00,nan,0,1050,80,0,50,0,0,0,0,0,70,0,0,0,0
2024-10-26,09:58:00,nan,258.941,372.539,33.0989,64.7226,15.4413,1.2488,2.25248,3.97984,1.87056,459.112,25.4594,8.4144,601.906,2.29168,1.47008
2024-10-26,13:04:00,nan,19.3054,1196.87,141.911,48,58.2734,19.0239,0.5744,19.0547,3.4922,507.236,36.2235,8.5338,565.911,8.4433,14.0425
2024-10-26,19:56:00,nan,0,750,58.8,1.2,42,1.2,0,8.4,3.54,342,33.9,0.06,90,0,10.8
2024-10-27,10:42:00,nan,0291.308,130619.107,1987.2362,072.8129,517.3714,11.4049,02.53404,04.47732,02.10438,0516.501,228.6418,0.59,0847.144,1852.5781,01.65384
2024-10-27,13:47:00,nan,310,1238.25,127.565,165,61.94,5.45,2.745,4.368,3.436,202,40.48,10.0525,1648.22,6.33,0.9
2024-10-27,18:46:00,nan,34.5,965.864,68.9082,21,24.42,2.23636,0.929999,3.25036,1.06455,395.5,33.0045,2.24727,971.636,3.50818,10.35
2024-10-28,08:35:00,nan,250,414.75,52.875,0,15.8,1,0.045,0.0225,0.085,25,12.15,0.0275,125,1.25,0
2024-10-28,14:17:00,nan,250,1092.75,68.775,180,54.2,1.7,8.145,0.0225,0.085,25,70.75,15.0275,2021,9.85,0
2024-10-28,20:15:00,nan,0,288,25.2,0,14.4,0,0,0,0,0,14.4,0,0,0,0
2024-10-29,08:05:00,nan,0,388,36.56,0,20.3,0,0,0,0,0,26.29,4,0,0,0
2024-10-29,17:18:00,nan,809.653,835.636,86.5752,0,23.2367,5.71195,0.4312,8.02735,1.5201,1352.82,53.3717,1.6169,889.866,13.1017,16.0213
2024-10-30,07:54:00,nan,9.6,564.12,53.152,7.92,23.384,0,0.0864,1.256,0.48,42.24,31.002,1.524,140.8,0.36,0
2024-10-30,12:54:00,nan,773.519,657.589,46.462,163.68,35.1447,4.98241,1.77955,1.65336,0.987099,155.211,40.4681,2.17478,266.392,8.69556,2.96897
2024-10-30,21:10:00,nan,0,1276,45.8,361.2,88,6.2,0,8.4,3.54,342,77.5,16.56,3270,0,10.8
2024-10-31,13:35:00,nan,0,388,36.56,0,20.3,0,0,0,0,0,26.29,4,0,0,0
2024-10-31,13:36:00,nan,32.64,758.886,8.1008,163.68,60.2497,10.03,0.77,9.44872,2.29364,448.72,46.3523,4.35624,68.2348,0.6908,0
2024-10-31,21:19:00,nan,808.402,1250.74,73.126,86.622,62.7144,4.42,6.2292,16.2966,5.28335,730.749,72.3066,14.7331,1230.14,5.475,10.8
2024-11-01,09:37:00,nan,0,254.55,21.055,0,7.005,1.5,0,0,0,7.5,24.8,0.135,0,1.395,0
2024-11-01,13:28:00,nan,800,884,61.9,0,53.14,3.2,0.144,0.072,0.272,80,39.1,17.688,400,4,0
2024-11-01,21:32:00,nan,822.739,795.085,111.462,0,33.5429,7.27173,1.08833,12.5587,3.60154,311.37,14.5142,6.69436,545.682,13.7068,9.82976
2024-11-02,07:56:00,nan,0,281.9,31.9,0,7.685,0,0,0,0,0,20.125,0,0,0,0
2024-11-02,11:12:00,nan,0,244,27.7,0,2.5,1.3,0,0,0,0,22.4,0.6,3,0.9,0
2024-11-02,15:18:00,nan,0,1310,100,0,70,0,0,0,0,0,70,0,0,0,0
2024-11-02,22:49:00,nan,0,1450,120,0,60,0,0,0,0,0,70,0,0,0,0
2024-11-03,08:51:00,nan,814.897,627.172,64.0881,261.167,31.4198,4.39195,0.762889,12.5658,3.19998,348.478,28.9875,4.91241,659.003,7.35165,7.02126
2024-11-03,14:06:00,nan,500,1154.2,129.38,0,57.18,5,0.09,0.045,0.17,50,32.11,6.745,1064.05,6.15,0
2024-11-03,19:02:00,nan,0,588,30.4,0,34.8,0,0,0,0,0,26,12.8,0,3.2,0
2024-11-04,08:04:00,nan,0,370,17,0,18,0,0,0,0,0,33,0,825,1,0
2024-11-04,12:42:00,nan,4,850,67,110,18,0.5,0.999999,0,0,51,30.5,0.75,2200,0,0
2024-11-04,20:46:00,nan,0,841,10.4,65,56.7,2.6,0,3.9,1.3,340.6,75.2,2.6,156,3.9,0
2024-11-05,06:24:00,nan,700,402.5,57.2,30,12.41,5,0.126,1.863,0.838,227.2,14.4,1.577,542.08,11.05,0
2024-11-05,11:19:00,nan,0,114.75,12.75,0,5.1,0,0,0,0,0,3.4,0,0,0,0
2024-11-05,14:07:00,nan,0,631,6.5,0,38.2,1.5,0,0,0,0,69.9,0,400,4.2,0
2024-11-05,20:58:00,nan,0,944,66,2,60,2,0,14,5.9,570,34.9,0.1,150,0,18
2024-11-06,09:38:00,nan,0,388,36.56,0,20.3,0,0,0,0,0,26.29,4,0,0,0
2024-11-06,16:34:00,nan,573.519,606.589,35.362,163.68,34.9847,4.18241,1.74355,1.63536,0.919099,135.211,39.0681,2.15278,166.392,7.69556,2.96897
2024-11-06,23:06:00,nan,0,1500,100,0,60,0,0,0,0,0,70,0,0,0,0
2024-11-07,13:38:00,nan,200,361.5,45.6,0,13.96,0.8,0.036,0.018,0.068,20,10.6,0.022,100,1,0
2024-11-07,13:39:00,nan,410.871,611.148,26.6882,180.048,38.3072,3.72065,1.87831,1.7791,0.936209,126.732,41.4349,2.34386,73.031,7.36512,3.26586
2024-11-07,20:27:00,nan,49.2429,589.101,67.2343,58.1004,27.9125,1.58083,1.80449,5.83712,1.04671,385.727,19.4608,4.6783,1459.17,26.8011,8.79497
2024-11-08,14:14:00,nan,345.815,615.471,55.0096,130.944,30.8598,11.3059,4.73204,1.96489,2.01288,383.169,39.1345,2.01362,296.113,10.6464,3.75517
2024-11-08,21:09:00,nan,200118.24,294988.96,38.1133,0208,10.9634,0.84,0.0367,0.0180,0.0680,20525,8.6123,0.02220,1001520.4,111.588,00
2024-11-08,22:23:00,nan,0,60,17.5,0,0,0,0,0,0,0,0,0,0,0,0
2024-11-09,09:20:00,nan,0,321.157,37.1,0,12.265,0,0,0,0,0,15.495,0.34,0.98,1.75,0
2024-11-09,14:11:00,nan,0,1003.5,70.36,2,63.5,2.02,0,14,5.9,570,37.808,1.32,358,0.35,18
2024-11-09,19:25:00,nan,0,703.25,73.25,0,29.5,10,1.404,0,0,0,10.05,6,4,3.85,0
2024-11-09,20:34:00,nan,100,250,20,24,15,1,0,7,2,116,9,6,180,2,18
2024-11-10,08:16:00,nan,0,348.657,37.1,0,12.59,0,0,0,0,0,21.12,0.94,1.16,1.75,0
2024-11-10,13:36:00,nan,0,300,75,0,0,0,0,0,0,0,0,0,255,75,0
2024-11-10,14:33:00,nan,1000,1368.43,92.82,2,78.69,6,0.18,14.09,6.24,670,85.24,8.71,650,5,18
2024-11-10,23:17:00,nan,0,1016.71,76.1832,0,47.445,0.436364,0,0.100364,0.0865455,40,58.4795,7.98727,692.136,3.27568,0
2024-11-11,08:38:00,nan,350,339,47.175,0,11.38,1.4,0.063,0.0315,0.119,35,9.85,0.0385,175,1.75,0
2024-11-11,14:08:00,nan,165.2,590.3,80.12,9.9,23.379,3.49,0.451,1.872,4.869,275.1,14.794,4.562,309,18.034,55.63
2024-11-11,20:31:00,nan,0,807.045,49.8373,0,33.38,0.654545,0,0.150545,0.129818,60,74.5818,13.4309,629.455,0.0872727,0
2024-11-12,06:23:00,nan,200,385.75,51.85,0,13.86,1.8,0.036,0.018,0.068,20,10.3,0.322,220,6.2,0
2024-11-12,12:32:00,nan,373.519,555.589,24.262,163.68,34.8247,3.38241,1.70755,1.61736,0.851099,115.211,37.6681,2.13078,66.3918,6.69556,2.96897
2024-11-12,20:57:00,nan,0,1552.8,75.86,392,102.3,7.3,0,14,5.9,570,84.89,18.1,3585,11.22,18
2024-11-13,08:26:00,nan,200,348,44.1,0,13.36,0.8,0.036,0.018,0.068,20,10.2,0.022,100,1,0
2024-11-13,21:58:00,nan,00,750513.62,5530.285,10077.97,1529.192,00.015,00.496296,00,00,0510.76,2531.408,05.7627,2000488.22,00.2625,03.2544
2024-11-14,08:07:00,nan,0,342.05,40.095,0,3.255,6.5,0,0,0,32.5,34.71,0.585,0,6.045,0
2024-11-14,13:58:00,nan,592.787,486.833,43.2953,106.392,23.0511,3.59857,1.17291,1.08278,0.672214,109.887,27.3393,1.42351,218.155,6.10211,1.92983
2024-11-14,20:15:00,nan,0,108,12,0,4.8,0,0,0,0,0,3.2,0,0,0,0
2024-11-14,21:29:00,nan,0,528,33.14,0,29.58,0,0,0,0,0,33.958,0,0,0,0
2024-11-15,08:01:00,nan,0,307.6,33.75,246,11.93,0,0,2.94,1.08,88,17.25,1.98,86.08,0.88,0
2024-11-15,17:25:00,nan,151.32,832.021,105.98,153.109,21.3454,10.7793,4.4004,7.5378,3.6177,1351.71,67.9273,5.9682,1543.61,23.0202,94.5279
2024-11-15,21:01:00,nan,0,101.25,11.25,0,4.5,0,0,0,0,0,3,0,0,0,0
2024-11-15,23:58:00,nan,0,1500,100,0,70,0,0,0,0,0,75,0,0,0,0
2024-11-16,08:33:00,nan,0,307.6,33.75,246,11.93,0,0,2.94,1.08,88,17.25,1.98,86.08,0.88,0
2024-11-16,14:37:00,nan,103.648,914.559,62.7696,220.453,50.3802,5.7067,7.56728,17.9678,6.63882,981.267,53.1345,13.756,944.318,9.92258,5.60769
2024-11-16,20:18:00,nan,0,1024,145.6,0,25.4,6,0,0,0,0,56.2,19.6,0,6,0
2024-11-16,21:27:00,nan,0,74.7,4.05,0,6.9,0.9,0,0,0,0,1.5,4.35,0,2.4,0
2024-11-17,14:03:00,nan,0,207,43.38,0,1.98,1.8,0,0,0,0,4.86,3.6,0,1.8,0
2024-11-17,14:04:00,nan,0,313.2,47.88,0,12.48,0,0,0,0,0,2.36,1.44,85.14,25.2,0
2024-11-17,15:02:00,nan,0,1265.5,87.75,77,71.25,4.5,0,14,5.9,570,67.8,1.975,937.5,0,18
2024-11-17,20:18:00,nan,0,1320,162,130,42,10,0,0,0,0,72,12,3320,36,0
2024-11-18,07:38:00,nan,0,453.75,66.0125,0,7.3125,4.05,0,0,0,0,31.625,1.49375,3,1.10625,0
2024-11-18,14:36:00,nan,0,240,29,0,8.7,0,0,0,0,0,11,1.7,0,3.1,0
2024-11-18,14:37:00,nan,46.36,608.22,30.7632,0,31.5656,2.538,0.732401,0.02728,0.09856,278.08,48.2116,1.12032,35.29,4.246,90.4962
2024-11-18,21:14:00,nan,29.96,506.8,37.238,124,16.25,3.75,0.6804,5.472,5.254,768,52,2.774,122,5.92,7.4004
2024-11-19,09:34:00,nan,0,369,7.96,400,24.21,0,0,9.536,4.451,138,28.21,7.584,212.42,7.23,0
2024-11-19,12:46:00,nan,0,598,51.35,0,24.95,1.1,0,0,0,0,41.65,0.2,0.005,0,0
2024-11-19,15:24:00,nan,20,310,33,35,18,2,1.08,0,0,0,4,8,200,22,0
2024-11-19,22:37:00,nan,101.868,1242.3,147.896,0,38.5266,7.7034,9.4446,26.592,4.5588,846.848,22.4518,5.6406,1679.01,6.4194,11.3958
2024-11-20,07:46:00,nan,0,369,7.96,400,24.21,0,0,9.536,4.451,138,28.21,7.584,212.42,7.23,0
2024-11-20,14:43:00,nan,242.787,769.133,63.3703,106.392,36.2361,2.19857,1.10991,1.05128,0.553214,74.8871,47.4343,1.38501,43.1547,4.35211,1.92983
2024-11-20,23:01:00,nan,0,975.6,115.92,65,33.72,5,0,0,0,0,51.24,6,1660,18,0
2024-11-21,08:38:00,nan,200,388.5,48.6,0,15.16,0.8,0.036,0.018,0.068,20,11.4,0.022,100,1,0
2024-11-21,21:28:00,nan,100.123,833.584,21.1211,381.316,65.9086,4.0312,3.3968,34.1256,7.4543,1068.88,37.8614,16.3186,573.714,4.2221,13.4685
2024-11-21,21:39:00,nan,22.4,608.6,44.08,148.4,26.228,0.6,3.402,11.2456,1.07248,379.8,44.548,10.3471,644.2,0.08,0
2024-11-22,09:22:00,nan,0,1550,110,0,70,0,0,0,0,0,68,0,0,0,0
2024-11-22,09:37:00,nan,0,310,36,0,15,0,0,0,0,0,20,4,0,0,0
2024-11-22,12:18:00,nan,0,480,56,0,16,0,0,0,0,0,27,0,0,0,0
2024-11-22,15:03:00,nan,0,156.45,11.1,60,7.135,0,0,0,0,0,11.405,1.5,380,0,0
2024-11-23,13:14:00,nan,0,216,24,0,9.6,0,0,0,0,0,6.4,0,0,0,0
2024-11-23,14:44:00,nan,23.3589,1228.81,93.3329,68.6174,72.1021,0.33765,1.34715,2.31795,1.41945,296.549,44.8893,34.2228,453.903,58.6702,0.22515
2024-11-23,20:05:00,nan,0,660,81,65,21,5,0,0,0,0,36,6,1660,18,0
2024-11-24,12:33:00,nan,0,426.5,61.675,0,7.875,2.5,0,0,0.12,0,31.65,0.8125,0,0.1875,0
2024-11-24,12:34:00,nan,0,243,27,0,10.8,0,0,0,0,0,7.2,0,0,0,0
2024-11-24,13:54:00,nan,0,661.5,34.2,0,39.15,0,0,0,0,0,29.25,14.4,0,3.6,0
2024-11-24,20:03:00,nan,0,743,71.18,0,31.44,9.7,0,0.138,0.119,55,46.2,9.62,577,13.08,0
2024-11-25,13:36:00,nan,00,426.5513,61.67516,0420,7.87524,2.50,00,094,0.1256,00,31.6549,0.812568,0199.38,0.18753,00
2024-11-25,21:35:00,nan,0,760.909,79.2655,0,37.86,0.490909,0,0.112909,0.0973636,45,23.7464,0.0981818,472.091,0.0654546,0
2024-11-26,13:07:00,nan,0,426.5,61.675,0,7.875,2.5,0,0,0.12,0,31.65,0.8125,0,0.1875,0
2024-11-26,13:08:00,nan,0,557.55,55.683,38.4,22.24,3.08,4.32,0,0,0,35.6,7.39,0.768,1.125,0
2024-11-26,17:27:00,nan,0,263,29.1,0,10.6,0,0,0,0,0,12.7,0,0,0,0
2024-11-26,20:52:00,nan,114.258,1015.69,114.582,77.97,39.7966,20.0784,5.84044,0.034968,0.357528,2601.58,49.9415,5.94315,606.774,11.924,87.5201
2024-11-27,06:23:00,nan,0,85,13,0,2.6,1,0,0,0,0,1.5,0.3,120,5.2,0
2024-11-27,08:51:00,nan,200,402,50.1,0,15.76,0.8,0.036,0.018,0.068,20,11.8,0.022,100,1,0
2024-11-27,20:43:00,nan,373.519,555.589,24.262,163.68,34.8247,3.38241,1.70755,1.61736,0.851099,115.211,37.6681,2.13078,66.3918,6.69556,2.96897
2024-11-27,21:16:00,nan,80,1003.56,83.0982,0,22.7,1.53636,0.576,0.169364,0.226045,269.1,31.9545,0.147273,760.136,1.29818,36
2024-11-28,19:28:00,nan,200,307.5,39.6,0,11.56,0.8,0.036,0.018,0.068,20,9,0.022,100,1,0
2024-11-28,19:29:00,nan,5,398.157,17.8,0,16.94,0.25,0.09,0,0,0,42.13,2.2,7.8,4.19,12
2024-11-28,19:30:00,nan,4.44,42.18,10.7226,0,0.2442,1.776,0.207201,0.03478,0.10804,56.98,0.5476,0.02072,0.74,7.3704,7.17802
2024-11-28,22:46:00,nan,67.9401,1495.76,95.8683,573.036,50.5818,7.5931,1.4983,2.5126,1.2059,938.82,68.0091,2.8894,2032.29,9.7984,31.5093
2024-11-29,08:51:00,nan,0,1250,75,0,50,0,0,0,0,0,55,0,0,0,0
2024-11-29,12:38:00,nan,0,388,36.56,0,20.3,0,0,0,0,0,26.29,4,0,0,0
2024-11-29,12:46:00,nan,0,96.2,6.8,0,7.2,0,0,0,0,0,2.2,4.6,0,0,0
2024-11-29,14:29:00,nan,0,855,100,0,35,0,0,0,0,0,35,0,0,0,0
2024-11-30,08:51:00,nan,3.108,456.026,69.1808,0,8.04594,3.7432,0.14504,0.024346,0.195628,39.886,32.0333,0.827004,0.518,5.34678,5.02461
2024-11-30,14:53:00,nan,292.176,730.074,44.8226,171.646,41.1193,4.40246,4.58347,13.5379,2.56787,897.488,44.3437,11.0589,2684.12,7.97631,20.9917
2024-11-30,21:00:00,nan,0,1108.8,121.62,0,50.52,0,0,0,0,0,41.64,2.16,0.21,0.3,0
2024-12-01,06:20:00,nan,0,276.3,49.975,0,4.395,2.5,0,0,0,0,8.87,0.8125,0,10.1875,0
2024-12-01,09:00:00,nan,242.757,557.555,68.3802,60.9774,20.4762,1.52075,2.1117,5.6411,4.75365,474.418,25.2481,8.6735,650.286,27.3484,1.3782
2024-12-01,14:30:00,nan,209.653,1327.24,40.8452,302,46.7467,1.42695,0.3232,8.41335,2.5641,504.818,62.9077,7.4819,3711.67,4.28415,7.02126
2024-12-01,21:30:00,nan,110,1057,39.6,1,49.2,1,0.1206,7,2.95,286,87.55,14.05,318,1.05,9.576
2024-12-02,14:35:00,nan,373.5190,555.589426,24.26261,163.680,34.82477,3.382412,1.707550,1.617360,0.8510990,115.2110,37.668131,2.130780,66.39180,6.695560,2.968970
2024-12-02,21:18:00,nan,53,646.1,37.43,136.6,31.46,2.8,0.21618,14.4,3.81,1038.4,38.69,8.53,227.05,0.8,37.3728
2024-12-03,07:27:00,nan,0,310,36,0,15,0,0,0,0,0,20,4,0,0,0
2024-12-03,08:17:00,nan,61.65,273.85,23.8238,70.55,7.464,8.008,3.5919,3.56015,0.4931,599.98,27.8577,2.9651,131.7,5.6784,5.824
2024-12-03,10:38:00,nan,0,192,23.2,0,6.96,0,0,0,0,0,8.8,1.36,0,2.48,0
2024-12-03,15:37:00,nan,302.641,1429.84,176.42,306.218,40.6908,21.5586,8.8008,15.0756,7.2354,2703.42,116.845,11.9364,3067.23,57.2604,189.056
2024-12-04,07:49:00,nan,41.92,412.758,45.5022,23.1,8.35028,7.35875,2.27778,0.012295,0.132595,832.728,35.4775,2.70814,503.483,5.13915,34.3827
2024-12-04,13:19:00,nan,11.758,563.124,81.5217,5.87899,15.3516,0.293949,0,0.734873,1.1758,117.58,25.1153,0.293949,188.128,3.82134,4.58561
2024-12-04,21:29:00,nan,011.05,726364.25,89.10,71.5228,23.120,5.50,02.4055,08.9625,02.802,0462.65,39.641,6.66,1826170.5,19.80,00
2024-12-05,07:04:00,nan,0,426.5,61.675,0,7.875,2.5,0,0,0.12,0,31.65,0.8125,0,0.1875,0
2024-12-05,10:48:00,nan,0,119.4,6.8,0,9.2,0,0,0,0,0,1.5,5.6,0,0,0
2024-12-05,12:51:00,nan,298.815,700.971,47.9096,130.944,39.2598,2.70593,1.36604,1.29389,0.680879,92.1688,37.7345,1.70462,53.1134,5.35645,2.37517
2024-12-05,21:31:00,nan,400.02,1016.18,129.664,74.46,24.6759,2.3887,2.86639,3.9775,4.769,622.438,47.3452,2.3435,2301.34,21.1265,27.916
2024-12-06,08:33:00,nan,300,257.94,17.54,0,11.318,1.2,0.054,2.707,1.844,30,20.77,1.172,150.731,1.83,0
2024-12-06,13:57:00,nan,37.4,1201.62,13.9164,0,48.1955,1.6575,0.857101,0.0085,0.0961,241.258,183.484,2.0531,31.3083,1.9818,15.1583
2024-12-06,21:35:00,nan,341.993,630.302,79.0563,42.982,34.2898,23.2048,0.539725,7.4041,1.32383,143.996,27.2448,8.0352,566.175,5.36475,17.3138
2024-12-07,09:34:00,nan,783.141,642.862,62.804,522.792,35.168,4.165,1.2102,10.1963,4.27976,373.281,26.3684,8.26697,839.465,9.675,0.27
2024-12-07,13:39:00,nan,750,1346.05,90.375,0.6,56.15,16.6,0.135,4.2675,2.025,246,134.65,6.6125,421.3,7.05,5.4
2024-12-07,18:09:00,nan,0,300,75,0,0,0,0,0,0,0,0,0,255,75,0
2024-12-07,21:00:00,nan,1105,1212.43,122.08,0.5,37.145,4.9,0.207,3.599,1.849,392,71.15,7.746,705.5,16.72,4.5
2024-12-08,09:34:00,nan,1200,725.7,75.889,738,33.745,5.264,0.216,8.928,3.648,384,38.154,6.072,858,6.99,0
2024-12-08,15:11:00,nan,0,279,25,0,16,0,0,0,0,0,7.4,4,0,3.8,0
2024-12-08,16:49:00,nan,0,203,12.9,0,4.2,1.1,0,0,0,0,28.3,0.7,0.11,5.6,0
2024-12-08,21:20:00,nan,0,943.8,125.76,84.5,27.3,6.5,0,0,0,0,47.79,7.8,2158,34.62,0
2024-12-09,07:51:00,nan,26.25,474.5,72.175,0,8.205,4.75,0.18,0.03525,0.33525,148.5,32.445,0.83425,3.75,6.93,56.025
2024-12-09,10:51:00,nan,200,280.5,36.6,0,10.36,0.8,0.036,0.018,0.068,20,8.2,0.022,100,1,0
2024-12-09,13:33:00,nan,373.519,555.589,24.262,163.68,34.8247,3.38241,1.70755,1.61736,0.851099,115.211,37.6681,2.13078,66.3918,6.69556,2.96897
2024-12-09,18:27:00,nan,0,639.62,50.6,77.97,25.192,5.28,0.496296,0,0,510.76,38.162,4.8477,336.62,4.4,3.2544
2024-12-10,08:26:00,nan,46.224,636.091,88.8523,246,21.8306,16.8143,2.16105,2.98512,1.33088,1670.5,37.5758,2.40382,113.744,6.90108,61.0532
2024-12-10,15:07:00,nan,0,574.294,63.6765,0,10.2829,3.75,0,0,0,0,58.7588,3.15,0.425,6.95,0
2024-12-10,20:35:00,nan,92.575,1115.72,124.747,135.1,12.5725,5.385,8.58075,2.38875,2.805,964.375,63.7122,0.8325,296.15,5.2855,10.92
2024-12-11,09:23:00,nan,0,944,66,2,60,2,0,14,5.9,570,34.9,0.1,150,0,18
2024-12-11,16:38:00,nan,131.185,1486.03,99.2714,271.408,84.1822,5.52916,8.88389,30.7853,20.0431,1419.21,80.2248,26.8164,936.337,6.68618,15.5423
2024-12-11,21:56:00,nan,530.75,760.75,68.675,0,24.275,6.05,1.8975,4.8225,5.78,266.75,66.8125,6.32,578.925,8.105,0
2024-12-11,21:57:00,nan,0,455,70,0,17.5,0,0,0,0,0,7,0,420,28,0
2024-12-12,04:57:00,nan,182.443,743.684,55.0925,125.427,24.3372,2.79565,4.78174,6.54306,1.81488,650.43,32.0252,14.0159,1687.79,6.92445,9.14085
2024-12-12,21:58:00,nan,0,653,94.3,19.5,23.8,1.5,0,0,0,0,17.8,1.8,918,33.4,0
2024-12-13,07:59:00,nan,0,495,60.75,48.75,15.75,3.75,0,0,0,0,27,4.5,1245,13.5,0
2024-12-13,12:09:00,nan,0,742.5,100.05,0,24.19,0,0,0,0,0,31.04,0.132,0,14.43,0
2024-12-13,22:57:00,nan,905.123,1353.88,112.901,400.316,65.5386,10.3712,3.5498,28.3976,5.1763,1108.18,55.1414,18.6766,952.714,21.7521,4.4685
2024-12-14,09:25:00,nan,0,252.9,39.525,0,3.005,0,0,0,0,0,16.5,0.2,0,0,0
2024-12-14,14:38:00,nan,14.479,753.654,40.2529,0,49.3451,0.917925,0.4308,11.843,1.76415,178.227,29.8076,17.1073,50.4983,7.98247,10.5319
2024-12-14,16:35:00,nan,0,73.86,4.45,0,4.93,0,0,0,0,0,1.98,2.1,0,0.07,0
2024-12-14,20:37:00,nan,124.336,708.096,61.8552,529.102,40.9328,6.7044,4.95513,17.6133,5.08568,986.678,33.2886,9.04023,2998.47,2.84004,1.48848
2024-12-15,14:05:00,nan,22.160,461.2714,64.5128,31.840,11.7813,3.50,0.95040,3.580,4.60,266.40,28.04825,1.844,316.8255,085.05,00
2024-12-15,16:43:00,nan,68.8033,821.875,70.2137,149.228,33.6067,3.93156,3.60959,10.6881,12.4575,1041.39,57.1348,6.75137,811.772,4.49018,10.3615
2024-12-15,20:11:00,nan,0,1217,44.4,332,89.3,5.3,0,14,5.9,570,61.9,16.6,2955,0,18
2024-12-16,20:02:00,nan,2506,306.75787,40.87531,0260,1154.8,15.1,0.0450,0.02250,0.0850,25123,8.9547,0.027513,1252210.2,1.253,00.96
2024-12-16,22:44:00,nan,129.2,1079.7,173.382,216.6,22.707,8.34,3.097,5.358,2.337,247,49.638,6.9495,2028.4,37.599,0
2024-12-17,08:16:00,nan,0,426.5,61.675,0,7.875,2.5,0,0,0.12,0,31.65,0.8125,0,0.1875,0
2024-12-17,14:14:00,nan,774,676.8,43.2,160.2,31.32,3.78,2.268,0,0,1371.6,56.16,17.46,0,13.14,9.72
2024-12-17,22:43:00,nan,0,1000,120,0,40,0,0,0,0,0,40,0,0,0,0
2024-12-18,08:09:00,nan,0,426.5,61.675,0,7.875,2.5,0,0,0.12,0,31.65,0.8125,0,0.1875,0
2024-12-18,13:34:00,nan,373.519,555.589,24.262,163.68,34.8247,3.38241,1.70755,1.61736,0.851099,115.211,37.6681,2.13078,66.3918,6.69556,2.96897
2024-12-18,21:15:00,nan,0,854,66,2,50,2,0,14,5.9,570,34.9,0.1,150,0,18
2024-12-19,07:13:00,nan,0,510.5,83.235,0,8.187,2.5,0,0,0.12,0,32.682,0.9181,0,11.7315,0
2024-12-19,12:13:00,nan,0,631,63.56,0,31.1,0,0,0,0,0,33.49,4,0,0,0
2024-12-19,17:47:00,nan,0,53,5.2,0,3.2,0,0,0,0,0,0.6,2.1,0,0.2,0
2024-12-19,23:56:00,nan,0,880,100,0,40,0,0,0,0,0,30,0,0,0,0
2024-12-20,12:52:00,nan,0250,613.8360,5546.875,00,35.213,01,00.045,00.0225,00.085,025,16.2810,8.80,0125,8.361,00
2024-12-20,19:23:00,nan,8,342.5,42.8,14,16,0.4,0.576,0,0,0,7.8,2.3,148.3,2.8,0
2024-12-20,21:23:00,nan,25.2,1296.8,66,198,83.38,2,1.162,24.696,10.884,864,67.94,7.016,715.6,0,18
2024-12-21,08:23:00,nan,0,394.5,43.65,0,15.9,0,0,0,0,0,19.05,0,0,0,0
2024-12-21,12:10:00,nan,0,194,22.3,0,3.5,0,0,0,0.12,0,22.9,0,0,0,0
2024-12-21,14:05:00,nan,0,1080,90,0,60,0,0,0,0,0,45,0,0,0,0
2024-12-21,21:02:00,nan,0,900,50,0,45,0,0,0,0,0,25,0,0,0,0
2024-12-22,08:45:00,nan,1200,471.757,73.6,0,12.035,4.8,0.216,0.108,0.408,120,18.575,0.332,600,6,0
2024-12-22,13:35:00,nan,300,332.1,31.95,0,19.14,1.2,0.054,0.027,0.102,30,7.05,15.333,150,1.5,0
2024-12-22,15:29:00,nan,0,649,21,0,23.33,0,0,0,0,0,87.3,0,0,0,0
2024-12-22,21:33:00,nan,154,590.6,35.54,116.6,21.14,0,0.198,0,0,805.2,59.97,0,1551,0,0
2024-12-23,09:36:00,nan,1052.5,409.557,63.175,39.75,7.7,4,0.2475,0.09,0.34,374.5,22.5,0.31,1028.75,5,0
2024-12-23,15:06:00,nan,0,968,98.6,0,48.7,4.4,0,0,0,0,37.9,1.1,0,1.1,0
2024-12-23,20:45:00,nan,1200,762.2,87.8,116.7,26.66,10.1,0.216,6.708,1.728,1430.3,36,5.632,1561.2,6,0
2024-12-24,10:06:00,nan,0,457.457,54.7,0,8,0,0,0,0,0,41.08,0.78,0.336,2.7,0
2024-12-24,15:12:00,nan,0,1200,170,0,40,0,0,0,0,0,40,0,0,0,0
2024-12-24,22:01:00,nan,0,1350,110,0,60,0,0,0,0,0,60,0,0,0,0
2024-12-25,22:26:00,nan,0,457.457,54.7,0,8,0,0,0,0,0,41.08,0.78,0.336,2.7,0
2024-12-25,22:27:00,nan,164.1090,638.71150,42.564135,732.5260,23.422350,1.55010,3.1290,3.686250,2.24940,1022.80,59.830240,10.11080,600.0290,2.752650,23.09350
2024-12-26,10:24:00,nan,0,479.207,63.975,0,8.135,0,0,0,0,0,36.43,0.79,0.276,2.975,0
2024-12-26,15:12:00,nan,400,1041.3,30.81,402,37.71,3.825,0.072,59.144,34.394,1202,86.84,58.321,1176.8,7.0375,0
2024-12-26,21:03:00,nan,50,473,3.664,186,19.67,0.018,1.8,2.038,0.707,63,7.3272,16.698,349.95,3.975,0
2024-12-27,13:07:00,nan,0,373.357,49.7,0,7.57,0,0,0,0,0,25.86,0.63,0.192,2.2,0
2024-12-27,13:08:00,nan,0,708,102,0,19.5,0,0,0,0,0,31.5,0,0,0,0
2024-12-27,17:33:00,nan,0,179.9,0,0,3.57,0,0,0,0,0,0,9.8,70,1.61,0
2024-12-27,22:09:00,nan,76.557,856.915,122.497,0,32.1055,6.4195,7.8555,22.16,3.799,473.207,18.1265,4.7005,1389.17,5.3495,9.4965
