[{"paceBandSummary":{"paceBandPk":2036701,"name":"Ventorro-Via verde-Navalmoral","courseId":98940165,"userProfilePk":76018113,"splitType":"ELEVATION","totalDistance":12002.66,"uphillEffort":1.2,"pacingStrategy":0.0,"goalTime":4028,"goalSpeed":2.97980635551142,"createdDate":"2022-04-13T07:09:19.0","lastUpdatedDate":"2022-04-13T07:09:19.0","eventDate":null,"manualPaceEdit":false,"elevationSegmentationTolerance":50.0,"elevationSegmentMinLength":400.0,"paceFactor":2.0},"paceBandSplits":[{"paceBandSplitPk":49291184,"paceBandPk":2036701,"cumulativeDistanceFromStart":1023.0279541015625,"cumulativeTimeFromStart":319.753,"splitDistance":1023.0279541015625,"splitAvgSpeed":3.199430484121901,"startPoint":{"latitude":40.39777591825000,"longitude":-5.77071142383000,"elevation":983.94218427036},"endPoint":{"latitude":40.39880066666643,"longitude":-5.77966874618542,"elevation":948.4705911914544}},{"paceBandSplitPk":49291185,"paceBandPk":2036701,"cumulativeDistanceFromStart":1725.1199951171875,"cumulativeTimeFromStart":552.513,"splitDistance":702.092041015625,"splitAvgSpeed":3.0163736770100837,"startPoint":{"latitude":40.39880066666643,"longitude":-5.77966874618542,"elevation":948.4705911914544},"endPoint":{"latitude":40.39317889393022,"longitude":-5.77992729739807,"elevation":948.8189512776282}},{"paceBandSplitPk":49291186,"paceBandPk":2036701,"cumulativeDistanceFromStart":2255.653076171875,"cumulativeTimeFromStart":720.555,"splitDistance":530.5330810546875,"splitAvgSpeed":3.1571547537227014,"startPoint":{"latitude":40.39317889393022,"longitude":-5.77992729739807,"elevation":948.8189512776282},"endPoint":{"latitude":40.39057729433389,"longitude":-5.77724170095055,"elevation":888.5949144938004}},{"paceBandSplitPk":49291187,"paceBandPk":2036701,"cumulativeDistanceFromStart":2928.030517578125,"cumulativeTimeFromStart":940.240,"splitDistance":672.37744140625,"splitAvgSpeed":3.060635975704074,"startPoint":{"latitude":40.39057729433389,"longitude":-5.77724170095055,"elevation":888.5949144938004},"endPoint":{"latitude":40.38977632362356,"longitude":-5.78494952738883,"elevation":880.6982543002734}},{"paceBandSplitPk":49291188,"paceBandPk":2036701,"cumulativeDistanceFromStart":5734.080078125,"cumulativeTimeFromStart":1898.811,"splitDistance":2806.049560546875,"splitAvgSpeed":2.9273270925208306,"startPoint":{"latitude":40.38977632362356,"longitude":-5.78494952738883,"elevation":880.6982543002734},"endPoint":{"latitude":40.40721862693276,"longitude":-5.80064714331392,"elevation":921.4692150206442}},{"paceBandSplitPk":49291189,"paceBandPk":2036701,"cumulativeDistanceFromStart":8038.44189453125,"cumulativeTimeFromStart":2663.622,"splitDistance":2304.36181640625,"splitAvgSpeed":3.0129804711160695,"startPoint":{"latitude":40.40721862693276,"longitude":-5.80064714331392,"elevation":921.4692150206442},"endPoint":{"latitude":40.42211427397572,"longitude":-5.78338538326799,"elevation":924.1102247492246}},{"paceBandSplitPk":49291190,"paceBandPk":2036701,"cumulativeDistanceFromStart":9482.5576171875,"cumulativeTimeFromStart":3182.488,"splitDistance":1444.11572265625,"splitAvgSpeed":2.783215021207253,"startPoint":{"latitude":40.42211427397572,"longitude":-5.78338538326799,"elevation":924.1102247492246},"endPoint":{"latitude":40.41199623362374,"longitude":-5.78341132934044,"elevation":976.5785216840649}},{"paceBandSplitPk":49291191,"paceBandPk":2036701,"cumulativeDistanceFromStart":11005.37890625,"cumulativeTimeFromStart":3668.611,"splitDistance":1522.8212890625,"splitAvgSpeed":3.132589527744303,"startPoint":{"latitude":40.41199623362374,"longitude":-5.78341132934044,"elevation":976.5785216840649},"endPoint":{"latitude":40.39903061763700,"longitude":-5.77955749005736,"elevation":946.4241328812323}},{"paceBandSplitPk":49291192,"paceBandPk":2036701,"cumulativeDistanceFromStart":12002.255859375,"cumulativeTimeFromStart":4028.000,"splitDistance":996.876953125,"splitAvgSpeed":2.77380612215351,"startPoint":{"latitude":40.39903061763700,"longitude":-5.77955749005736,"elevation":946.4241328812323},"endPoint":{"latitude":40.39779167468707,"longitude":-5.77076260461768,"elevation":983.0642327577308}}]},{"paceBandSummary":{"paceBandPk":1915829,"name":"A Felipe VI","courseId":91908131,"userProfilePk":76018113,"splitType":"ELEVATION","distanceUnit":"KILOMETER","totalDistance":19582.4296875,"uphillEffort":2.5,"pacingStrategy":0.0,"goalTime":6462,"goalSpeed":3.030397653579712,"createdDate":"2022-02-19T09:36:41.0","lastUpdatedDate":"2022-02-27T16:17:17.0","eventDate":null,"manualPaceEdit":false,"elevationSegmentationTolerance":50.0,"elevationSegmentMinLength":400.0,"paceFactor":2.0},"paceBandSplits":[{"paceBandSplitPk":46130443,"paceBandPk":1915829,"cumulativeDistanceFromStart":1385.0634765625,"cumulativeTimeFromStart":463.026,"splitDistance":1385.0634765625,"splitAvgSpeed":2.9913296064435793,"startPoint":{},"endPoint":{}},{"paceBandSplitPk":46130444,"paceBandPk":1915829,"cumulativeDistanceFromStart":2356.916748046875,"cumulativeTimeFromStart":764.791,"splitDistance":971.853271484375,"splitAvgSpeed":3.2205614729657177,"startPoint":{},"endPoint":{}},{"paceBandSplitPk":46130445,"paceBandPk":1915829,"cumulativeDistanceFromStart":3133.25732421875,"cumulativeTimeFromStart":1018.293,"splitDistance":776.340576171875,"splitAvgSpeed":3.0624666498409816,"startPoint":{},"endPoint":{}},{"paceBandSplitPk":46130446,"paceBandPk":1915829,"cumulativeDistanceFromStart":4095.913330078125,"cumulativeTimeFromStart":1360.284,"splitDistance":962.656005859375,"splitAvgSpeed":2.8148607543812885,"startPoint":{},"endPoint":{}},{"paceBandSplitPk":46130447,"paceBandPk":1915829,"cumulativeDistanceFromStart":5906.2216796875,"cumulativeTimeFromStart":1920.056,"splitDistance":1810.308349609375,"splitAvgSpeed":3.234009990944582,"startPoint":{},"endPoint":{}},{"paceBandSplitPk":46130448,"paceBandPk":1915829,"cumulativeDistanceFromStart":7573.64599609375,"cumulativeTimeFromStart":2472.338,"splitDistance":1667.42431640625,"splitAvgSpeed":3.01915192570249,"startPoint":{},"endPoint":{}},{"paceBandSplitPk":46130449,"paceBandPk":1915829,"cumulativeDistanceFromStart":9430.1611328125,"cumulativeTimeFromStart":3051.944,"splitDistance":1856.51513671875,"splitAvgSpeed":3.203064953346906,"startPoint":{},"endPoint":{}},{"paceBandSplitPk":46130450,"paceBandPk":1915829,"cumulativeDistanceFromStart":10245.6396484375,"cumulativeTimeFromStart":3339.460,"splitDistance":815.478515625,"splitAvgSpeed":2.836284134073907,"startPoint":{},"endPoint":{}},{"paceBandSplitPk":46130451,"paceBandPk":1915829,"cumulativeDistanceFromStart":11202.7392578125,"cumulativeTimeFromStart":3639.270,"splitDistance":957.099609375,"splitAvgSpeed":3.192361030244646,"startPoint":{},"endPoint":{}},{"paceBandSplitPk":46130452,"paceBandPk":1915829,"cumulativeDistanceFromStart":11930.78515625,"cumulativeTimeFromStart":3925.152,"splitDistance":728.0458984375,"splitAvgSpeed":2.5466639509775413,"startPoint":{},"endPoint":{}},{"paceBandSplitPk":46130453,"paceBandPk":1915829,"cumulativeDistanceFromStart":13660.5947265625,"cumulativeTimeFromStart":4481.421,"splitDistance":1729.8095703125,"splitAvgSpeed":3.1096638973103863,"startPoint":{},"endPoint":{}},{"paceBandSplitPk":46130454,"paceBandPk":1915829,"cumulativeDistanceFromStart":15470.9033203125,"cumulativeTimeFromStart":5121.561,"splitDistance":1810.30859375,"splitAvgSpeed":2.8279890298026746,"startPoint":{},"endPoint":{}},{"paceBandSplitPk":46130455,"paceBandPk":1915829,"cumulativeDistanceFromStart":16433.55859375,"cumulativeTimeFromStart":5418.415,"splitDistance":962.6552734375,"splitAvgSpeed":3.2428589698198103,"startPoint":{},"endPoint":{}},{"paceBandSplitPk":46130456,"paceBandPk":1915829,"cumulativeDistanceFromStart":17209.900390625,"cumulativeTimeFromStart":5674.374,"splitDistance":776.341796875,"splitAvgSpeed":3.03306928631954,"startPoint":{},"endPoint":{}},{"paceBandSplitPk":46130457,"paceBandPk":1915829,"cumulativeDistanceFromStart":18181.751953125,"cumulativeTimeFromStart":6015.711,"splitDistance":971.8515625,"splitAvgSpeed":2.8471818331857244,"startPoint":{},"endPoint":{}},{"paceBandSplitPk":46130458,"paceBandPk":1915829,"cumulativeDistanceFromStart":19566.81640625,"cumulativeTimeFromStart":6462.201,"splitDistance":1385.064453125,"splitAvgSpeed":3.102118439597063,"startPoint":{},"endPoint":{}}]},{"paceBandSummary":{"paceBandPk":2046583,"name":"10k viñedos Roa","courseId":99815668,"userProfilePk":76018113,"splitType":"ELEVATION","totalDistance":10309.52,"uphillEffort":2.5,"pacingStrategy":-0.09999999999999964,"goalTime":2836,"goalSpeed":3.635232722143865,"createdDate":"2022-04-17T09:43:35.0","lastUpdatedDate":"2022-04-17T09:43:35.0","eventDate":null,"manualPaceEdit":false,"elevationSegmentationTolerance":50.0,"elevationSegmentMinLength":400.0,"paceFactor":2.0},"paceBandSplits":[{"paceBandSplitPk":49594091,"paceBandPk":2046583,"cumulativeDistanceFromStart":1267.3228759765625,"cumulativeTimeFromStart":324.483,"splitDistance":1267.3228759765625,"splitAvgSpeed":3.9056672642906607,"startPoint":{"latitude":41.69869347475000,"longitude":-3.92932388932000,"elevation":814.84777433567},"endPoint":{"latitude":41.70872409439238,"longitude":-3.92515100960882,"elevation":775.838865584941}},{"paceBandSplitPk":49594092,"paceBandPk":2046583,"cumulativeDistanceFromStart":4922.2779541015625,"cumulativeTimeFromStart":1342.865,"splitDistance":3654.955078125,"splitAvgSpeed":3.588982981771595,"startPoint":{"latitude":41.70872409439238,"longitude":-3.92515100960882,"elevation":775.838865584941},"endPoint":{"latitude":41.72373243713334,"longitude":-3.95625453186206,"elevation":801.6510477831922}},{"paceBandSplitPk":49594093,"paceBandPk":2046583,"cumulativeDistanceFromStart":7634.5943603515625,"cumulativeTimeFromStart":2074.288,"splitDistance":2712.31640625,"splitAvgSpeed":3.708270681962071,"startPoint":{"latitude":41.72373243713334,"longitude":-3.95625453186206,"elevation":801.6510477831922},"endPoint":{"latitude":41.70530662404489,"longitude":-3.93739493240182,"elevation":783.7092380619655}},{"paceBandSplitPk":49594094,"paceBandPk":2046583,"cumulativeDistanceFromStart":8790.804809570312,"cumulativeTimeFromStart":2407.435,"splitDistance":1156.21044921875,"splitAvgSpeed":3.4705719998398763,"startPoint":{"latitude":41.70530662404489,"longitude":-3.93739493240182,"elevation":783.7092380619655},"endPoint":{"latitude":41.70120172290220,"longitude":-3.93399896260388,"elevation":804.7757381052475}},{"paceBandSplitPk":49594095,"paceBandPk":2046583,"cumulativeDistanceFromStart":9750.085083007812,"cumulativeTimeFromStart":2663.991,"splitDistance":959.2802734375,"splitAvgSpeed":3.739066449541623,"startPoint":{"latitude":41.70120172290220,"longitude":-3.93399896260388,"elevation":804.7757381052475},"endPoint":{"latitude":41.70315412720209,"longitude":-3.93089271940361,"elevation":793.5486011925137}},{"paceBandSplitPk":49594096,"paceBandPk":2046583,"cumulativeDistanceFromStart":10316.127075195312,"cumulativeTimeFromStart":2836.000,"splitDistance":566.0419921875,"splitAvgSpeed":3.290777746059215,"startPoint":{"latitude":41.70315412720209,"longitude":-3.93089271940361,"elevation":793.5486011925137},"endPoint":{"latitude":41.69863069362831,"longitude":-3.92933943929350,"elevation":814.2542157326151}}]},{"paceBandSummary":{"paceBandPk":2521712,"name":"Copia de XXXIX Media Maraton Moratalaz","courseId":134178802,"userProfilePk":76018113,"splitType":"ELEVATION","distanceUnit":"KILOMETER","totalDistance":20928.529296875,"uphillEffort":2.5,"pacingStrategy":1.0,"goalTime":5940,"goalSpeed":3.5233216285705566,"createdDate":"2022-10-17T08:24:25.0","lastUpdatedDate":"2022-10-17T08:24:25.0","eventDate":null,"manualPaceEdit":false,"elevationSegmentationTolerance":50.0,"elevationSegmentMinLength":400.0,"paceFactor":2.0},"paceBandSplits":[{"paceBandSplitPk":64412575,"paceBandPk":2521712,"cumulativeDistanceFromStart":604.8064575195312,"cumulativeTimeFromStart":177.168,"splitDistance":604.8064575195312,"splitAvgSpeed":3.4137404864171157,"startPoint":{},"endPoint":{}},{"paceBandSplitPk":64412576,"paceBandPk":2521712,"cumulativeDistanceFromStart":1073.91259765625,"cumulativeTimeFromStart":305.209,"splitDistance":469.10614013671875,"splitAvgSpeed":3.6637251603718575,"startPoint":{},"endPoint":{}},{"paceBandSplitPk":64412577,"paceBandPk":2521712,"cumulativeDistanceFromStart":3021.163818359375,"cumulativeTimeFromStart":903.113,"splitDistance":1947.251220703125,"splitAvgSpeed":3.256796484544751,"startPoint":{},"endPoint":{}},{"paceBandSplitPk":64412578,"paceBandPk":2521712,"cumulativeDistanceFromStart":3428.942138671875,"cumulativeTimeFromStart":1014.220,"splitDistance":407.7783203125,"splitAvgSpeed":3.670136823156057,"startPoint":{},"endPoint":{}},{"paceBandSplitPk":64412579,"paceBandPk":2521712,"cumulativeDistanceFromStart":4055.739501953125,"cumulativeTimeFromStart":1205.369,"splitDistance":626.79736328125,"splitAvgSpeed":3.2791100521460805,"startPoint":{},"endPoint":{}},{"paceBandSplitPk":64412580,"paceBandPk":2521712,"cumulativeDistanceFromStart":5316.2041015625,"cumulativeTimeFromStart":1559.381,"splitDistance":1260.464599609375,"splitAvgSpeed":3.560505852827313,"startPoint":{},"endPoint":{}},{"paceBandSplitPk":64412581,"paceBandPk":2521712,"cumulativeDistanceFromStart":7372.005859375,"cumulativeTimeFromStart":2165.937,"splitDistance":2055.8017578125,"splitAvgSpeed":3.3893033385319966,"startPoint":{},"endPoint":{}},{"paceBandSplitPk":64412582,"paceBandPk":2521712,"cumulativeDistanceFromStart":9590.0087890625,"cumulativeTimeFromStart":2784.739,"splitDistance":2218.0029296875,"splitAvgSpeed":3.5843506650424866,"startPoint":{},"endPoint":{}},{"paceBandSplitPk":64412583,"paceBandPk":2521712,"cumulativeDistanceFromStart":10053.9599609375,"cumulativeTimeFromStart":2932.620,"splitDistance":463.951171875,"splitAvgSpeed":3.1373272189915093,"startPoint":{},"endPoint":{}},{"paceBandSplitPk":64412584,"paceBandPk":2521712,"cumulativeDistanceFromStart":10997.87109375,"cumulativeTimeFromStart":3184.333,"splitDistance":943.9111328125,"splitAvgSpeed":3.7499517314687485,"startPoint":{},"endPoint":{}},{"paceBandSplitPk":64412585,"paceBandPk":2521712,"cumulativeDistanceFromStart":12947.5029296875,"cumulativeTimeFromStart":3759.769,"splitDistance":1949.6318359375,"splitAvgSpeed":3.388095514376308,"startPoint":{},"endPoint":{}},{"paceBandSplitPk":64412586,"paceBandPk":2521712,"cumulativeDistanceFromStart":13358.078125,"cumulativeTimeFromStart":3866.781,"splitDistance":410.5751953125,"splitAvgSpeed":3.8367046221689955,"startPoint":{},"endPoint":{}},{"paceBandSplitPk":64412587,"paceBandPk":2521712,"cumulativeDistanceFromStart":13978.3466796875,"cumulativeTimeFromStart":4048.478,"splitDistance":620.2685546875,"splitAvgSpeed":3.4137673940818845,"startPoint":{},"endPoint":{}},{"paceBandSplitPk":64412588,"paceBandPk":2521712,"cumulativeDistanceFromStart":15248.712890625,"cumulativeTimeFromStart":4390.119,"splitDistance":1270.3662109375,"splitAvgSpeed":3.7184234421135707,"startPoint":{},"endPoint":{}},{"paceBandSplitPk":64412589,"paceBandPk":2521712,"cumulativeDistanceFromStart":15997.2861328125,"cumulativeTimeFromStart":4608.310,"splitDistance":748.5732421875,"splitAvgSpeed":3.4308185627380703,"startPoint":{},"endPoint":{}},{"paceBandSplitPk":64412590,"paceBandPk":2521712,"cumulativeDistanceFromStart":18370.763671875,"cumulativeTimeFromStart":5262.454,"splitDistance":2373.4775390625,"splitAvgSpeed":3.6283720802642856,"startPoint":{},"endPoint":{}},{"paceBandSplitPk":64412591,"paceBandPk":2521712,"cumulativeDistanceFromStart":19476.611328125,"cumulativeTimeFromStart":5551.562,"splitDistance":1105.84765625,"splitAvgSpeed":3.8250342429314315,"startPoint":{},"endPoint":{}},{"paceBandSplitPk":64412592,"paceBandPk":2521712,"cumulativeDistanceFromStart":19966.701171875,"cumulativeTimeFromStart":5699.790,"splitDistance":490.08984375,"splitAvgSpeed":3.306315898374509,"startPoint":{},"endPoint":{}},{"paceBandSplitPk":64412593,"paceBandPk":2521712,"cumulativeDistanceFromStart":20898.51171875,"cumulativeTimeFromStart":5940.000,"splitDistance":931.810546875,"splitAvgSpeed":3.879139724374419,"startPoint":{},"endPoint":{}}]},{"paceBandSummary":{"paceBandPk":1948920,"name":"Dehesa > Rio > Canal","courseId":93725793,"userProfilePk":76018113,"splitType":"ELEVATION","totalDistance":18310.93,"uphillEffort":2.5,"pacingStrategy":0.0,"goalTime":6043,"goalSpeed":3.0301059076617576,"createdDate":"2022-03-06T10:34:39.0","lastUpdatedDate":"2022-03-06T10:50:20.0","eventDate":null,"manualPaceEdit":false,"elevationSegmentationTolerance":50.0,"elevationSegmentMinLength":400.0,"paceFactor":2.0},"paceBandSplits":[{"paceBandSplitPk":46583344,"paceBandPk":1948920,"cumulativeDistanceFromStart":2713.05126953125,"cumulativeTimeFromStart":881.175,"splitDistance":2713.05126953125,"splitAvgSpeed":3.0789005357487826,"startPoint":{"latitude":40.45885191299000,"longitude":-3.69437704794000,"elevation":723.71430162579},"endPoint":{"latitude":40.45948648789831,"longitude":-3.72123486973361,"elevation":716.6935263763612}},{"paceBandSplitPk":46583345,"paceBandPk":1948920,"cumulativeDistanceFromStart":3127.06298828125,"cumulativeTimeFromStart":1005.207,"splitDistance":414.01171875,"splitAvgSpeed":3.3379487956426157,"startPoint":{"latitude":40.45948648789831,"longitude":-3.72123486973361,"elevation":716.6935263763612},"endPoint":{"latitude":40.45964877156260,"longitude":-3.72498293062110,"elevation":683.5537085244207}},{"paceBandSplitPk":46583346,"paceBandPk":1948920,"cumulativeDistanceFromStart":3760.63720703125,"cumulativeTimeFromStart":1209.610,"splitDistance":633.57421875,"splitAvgSpeed":3.0996421691296185,"startPoint":{"latitude":40.45964877156260,"longitude":-3.72498293062110,"elevation":683.5537085244207},"endPoint":{"latitude":40.45777178544405,"longitude":-3.72593931164288,"elevation":680.3342526192057}},{"paceBandSplitPk":46583347,"paceBandPk":1948920,"cumulativeDistanceFromStart":4923.814453125,"cumulativeTimeFromStart":1562.799,"splitDistance":1163.17724609375,"splitAvgSpeed":3.2933515845158956,"startPoint":{"latitude":40.45777178544405,"longitude":-3.72593931164288,"elevation":680.3342526192057},"endPoint":{"latitude":40.45529428689284,"longitude":-3.73717137555090,"elevation":636.7699125722089}},{"paceBandSplitPk":46583348,"paceBandPk":1948920,"cumulativeDistanceFromStart":5418.11376953125,"cumulativeTimeFromStart":1710.215,"splitDistance":494.29931640625,"splitAvgSpeed":3.353100725926889,"startPoint":{"latitude":40.45529428689284,"longitude":-3.73717137555090,"elevation":636.7699125722089},"endPoint":{"latitude":40.45475879046107,"longitude":-3.74266370896469,"elevation":603.2676187658269}},{"paceBandSplitPk":46583349,"paceBandPk":1948920,"cumulativeDistanceFromStart":9263.9638671875,"cumulativeTimeFromStart":2953.846,"splitDistance":3845.85009765625,"splitAvgSpeed":3.0924367075406183,"startPoint":{"latitude":40.45475879046107,"longitude":-3.74266370896469,"elevation":603.2676187658269},"endPoint":{"latitude":40.43603260050767,"longitude":-3.73840931792226,"elevation":585.8658010109667}},{"paceBandSplitPk":46583350,"paceBandPk":1948920,"cumulativeDistanceFromStart":11756.689453125,"cumulativeTimeFromStart":3779.307,"splitDistance":2492.7255859375,"splitAvgSpeed":3.0197976909065165,"startPoint":{"latitude":40.43603260050767,"longitude":-3.73840931792226,"elevation":585.8658010109667},"endPoint":{"latitude":40.42064309120000,"longitude":-3.72063668450609,"elevation":598.5426309179079}},{"paceBandSplitPk":46583351,"paceBandPk":1948920,"cumulativeDistanceFromStart":13064.4755859375,"cumulativeTimeFromStart":4266.012,"splitDistance":1307.7861328125,"splitAvgSpeed":2.687017172353759,"startPoint":{"latitude":40.42064309120000,"longitude":-3.72063668450609,"elevation":598.5426309179079},"endPoint":{"latitude":40.42523315718742,"longitude":-3.71709713897192,"elevation":660.3342983869652}},{"paceBandSplitPk":46583352,"paceBandPk":1948920,"cumulativeDistanceFromStart":14142.259765625,"cumulativeTimeFromStart":4608.015,"splitDistance":1077.7841796875,"splitAvgSpeed":3.151387609402757,"startPoint":{"latitude":40.42523315718742,"longitude":-3.71709713897192,"elevation":660.3342983869652},"endPoint":{"latitude":40.43249387875707,"longitude":-3.72513694150206,"elevation":647.2579324398129}},{"paceBandSplitPk":46583353,"paceBandPk":1948920,"cumulativeDistanceFromStart":14716.4228515625,"cumulativeTimeFromStart":4806.151,"splitDistance":574.1630859375,"splitAvgSpeed":2.8978246803204364,"startPoint":{"latitude":40.43249387875707,"longitude":-3.72513694150206,"elevation":647.2579324398129},"endPoint":{"latitude":40.43484135957600,"longitude":-3.71941457589143,"elevation":658.4936945027563}},{"paceBandSplitPk":46583354,"paceBandPk":1948920,"cumulativeDistanceFromStart":15335.083984375,"cumulativeTimeFromStart":5041.149,"splitDistance":618.6611328125,"splitAvgSpeed":2.632627060728319,"startPoint":{"latitude":40.43484135957600,"longitude":-3.71941457589143,"elevation":658.4936945027563},"endPoint":{"latitude":40.43920500555202,"longitude":-3.71709108353000,"elevation":692.04841065037}},{"paceBandSplitPk":46583355,"paceBandPk":1948920,"cumulativeDistanceFromStart":18301.353515625,"cumulativeTimeFromStart":6043.000,"splitDistance":2966.26953125,"splitAvgSpeed":2.960789612779667,"startPoint":{"latitude":40.43920500555202,"longitude":-3.71709108353000,"elevation":692.04841065037},"endPoint":{"latitude":40.45752697758829,"longitude":-3.70144566383547,"elevation":730.1892136171379}}]},{"paceBandSummary":{"paceBandPk":2336394,"name":"13k La Molina","courseId":124414720,"userProfilePk":76018113,"splitType":"DISTANCE_KILOMETER","totalDistance":13195.28,"uphillEffort":2.5,"pacingStrategy":0.0,"goalTime":4355,"goalSpeed":3.029915040183697,"createdDate":"2022-08-17T14:30:37.0","lastUpdatedDate":"2022-08-17T14:30:37.0","eventDate":null,"manualPaceEdit":false,"elevationSegmentationTolerance":50.0,"elevationSegmentMinLength":400.0,"paceFactor":2.0},"paceBandSplits":[{"paceBandSplitPk":58217867,"paceBandPk":2336394,"cumulativeDistanceFromStart":1000.0,"cumulativeTimeFromStart":330.177,"splitDistance":1000.0,"splitAvgSpeed":3.0286765798026423,"startPoint":{"latitude":-12.08243471570000,"longitude":-76.93504203111000,"elevation":255.56609117304},"endPoint":{"latitude":-12.08850845535566,"longitude":-76.93285444093151,"elevation":257.0538713169208}},{"paceBandSplitPk":58217868,"paceBandPk":2336394,"cumulativeDistanceFromStart":2000.0,"cumulativeTimeFromStart":668.514,"splitDistance":1000.0,"splitAvgSpeed":2.95563134452092,"startPoint":{"latitude":-12.08850845535566,"longitude":-76.93285444093151,"elevation":257.0538713169208},"endPoint":{"latitude":-12.08604667248800,"longitude":-76.92521756547072,"elevation":267.8537854497091}},{"paceBandSplitPk":58217869,"paceBandPk":2336394,"cumulativeDistanceFromStart":3000.0,"cumulativeTimeFromStart":995.096,"splitDistance":1000.0,"splitAvgSpeed":3.062022686141834,"startPoint":{"latitude":-12.08604667248800,"longitude":-76.92521756547072,"elevation":267.8537854497091},"endPoint":{"latitude":-12.08432518146746,"longitude":-76.91888795133393,"elevation":264.9707972926268}},{"paceBandSplitPk":58217870,"paceBandPk":2336394,"cumulativeDistanceFromStart":4000.0,"cumulativeTimeFromStart":1329.345,"splitDistance":1000.0,"splitAvgSpeed":2.9917767225929635,"startPoint":{"latitude":-12.08432518146746,"longitude":-76.91888795133393,"elevation":264.9707972926268},"endPoint":{"latitude":-12.08029097224684,"longitude":-76.91915512387811,"elevation":271.0976752897069}},{"paceBandSplitPk":58217871,"paceBandPk":2336394,"cumulativeDistanceFromStart":5000.0,"cumulativeTimeFromStart":1676.591,"splitDistance":1000.0,"splitAvgSpeed":2.8798050506971538,"startPoint":{"latitude":-12.08029097224684,"longitude":-76.91915512387811,"elevation":271.0976752897069},"endPoint":{"latitude":-12.07852511023232,"longitude":-76.92647702939625,"elevation":291.4781587617457}},{"paceBandSplitPk":58217872,"paceBandPk":2336394,"cumulativeDistanceFromStart":6000.0,"cumulativeTimeFromStart":1987.321,"splitDistance":1000.0,"splitAvgSpeed":3.218234567343483,"startPoint":{"latitude":-12.07852511023232,"longitude":-76.92647702939625,"elevation":291.4781587617457},"endPoint":{"latitude":-12.07584867996117,"longitude":-76.93497403267969,"elevation":264.8459649933379}},{"paceBandSplitPk":58217873,"paceBandPk":2336394,"cumulativeDistanceFromStart":7000.0,"cumulativeTimeFromStart":2303.644,"splitDistance":1000.0,"splitAvgSpeed":3.1613259315651274,"startPoint":{"latitude":-12.07584867996117,"longitude":-76.93497403267969,"elevation":264.8459649933379},"endPoint":{"latitude":-12.07281589508000,"longitude":-76.94148183390841,"elevation":248.10355023303984}},{"paceBandSplitPk":58217874,"paceBandPk":2336394,"cumulativeDistanceFromStart":8000.0,"cumulativeTimeFromStart":2629.098,"splitDistance":1000.0,"splitAvgSpeed":3.072622974308041,"startPoint":{"latitude":-12.07281589508000,"longitude":-76.94148183390841,"elevation":248.10355023303984},"endPoint":{"latitude":-12.07340924278375,"longitude":-76.94995741684731,"elevation":243.6887487054837}},{"paceBandSplitPk":58217875,"paceBandPk":2336394,"cumulativeDistanceFromStart":9000.0,"cumulativeTimeFromStart":2948.695,"splitDistance":1000.0,"splitAvgSpeed":3.128946633164428,"startPoint":{"latitude":-12.07340924278375,"longitude":-76.94995741684731,"elevation":243.6887487054837},"endPoint":{"latitude":-12.07742646988253,"longitude":-76.95423792519054,"elevation":231.47546710682082}},{"paceBandSplitPk":58217876,"paceBandPk":2336394,"cumulativeDistanceFromStart":10000.0,"cumulativeTimeFromStart":3276.794,"splitDistance":1000.0,"splitAvgSpeed":3.047854043061914,"startPoint":{"latitude":-12.07742646988253,"longitude":-76.95423792519054,"elevation":231.47546710682082},"endPoint":{"latitude":-12.08530640500959,"longitude":-76.95743963342680,"elevation":230.50717276393976}},{"paceBandSplitPk":58217877,"paceBandPk":2336394,"cumulativeDistanceFromStart":11000.0,"cumulativeTimeFromStart":3608.238,"splitDistance":1000.0,"splitAvgSpeed":3.0171048150204824,"startPoint":{"latitude":-12.08530640500959,"longitude":-76.95743963342680,"elevation":230.50717276393976},"endPoint":{"latitude":-12.09145992771609,"longitude":-76.95233131811526,"elevation":233.49096929222262}},{"paceBandSplitPk":58217878,"paceBandPk":2336394,"cumulativeDistanceFromStart":12000.0,"cumulativeTimeFromStart":3945.825,"splitDistance":1000.0,"splitAvgSpeed":2.9622036090104578,"startPoint":{"latitude":-12.09145992771609,"longitude":-76.95233131811526,"elevation":233.49096929222262},"endPoint":{"latitude":-12.08791776799302,"longitude":-76.94405758319290,"elevation":243.47897066223769}},{"paceBandSplitPk":58217879,"paceBandPk":2336394,"cumulativeDistanceFromStart":13000.0,"cumulativeTimeFromStart":4282.802,"splitDistance":1000.0,"splitAvgSpeed":2.9675603308692113,"startPoint":{"latitude":-12.08791776799302,"longitude":-76.94405758319290,"elevation":243.47897066223769},"endPoint":{"latitude":-12.08270931437862,"longitude":-76.93667199932028,"elevation":252.9663490378976}},{"paceBandSplitPk":58217880,"paceBandPk":2336394,"cumulativeDistanceFromStart":13209.302734375,"cumulativeTimeFromStart":4355.000,"splitDistance":209.302734375,"splitAvgSpeed":2.8989890845649016,"startPoint":{"latitude":-12.08270931437862,"longitude":-76.93667199932028,"elevation":252.9663490378976},"endPoint":{"latitude":-12.08243471570000,"longitude":-76.93504186347000,"elevation":256.4537088166}}]},{"paceBandSummary":{"paceBandPk":2120557,"name":"Morgan-Poolberg","courseId":105355511,"userProfilePk":76018113,"splitType":"DISTANCE_KILOMETER","totalDistance":17540.88,"uphillEffort":2.5,"pacingStrategy":0.0,"goalTime":5789,"goalSpeed":3.0300362756952843,"createdDate":"2022-05-16T10:11:13.0","lastUpdatedDate":"2022-05-16T10:11:13.0","eventDate":null,"manualPaceEdit":false,"elevationSegmentationTolerance":50.0,"elevationSegmentMinLength":400.0,"paceFactor":2.0},"paceBandSplits":[{"paceBandSplitPk":51838874,"paceBandPk":2120557,"cumulativeDistanceFromStart":1000.0,"cumulativeTimeFromStart":328.709,"splitDistance":1000.0,"splitAvgSpeed":3.042205777442891,"startPoint":{"latitude":53.34693789482000,"longitude":-6.25910639763000,"elevation":8.11128027342},"endPoint":{"latitude":53.34650185474657,"longitude":-6.24460947722164,"elevation":5.450733107892947}},{"paceBandSplitPk":51838875,"paceBandPk":2120557,"cumulativeDistanceFromStart":2000.0,"cumulativeTimeFromStart":661.830,"splitDistance":1000.0,"splitAvgSpeed":3.001909448200343,"startPoint":{"latitude":53.34650185474657,"longitude":-6.24460947722164,"elevation":5.450733107892947},"endPoint":{"latitude":53.34383052792619,"longitude":-6.23300131166114,"elevation":8.062565132157975}},{"paceBandSplitPk":51838876,"paceBandPk":2120557,"cumulativeDistanceFromStart":3000.0,"cumulativeTimeFromStart":989.587,"splitDistance":1000.0,"splitAvgSpeed":3.051039833071771,"startPoint":{"latitude":53.34383052792619,"longitude":-6.23300131166114,"elevation":8.062565132157975},"endPoint":{"latitude":53.33772728865330,"longitude":-6.22571269037042,"elevation":4.221257815673351}},{"paceBandSplitPk":51838877,"paceBandPk":2120557,"cumulativeDistanceFromStart":4000.0,"cumulativeTimeFromStart":1319.882,"splitDistance":1000.0,"splitAvgSpeed":3.027599216749143,"startPoint":{"latitude":53.33772728865330,"longitude":-6.22571269037042,"elevation":4.221257815673351},"endPoint":{"latitude":53.33526199605636,"longitude":-6.21309327735035,"elevation":3.4918552131342584}},{"paceBandSplitPk":51838878,"paceBandPk":2120557,"cumulativeDistanceFromStart":5000.0,"cumulativeTimeFromStart":1651.663,"splitDistance":1000.0,"splitAvgSpeed":3.014032710091684,"startPoint":{"latitude":53.33526199605636,"longitude":-6.21309327735035,"elevation":3.4918552131342584},"endPoint":{"latitude":53.33582573894417,"longitude":-6.20036318735734,"elevation":4.462444960087343}},{"paceBandSplitPk":51838879,"paceBandPk":2120557,"cumulativeDistanceFromStart":6000.0,"cumulativeTimeFromStart":1983.191,"splitDistance":1000.0,"splitAvgSpeed":3.0163435597640684,"startPoint":{"latitude":53.33582573894417,"longitude":-6.20036318735734,"elevation":4.462444960087343},"endPoint":{"latitude":53.33764448864593,"longitude":-6.18764466765160,"elevation":5.304734994765669}},{"paceBandSplitPk":51838880,"paceBandPk":2120557,"cumulativeDistanceFromStart":7000.0,"cumulativeTimeFromStart":2310.728,"splitDistance":1000.0,"splitAvgSpeed":3.0530866055235637,"startPoint":{"latitude":53.33764448864593,"longitude":-6.18764466765160,"elevation":5.304734994765669},"endPoint":{"latitude":53.34090205408631,"longitude":-6.17764636022992,"elevation":1.2614558982517199}},{"paceBandSplitPk":51838881,"paceBandPk":2120557,"cumulativeDistanceFromStart":8000.0,"cumulativeTimeFromStart":2640.672,"splitDistance":1000.0,"splitAvgSpeed":3.0308198715527292,"startPoint":{"latitude":53.34090205408631,"longitude":-6.17764636022992,"elevation":1.2614558982517199},"endPoint":{"latitude":53.34119376993563,"longitude":-6.16264318292314,"elevation":0.1033787966565283}},{"paceBandSplitPk":51838882,"paceBandPk":2120557,"cumulativeDistanceFromStart":9000.0,"cumulativeTimeFromStart":2971.151,"splitDistance":1000.0,"splitAvgSpeed":3.0259044123370984,"startPoint":{"latitude":53.34119376993563,"longitude":-6.16264318292314,"elevation":0.1033787966565283},"endPoint":{"latitude":53.34166543567904,"longitude":-6.15461567418927,"elevation":-0.42806941525589576}},{"paceBandSplitPk":51838883,"paceBandPk":2120557,"cumulativeDistanceFromStart":10000.0,"cumulativeTimeFromStart":3303.010,"splitDistance":1000.0,"splitAvgSpeed":3.0133289781312946,"startPoint":{"latitude":53.34166543567904,"longitude":-6.15461567418927,"elevation":-0.42806941525589576},"endPoint":{"latitude":53.34104178510022,"longitude":-6.16952897397451,"elevation":0.7239197161271325}},{"paceBandSplitPk":51838884,"paceBandPk":2120557,"cumulativeDistanceFromStart":11000.0,"cumulativeTimeFromStart":3636.097,"splitDistance":1000.0,"splitAvgSpeed":3.0022235401335298,"startPoint":{"latitude":53.34104178510022,"longitude":-6.16952897397451,"elevation":0.7239197161271325},"endPoint":{"latitude":53.33914479993828,"longitude":-6.18155928674309,"elevation":3.2300203968419825}},{"paceBandSplitPk":51838885,"paceBandPk":2120557,"cumulativeDistanceFromStart":12000.0,"cumulativeTimeFromStart":3968.940,"splitDistance":1000.0,"splitAvgSpeed":3.0044149349349056,"startPoint":{"latitude":53.33914479993828,"longitude":-6.18155928674309,"elevation":3.2300203968419825},"endPoint":{"latitude":53.33682732326616,"longitude":-6.19390054004820,"elevation":5.145387781073005}},{"paceBandSplitPk":51838886,"paceBandPk":2120557,"cumulativeDistanceFromStart":13000.0,"cumulativeTimeFromStart":4297.894,"splitDistance":1000.0,"splitAvgSpeed":3.039938340313156,"startPoint":{"latitude":53.33682732326616,"longitude":-6.19390054004820,"elevation":5.145387781073005},"endPoint":{"latitude":53.33649931109667,"longitude":-6.20714421370238,"elevation":3.3449090831102626}},{"paceBandSplitPk":51838887,"paceBandPk":2120557,"cumulativeDistanceFromStart":14000.0,"cumulativeTimeFromStart":4629.639,"splitDistance":1000.0,"splitAvgSpeed":3.014369586659354,"startPoint":{"latitude":53.33649931109667,"longitude":-6.20714421370238,"elevation":3.3449090831102626},"endPoint":{"latitude":53.33738094308772,"longitude":-6.21883832025248,"elevation":3.7163565182289835}},{"paceBandSplitPk":51838888,"paceBandPk":2120557,"cumulativeDistanceFromStart":15000.0,"cumulativeTimeFromStart":4959.955,"splitDistance":1000.0,"splitAvgSpeed":3.027398939726693,"startPoint":{"latitude":53.33738094308772,"longitude":-6.21883832025248,"elevation":3.7163565182289835},"endPoint":{"latitude":53.34119113392522,"longitude":-6.22831658575322,"elevation":3.69634394513566}},{"paceBandSplitPk":51838889,"paceBandPk":2120557,"cumulativeDistanceFromStart":16000.0,"cumulativeTimeFromStart":5293.252,"splitDistance":1000.0,"splitAvgSpeed":3.0003276114561093,"startPoint":{"latitude":53.34119113392522,"longitude":-6.22831658575322,"elevation":3.69634394513566},"endPoint":{"latitude":53.34513669410616,"longitude":-6.23818763203679,"elevation":6.732033709063851}},{"paceBandSplitPk":51838890,"paceBandPk":2120557,"cumulativeDistanceFromStart":17000.0,"cumulativeTimeFromStart":5622.735,"splitDistance":1000.0,"splitAvgSpeed":3.0350579386891994,"startPoint":{"latitude":53.34513669410616,"longitude":-6.23818763203679,"elevation":6.732033709063851},"endPoint":{"latitude":53.34729275312027,"longitude":-6.25136011475205,"elevation":4.357031427304146}},{"paceBandSplitPk":51838891,"paceBandPk":2120557,"cumulativeDistanceFromStart":17493.830078125,"cumulativeTimeFromStart":5788.999,"splitDistance":493.830078125,"splitAvgSpeed":2.9701510522336165,"startPoint":{"latitude":53.34729275312027,"longitude":-6.25136011475205,"elevation":4.357031427304146},"endPoint":{"latitude":53.34708378777684,"longitude":-6.25844468809357,"elevation":8.316633586953314}}]},{"paceBandSummary":{"paceBandPk":2067601,"name":"Carrera Liberty 45","courseId":101378319,"userProfilePk":76018113,"splitType":"DISTANCE_MILE","totalDistance":10003.78,"uphillEffort":2.5,"pacingStrategy":0.0,"goalTime":2700,"goalSpeed":3.705103703703704,"createdDate":"2022-04-25T09:38:02.0","lastUpdatedDate":"2022-05-03T08:33:49.0","eventDate":null,"manualPaceEdit":false,"elevationSegmentationTolerance":50.0,"elevationSegmentMinLength":400.0,"paceFactor":2.0},"paceBandSplits":[{"paceBandSplitPk":50847094,"paceBandPk":2067601,"cumulativeDistanceFromStart":1609.343994140625,"cumulativeTimeFromStart":414.382,"splitDistance":1609.343994140625,"splitAvgSpeed":3.883720339351905,"startPoint":{"latitude":40.42468226601704,"longitude":-3.67375731468204,"elevation":696.033447265625},"endPoint":{"latitude":40.41975101147931,"longitude":-3.69091036574599,"elevation":664.5475941125355}},{"paceBandSplitPk":50847095,"paceBandPk":2067601,"cumulativeDistanceFromStart":3218.68798828125,"cumulativeTimeFromStart":853.617,"splitDistance":1609.343994140625,"splitAvgSpeed":3.6639699117353652,"startPoint":{"latitude":40.41975101147931,"longitude":-3.69091036574599,"elevation":664.5475941125355},"endPoint":{"latitude":40.43223010301305,"longitude":-3.68861514133218,"elevation":673.1744120477114}},{"paceBandSplitPk":50847096,"paceBandPk":2067601,"cumulativeDistanceFromStart":4828.0322265625,"cumulativeTimeFromStart":1302.199,"splitDistance":1609.34423828125,"splitAvgSpeed":3.58762577441637,"startPoint":{"latitude":40.43223010301305,"longitude":-3.68861514133218,"elevation":673.1744120477114},"endPoint":{"latitude":40.44619121362972,"longitude":-3.69115815000650,"elevation":694.7924264444665}},{"paceBandSplitPk":50847097,"paceBandPk":2067601,"cumulativeDistanceFromStart":6437.3759765625,"cumulativeTimeFromStart":1756.245,"splitDistance":1609.34375,"splitAvgSpeed":3.544454544256939,"startPoint":{"latitude":40.44619121362972,"longitude":-3.69115815000650,"elevation":694.7924264444665},"endPoint":{"latitude":40.45167069499360,"longitude":-3.67906756334277,"elevation":723.1476756304844}},{"paceBandSplitPk":50847098,"paceBandPk":2067601,"cumulativeDistanceFromStart":8046.7197265625,"cumulativeTimeFromStart":2175.998,"splitDistance":1609.34375,"splitAvgSpeed":3.8340240177885416,"startPoint":{"latitude":40.45167069499360,"longitude":-3.67906756334277,"elevation":723.1476756304844},"endPoint":{"latitude":40.43837530754603,"longitude":-3.67911483554790,"elevation":701.5240531469184}},{"paceBandSplitPk":50847099,"paceBandPk":2067601,"cumulativeDistanceFromStart":9656.064453125,"cumulativeTimeFromStart":2603.803,"splitDistance":1609.3447265625,"splitAvgSpeed":3.7618601298742154,"startPoint":{"latitude":40.43837530754603,"longitude":-3.67911483554790,"elevation":701.5240531469184},"endPoint":{"latitude":40.42492020813396,"longitude":-3.67876182385542,"elevation":693.4533022968278}},{"paceBandSplitPk":50847100,"paceBandPk":2067601,"cumulativeDistanceFromStart":10009.7646484375,"cumulativeTimeFromStart":2700.000,"splitDistance":353.7001953125,"splitAvgSpeed":3.6768465033183877,"startPoint":{"latitude":40.42492020813396,"longitude":-3.67876182385542,"elevation":693.4533022968278},"endPoint":{"latitude":40.42474362531719,"longitude":-3.67462541089140,"elevation":694.7348022460938}}]},{"paceBandSummary":{"paceBandPk":2393292,"name":"12.2km from Nobis","courseId":128397553,"userProfilePk":76018113,"splitType":"DISTANCE_KILOMETER","distanceUnit":"KILOMETER","totalDistance":12223.490234375,"uphillEffort":0.0,"pacingStrategy":0.0,"goalTime":3900,"goalSpeed":3.134228229522705,"createdDate":"2022-09-06T04:53:28.0","lastUpdatedDate":"2022-09-06T04:53:28.0","eventDate":null,"manualPaceEdit":false,"elevationSegmentationTolerance":50.0,"elevationSegmentMinLength":400.0,"paceFactor":2.0},"paceBandSplits":[{"paceBandSplitPk":60084567,"paceBandPk":2393292,"cumulativeDistanceFromStart":1000.0,"cumulativeTimeFromStart":322.432,"splitDistance":1000.0,"splitAvgSpeed":3.101432301784658,"startPoint":{},"endPoint":{}},{"paceBandSplitPk":60084568,"paceBandPk":2393292,"cumulativeDistanceFromStart":2000.0,"cumulativeTimeFromStart":641.086,"splitDistance":1000.0,"splitAvgSpeed":3.138197430811548,"startPoint":{},"endPoint":{}},{"paceBandSplitPk":60084569,"paceBandPk":2393292,"cumulativeDistanceFromStart":3000.0,"cumulativeTimeFromStart":961.635,"splitDistance":1000.0,"splitAvgSpeed":3.1196453688289467,"startPoint":{},"endPoint":{}},{"paceBandSplitPk":60084570,"paceBandPk":2393292,"cumulativeDistanceFromStart":4000.0,"cumulativeTimeFromStart":1279.971,"splitDistance":1000.0,"splitAvgSpeed":3.141338268772511,"startPoint":{},"endPoint":{}},{"paceBandSplitPk":60084571,"paceBandPk":2393292,"cumulativeDistanceFromStart":5000.0,"cumulativeTimeFromStart":1599.265,"splitDistance":1000.0,"splitAvgSpeed":3.131911809079543,"startPoint":{},"endPoint":{}},{"paceBandSplitPk":60084572,"paceBandPk":2393292,"cumulativeDistanceFromStart":6000.0,"cumulativeTimeFromStart":1918.156,"splitDistance":1000.0,"splitAvgSpeed":3.135866027473662,"startPoint":{},"endPoint":{}},{"paceBandSplitPk":60084573,"paceBandPk":2393292,"cumulativeDistanceFromStart":7000.0,"cumulativeTimeFromStart":2239.609,"splitDistance":1000.0,"splitAvgSpeed":3.110869340259878,"startPoint":{},"endPoint":{}},{"paceBandSplitPk":60084574,"paceBandPk":2393292,"cumulativeDistanceFromStart":8000.0,"cumulativeTimeFromStart":2564.986,"splitDistance":1000.0,"splitAvgSpeed":3.0733587126783832,"startPoint":{},"endPoint":{}},{"paceBandSplitPk":60084575,"paceBandPk":2393292,"cumulativeDistanceFromStart":9000.0,"cumulativeTimeFromStart":2884.809,"splitDistance":1000.0,"splitAvgSpeed":3.1267375468908054,"startPoint":{},"endPoint":{}},{"paceBandSplitPk":60084576,"paceBandPk":2393292,"cumulativeDistanceFromStart":10000.0,"cumulativeTimeFromStart":3200.264,"splitDistance":1000.0,"splitAvgSpeed":3.17002162556867,"startPoint":{},"endPoint":{}},{"paceBandSplitPk":60084577,"paceBandPk":2393292,"cumulativeDistanceFromStart":11000.0,"cumulativeTimeFromStart":3521.778,"splitDistance":1000.0,"splitAvgSpeed":3.1102882313064253,"startPoint":{},"endPoint":{}},{"paceBandSplitPk":60084578,"paceBandPk":2393292,"cumulativeDistanceFromStart":12000.0,"cumulativeTimeFromStart":3842.393,"splitDistance":1000.0,"splitAvgSpeed":3.1190057559971947,"startPoint":{},"endPoint":{}},{"paceBandSplitPk":60084579,"paceBandPk":2393292,"cumulativeDistanceFromStart":12184.9345703125,"cumulativeTimeFromStart":3900.000,"splitDistance":184.9345703125,"splitAvgSpeed":3.210233867477392,"startPoint":{},"endPoint":{}}]},{"paceBandSummary":{"paceBandPk":2046608,"name":"13k camino m30","courseId":99818922,"userProfilePk":76018113,"splitType":"DISTANCE_KILOMETER","totalDistance":13330.61,"uphillEffort":2.5,"pacingStrategy":0.0,"goalTime":4533,"goalSpeed":2.940791969997794,"createdDate":"2022-04-17T09:56:02.0","lastUpdatedDate":"2022-04-17T09:56:02.0","eventDate":null,"manualPaceEdit":false,"elevationSegmentationTolerance":50.0,"elevationSegmentMinLength":400.0,"paceFactor":2.0},"paceBandSplits":[{"paceBandSplitPk":49594530,"paceBandPk":2046608,"cumulativeDistanceFromStart":1000.0,"cumulativeTimeFromStart":341.719,"splitDistance":1000.0,"splitAvgSpeed":2.9263776850841454,"startPoint":{"latitude":40.45828764327000,"longitude":-3.69443018921000,"elevation":725.41073308339},"endPoint":{"latitude":40.45733753640833,"longitude":-3.70205296106940,"elevation":730.5874182312823}},{"paceBandSplitPk":49594531,"paceBandPk":2046608,"cumulativeDistanceFromStart":2000.0,"cumulativeTimeFromStart":667.999,"splitDistance":1000.0,"splitAvgSpeed":3.064860312126018,"startPoint":{"latitude":40.45733753640833,"longitude":-3.70205296106940,"elevation":730.5874182312823},"endPoint":{"latitude":40.45766383132688,"longitude":-3.71257181522089,"elevation":716.0198179804911}},{"paceBandSplitPk":49594532,"paceBandPk":2046608,"cumulativeDistanceFromStart":3000.0,"cumulativeTimeFromStart":992.948,"splitDistance":1000.0,"splitAvgSpeed":3.0773987190402963,"startPoint":{"latitude":40.45766383132688,"longitude":-3.71257181522089,"elevation":716.0198179804911},"endPoint":{"latitude":40.45909068864066,"longitude":-3.72357529532241,"elevation":699.72544752378}},{"paceBandSplitPk":49594533,"paceBandPk":2046608,"cumulativeDistanceFromStart":4000.0,"cumulativeTimeFromStart":1306.908,"splitDistance":1000.0,"splitAvgSpeed":3.1851189005429905,"startPoint":{"latitude":40.45909068864066,"longitude":-3.72357529532241,"elevation":699.72544752378},"endPoint":{"latitude":40.45722046136596,"longitude":-3.72758432436595,"elevation":663.7330511232245}},{"paceBandSplitPk":49594534,"paceBandPk":2046608,"cumulativeDistanceFromStart":5000.0,"cumulativeTimeFromStart":1621.535,"splitDistance":1000.0,"splitAvgSpeed":3.178366621408309,"startPoint":{"latitude":40.45722046136596,"longitude":-3.72758432436595,"elevation":663.7330511232245},"endPoint":{"latitude":40.45528540823445,"longitude":-3.73721450046497,"elevation":629.0694148526572}},{"paceBandSplitPk":49594535,"paceBandPk":2046608,"cumulativeDistanceFromStart":6000.0,"cumulativeTimeFromStart":1936.803,"splitDistance":1000.0,"splitAvgSpeed":3.1719063265437293,"startPoint":{"latitude":40.45528540823445,"longitude":-3.73721450046497,"elevation":629.0694148526572},"endPoint":{"latitude":40.44913484298036,"longitude":-3.74112999803248,"elevation":595.3441580038317}},{"paceBandSplitPk":49594536,"paceBandPk":2046608,"cumulativeDistanceFromStart":7000.0,"cumulativeTimeFromStart":2270.699,"splitDistance":1000.0,"splitAvgSpeed":2.9949459373322553,"startPoint":{"latitude":40.44913484298036,"longitude":-3.74112999803248,"elevation":595.3441580038317},"endPoint":{"latitude":40.44101606350382,"longitude":-3.73869443940666,"elevation":591.0491255002952}},{"paceBandSplitPk":49594537,"paceBandPk":2046608,"cumulativeDistanceFromStart":8000.0,"cumulativeTimeFromStart":2611.615,"splitDistance":1000.0,"splitAvgSpeed":2.9332708628755846,"startPoint":{"latitude":40.44101606350382,"longitude":-3.73869443940666,"elevation":591.0491255002952},"endPoint":{"latitude":40.43400390740529,"longitude":-3.73298587165112,"elevation":595.0832298361645}},{"paceBandSplitPk":49594538,"paceBandPk":2046608,"cumulativeDistanceFromStart":9000.0,"cumulativeTimeFromStart":2995.780,"splitDistance":1000.0,"splitAvgSpeed":2.60305079968663,"startPoint":{"latitude":40.43400390740529,"longitude":-3.73298587165112,"elevation":595.0832298361645},"endPoint":{"latitude":40.43451855916104,"longitude":-3.72292466373613,"elevation":641.8334325613584}},{"paceBandSplitPk":49594539,"paceBandPk":2046608,"cumulativeDistanceFromStart":10000.0,"cumulativeTimeFromStart":3375.474,"splitDistance":1000.0,"splitAvgSpeed":2.6337018838829067,"startPoint":{"latitude":40.43451855916104,"longitude":-3.72292466373613,"elevation":641.8334325613584},"endPoint":{"latitude":40.43904255607123,"longitude":-3.71712548571417,"elevation":685.5702369507324}},{"paceBandSplitPk":49594540,"paceBandPk":2046608,"cumulativeDistanceFromStart":11000.0,"cumulativeTimeFromStart":3724.114,"splitDistance":1000.0,"splitAvgSpeed":2.8682828126152975,"startPoint":{"latitude":40.43904255607123,"longitude":-3.71712548571417,"elevation":685.5702369507324},"endPoint":{"latitude":40.44145951427288,"longitude":-3.70627015851839,"elevation":698.493030564871}},{"paceBandSplitPk":49594541,"paceBandPk":2046608,"cumulativeDistanceFromStart":12000.0,"cumulativeTimeFromStart":4081.726,"splitDistance":1000.0,"splitAvgSpeed":2.7963279421584755,"startPoint":{"latitude":40.44145951427288,"longitude":-3.70627015851839,"elevation":698.493030564871},"endPoint":{"latitude":40.44881088965477,"longitude":-3.70368729375836,"elevation":720.5002396936671}},{"paceBandSplitPk":49594542,"paceBandPk":2046608,"cumulativeDistanceFromStart":13000.0,"cumulativeTimeFromStart":4427.672,"splitDistance":1000.0,"splitAvgSpeed":2.8906241729857904,"startPoint":{"latitude":40.44881088965477,"longitude":-3.70368729375836,"elevation":720.5002396936671},"endPoint":{"latitude":40.45757295993136,"longitude":-3.70140888000718,"elevation":730.2617081910819}},{"paceBandSplitPk":49594543,"paceBandPk":2046608,"cumulativeDistanceFromStart":13321.986328125,"cumulativeTimeFromStart":4533.000,"splitDistance":321.986328125,"splitAvgSpeed":3.0569904710689975,"startPoint":{"latitude":40.45757295993136,"longitude":-3.70140888000718,"elevation":730.2617081910819},"endPoint":{"latitude":40.45973118013298,"longitude":-3.69904814523841,"elevation":725.7783769268349}}]},{"paceBandSummary":{"paceBandPk":4069230,"name":"Carrera Navarrosa 10k Azuqueca","courseId":252974056,"userProfilePk":76018113,"splitType":"DISTANCE_KILOMETER","totalDistance":10273.72,"uphillEffort":1.45,"pacingStrategy":0.0,"goalTime":2670,"goalSpeed":3.847835205992509,"createdDate":"2024-03-10T06:18:15.0","lastUpdatedDate":"2024-03-10T06:18:15.0","eventDate":null,"manualPaceEdit":false,"elevationSegmentationTolerance":50.0,"elevationSegmentMinLength":1700.0,"paceFactor":2.0},"paceBandSplits":[{"paceBandSplitPk":113085193,"paceBandPk":4069230,"cumulativeDistanceFromStart":1000.0,"cumulativeTimeFromStart":264.492,"splitDistance":1000.0,"splitAvgSpeed":3.7808339364921895,"startPoint":{"latitude":40.55944531224668,"longitude":-3.27358975075185,"elevation":623.0},"endPoint":{"latitude":40.56469967905210,"longitude":-3.27573583710741,"elevation":631.0}},{"paceBandSplitPk":113085194,"paceBandPk":4069230,"cumulativeDistanceFromStart":2000.0,"cumulativeTimeFromStart":523.237,"splitDistance":1000.0,"splitAvgSpeed":3.8648095105828766,"startPoint":{"latitude":40.56469967905210,"longitude":-3.27573583710741,"elevation":631.0},"endPoint":{"latitude":40.56824276965312,"longitude":-3.27123332945715,"elevation":629.0}},{"paceBandSplitPk":113085195,"paceBandPk":4069230,"cumulativeDistanceFromStart":3000.0,"cumulativeTimeFromStart":787.130,"splitDistance":1000.0,"splitAvgSpeed":3.789409313333776,"startPoint":{"latitude":40.56824276965312,"longitude":-3.27123332945715,"elevation":629.0},"endPoint":{"latitude":40.57418471416762,"longitude":-3.26302442232908,"elevation":636.0}},{"paceBandSplitPk":113085196,"paceBandPk":4069230,"cumulativeDistanceFromStart":4000.0,"cumulativeTimeFromStart":1045.875,"splitDistance":1000.0,"splitAvgSpeed":3.8648095105828766,"startPoint":{"latitude":40.57418471416762,"longitude":-3.26302442232908,"elevation":636.0},"endPoint":{"latitude":40.56733748031884,"longitude":-3.26512878144848,"elevation":634.0}},{"paceBandSplitPk":113085197,"paceBandPk":4069230,"cumulativeDistanceFromStart":5000.0,"cumulativeTimeFromStart":1301.962,"splitDistance":1000.0,"splitAvgSpeed":3.904928434869457,"startPoint":{"latitude":40.56733748031884,"longitude":-3.26512878144848,"elevation":634.0},"endPoint":{"latitude":40.56043181301340,"longitude":-3.27246492611386,"elevation":627.0}},{"paceBandSplitPk":113085198,"paceBandPk":4069230,"cumulativeDistanceFromStart":6000.0,"cumulativeTimeFromStart":1564.090,"splitDistance":1000.0,"splitAvgSpeed":3.8149249157859515,"startPoint":{"latitude":40.56043181301340,"longitude":-3.27246492611386,"elevation":627.0},"endPoint":{"latitude":40.56364228568383,"longitude":-3.27681761832912,"elevation":631.0}},{"paceBandSplitPk":113085199,"paceBandPk":4069230,"cumulativeDistanceFromStart":7000.0,"cumulativeTimeFromStart":1822.576,"splitDistance":1000.0,"splitAvgSpeed":3.868684786486805,"startPoint":{"latitude":40.56364228568383,"longitude":-3.27681761832912,"elevation":631.0},"endPoint":{"latitude":40.56799549985351,"longitude":-3.27256174745460,"elevation":628.495628488399}},{"paceBandSplitPk":113085200,"paceBandPk":4069230,"cumulativeDistanceFromStart":8000.0,"cumulativeTimeFromStart":2086.157,"splitDistance":1000.0,"splitAvgSpeed":3.7938963053391843,"startPoint":{"latitude":40.56799549985351,"longitude":-3.27256174745460,"elevation":628.495628488399},"endPoint":{"latitude":40.57353323501145,"longitude":-3.26435985089163,"elevation":635.0}},{"paceBandSplitPk":113085201,"paceBandPk":4069230,"cumulativeDistanceFromStart":9000.0,"cumulativeTimeFromStart":2346.007,"splitDistance":1000.0,"splitAvgSpeed":3.8483717117432414,"startPoint":{"latitude":40.57353323501145,"longitude":-3.26435985089163,"elevation":635.0},"endPoint":{"latitude":40.56835637296675,"longitude":-3.26436351774527,"elevation":635.0}},{"paceBandSplitPk":113085202,"paceBandPk":4069230,"cumulativeDistanceFromStart":10000.0,"cumulativeTimeFromStart":2604.012,"splitDistance":1000.0,"splitAvgSpeed":3.8758942631252924,"startPoint":{"latitude":40.56835637296675,"longitude":-3.26436351774527,"elevation":635.0},"endPoint":{"latitude":40.56149558541437,"longitude":-3.27139832033502,"elevation":631.7055134899653}},{"paceBandSplitPk":113085203,"paceBandPk":4069230,"cumulativeDistanceFromStart":10267.6123046875,"cumulativeTimeFromStart":2670.000,"splitDistance":267.6123046875,"splitAvgSpeed":4.055505884368792,"startPoint":{"latitude":40.56149558541437,"longitude":-3.27139832033502,"elevation":631.7055134899653},"endPoint":{"latitude":40.55962515307919,"longitude":-3.27338342018219,"elevation":624.0776629178977}}]},{"paceBandSummary":{"paceBandPk":2797146,"name":"26,8k a casa de campo","courseId":144749981,"userProfilePk":76018113,"splitType":"ELEVATION","totalDistance":26881.22,"uphillEffort":2.5,"pacingStrategy":0.0,"goalTime":8334,"goalSpeed":3.225488360931126,"createdDate":"2023-02-04T21:11:30.0","lastUpdatedDate":"2023-02-04T21:11:30.0","eventDate":null,"manualPaceEdit":false,"elevationSegmentationTolerance":50.0,"elevationSegmentMinLength":400.0,"paceFactor":2.0},"paceBandSplits":[{"paceBandSplitPk":72530086,"paceBandPk":2797146,"cumulativeDistanceFromStart":479.1612548828125,"cumulativeTimeFromStart":147.700,"splitDistance":479.1612548828125,"splitAvgSpeed":3.2441527676835924,"startPoint":{"latitude":40.45925172977150,"longitude":-3.69427830912173,"elevation":723.0},"endPoint":{"latitude":40.46099010046424,"longitude":-3.69923999460893,"elevation":724.0}},{"paceBandSplitPk":72530087,"paceBandPk":2797146,"cumulativeDistanceFromStart":2179.08056640625,"cumulativeTimeFromStart":634.465,"splitDistance":1699.9193115234375,"splitAvgSpeed":3.492278274040897,"startPoint":{"latitude":40.46099010046424,"longitude":-3.69923999460893,"elevation":724.0},"endPoint":{"latitude":40.46815334875686,"longitude":-3.71263679101978,"elevation":667.2712691071307}},{"paceBandSplitPk":72530088,"paceBandPk":2797146,"cumulativeDistanceFromStart":6333.8544921875,"cumulativeTimeFromStart":1863.696,"splitDistance":4154.77392578125,"splitAvgSpeed":3.3799782717932523,"startPoint":{"latitude":40.46815334875686,"longitude":-3.71263679101978,"elevation":667.2712691071307},"endPoint":{"latitude":40.47064782780014,"longitude":-3.74998828418800,"elevation":604.0}},{"paceBandSplitPk":72530089,"paceBandPk":2797146,"cumulativeDistanceFromStart":13785.697265625,"cumulativeTimeFromStart":4134.264,"splitDistance":7451.8427734375,"splitAvgSpeed":3.281929101660322,"startPoint":{"latitude":40.47064782780014,"longitude":-3.74998828418800,"elevation":604.0},"endPoint":{"latitude":40.41870202828539,"longitude":-3.72339369072881,"elevation":584.0}},{"paceBandSplitPk":72530090,"paceBandPk":2797146,"cumulativeDistanceFromStart":17899.53125,"cumulativeTimeFromStart":5405.027,"splitDistance":4113.833984375,"splitAvgSpeed":3.237293342404017,"startPoint":{"latitude":40.41870202828539,"longitude":-3.72339369072881,"elevation":584.0},"endPoint":{"latitude":40.44739221057903,"longitude":-3.74025644593792,"elevation":596.0}},{"paceBandSplitPk":72530091,"paceBandPk":2797146,"cumulativeDistanceFromStart":18913.6640625,"cumulativeTimeFromStart":5737.258,"splitDistance":1014.1328125,"splitAvgSpeed":3.0524942679221985,"startPoint":{"latitude":40.44739221057903,"longitude":-3.74025644593792,"elevation":596.0},"endPoint":{"latitude":40.45464770449014,"longitude":-3.73891993491986,"elevation":620.8991039673207}},{"paceBandSplitPk":72530092,"paceBandPk":2797146,"cumulativeDistanceFromStart":19618.669921875,"cumulativeTimeFromStart":5940.771,"splitDistance":705.005859375,"splitAvgSpeed":3.464181729231842,"startPoint":{"latitude":40.45464770449014,"longitude":-3.73891993491986,"elevation":620.8991039673207},"endPoint":{"latitude":40.45764059771726,"longitude":-3.74432658281647,"elevation":601.0704992930366}},{"paceBandSplitPk":72530093,"paceBandPk":2797146,"cumulativeDistanceFromStart":21176.296875,"cumulativeTimeFromStart":6419.928,"splitDistance":1557.626953125,"splitAvgSpeed":3.250763150716192,"startPoint":{"latitude":40.45764059771726,"longitude":-3.74432658281647,"elevation":601.0704992930366},"endPoint":{"latitude":40.47054669132830,"longitude":-3.75002987171133,"elevation":603.0}},{"paceBandSplitPk":72530094,"paceBandPk":2797146,"cumulativeDistanceFromStart":24988.2734375,"cumulativeTimeFromStart":7640.875,"splitDistance":3811.9765625,"splitAvgSpeed":3.122148643560474,"startPoint":{"latitude":40.47054669132830,"longitude":-3.75002987171133,"elevation":603.0},"endPoint":{"latitude":40.46858672818544,"longitude":-3.71308562180017,"elevation":666.0}},{"paceBandSplitPk":72530095,"paceBandPk":2797146,"cumulativeDistanceFromStart":26582.484375,"cumulativeTimeFromStart":8179.752,"splitDistance":1594.2109375,"splitAvgSpeed":2.9583950997625994,"startPoint":{"latitude":40.46858672818544,"longitude":-3.71308562180017,"elevation":666.0},"endPoint":{"latitude":40.46117730200727,"longitude":-3.69958874222669,"elevation":721.9106450534541}},{"paceBandSplitPk":72530096,"paceBandPk":2797146,"cumulativeDistanceFromStart":27085.53125,"cumulativeTimeFromStart":8334.000,"splitDistance":503.046875,"splitAvgSpeed":3.2612768287830853,"startPoint":{"latitude":40.46117730200727,"longitude":-3.69958874222669,"elevation":721.9106450534541},"endPoint":{"latitude":40.45927862627275,"longitude":-3.69441840466922,"elevation":723.2981986134444}}]},{"paceBandSummary":{"paceBandPk":1903400,"name":"A Madrid Rio","courseId":91361116,"userProfilePk":76018113,"splitType":"ELEVATION","totalDistance":17080.83,"uphillEffort":2.5,"pacingStrategy":0.0,"goalTime":5893,"goalSpeed":2.8984948243678943,"createdDate":"2022-02-13T10:15:58.0","lastUpdatedDate":"2022-02-13T10:15:58.0","eventDate":null,"manualPaceEdit":false,"elevationSegmentationTolerance":50.0,"elevationSegmentMinLength":400.0,"paceFactor":2.0},"paceBandSplits":[{"paceBandSplitPk":45275811,"paceBandPk":1903400,"cumulativeDistanceFromStart":2036.480224609375,"cumulativeTimeFromStart":696.613,"splitDistance":2036.480224609375,"splitAvgSpeed":2.923401119376994,"startPoint":{"latitude":40.45893740840000,"longitude":-3.69436807930000,"elevation":721.3583367028},"endPoint":{"latitude":40.44714972479975,"longitude":-3.70417716985453,"elevation":723.6509678786186}},{"paceBandSplitPk":45275812,"paceBandPk":1903400,"cumulativeDistanceFromStart":2716.10791015625,"cumulativeTimeFromStart":913.510,"splitDistance":679.627685546875,"splitAvgSpeed":3.1334142644805127,"startPoint":{"latitude":40.44714972479975,"longitude":-3.70417716985453,"elevation":723.6509678786186},"endPoint":{"latitude":40.44442882615950,"longitude":-3.70630848606846,"elevation":700.9757243238058}},{"paceBandSplitPk":45275813,"paceBandPk":1903400,"cumulativeDistanceFromStart":3770.789794921875,"cumulativeTimeFromStart":1269.879,"splitDistance":1054.681884765625,"splitAvgSpeed":2.959522322333089,"startPoint":{"latitude":40.44442882615950,"longitude":-3.70630848606846,"elevation":700.9757243238058},"endPoint":{"latitude":40.43929639658707,"longitude":-3.71235380919236,"elevation":697.4514331854707}},{"paceBandSplitPk":45275814,"paceBandPk":1903400,"cumulativeDistanceFromStart":4642.15087890625,"cumulativeTimeFromStart":1549.957,"splitDistance":871.361083984375,"splitAvgSpeed":3.1111422497932733,"startPoint":{"latitude":40.43929639658707,"longitude":-3.71235380919236,"elevation":697.4514331854707},"endPoint":{"latitude":40.43567168990239,"longitude":-3.71824655081221,"elevation":673.0068025333608}},{"paceBandSplitPk":45275815,"paceBandPk":1903400,"cumulativeDistanceFromStart":5947.07177734375,"cumulativeTimeFromStart":1956.412,"splitDistance":1304.9208984375,"splitAvgSpeed":3.210493504816343,"startPoint":{"latitude":40.43567168990239,"longitude":-3.71824655081221,"elevation":673.0068025333608},"endPoint":{"latitude":40.43317023605489,"longitude":-3.73096897825581,"elevation":595.4304330337534}},{"paceBandSplitPk":45275816,"paceBandPk":1903400,"cumulativeDistanceFromStart":8820.8037109375,"cumulativeTimeFromStart":2923.932,"splitDistance":2873.73193359375,"splitAvgSpeed":2.970203917536686,"startPoint":{"latitude":40.43317023605489,"longitude":-3.73096897825581,"elevation":595.4304330337534},"endPoint":{"latitude":40.41683318608924,"longitude":-3.72288825202579,"elevation":579.8759684483033}},{"paceBandSplitPk":45275817,"paceBandPk":1903400,"cumulativeDistanceFromStart":9393.3779296875,"cumulativeTimeFromStart":3125.938,"splitDistance":572.57421875,"splitAvgSpeed":2.8344406197903567,"startPoint":{"latitude":40.41683318608924,"longitude":-3.72288825202579,"elevation":579.8759684483033},"endPoint":{"latitude":40.41398243127397,"longitude":-3.72102215843602,"elevation":587.0886161593731}},{"paceBandSplitPk":45275818,"paceBandPk":1903400,"cumulativeDistanceFromStart":10620.07421875,"cumulativeTimeFromStart":3622.983,"splitDistance":1226.6962890625,"splitAvgSpeed":2.4679770511517063,"startPoint":{"latitude":40.41398243127397,"longitude":-3.72102215843602,"elevation":587.0886161593731},"endPoint":{"latitude":40.41575928402989,"longitude":-3.70948487481883,"elevation":664.4217060750325}},{"paceBandSplitPk":45275819,"paceBandPk":1903400,"cumulativeDistanceFromStart":11545.419921875,"cumulativeTimeFromStart":3946.128,"splitDistance":925.345703125,"splitAvgSpeed":2.8635592712128117,"startPoint":{"latitude":40.41575928402989,"longitude":-3.70948487481883,"elevation":664.4217060750325},"endPoint":{"latitude":40.41783548720699,"longitude":-3.69954646502473,"elevation":673.271863999265}},{"paceBandSplitPk":45275820,"paceBandPk":1903400,"cumulativeDistanceFromStart":12136.3671875,"cumulativeTimeFromStart":4131.818,"splitDistance":590.947265625,"splitAvgSpeed":3.1824463991723473,"startPoint":{"latitude":40.41783548720699,"longitude":-3.69954646502473,"elevation":673.271863999265},"endPoint":{"latitude":40.41948834477800,"longitude":-3.69362644494077,"elevation":646.7691286275884}},{"paceBandSplitPk":45275821,"paceBandPk":1903400,"cumulativeDistanceFromStart":12817.69140625,"cumulativeTimeFromStart":4392.725,"splitDistance":681.32421875,"splitAvgSpeed":2.6113716430495795,"startPoint":{"latitude":40.41948834477800,"longitude":-3.69362644494077,"elevation":646.7691286275884},"endPoint":{"latitude":40.42524667452054,"longitude":-3.69096979189548,"elevation":675.0102910925225}},{"paceBandSplitPk":45275822,"paceBandPk":1903400,"cumulativeDistanceFromStart":15153.353515625,"cumulativeTimeFromStart":5193.143,"splitDistance":2335.662109375,"splitAvgSpeed":2.918052622950195,"startPoint":{"latitude":40.42524667452054,"longitude":-3.69096979189548,"elevation":675.0102910925225},"endPoint":{"latitude":40.44545280886569,"longitude":-3.69163675074367,"elevation":679.7391626383312}},{"paceBandSplitPk":45275823,"paceBandPk":1903400,"cumulativeDistanceFromStart":16672.41015625,"cumulativeTimeFromStart":5758.130,"splitDistance":1519.056640625,"splitAvgSpeed":2.6886562370905045,"startPoint":{"latitude":40.44545280886569,"longitude":-3.69163675074367,"elevation":679.7391626383312},"endPoint":{"latitude":40.45862890745069,"longitude":-3.69070658101887,"elevation":728.152398477728}},{"paceBandSplitPk":45275824,"paceBandPk":1903400,"cumulativeDistanceFromStart":17074.650390625,"cumulativeTimeFromStart":5893.001,"splitDistance":402.240234375,"splitAvgSpeed":2.982410810401074,"startPoint":{"latitude":40.45862890745069,"longitude":-3.69070658101887,"elevation":728.152398477728},"endPoint":{"latitude":40.45899410692658,"longitude":-3.69436224211836,"elevation":725.6475990355175}}]},{"paceBandSummary":{"paceBandPk":3184621,"name":"EcoRun 10k","courseId":166820348,"userProfilePk":76018113,"splitType":"ELEVATION","totalDistance":10627.27,"uphillEffort":2.5,"pacingStrategy":0.0,"goalTime":2710,"goalSpeed":3.9215018450184504,"createdDate":"2023-06-05T08:29:57.0","lastUpdatedDate":"2023-06-05T08:29:57.0","eventDate":null,"manualPaceEdit":false,"elevationSegmentationTolerance":50.0,"elevationSegmentMinLength":1700.0,"paceFactor":2.0},"paceBandSplits":[{"paceBandSplitPk":85266161,"paceBandPk":3184621,"cumulativeDistanceFromStart":3220.343994140625,"cumulativeTimeFromStart":834.770,"splitDistance":3220.343994140625,"splitAvgSpeed":3.85776192100065,"startPoint":{"latitude":40.41915178298950,"longitude":-3.73525500297546,"elevation":598.17},"endPoint":{"latitude":40.41601601671869,"longitude":-3.75287281359104,"elevation":621.4830577107355}},{"paceBandSplitPk":85266162,"paceBandPk":3184621,"cumulativeDistanceFromStart":5797.9609375,"cumulativeTimeFromStart":1524.884,"splitDistance":2577.616943359375,"splitAvgSpeed":3.735059228365442,"startPoint":{"latitude":40.41601601671869,"longitude":-3.75287281359104,"elevation":621.4830577107355},"endPoint":{"latitude":40.42870892831427,"longitude":-3.77134578910893,"elevation":670.9314237857583}},{"paceBandSplitPk":85266163,"paceBandPk":3184621,"cumulativeDistanceFromStart":8052.9052734375,"cumulativeTimeFromStart":2092.610,"splitDistance":2254.9443359375,"splitAvgSpeed":3.971890908860255,"startPoint":{"latitude":40.42870892831427,"longitude":-3.77134578910893,"elevation":670.9314237857583},"endPoint":{"latitude":40.42288298052834,"longitude":-3.75703084428511,"elevation":661.3745436613481}},{"paceBandSplitPk":85266164,"paceBandPk":3184621,"cumulativeDistanceFromStart":10614.064453125,"cumulativeTimeFromStart":2710.000,"splitDistance":2561.1591796875,"splitAvgSpeed":4.148364263315446,"startPoint":{"latitude":40.42288298052834,"longitude":-3.75703084428511,"elevation":661.3745436613481},"endPoint":{"latitude":40.41911481401959,"longitude":-3.73540307165284,"elevation":598.4862729399906}}]},{"paceBandSummary":{"paceBandPk":1887681,"name":"A lago casa campo","courseId":90591462,"userProfilePk":76018113,"splitType":"DISTANCE_KILOMETER","distanceUnit":"KILOMETER","totalDistance":18193.48046875,"uphillEffort":0.0,"pacingStrategy":0.0,"goalTime":6094,"goalSpeed":2.9854743480682373,"createdDate":"2022-02-06T10:33:12.0","lastUpdatedDate":"2022-06-10T21:14:23.0","eventDate":null,"manualPaceEdit":false,"elevationSegmentationTolerance":50.0,"elevationSegmentMinLength":400.0,"paceFactor":2.0},"paceBandSplits":[{"paceBandSplitPk":53666405,"paceBandPk":1887681,"cumulativeDistanceFromStart":1000.0,"cumulativeTimeFromStart":326.547,"splitDistance":1000.0,"splitAvgSpeed":3.0623474807407054,"startPoint":{},"endPoint":{}},{"paceBandSplitPk":53666406,"paceBandPk":1887681,"cumulativeDistanceFromStart":2000.0,"cumulativeTimeFromStart":664.974,"splitDistance":1000.0,"splitAvgSpeed":2.9548440352197067,"startPoint":{},"endPoint":{}},{"paceBandSplitPk":53666407,"paceBandPk":1887681,"cumulativeDistanceFromStart":3000.0,"cumulativeTimeFromStart":990.929,"splitDistance":1000.0,"splitAvgSpeed":3.067908273212736,"startPoint":{},"endPoint":{}},{"paceBandSplitPk":53666408,"paceBandPk":1887681,"cumulativeDistanceFromStart":4000.0,"cumulativeTimeFromStart":1313.402,"splitDistance":1000.0,"splitAvgSpeed":3.101040175258738,"startPoint":{},"endPoint":{}},{"paceBandSplitPk":53666409,"paceBandPk":1887681,"cumulativeDistanceFromStart":5000.0,"cumulativeTimeFromStart":1634.913,"splitDistance":1000.0,"splitAvgSpeed":3.110305649607097,"startPoint":{},"endPoint":{}},{"paceBandSplitPk":53666410,"paceBandPk":1887681,"cumulativeDistanceFromStart":6000.0,"cumulativeTimeFromStart":1954.788,"splitDistance":1000.0,"splitAvgSpeed":3.126225952254836,"startPoint":{},"endPoint":{}},{"paceBandSplitPk":53666411,"paceBandPk":1887681,"cumulativeDistanceFromStart":7000.0,"cumulativeTimeFromStart":2276.990,"splitDistance":1000.0,"splitAvgSpeed":3.1036466237661022,"startPoint":{},"endPoint":{}},{"paceBandSplitPk":53666412,"paceBandPk":1887681,"cumulativeDistanceFromStart":8000.0,"cumulativeTimeFromStart":2611.296,"splitDistance":1000.0,"splitAvgSpeed":2.991266556922384,"startPoint":{},"endPoint":{}},{"paceBandSplitPk":53666413,"paceBandPk":1887681,"cumulativeDistanceFromStart":9000.0,"cumulativeTimeFromStart":2951.345,"splitDistance":1000.0,"splitAvgSpeed":2.9407557261184305,"startPoint":{},"endPoint":{}},{"paceBandSplitPk":53666414,"paceBandPk":1887681,"cumulativeDistanceFromStart":10000.0,"cumulativeTimeFromStart":3278.240,"splitDistance":1000.0,"splitAvgSpeed":3.0590843546618456,"startPoint":{},"endPoint":{}},{"paceBandSplitPk":53666415,"paceBandPk":1887681,"cumulativeDistanceFromStart":11000.0,"cumulativeTimeFromStart":3626.595,"splitDistance":1000.0,"splitAvgSpeed":2.8706355048062644,"startPoint":{},"endPoint":{}},{"paceBandSplitPk":53666416,"paceBandPk":1887681,"cumulativeDistanceFromStart":12000.0,"cumulativeTimeFromStart":4002.010,"splitDistance":1000.0,"splitAvgSpeed":2.663714426531987,"startPoint":{},"endPoint":{}},{"paceBandSplitPk":53666417,"paceBandPk":1887681,"cumulativeDistanceFromStart":13000.0,"cumulativeTimeFromStart":4330.931,"splitDistance":1000.0,"splitAvgSpeed":3.0402452088396466,"startPoint":{},"endPoint":{}},{"paceBandSplitPk":53666418,"paceBandPk":1887681,"cumulativeDistanceFromStart":14000.0,"cumulativeTimeFromStart":4666.376,"splitDistance":1000.0,"splitAvgSpeed":2.9811126751965475,"startPoint":{},"endPoint":{}},{"paceBandSplitPk":53666419,"paceBandPk":1887681,"cumulativeDistanceFromStart":15000.0,"cumulativeTimeFromStart":5000.034,"splitDistance":1000.0,"splitAvgSpeed":2.9970825823020113,"startPoint":{},"endPoint":{}},{"paceBandSplitPk":53666420,"paceBandPk":1887681,"cumulativeDistanceFromStart":16000.0,"cumulativeTimeFromStart":5339.405,"splitDistance":1000.0,"splitAvgSpeed":2.9466330122713127,"startPoint":{},"endPoint":{}},{"paceBandSplitPk":53666421,"paceBandPk":1887681,"cumulativeDistanceFromStart":17000.0,"cumulativeTimeFromStart":5688.365,"splitDistance":1000.0,"splitAvgSpeed":2.865659278289028,"startPoint":{},"endPoint":{}},{"paceBandSplitPk":53666422,"paceBandPk":1887681,"cumulativeDistanceFromStart":18000.0,"cumulativeTimeFromStart":6028.275,"splitDistance":1000.0,"splitAvgSpeed":2.9419528145531855,"startPoint":{},"endPoint":{}},{"paceBandSplitPk":53666423,"paceBandPk":1887681,"cumulativeDistanceFromStart":18184.78515625,"cumulativeTimeFromStart":6094.816,"splitDistance":184.78515625,"splitAvgSpeed":2.7770180457971048,"startPoint":{},"endPoint":{}}]},{"paceBandSummary":{"paceBandPk":2163168,"name":"Carrera Valdebebas","courseId":108804799,"userProfilePk":76018113,"splitType":"ELEVATION","totalDistance":15625.91,"uphillEffort":2.5,"pacingStrategy":0.0,"goalTime":5313,"goalSpeed":2.94107095802748,"createdDate":"2022-06-03T16:40:42.0","lastUpdatedDate":"2022-06-03T16:40:42.0","eventDate":null,"manualPaceEdit":false,"elevationSegmentationTolerance":50.0,"elevationSegmentMinLength":400.0,"paceFactor":2.0},"paceBandSplits":[{"paceBandSplitPk":53130606,"paceBandPk":2163168,"cumulativeDistanceFromStart":1412.6290283203125,"cumulativeTimeFromStart":501.095,"splitDistance":1412.6290283203125,"splitAvgSpeed":2.819086487175171,"startPoint":{"latitude":40.48195746727000,"longitude":-3.61939405091000,"elevation":672.25531519865},"endPoint":{"latitude":40.47439646401390,"longitude":-3.62513483675416,"elevation":697.836340346864}},{"paceBandSplitPk":53130607,"paceBandPk":2163168,"cumulativeDistanceFromStart":2418.93310546875,"cumulativeTimeFromStart":821.868,"splitDistance":1006.3040771484375,"splitAvgSpeed":3.13711844866504,"startPoint":{"latitude":40.47439646401390,"longitude":-3.62513483675416,"elevation":697.836340346864},"endPoint":{"latitude":40.46827497034405,"longitude":-3.62753018241298,"elevation":669.8200213917537}},{"paceBandSplitPk":53130608,"paceBandPk":2163168,"cumulativeDistanceFromStart":5742.833984375,"cumulativeTimeFromStart":2007.504,"splitDistance":3323.90087890625,"splitAvgSpeed":2.8034758930215995,"startPoint":{"latitude":40.46827497034405,"longitude":-3.62753018241298,"elevation":669.8200213917537},"endPoint":{"latitude":40.47071098835022,"longitude":-3.65788808120027,"elevation":736.7068740947971}},{"paceBandSplitPk":53130609,"paceBandPk":2163168,"cumulativeDistanceFromStart":7799.0751953125,"cumulativeTimeFromStart":2668.033,"splitDistance":2056.2412109375,"splitAvgSpeed":3.113019589978484,"startPoint":{"latitude":40.47071098835022,"longitude":-3.65788808120027,"elevation":736.7068740947971},"endPoint":{"latitude":40.48564320938615,"longitude":-3.64610615440524,"elevation":688.6113155041728}},{"paceBandSplitPk":53130610,"paceBandPk":2163168,"cumulativeDistanceFromStart":8499.2490234375,"cumulativeTimeFromStart":2913.019,"splitDistance":700.173828125,"splitAvgSpeed":2.8580191453545516,"startPoint":{"latitude":40.48564320938615,"longitude":-3.64610615440524,"elevation":688.6113155041728},"endPoint":{"latitude":40.49001922297174,"longitude":-3.64254168783429,"elevation":697.7658113772471}},{"paceBandSplitPk":53130611,"paceBandPk":2163168,"cumulativeDistanceFromStart":9035.029296875,"cumulativeTimeFromStart":3078.325,"splitDistance":535.7802734375,"splitAvgSpeed":3.241136048641646,"startPoint":{"latitude":40.49001922297174,"longitude":-3.64254168783429,"elevation":697.7658113772471},"endPoint":{"latitude":40.49400697203053,"longitude":-3.64149214127775,"elevation":666.0651691313683}},{"paceBandSplitPk":53130612,"paceBandPk":2163168,"cumulativeDistanceFromStart":9589.513671875,"cumulativeTimeFromStart":3257.131,"splitDistance":554.484375,"splitAvgSpeed":3.101035539201568,"startPoint":{"latitude":40.49400697203053,"longitude":-3.64149214127775,"elevation":666.0651691313683},"endPoint":{"latitude":40.49738293192819,"longitude":-3.63678327710823,"elevation":651.7862668482159}},{"paceBandSplitPk":53130613,"paceBandPk":2163168,"cumulativeDistanceFromStart":10471.5400390625,"cumulativeTimeFromStart":3563.240,"splitDistance":882.0263671875,"splitAvgSpeed":2.8814143637243492,"startPoint":{"latitude":40.49738293192819,"longitude":-3.63678327710823,"elevation":651.7862668482159},"endPoint":{"latitude":40.49732673800853,"longitude":-3.62705434362364,"elevation":660.5472680587063}},{"paceBandSplitPk":53130614,"paceBandPk":2163168,"cumulativeDistanceFromStart":12317.0458984375,"cumulativeTimeFromStart":4158.290,"splitDistance":1845.505859375,"splitAvgSpeed":3.1014280505123186,"startPoint":{"latitude":40.49732673800853,"longitude":-3.62705434362364,"elevation":660.5472680587063},"endPoint":{"latitude":40.50145268440000,"longitude":-3.60741136051455,"elevation":621.0161775503676}},{"paceBandSplitPk":53130615,"paceBandPk":2163168,"cumulativeDistanceFromStart":15613.5478515625,"cumulativeTimeFromStart":5313.000,"splitDistance":3296.501953125,"splitAvgSpeed":2.854833251703574,"startPoint":{"latitude":40.50145268440000,"longitude":-3.60741136051455,"elevation":621.0161775503676},"endPoint":{"latitude":40.48195836850717,"longitude":-3.61924748085241,"elevation":664.9927634376804}}]}]