[{"sleepStartTimestampGMT":"2019-04-06T21:30:00.0","sleepEndTimestampGMT":"2019-04-07T04:30:00.0","calendarDate":"2019-04-07","sleepWindowConfirmationType":"UNCONFIRMED","retro":false},{"sleepStartTimestampGMT":"2019-04-07T22:10:00.0","sleepEndTimestampGMT":"2019-04-08T05:33:00.0","calendarDate":"2019-04-08","sleepWindowConfirmationType":"OFF_WRIST","deepSleepSeconds":0,"lightSleepSeconds":0,"awakeSleepSeconds":0,"unmeasurableSeconds":0,"retro":false},{"sleepStartTimestampGMT":"2019-04-08T22:08:00.0","sleepEndTimestampGMT":"2019-04-09T04:39:00.0","calendarDate":"2019-04-09","sleepWindowConfirmationType":"OFF_WRIST","deepSleepSeconds":0,"lightSleepSeconds":0,"awakeSleepSeconds":0,"unmeasurableSeconds":0,"retro":false},{"sleepStartTimestampGMT":"2019-04-09T22:06:00.0","sleepEndTimestampGMT":"2019-04-10T04:52:00.0","calendarDate":"2019-04-10","sleepWindowConfirmationType":"OFF_WRIST","deepSleepSeconds":0,"lightSleepSeconds":0,"awakeSleepSeconds":0,"unmeasurableSeconds":0,"retro":false},{"sleepStartTimestampGMT":"2019-04-10T21:17:00.0","sleepEndTimestampGMT":"2019-04-11T05:23:00.0","calendarDate":"2019-04-11","sleepWindowConfirmationType":"OFF_WRIST","deepSleepSeconds":0,"lightSleepSeconds":0,"awakeSleepSeconds":0,"unmeasurableSeconds":0,"retro":false},{"sleepStartTimestampGMT":"2019-04-11T22:26:00.0","sleepEndTimestampGMT":"2019-04-12T05:02:00.0","calendarDate":"2019-04-12","sleepWindowConfirmationType":"OFF_WRIST","deepSleepSeconds":0,"lightSleepSeconds":0,"awakeSleepSeconds":0,"unmeasurableSeconds":0,"retro":false},{"sleepStartTimestampGMT":"2019-04-12T21:27:00.0","sleepEndTimestampGMT":"2019-04-13T06:40:00.0","calendarDate":"2019-04-13","sleepWindowConfirmationType":"OFF_WRIST","deepSleepSeconds":0,"lightSleepSeconds":0,"awakeSleepSeconds":0,"unmeasurableSeconds":0,"retro":false},{"sleepStartTimestampGMT":"2019-04-13T22:19:00.0","sleepEndTimestampGMT":"2019-04-14T06:51:00.0","calendarDate":"2019-04-14","sleepWindowConfirmationType":"OFF_WRIST","deepSleepSeconds":0,"lightSleepSeconds":0,"awakeSleepSeconds":0,"unmeasurableSeconds":0,"retro":false},{"sleepStartTimestampGMT":"2019-04-14T20:17:00.0","sleepEndTimestampGMT":"2019-04-15T06:56:00.0","calendarDate":"2019-04-15","sleepWindowConfirmationType":"OFF_WRIST","deepSleepSeconds":0,"lightSleepSeconds":0,"awakeSleepSeconds":0,"unmeasurableSeconds":0,"retro":false},{"sleepStartTimestampGMT":"2019-04-15T20:12:00.0","sleepEndTimestampGMT":"2019-04-16T06:36:00.0","calendarDate":"2019-04-16","sleepWindowConfirmationType":"OFF_WRIST","deepSleepSeconds":0,"lightSleepSeconds":0,"awakeSleepSeconds":0,"unmeasurableSeconds":0,"retro":false},{"sleepStartTimestampGMT":"2019-04-16T23:07:00.0","sleepEndTimestampGMT":"2019-04-17T07:17:00.0","calendarDate":"2019-04-17","sleepWindowConfirmationType":"OFF_WRIST","deepSleepSeconds":0,"lightSleepSeconds":0,"awakeSleepSeconds":0,"unmeasurableSeconds":0,"retro":false},{"sleepStartTimestampGMT":"2019-04-17T20:12:00.0","sleepEndTimestampGMT":"2019-04-18T06:41:00.0","calendarDate":"2019-04-18","sleepWindowConfirmationType":"OFF_WRIST","deepSleepSeconds":0,"lightSleepSeconds":0,"awakeSleepSeconds":0,"unmeasurableSeconds":0,"retro":false},{"sleepStartTimestampGMT":"2019-04-18T22:25:00.0","sleepEndTimestampGMT":"2019-04-19T08:21:00.0","calendarDate":"2019-04-19","sleepWindowConfirmationType":"OFF_WRIST","deepSleepSeconds":0,"lightSleepSeconds":0,"awakeSleepSeconds":0,"unmeasurableSeconds":0,"retro":false},{"sleepStartTimestampGMT":"2019-04-19T22:08:00.0","sleepEndTimestampGMT":"2019-04-20T07:35:00.0","calendarDate":"2019-04-20","sleepWindowConfirmationType":"OFF_WRIST","deepSleepSeconds":0,"lightSleepSeconds":0,"awakeSleepSeconds":0,"unmeasurableSeconds":0,"retro":false},{"sleepStartTimestampGMT":"2019-04-20T21:59:00.0","sleepEndTimestampGMT":"2019-04-21T06:26:00.0","calendarDate":"2019-04-21","sleepWindowConfirmationType":"OFF_WRIST","deepSleepSeconds":0,"lightSleepSeconds":0,"awakeSleepSeconds":0,"unmeasurableSeconds":0,"retro":false},{"sleepStartTimestampGMT":"2019-04-21T21:06:00.0","sleepEndTimestampGMT":"2019-04-22T04:52:00.0","calendarDate":"2019-04-22","sleepWindowConfirmationType":"OFF_WRIST","deepSleepSeconds":0,"lightSleepSeconds":0,"awakeSleepSeconds":0,"unmeasurableSeconds":0,"retro":false},{"sleepStartTimestampGMT":"2019-04-22T22:17:00.0","sleepEndTimestampGMT":"2019-04-23T04:57:00.0","calendarDate":"2019-04-23","sleepWindowConfirmationType":"OFF_WRIST","deepSleepSeconds":0,"lightSleepSeconds":0,"awakeSleepSeconds":0,"unmeasurableSeconds":0,"retro":false},{"sleepStartTimestampGMT":"2019-04-23T20:27:00.0","sleepEndTimestampGMT":"2019-04-24T05:30:00.0","calendarDate":"2019-04-24","sleepWindowConfirmationType":"OFF_WRIST","deepSleepSeconds":0,"lightSleepSeconds":0,"awakeSleepSeconds":0,"unmeasurableSeconds":0,"retro":false},{"sleepStartTimestampGMT":"2019-04-24T22:20:00.0","sleepEndTimestampGMT":"2019-04-25T07:06:00.0","calendarDate":"2019-04-25","sleepWindowConfirmationType":"OFF_WRIST","deepSleepSeconds":0,"lightSleepSeconds":0,"awakeSleepSeconds":0,"unmeasurableSeconds":0,"retro":false},{"sleepStartTimestampGMT":"2019-04-26T03:30:00.0","sleepEndTimestampGMT":"2019-04-26T08:29:00.0","calendarDate":"2019-04-26","sleepWindowConfirmationType":"OFF_WRIST","deepSleepSeconds":0,"lightSleepSeconds":0,"awakeSleepSeconds":0,"unmeasurableSeconds":0,"retro":false},{"sleepStartTimestampGMT":"2019-04-26T20:32:00.0","sleepEndTimestampGMT":"2019-04-27T07:56:00.0","calendarDate":"2019-04-27","sleepWindowConfirmationType":"OFF_WRIST","deepSleepSeconds":0,"lightSleepSeconds":0,"awakeSleepSeconds":0,"unmeasurableSeconds":0,"retro":false},{"sleepStartTimestampGMT":"2019-04-27T20:27:00.0","sleepEndTimestampGMT":"2019-04-28T07:56:00.0","calendarDate":"2019-04-28","sleepWindowConfirmationType":"OFF_WRIST","deepSleepSeconds":0,"lightSleepSeconds":0,"awakeSleepSeconds":0,"unmeasurableSeconds":0,"retro":false},{"sleepStartTimestampGMT":"2019-04-28T20:27:00.0","sleepEndTimestampGMT":"2019-04-29T07:56:00.0","calendarDate":"2019-04-29","sleepWindowConfirmationType":"OFF_WRIST","deepSleepSeconds":0,"lightSleepSeconds":0,"awakeSleepSeconds":0,"unmeasurableSeconds":0,"retro":false},{"sleepStartTimestampGMT":"2019-04-29T20:27:00.0","sleepEndTimestampGMT":"2019-04-30T07:56:00.0","calendarDate":"2019-04-30","sleepWindowConfirmationType":"OFF_WRIST","deepSleepSeconds":0,"lightSleepSeconds":0,"awakeSleepSeconds":0,"unmeasurableSeconds":0,"retro":false}]