[{"sleepStartTimestampGMT":"2019-04-30T20:27:00.0","sleepEndTimestampGMT":"2019-05-01T08:01:00.0","calendarDate":"2019-05-01","sleepWindowConfirmationType":"OFF_WRIST","deepSleepSeconds":0,"lightSleepSeconds":0,"awakeSleepSeconds":0,"unmeasurableSeconds":0,"retro":false},{"sleepStartTimestampGMT":"2019-05-01T20:27:00.0","sleepEndTimestampGMT":"2019-05-02T08:01:00.0","calendarDate":"2019-05-02","sleepWindowConfirmationType":"OFF_WRIST","deepSleepSeconds":0,"lightSleepSeconds":0,"awakeSleepSeconds":0,"unmeasurableSeconds":0,"retro":false},{"sleepStartTimestampGMT":"2019-05-02T20:38:00.0","sleepEndTimestampGMT":"2019-05-03T07:56:00.0","calendarDate":"2019-05-03","sleepWindowConfirmationType":"OFF_WRIST","deepSleepSeconds":0,"lightSleepSeconds":0,"awakeSleepSeconds":0,"unmeasurableSeconds":0,"retro":false},{"sleepStartTimestampGMT":"2019-05-04T21:30:00.0","sleepEndTimestampGMT":"2019-05-05T04:30:00.0","calendarDate":"2019-05-05","sleepWindowConfirmationType":"UNCONFIRMED","retro":false},{"sleepStartTimestampGMT":"2019-05-05T20:01:00.0","sleepEndTimestampGMT":"2019-05-06T05:03:00.0","calendarDate":"2019-05-06","sleepWindowConfirmationType":"OFF_WRIST","deepSleepSeconds":0,"lightSleepSeconds":0,"awakeSleepSeconds":0,"unmeasurableSeconds":0,"retro":false},{"sleepStartTimestampGMT":"2019-05-06T22:15:00.0","sleepEndTimestampGMT":"2019-05-07T05:39:00.0","calendarDate":"2019-05-07","sleepWindowConfirmationType":"OFF_WRIST","deepSleepSeconds":0,"lightSleepSeconds":0,"awakeSleepSeconds":0,"unmeasurableSeconds":0,"retro":false},{"sleepStartTimestampGMT":"2019-05-07T22:11:00.0","sleepEndTimestampGMT":"2019-05-08T04:42:00.0","calendarDate":"2019-05-08","sleepWindowConfirmationType":"OFF_WRIST","deepSleepSeconds":0,"lightSleepSeconds":0,"awakeSleepSeconds":0,"unmeasurableSeconds":0,"retro":false},{"sleepStartTimestampGMT":"2019-05-08T22:25:00.0","sleepEndTimestampGMT":"2019-05-09T04:47:00.0","calendarDate":"2019-05-09","sleepWindowConfirmationType":"OFF_WRIST","deepSleepSeconds":0,"lightSleepSeconds":0,"awakeSleepSeconds":0,"unmeasurableSeconds":0,"retro":false},{"sleepStartTimestampGMT":"2019-05-09T22:30:00.0","sleepEndTimestampGMT":"2019-05-10T05:42:00.0","calendarDate":"2019-05-10","sleepWindowConfirmationType":"OFF_WRIST","deepSleepSeconds":0,"lightSleepSeconds":0,"awakeSleepSeconds":0,"unmeasurableSeconds":0,"retro":false},{"sleepStartTimestampGMT":"2019-05-10T21:30:00.0","sleepEndTimestampGMT":"2019-05-11T04:30:00.0","calendarDate":"2019-05-11","sleepWindowConfirmationType":"UNCONFIRMED","retro":false},{"sleepStartTimestampGMT":"2019-05-11T21:30:00.0","sleepEndTimestampGMT":"2019-05-12T04:30:00.0","calendarDate":"2019-05-12","sleepWindowConfirmationType":"UNCONFIRMED","retro":false},{"sleepStartTimestampGMT":"2019-05-12T21:38:00.0","sleepEndTimestampGMT":"2019-05-13T04:37:00.0","calendarDate":"2019-05-13","sleepWindowConfirmationType":"OFF_WRIST","deepSleepSeconds":0,"lightSleepSeconds":0,"awakeSleepSeconds":0,"unmeasurableSeconds":0,"retro":false},{"sleepStartTimestampGMT":"2019-05-13T22:58:00.0","sleepEndTimestampGMT":"2019-05-14T06:04:00.0","calendarDate":"2019-05-14","sleepWindowConfirmationType":"OFF_WRIST","deepSleepSeconds":0,"lightSleepSeconds":0,"awakeSleepSeconds":0,"unmeasurableSeconds":0,"retro":false},{"sleepStartTimestampGMT":"2019-05-14T20:37:00.0","sleepEndTimestampGMT":"2019-05-15T07:01:00.0","calendarDate":"2019-05-15","sleepWindowConfirmationType":"OFF_WRIST","deepSleepSeconds":0,"lightSleepSeconds":0,"awakeSleepSeconds":0,"unmeasurableSeconds":0,"retro":false},{"sleepStartTimestampGMT":"2019-05-15T21:09:00.0","sleepEndTimestampGMT":"2019-05-16T05:15:00.0","calendarDate":"2019-05-16","sleepWindowConfirmationType":"OFF_WRIST","deepSleepSeconds":0,"lightSleepSeconds":0,"awakeSleepSeconds":0,"unmeasurableSeconds":0,"retro":false},{"sleepStartTimestampGMT":"2019-05-16T20:31:00.0","sleepEndTimestampGMT":"2019-05-17T04:55:00.0","calendarDate":"2019-05-17","sleepWindowConfirmationType":"OFF_WRIST","deepSleepSeconds":0,"lightSleepSeconds":0,"awakeSleepSeconds":0,"unmeasurableSeconds":0,"retro":false},{"sleepStartTimestampGMT":"2019-05-17T21:48:00.0","sleepEndTimestampGMT":"2019-05-18T06:27:00.0","calendarDate":"2019-05-18","sleepWindowConfirmationType":"OFF_WRIST","deepSleepSeconds":0,"lightSleepSeconds":0,"awakeSleepSeconds":0,"unmeasurableSeconds":0,"retro":false},{"sleepStartTimestampGMT":"2019-05-19T21:30:00.0","sleepEndTimestampGMT":"2019-05-20T04:30:00.0","calendarDate":"2019-05-20","sleepWindowConfirmationType":"UNCONFIRMED","retro":false},{"sleepStartTimestampGMT":"2019-05-20T21:08:00.0","sleepEndTimestampGMT":"2019-05-21T07:47:00.0","calendarDate":"2019-05-21","sleepWindowConfirmationType":"OFF_WRIST","deepSleepSeconds":0,"lightSleepSeconds":0,"awakeSleepSeconds":0,"unmeasurableSeconds":0,"retro":false},{"sleepStartTimestampGMT":"2019-05-21T20:01:00.0","sleepEndTimestampGMT":"2019-05-22T05:33:00.0","calendarDate":"2019-05-22","sleepWindowConfirmationType":"OFF_WRIST","deepSleepSeconds":0,"lightSleepSeconds":0,"awakeSleepSeconds":0,"unmeasurableSeconds":0,"retro":false},{"sleepStartTimestampGMT":"2019-05-22T21:27:00.0","sleepEndTimestampGMT":"2019-05-23T05:30:00.0","calendarDate":"2019-05-23","sleepWindowConfirmationType":"OFF_WRIST","deepSleepSeconds":0,"lightSleepSeconds":0,"awakeSleepSeconds":0,"unmeasurableSeconds":0,"retro":false},{"sleepStartTimestampGMT":"2019-05-23T20:52:00.0","sleepEndTimestampGMT":"2019-05-24T05:27:00.0","calendarDate":"2019-05-24","sleepWindowConfirmationType":"OFF_WRIST","deepSleepSeconds":0,"lightSleepSeconds":0,"awakeSleepSeconds":0,"unmeasurableSeconds":0,"retro":false},{"sleepStartTimestampGMT":"2019-05-25T05:49:00.0","sleepEndTimestampGMT":"2019-05-25T12:22:00.0","calendarDate":"2019-05-25","sleepWindowConfirmationType":"OFF_WRIST","deepSleepSeconds":0,"lightSleepSeconds":0,"awakeSleepSeconds":0,"unmeasurableSeconds":0,"retro":false},{"sleepStartTimestampGMT":"2019-05-26T05:34:00.0","sleepEndTimestampGMT":"2019-05-26T12:42:00.0","calendarDate":"2019-05-26","sleepWindowConfirmationType":"OFF_WRIST","deepSleepSeconds":0,"lightSleepSeconds":0,"awakeSleepSeconds":0,"unmeasurableSeconds":0,"retro":false},{"sleepStartTimestampGMT":"2019-05-27T05:22:00.0","sleepEndTimestampGMT":"2019-05-27T15:00:00.0","calendarDate":"2019-05-27","sleepWindowConfirmationType":"OFF_WRIST","deepSleepSeconds":0,"lightSleepSeconds":0,"awakeSleepSeconds":0,"unmeasurableSeconds":0,"retro":false},{"sleepStartTimestampGMT":"2019-05-28T05:54:00.0","sleepEndTimestampGMT":"2019-05-28T14:42:00.0","calendarDate":"2019-05-28","sleepWindowConfirmationType":"OFF_WRIST","deepSleepSeconds":0,"lightSleepSeconds":0,"awakeSleepSeconds":0,"unmeasurableSeconds":0,"retro":false},{"sleepStartTimestampGMT":"2019-05-29T05:01:00.0","sleepEndTimestampGMT":"2019-05-29T12:44:00.0","calendarDate":"2019-05-29","sleepWindowConfirmationType":"OFF_WRIST","deepSleepSeconds":0,"lightSleepSeconds":0,"awakeSleepSeconds":0,"unmeasurableSeconds":0,"retro":false},{"sleepStartTimestampGMT":"2019-05-30T06:20:00.0","sleepEndTimestampGMT":"2019-05-30T13:40:00.0","calendarDate":"2019-05-30","sleepWindowConfirmationType":"OFF_WRIST","deepSleepSeconds":0,"lightSleepSeconds":0,"awakeSleepSeconds":0,"unmeasurableSeconds":0,"retro":false},{"sleepStartTimestampGMT":"2019-05-31T06:02:00.0","sleepEndTimestampGMT":"2019-05-31T15:01:00.0","calendarDate":"2019-05-31","sleepWindowConfirmationType":"OFF_WRIST","deepSleepSeconds":0,"lightSleepSeconds":0,"awakeSleepSeconds":0,"unmeasurableSeconds":0,"retro":false},{"sleepStartTimestampGMT":"2019-06-01T06:30:00.0","sleepEndTimestampGMT":"2019-06-01T13:30:00.0","calendarDate":"2019-06-01","sleepWindowConfirmationType":"UNCONFIRMED","retro":false},{"sleepStartTimestampGMT":"2019-06-01T20:27:00.0","sleepEndTimestampGMT":"2019-06-02T08:01:00.0","calendarDate":"2019-06-02","sleepWindowConfirmationType":"OFF_WRIST","deepSleepSeconds":0,"lightSleepSeconds":0,"awakeSleepSeconds":0,"unmeasurableSeconds":0,"retro":false},{"sleepStartTimestampGMT":"2019-06-02T20:32:00.0","sleepEndTimestampGMT":"2019-06-03T08:01:00.0","calendarDate":"2019-06-03","sleepWindowConfirmationType":"OFF_WRIST","deepSleepSeconds":0,"lightSleepSeconds":0,"awakeSleepSeconds":0,"unmeasurableSeconds":0,"retro":false},{"sleepStartTimestampGMT":"2019-06-03T21:30:00.0","sleepEndTimestampGMT":"2019-06-04T04:30:00.0","calendarDate":"2019-06-04","sleepWindowConfirmationType":"UNCONFIRMED","retro":false},{"sleepStartTimestampGMT":"2019-06-04T20:53:00.0","sleepEndTimestampGMT":"2019-06-05T05:34:00.0","calendarDate":"2019-06-05","sleepWindowConfirmationType":"OFF_WRIST","deepSleepSeconds":0,"lightSleepSeconds":0,"awakeSleepSeconds":0,"unmeasurableSeconds":0,"retro":false},{"sleepStartTimestampGMT":"2019-06-05T22:35:00.0","sleepEndTimestampGMT":"2019-06-06T04:51:00.0","calendarDate":"2019-06-06","sleepWindowConfirmationType":"OFF_WRIST","deepSleepSeconds":0,"lightSleepSeconds":0,"awakeSleepSeconds":0,"unmeasurableSeconds":0,"retro":false},{"sleepStartTimestampGMT":"2019-06-06T22:36:00.0","sleepEndTimestampGMT":"2019-06-07T05:21:00.0","calendarDate":"2019-06-07","sleepWindowConfirmationType":"OFF_WRIST","deepSleepSeconds":0,"lightSleepSeconds":0,"awakeSleepSeconds":0,"unmeasurableSeconds":0,"retro":false},{"sleepStartTimestampGMT":"2019-06-07T20:27:00.0","sleepEndTimestampGMT":"2019-06-08T07:01:00.0","calendarDate":"2019-06-08","sleepWindowConfirmationType":"OFF_WRIST","deepSleepSeconds":0,"lightSleepSeconds":0,"awakeSleepSeconds":0,"unmeasurableSeconds":0,"retro":false},{"sleepStartTimestampGMT":"2019-06-08T21:26:00.0","sleepEndTimestampGMT":"2019-06-09T06:45:00.0","calendarDate":"2019-06-09","sleepWindowConfirmationType":"OFF_WRIST","deepSleepSeconds":0,"lightSleepSeconds":0,"awakeSleepSeconds":0,"unmeasurableSeconds":0,"retro":false},{"sleepStartTimestampGMT":"2019-06-09T21:06:00.0","sleepEndTimestampGMT":"2019-06-10T04:49:00.0","calendarDate":"2019-06-10","sleepWindowConfirmationType":"OFF_WRIST","deepSleepSeconds":0,"lightSleepSeconds":0,"awakeSleepSeconds":0,"unmeasurableSeconds":0,"retro":false},{"sleepStartTimestampGMT":"2019-06-10T20:47:00.0","sleepEndTimestampGMT":"2019-06-11T08:01:00.0","calendarDate":"2019-06-11","sleepWindowConfirmationType":"OFF_WRIST","deepSleepSeconds":0,"lightSleepSeconds":0,"awakeSleepSeconds":0,"unmeasurableSeconds":0,"retro":false},{"sleepStartTimestampGMT":"2019-06-11T20:27:00.0","sleepEndTimestampGMT":"2019-06-12T08:01:00.0","calendarDate":"2019-06-12","sleepWindowConfirmationType":"OFF_WRIST","deepSleepSeconds":0,"lightSleepSeconds":0,"awakeSleepSeconds":0,"unmeasurableSeconds":0,"retro":false},{"sleepStartTimestampGMT":"2019-06-12T20:01:00.0","sleepEndTimestampGMT":"2019-06-13T04:43:00.0","calendarDate":"2019-06-13","sleepWindowConfirmationType":"OFF_WRIST","deepSleepSeconds":0,"lightSleepSeconds":0,"awakeSleepSeconds":0,"unmeasurableSeconds":0,"retro":false},{"sleepStartTimestampGMT":"2019-06-13T21:08:00.0","sleepEndTimestampGMT":"2019-06-14T05:20:00.0","calendarDate":"2019-06-14","sleepWindowConfirmationType":"OFF_WRIST","deepSleepSeconds":0,"lightSleepSeconds":0,"awakeSleepSeconds":0,"unmeasurableSeconds":0,"retro":false},{"sleepStartTimestampGMT":"2019-06-15T00:15:00.0","sleepEndTimestampGMT":"2019-06-15T08:29:00.0","calendarDate":"2019-06-15","sleepWindowConfirmationType":"OFF_WRIST","deepSleepSeconds":0,"lightSleepSeconds":0,"awakeSleepSeconds":0,"unmeasurableSeconds":0,"retro":false},{"sleepStartTimestampGMT":"2019-06-15T21:55:00.0","sleepEndTimestampGMT":"2019-06-16T07:07:00.0","calendarDate":"2019-06-16","sleepWindowConfirmationType":"OFF_WRIST","deepSleepSeconds":0,"lightSleepSeconds":0,"awakeSleepSeconds":0,"unmeasurableSeconds":0,"retro":false},{"sleepStartTimestampGMT":"2019-06-16T22:38:00.0","sleepEndTimestampGMT":"2019-06-17T04:53:00.0","calendarDate":"2019-06-17","sleepWindowConfirmationType":"OFF_WRIST","deepSleepSeconds":0,"lightSleepSeconds":0,"awakeSleepSeconds":0,"unmeasurableSeconds":0,"retro":false},{"sleepStartTimestampGMT":"2019-06-17T20:13:00.0","sleepEndTimestampGMT":"2019-06-18T04:49:00.0","calendarDate":"2019-06-18","sleepWindowConfirmationType":"OFF_WRIST","deepSleepSeconds":0,"lightSleepSeconds":0,"awakeSleepSeconds":0,"unmeasurableSeconds":0,"retro":false},{"sleepStartTimestampGMT":"2019-06-18T22:32:00.0","sleepEndTimestampGMT":"2019-06-19T05:30:00.0","calendarDate":"2019-06-19","sleepWindowConfirmationType":"OFF_WRIST","deepSleepSeconds":0,"lightSleepSeconds":0,"awakeSleepSeconds":0,"unmeasurableSeconds":0,"retro":false},{"sleepStartTimestampGMT":"2019-06-19T21:52:00.0","sleepEndTimestampGMT":"2019-06-20T04:38:00.0","calendarDate":"2019-06-20","sleepWindowConfirmationType":"OFF_WRIST","deepSleepSeconds":0,"lightSleepSeconds":0,"awakeSleepSeconds":0,"unmeasurableSeconds":0,"retro":false},{"sleepStartTimestampGMT":"2019-06-20T22:39:00.0","sleepEndTimestampGMT":"2019-06-21T05:54:00.0","calendarDate":"2019-06-21","sleepWindowConfirmationType":"OFF_WRIST","deepSleepSeconds":0,"lightSleepSeconds":0,"awakeSleepSeconds":0,"unmeasurableSeconds":0,"retro":false},{"sleepStartTimestampGMT":"2019-06-21T21:43:00.0","sleepEndTimestampGMT":"2019-06-22T07:14:00.0","calendarDate":"2019-06-22","sleepWindowConfirmationType":"OFF_WRIST","deepSleepSeconds":0,"lightSleepSeconds":0,"awakeSleepSeconds":0,"unmeasurableSeconds":0,"retro":false},{"sleepStartTimestampGMT":"2019-06-22T23:00:00.0","sleepEndTimestampGMT":"2019-06-23T06:41:00.0","calendarDate":"2019-06-23","sleepWindowConfirmationType":"OFF_WRIST","deepSleepSeconds":0,"lightSleepSeconds":0,"awakeSleepSeconds":0,"unmeasurableSeconds":0,"retro":false},{"sleepStartTimestampGMT":"2019-06-23T20:01:00.0","sleepEndTimestampGMT":"2019-06-24T05:49:00.0","calendarDate":"2019-06-24","sleepWindowConfirmationType":"OFF_WRIST","deepSleepSeconds":0,"lightSleepSeconds":0,"awakeSleepSeconds":0,"unmeasurableSeconds":0,"retro":false},{"sleepStartTimestampGMT":"2019-06-24T21:55:00.0","sleepEndTimestampGMT":"2019-06-25T04:45:00.0","calendarDate":"2019-06-25","sleepWindowConfirmationType":"OFF_WRIST","deepSleepSeconds":0,"lightSleepSeconds":0,"awakeSleepSeconds":0,"unmeasurableSeconds":0,"retro":false},{"sleepStartTimestampGMT":"2019-06-25T21:39:00.0","sleepEndTimestampGMT":"2019-06-26T04:48:00.0","calendarDate":"2019-06-26","sleepWindowConfirmationType":"OFF_WRIST","deepSleepSeconds":0,"lightSleepSeconds":0,"awakeSleepSeconds":0,"unmeasurableSeconds":0,"retro":false},{"sleepStartTimestampGMT":"2019-06-26T21:40:00.0","sleepEndTimestampGMT":"2019-06-27T04:46:00.0","calendarDate":"2019-06-27","sleepWindowConfirmationType":"OFF_WRIST","deepSleepSeconds":0,"lightSleepSeconds":0,"awakeSleepSeconds":0,"unmeasurableSeconds":0,"retro":false},{"sleepStartTimestampGMT":"2019-06-27T21:30:00.0","sleepEndTimestampGMT":"2019-06-28T04:30:00.0","calendarDate":"2019-06-28","sleepWindowConfirmationType":"UNCONFIRMED","retro":false},{"sleepStartTimestampGMT":"2019-06-28T23:42:00.0","sleepEndTimestampGMT":"2019-06-29T07:10:00.0","calendarDate":"2019-06-29","sleepWindowConfirmationType":"OFF_WRIST","deepSleepSeconds":0,"lightSleepSeconds":0,"awakeSleepSeconds":0,"unmeasurableSeconds":0,"retro":false},{"sleepStartTimestampGMT":"2019-06-29T20:49:00.0","sleepEndTimestampGMT":"2019-06-30T06:26:00.0","calendarDate":"2019-06-30","sleepWindowConfirmationType":"OFF_WRIST","deepSleepSeconds":0,"lightSleepSeconds":0,"awakeSleepSeconds":0,"unmeasurableSeconds":0,"retro":false},{"sleepStartTimestampGMT":"2019-06-30T20:01:00.0","sleepEndTimestampGMT":"2019-07-01T04:51:00.0","calendarDate":"2019-07-01","sleepWindowConfirmationType":"OFF_WRIST","deepSleepSeconds":0,"lightSleepSeconds":0,"awakeSleepSeconds":0,"unmeasurableSeconds":0,"retro":false},{"sleepStartTimestampGMT":"2019-07-01T20:36:00.0","sleepEndTimestampGMT":"2019-07-02T05:04:00.0","calendarDate":"2019-07-02","sleepWindowConfirmationType":"OFF_WRIST","deepSleepSeconds":0,"lightSleepSeconds":0,"awakeSleepSeconds":0,"unmeasurableSeconds":0,"retro":false},{"sleepStartTimestampGMT":"2019-07-02T22:07:00.0","sleepEndTimestampGMT":"2019-07-03T04:46:00.0","calendarDate":"2019-07-03","sleepWindowConfirmationType":"OFF_WRIST","deepSleepSeconds":0,"lightSleepSeconds":0,"awakeSleepSeconds":0,"unmeasurableSeconds":0,"retro":false},{"sleepStartTimestampGMT":"2019-07-03T22:56:00.0","sleepEndTimestampGMT":"2019-07-04T05:30:00.0","calendarDate":"2019-07-04","sleepWindowConfirmationType":"OFF_WRIST","deepSleepSeconds":0,"lightSleepSeconds":0,"awakeSleepSeconds":0,"unmeasurableSeconds":0,"retro":false},{"sleepStartTimestampGMT":"2019-07-04T21:27:00.0","sleepEndTimestampGMT":"2019-07-05T08:01:00.0","calendarDate":"2019-07-05","sleepWindowConfirmationType":"OFF_WRIST","deepSleepSeconds":0,"lightSleepSeconds":0,"awakeSleepSeconds":0,"unmeasurableSeconds":0,"retro":false},{"sleepStartTimestampGMT":"2019-07-05T22:15:00.0","sleepEndTimestampGMT":"2019-07-06T08:05:00.0","calendarDate":"2019-07-06","sleepWindowConfirmationType":"OFF_WRIST","deepSleepSeconds":0,"lightSleepSeconds":0,"awakeSleepSeconds":0,"unmeasurableSeconds":0,"retro":false},{"sleepStartTimestampGMT":"2019-07-06T21:33:00.0","sleepEndTimestampGMT":"2019-07-07T07:26:00.0","calendarDate":"2019-07-07","sleepWindowConfirmationType":"OFF_WRIST","deepSleepSeconds":0,"lightSleepSeconds":0,"awakeSleepSeconds":0,"unmeasurableSeconds":0,"retro":false},{"sleepStartTimestampGMT":"2019-07-07T22:05:00.0","sleepEndTimestampGMT":"2019-07-08T04:54:00.0","calendarDate":"2019-07-08","sleepWindowConfirmationType":"OFF_WRIST","deepSleepSeconds":0,"lightSleepSeconds":0,"awakeSleepSeconds":0,"unmeasurableSeconds":0,"retro":false},{"sleepStartTimestampGMT":"2019-07-08T22:06:00.0","sleepEndTimestampGMT":"2019-07-09T06:03:00.0","calendarDate":"2019-07-09","sleepWindowConfirmationType":"OFF_WRIST","deepSleepSeconds":0,"lightSleepSeconds":0,"awakeSleepSeconds":0,"unmeasurableSeconds":0,"retro":false},{"sleepStartTimestampGMT":"2019-07-09T21:23:00.0","sleepEndTimestampGMT":"2019-07-10T04:58:00.0","calendarDate":"2019-07-10","sleepWindowConfirmationType":"OFF_WRIST","deepSleepSeconds":0,"lightSleepSeconds":0,"awakeSleepSeconds":0,"unmeasurableSeconds":0,"retro":false},{"sleepStartTimestampGMT":"2019-07-10T20:01:00.0","sleepEndTimestampGMT":"2019-07-11T04:14:00.0","calendarDate":"2019-07-11","sleepWindowConfirmationType":"OFF_WRIST","deepSleepSeconds":0,"lightSleepSeconds":0,"awakeSleepSeconds":0,"unmeasurableSeconds":0,"retro":false},{"sleepStartTimestampGMT":"2019-07-11T21:13:00.0","sleepEndTimestampGMT":"2019-07-12T04:54:00.0","calendarDate":"2019-07-12","sleepWindowConfirmationType":"OFF_WRIST","deepSleepSeconds":0,"lightSleepSeconds":0,"awakeSleepSeconds":0,"unmeasurableSeconds":0,"retro":false},{"sleepStartTimestampGMT":"2019-07-12T23:45:00.0","sleepEndTimestampGMT":"2019-07-13T07:00:00.0","calendarDate":"2019-07-13","sleepWindowConfirmationType":"OFF_WRIST","deepSleepSeconds":0,"lightSleepSeconds":0,"awakeSleepSeconds":0,"unmeasurableSeconds":0,"retro":false},{"sleepStartTimestampGMT":"2019-07-13T22:41:00.0","sleepEndTimestampGMT":"2019-07-14T06:40:00.0","calendarDate":"2019-07-14","sleepWindowConfirmationType":"OFF_WRIST","deepSleepSeconds":0,"lightSleepSeconds":0,"awakeSleepSeconds":0,"unmeasurableSeconds":0,"retro":false},{"sleepStartTimestampGMT":"2019-07-14T20:01:00.0","sleepEndTimestampGMT":"2019-07-15T06:01:00.0","calendarDate":"2019-07-15","sleepWindowConfirmationType":"OFF_WRIST","deepSleepSeconds":0,"lightSleepSeconds":0,"awakeSleepSeconds":0,"unmeasurableSeconds":0,"retro":false},{"sleepStartTimestampGMT":"2019-07-15T21:20:00.0","sleepEndTimestampGMT":"2019-07-16T04:46:00.0","calendarDate":"2019-07-16","sleepWindowConfirmationType":"OFF_WRIST","deepSleepSeconds":0,"lightSleepSeconds":0,"awakeSleepSeconds":0,"unmeasurableSeconds":0,"retro":false},{"sleepStartTimestampGMT":"2019-07-16T21:36:00.0","sleepEndTimestampGMT":"2019-07-17T04:51:00.0","calendarDate":"2019-07-17","sleepWindowConfirmationType":"OFF_WRIST","deepSleepSeconds":0,"lightSleepSeconds":0,"awakeSleepSeconds":0,"unmeasurableSeconds":0,"retro":false},{"sleepStartTimestampGMT":"2019-07-17T21:26:00.0","sleepEndTimestampGMT":"2019-07-18T05:45:00.0","calendarDate":"2019-07-18","sleepWindowConfirmationType":"OFF_WRIST","deepSleepSeconds":0,"lightSleepSeconds":0,"awakeSleepSeconds":0,"unmeasurableSeconds":0,"retro":false},{"sleepStartTimestampGMT":"2019-07-18T21:53:00.0","sleepEndTimestampGMT":"2019-07-19T04:50:00.0","calendarDate":"2019-07-19","sleepWindowConfirmationType":"OFF_WRIST","deepSleepSeconds":0,"lightSleepSeconds":0,"awakeSleepSeconds":0,"unmeasurableSeconds":0,"retro":false},{"sleepStartTimestampGMT":"2019-07-19T21:17:00.0","sleepEndTimestampGMT":"2019-07-20T06:56:00.0","calendarDate":"2019-07-20","sleepWindowConfirmationType":"OFF_WRIST","deepSleepSeconds":0,"lightSleepSeconds":0,"awakeSleepSeconds":0,"unmeasurableSeconds":0,"retro":false},{"sleepStartTimestampGMT":"2019-07-20T21:17:00.0","sleepEndTimestampGMT":"2019-07-21T07:16:00.0","calendarDate":"2019-07-21","sleepWindowConfirmationType":"OFF_WRIST","deepSleepSeconds":0,"lightSleepSeconds":0,"awakeSleepSeconds":0,"unmeasurableSeconds":0,"retro":false},{"sleepStartTimestampGMT":"2019-07-21T20:28:00.0","sleepEndTimestampGMT":"2019-07-22T06:03:00.0","calendarDate":"2019-07-22","sleepWindowConfirmationType":"OFF_WRIST","deepSleepSeconds":0,"lightSleepSeconds":0,"awakeSleepSeconds":0,"unmeasurableSeconds":0,"retro":false},{"sleepStartTimestampGMT":"2019-07-22T22:22:00.0","sleepEndTimestampGMT":"2019-07-23T08:26:00.0","calendarDate":"2019-07-23","sleepWindowConfirmationType":"OFF_WRIST","deepSleepSeconds":0,"lightSleepSeconds":0,"awakeSleepSeconds":0,"unmeasurableSeconds":0,"retro":false},{"sleepStartTimestampGMT":"2019-07-23T20:01:00.0","sleepEndTimestampGMT":"2019-07-24T04:49:00.0","calendarDate":"2019-07-24","sleepWindowConfirmationType":"OFF_WRIST","deepSleepSeconds":0,"lightSleepSeconds":0,"awakeSleepSeconds":0,"unmeasurableSeconds":0,"retro":false},{"sleepStartTimestampGMT":"2019-07-24T20:15:00.0","sleepEndTimestampGMT":"2019-07-25T06:11:00.0","calendarDate":"2019-07-25","sleepWindowConfirmationType":"OFF_WRIST","deepSleepSeconds":0,"lightSleepSeconds":0,"awakeSleepSeconds":0,"unmeasurableSeconds":0,"retro":false},{"sleepStartTimestampGMT":"2019-07-25T22:21:00.0","sleepEndTimestampGMT":"2019-07-26T05:05:00.0","calendarDate":"2019-07-26","sleepWindowConfirmationType":"OFF_WRIST","deepSleepSeconds":0,"lightSleepSeconds":0,"awakeSleepSeconds":0,"unmeasurableSeconds":0,"retro":false},{"sleepStartTimestampGMT":"2019-07-26T21:30:00.0","sleepEndTimestampGMT":"2019-07-27T04:30:00.0","calendarDate":"2019-07-27","sleepWindowConfirmationType":"UNCONFIRMED","retro":false},{"sleepStartTimestampGMT":"2019-07-27T21:57:00.0","sleepEndTimestampGMT":"2019-07-28T08:16:00.0","calendarDate":"2019-07-28","sleepWindowConfirmationType":"OFF_WRIST","deepSleepSeconds":0,"lightSleepSeconds":0,"awakeSleepSeconds":0,"unmeasurableSeconds":0,"retro":false},{"sleepStartTimestampGMT":"2019-07-28T20:17:00.0","sleepEndTimestampGMT":"2019-07-29T04:41:00.0","calendarDate":"2019-07-29","sleepWindowConfirmationType":"OFF_WRIST","deepSleepSeconds":0,"lightSleepSeconds":0,"awakeSleepSeconds":0,"unmeasurableSeconds":0,"retro":false},{"sleepStartTimestampGMT":"2019-07-29T20:16:00.0","sleepEndTimestampGMT":"2019-07-30T04:53:00.0","calendarDate":"2019-07-30","sleepWindowConfirmationType":"OFF_WRIST","deepSleepSeconds":0,"lightSleepSeconds":0,"awakeSleepSeconds":0,"unmeasurableSeconds":0,"retro":false},{"sleepStartTimestampGMT":"2019-07-30T21:09:00.0","sleepEndTimestampGMT":"2019-07-31T05:08:00.0","calendarDate":"2019-07-31","sleepWindowConfirmationType":"OFF_WRIST","deepSleepSeconds":0,"lightSleepSeconds":0,"awakeSleepSeconds":0,"unmeasurableSeconds":0,"retro":false},{"sleepStartTimestampGMT":"2019-07-31T20:55:00.0","sleepEndTimestampGMT":"2019-08-01T04:54:00.0","calendarDate":"2019-08-01","sleepWindowConfirmationType":"OFF_WRIST","deepSleepSeconds":0,"lightSleepSeconds":0,"awakeSleepSeconds":0,"unmeasurableSeconds":0,"retro":false},{"sleepStartTimestampGMT":"2019-08-01T22:37:00.0","sleepEndTimestampGMT":"2019-08-02T08:01:00.0","calendarDate":"2019-08-02","sleepWindowConfirmationType":"OFF_WRIST","deepSleepSeconds":0,"lightSleepSeconds":0,"awakeSleepSeconds":0,"unmeasurableSeconds":0,"retro":false},{"sleepStartTimestampGMT":"2019-08-02T21:13:00.0","sleepEndTimestampGMT":"2019-08-03T06:45:00.0","calendarDate":"2019-08-03","sleepWindowConfirmationType":"OFF_WRIST","deepSleepSeconds":0,"lightSleepSeconds":0,"awakeSleepSeconds":0,"unmeasurableSeconds":0,"retro":false},{"sleepStartTimestampGMT":"2019-08-03T22:31:00.0","sleepEndTimestampGMT":"2019-08-04T08:20:00.0","calendarDate":"2019-08-04","sleepWindowConfirmationType":"OFF_WRIST","deepSleepSeconds":0,"lightSleepSeconds":0,"awakeSleepSeconds":0,"unmeasurableSeconds":0,"retro":false},{"sleepStartTimestampGMT":"2019-08-04T21:53:00.0","sleepEndTimestampGMT":"2019-08-05T06:05:00.0","calendarDate":"2019-08-05","sleepWindowConfirmationType":"OFF_WRIST","deepSleepSeconds":0,"lightSleepSeconds":0,"awakeSleepSeconds":0,"unmeasurableSeconds":0,"retro":false},{"sleepStartTimestampGMT":"2019-08-05T22:49:00.0","sleepEndTimestampGMT":"2019-08-06T06:02:00.0","calendarDate":"2019-08-06","sleepWindowConfirmationType":"OFF_WRIST","deepSleepSeconds":0,"lightSleepSeconds":0,"awakeSleepSeconds":0,"unmeasurableSeconds":0,"retro":false},{"sleepStartTimestampGMT":"2019-08-06T20:59:00.0","sleepEndTimestampGMT":"2019-08-07T05:05:00.0","calendarDate":"2019-08-07","sleepWindowConfirmationType":"OFF_WRIST","deepSleepSeconds":0,"lightSleepSeconds":0,"awakeSleepSeconds":0,"unmeasurableSeconds":0,"retro":false},{"sleepStartTimestampGMT":"2019-08-07T21:03:00.0","sleepEndTimestampGMT":"2019-08-08T05:10:00.0","calendarDate":"2019-08-08","sleepWindowConfirmationType":"OFF_WRIST","deepSleepSeconds":0,"lightSleepSeconds":0,"awakeSleepSeconds":0,"unmeasurableSeconds":0,"retro":false}]