[{"sleepStartTimestampGMT":"2019-11-25T22:30:00.0","sleepEndTimestampGMT":"2019-11-26T05:30:00.0","calendarDate":"2019-11-26","sleepWindowConfirmationType":"UNCONFIRMED","retro":false},{"sleepStartTimestampGMT":"2019-12-24T23:22:00.0","sleepEndTimestampGMT":"2019-12-25T09:06:00.0","calendarDate":"2019-12-25","sleepWindowConfirmationType":"AUTO_CONFIRMED_FINAL","deepSleepSeconds":34980,"lightSleepSeconds":60,"awakeSleepSeconds":0,"unmeasurableSeconds":0,"retro":false},{"sleepStartTimestampGMT":"2019-12-25T23:53:00.0","sleepEndTimestampGMT":"2019-12-26T09:29:00.0","calendarDate":"2019-12-26","sleepWindowConfirmationType":"AUTO_CONFIRMED_FINAL","deepSleepSeconds":34320,"lightSleepSeconds":240,"awakeSleepSeconds":0,"unmeasurableSeconds":0,"retro":false},{"sleepStartTimestampGMT":"2019-12-27T00:30:00.0","sleepEndTimestampGMT":"2019-12-27T09:00:00.0","calendarDate":"2019-12-27","sleepWindowConfirmationType":"AUTO_CONFIRMED_FINAL","deepSleepSeconds":29460,"lightSleepSeconds":840,"awakeSleepSeconds":300,"unmeasurableSeconds":0,"retro":false},{"sleepStartTimestampGMT":"2019-12-27T23:07:00.0","sleepEndTimestampGMT":"2019-12-28T09:21:00.0","calendarDate":"2019-12-28","sleepWindowConfirmationType":"AUTO_CONFIRMED_FINAL","deepSleepSeconds":36300,"lightSleepSeconds":540,"awakeSleepSeconds":0,"unmeasurableSeconds":0,"retro":false},{"sleepStartTimestampGMT":"2019-12-28T21:27:00.0","sleepEndTimestampGMT":"2019-12-29T09:01:00.0","calendarDate":"2019-12-29","sleepWindowConfirmationType":"AUTO_CONFIRMED_FINAL","deepSleepSeconds":41640,"lightSleepSeconds":0,"awakeSleepSeconds":0,"unmeasurableSeconds":0,"retro":false},{"sleepStartTimestampGMT":"2019-12-29T21:22:00.0","sleepEndTimestampGMT":"2019-12-30T08:16:00.0","calendarDate":"2019-12-30","sleepWindowConfirmationType":"AUTO_CONFIRMED_FINAL","deepSleepSeconds":39240,"lightSleepSeconds":0,"awakeSleepSeconds":0,"unmeasurableSeconds":0,"retro":false},{"sleepStartTimestampGMT":"2019-12-30T21:27:00.0","sleepEndTimestampGMT":"2019-12-31T08:56:00.0","calendarDate":"2019-12-31","sleepWindowConfirmationType":"AUTO_CONFIRMED_FINAL","deepSleepSeconds":41340,"lightSleepSeconds":0,"awakeSleepSeconds":0,"unmeasurableSeconds":0,"retro":false},{"sleepStartTimestampGMT":"2019-12-31T23:38:00.0","sleepEndTimestampGMT":"2020-01-01T09:29:00.0","calendarDate":"2020-01-01","sleepWindowConfirmationType":"AUTO_CONFIRMED_FINAL","deepSleepSeconds":35160,"lightSleepSeconds":300,"awakeSleepSeconds":0,"unmeasurableSeconds":0,"retro":false},{"sleepStartTimestampGMT":"2020-01-01T22:41:00.0","sleepEndTimestampGMT":"2020-01-02T08:30:00.0","calendarDate":"2020-01-02","sleepWindowConfirmationType":"AUTO_CONFIRMED_FINAL","deepSleepSeconds":17580,"lightSleepSeconds":15480,"awakeSleepSeconds":2280,"unmeasurableSeconds":0,"retro":false},{"sleepStartTimestampGMT":"2020-01-02T21:27:00.0","sleepEndTimestampGMT":"2020-01-03T09:01:00.0","calendarDate":"2020-01-03","sleepWindowConfirmationType":"AUTO_CONFIRMED_FINAL","deepSleepSeconds":41640,"lightSleepSeconds":0,"awakeSleepSeconds":0,"unmeasurableSeconds":0,"retro":false},{"sleepStartTimestampGMT":"2020-01-03T21:33:00.0","sleepEndTimestampGMT":"2020-01-04T09:01:00.0","calendarDate":"2020-01-04","sleepWindowConfirmationType":"AUTO_CONFIRMED_FINAL","deepSleepSeconds":41280,"lightSleepSeconds":0,"awakeSleepSeconds":0,"unmeasurableSeconds":0,"retro":false},{"sleepStartTimestampGMT":"2020-01-11T22:30:00.0","sleepEndTimestampGMT":"2020-01-12T05:30:00.0","calendarDate":"2020-01-12","sleepWindowConfirmationType":"UNCONFIRMED","retro":false},{"sleepStartTimestampGMT":"2020-01-12T23:33:00.0","sleepEndTimestampGMT":"2020-01-13T06:38:00.0","calendarDate":"2020-01-13","sleepWindowConfirmationType":"OFF_WRIST","deepSleepSeconds":0,"lightSleepSeconds":0,"awakeSleepSeconds":0,"unmeasurableSeconds":0,"retro":false},{"sleepStartTimestampGMT":"2020-01-13T22:41:00.0","sleepEndTimestampGMT":"2020-01-14T07:03:00.0","calendarDate":"2020-01-14","sleepWindowConfirmationType":"OFF_WRIST","deepSleepSeconds":0,"lightSleepSeconds":0,"awakeSleepSeconds":0,"unmeasurableSeconds":0,"retro":false},{"sleepStartTimestampGMT":"2020-01-14T22:55:00.0","sleepEndTimestampGMT":"2020-01-15T06:40:00.0","calendarDate":"2020-01-15","sleepWindowConfirmationType":"OFF_WRIST","deepSleepSeconds":0,"lightSleepSeconds":0,"awakeSleepSeconds":0,"unmeasurableSeconds":0,"retro":false},{"sleepStartTimestampGMT":"2020-01-15T22:48:00.0","sleepEndTimestampGMT":"2020-01-16T06:46:00.0","calendarDate":"2020-01-16","sleepWindowConfirmationType":"OFF_WRIST","deepSleepSeconds":0,"lightSleepSeconds":0,"awakeSleepSeconds":0,"unmeasurableSeconds":0,"retro":false},{"sleepStartTimestampGMT":"2020-01-18T22:30:00.0","sleepEndTimestampGMT":"2020-01-19T05:30:00.0","calendarDate":"2020-01-19","sleepWindowConfirmationType":"UNCONFIRMED","retro":false},{"sleepStartTimestampGMT":"2020-01-19T21:01:00.0","sleepEndTimestampGMT":"2020-01-20T06:55:00.0","calendarDate":"2020-01-20","sleepWindowConfirmationType":"OFF_WRIST","deepSleepSeconds":0,"lightSleepSeconds":0,"awakeSleepSeconds":0,"unmeasurableSeconds":0,"retro":false},{"sleepStartTimestampGMT":"2020-01-20T22:15:00.0","sleepEndTimestampGMT":"2020-01-21T07:16:00.0","calendarDate":"2020-01-21","sleepWindowConfirmationType":"OFF_WRIST","deepSleepSeconds":0,"lightSleepSeconds":0,"awakeSleepSeconds":0,"unmeasurableSeconds":0,"retro":false},{"sleepStartTimestampGMT":"2020-01-21T22:41:00.0","sleepEndTimestampGMT":"2020-01-22T06:00:00.0","calendarDate":"2020-01-22","sleepWindowConfirmationType":"OFF_WRIST","deepSleepSeconds":0,"lightSleepSeconds":0,"awakeSleepSeconds":0,"unmeasurableSeconds":0,"retro":false},{"sleepStartTimestampGMT":"2020-01-22T22:54:00.0","sleepEndTimestampGMT":"2020-01-23T06:57:00.0","calendarDate":"2020-01-23","sleepWindowConfirmationType":"OFF_WRIST","deepSleepSeconds":0,"lightSleepSeconds":0,"awakeSleepSeconds":0,"unmeasurableSeconds":0,"retro":false},{"sleepStartTimestampGMT":"2020-01-23T23:35:00.0","sleepEndTimestampGMT":"2020-01-24T06:41:00.0","calendarDate":"2020-01-24","sleepWindowConfirmationType":"OFF_WRIST","deepSleepSeconds":0,"lightSleepSeconds":0,"awakeSleepSeconds":0,"unmeasurableSeconds":0,"retro":false},{"sleepStartTimestampGMT":"2020-01-24T22:30:00.0","sleepEndTimestampGMT":"2020-01-25T05:30:00.0","calendarDate":"2020-01-25","sleepWindowConfirmationType":"UNCONFIRMED","retro":false},{"sleepStartTimestampGMT":"2020-01-25T21:32:00.0","sleepEndTimestampGMT":"2020-01-26T09:01:00.0","calendarDate":"2020-01-26","sleepWindowConfirmationType":"OFF_WRIST","deepSleepSeconds":0,"lightSleepSeconds":0,"awakeSleepSeconds":0,"unmeasurableSeconds":0,"retro":false},{"sleepStartTimestampGMT":"2020-01-26T21:02:00.0","sleepEndTimestampGMT":"2020-01-27T06:11:00.0","calendarDate":"2020-01-27","sleepWindowConfirmationType":"OFF_WRIST","deepSleepSeconds":0,"lightSleepSeconds":0,"awakeSleepSeconds":0,"unmeasurableSeconds":0,"retro":false},{"sleepStartTimestampGMT":"2020-01-27T23:29:00.0","sleepEndTimestampGMT":"2020-01-28T07:15:00.0","calendarDate":"2020-01-28","sleepWindowConfirmationType":"OFF_WRIST","deepSleepSeconds":0,"lightSleepSeconds":0,"awakeSleepSeconds":0,"unmeasurableSeconds":0,"retro":false},{"sleepStartTimestampGMT":"2020-01-28T23:34:00.0","sleepEndTimestampGMT":"2020-01-29T07:16:00.0","calendarDate":"2020-01-29","sleepWindowConfirmationType":"OFF_WRIST","deepSleepSeconds":0,"lightSleepSeconds":0,"awakeSleepSeconds":0,"unmeasurableSeconds":0,"retro":false},{"sleepStartTimestampGMT":"2020-01-29T21:42:00.0","sleepEndTimestampGMT":"2020-01-30T06:18:00.0","calendarDate":"2020-01-30","sleepWindowConfirmationType":"OFF_WRIST","deepSleepSeconds":0,"lightSleepSeconds":0,"awakeSleepSeconds":0,"unmeasurableSeconds":0,"retro":false},{"sleepStartTimestampGMT":"2020-01-30T21:22:00.0","sleepEndTimestampGMT":"2020-01-31T02:56:00.0","calendarDate":"2020-01-31","sleepWindowConfirmationType":"OFF_WRIST","deepSleepSeconds":0,"lightSleepSeconds":0,"awakeSleepSeconds":0,"unmeasurableSeconds":0,"retro":false},{"sleepStartTimestampGMT":"2020-02-02T22:30:00.0","sleepEndTimestampGMT":"2020-02-03T05:30:00.0","calendarDate":"2020-02-03","sleepWindowConfirmationType":"UNCONFIRMED","retro":false},{"sleepStartTimestampGMT":"2020-02-03T22:41:00.0","sleepEndTimestampGMT":"2020-02-04T06:30:00.0","calendarDate":"2020-02-04","sleepWindowConfirmationType":"OFF_WRIST","deepSleepSeconds":0,"lightSleepSeconds":0,"awakeSleepSeconds":0,"unmeasurableSeconds":0,"retro":false},{"sleepStartTimestampGMT":"2020-02-04T23:39:00.0","sleepEndTimestampGMT":"2020-02-05T09:29:00.0","calendarDate":"2020-02-05","sleepWindowConfirmationType":"OFF_WRIST","deepSleepSeconds":0,"lightSleepSeconds":0,"awakeSleepSeconds":0,"unmeasurableSeconds":0,"retro":false},{"sleepStartTimestampGMT":"2020-02-05T21:32:00.0","sleepEndTimestampGMT":"2020-02-06T09:01:00.0","calendarDate":"2020-02-06","sleepWindowConfirmationType":"OFF_WRIST","deepSleepSeconds":0,"lightSleepSeconds":0,"awakeSleepSeconds":0,"unmeasurableSeconds":0,"retro":false},{"sleepStartTimestampGMT":"2020-02-06T21:27:00.0","sleepEndTimestampGMT":"2020-02-07T09:01:00.0","calendarDate":"2020-02-07","sleepWindowConfirmationType":"OFF_WRIST","deepSleepSeconds":0,"lightSleepSeconds":0,"awakeSleepSeconds":0,"unmeasurableSeconds":0,"retro":false},{"sleepStartTimestampGMT":"2020-02-07T21:22:00.0","sleepEndTimestampGMT":"2020-02-08T07:51:00.0","calendarDate":"2020-02-08","sleepWindowConfirmationType":"OFF_WRIST","deepSleepSeconds":0,"lightSleepSeconds":0,"awakeSleepSeconds":0,"unmeasurableSeconds":0,"retro":false},{"sleepStartTimestampGMT":"2020-02-08T21:27:00.0","sleepEndTimestampGMT":"2020-02-09T09:00:00.0","calendarDate":"2020-02-09","sleepWindowConfirmationType":"OFF_WRIST","deepSleepSeconds":0,"lightSleepSeconds":0,"awakeSleepSeconds":0,"unmeasurableSeconds":0,"retro":false},{"sleepStartTimestampGMT":"2020-02-09T21:01:00.0","sleepEndTimestampGMT":"2020-02-10T06:22:00.0","calendarDate":"2020-02-10","sleepWindowConfirmationType":"OFF_WRIST","deepSleepSeconds":0,"lightSleepSeconds":0,"awakeSleepSeconds":0,"unmeasurableSeconds":0,"retro":false},{"sleepStartTimestampGMT":"2020-02-10T22:27:00.0","sleepEndTimestampGMT":"2020-02-11T08:56:00.0","calendarDate":"2020-02-11","sleepWindowConfirmationType":"OFF_WRIST","deepSleepSeconds":0,"lightSleepSeconds":0,"awakeSleepSeconds":0,"unmeasurableSeconds":0,"retro":false},{"sleepStartTimestampGMT":"2020-02-11T23:21:00.0","sleepEndTimestampGMT":"2020-02-12T07:26:00.0","calendarDate":"2020-02-12","sleepWindowConfirmationType":"OFF_WRIST","deepSleepSeconds":0,"lightSleepSeconds":0,"awakeSleepSeconds":0,"unmeasurableSeconds":0,"retro":false},{"sleepStartTimestampGMT":"2020-02-13T00:13:00.0","sleepEndTimestampGMT":"2020-02-13T07:35:00.0","calendarDate":"2020-02-13","sleepWindowConfirmationType":"OFF_WRIST","deepSleepSeconds":0,"lightSleepSeconds":0,"awakeSleepSeconds":0,"unmeasurableSeconds":0,"retro":false},{"sleepStartTimestampGMT":"2020-02-13T23:47:00.0","sleepEndTimestampGMT":"2020-02-14T06:36:00.0","calendarDate":"2020-02-14","sleepWindowConfirmationType":"OFF_WRIST","deepSleepSeconds":0,"lightSleepSeconds":0,"awakeSleepSeconds":0,"unmeasurableSeconds":0,"retro":false},{"sleepStartTimestampGMT":"2020-02-16T00:48:00.0","sleepEndTimestampGMT":"2020-02-16T08:17:00.0","calendarDate":"2020-02-16","sleepWindowConfirmationType":"OFF_WRIST","deepSleepSeconds":0,"lightSleepSeconds":0,"awakeSleepSeconds":0,"unmeasurableSeconds":0,"retro":false},{"sleepStartTimestampGMT":"2020-02-16T22:23:00.0","sleepEndTimestampGMT":"2020-02-17T06:14:00.0","calendarDate":"2020-02-17","sleepWindowConfirmationType":"OFF_WRIST","deepSleepSeconds":0,"lightSleepSeconds":0,"awakeSleepSeconds":0,"unmeasurableSeconds":0,"retro":false},{"sleepStartTimestampGMT":"2020-02-17T23:43:00.0","sleepEndTimestampGMT":"2020-02-18T06:23:00.0","calendarDate":"2020-02-18","sleepWindowConfirmationType":"OFF_WRIST","deepSleepSeconds":0,"lightSleepSeconds":0,"awakeSleepSeconds":0,"unmeasurableSeconds":0,"retro":false},{"sleepStartTimestampGMT":"2020-02-18T23:18:00.0","sleepEndTimestampGMT":"2020-02-19T06:29:00.0","calendarDate":"2020-02-19","sleepWindowConfirmationType":"OFF_WRIST","deepSleepSeconds":0,"lightSleepSeconds":0,"awakeSleepSeconds":0,"unmeasurableSeconds":0,"retro":false},{"sleepStartTimestampGMT":"2020-02-19T22:59:00.0","sleepEndTimestampGMT":"2020-02-20T06:28:00.0","calendarDate":"2020-02-20","sleepWindowConfirmationType":"OFF_WRIST","deepSleepSeconds":0,"lightSleepSeconds":0,"awakeSleepSeconds":0,"unmeasurableSeconds":0,"retro":false},{"sleepStartTimestampGMT":"2020-02-21T00:30:00.0","sleepEndTimestampGMT":"2020-02-21T06:24:00.0","calendarDate":"2020-02-21","sleepWindowConfirmationType":"OFF_WRIST","deepSleepSeconds":0,"lightSleepSeconds":0,"awakeSleepSeconds":0,"unmeasurableSeconds":0,"retro":false},{"sleepStartTimestampGMT":"2020-02-22T22:30:00.0","sleepEndTimestampGMT":"2020-02-23T05:30:00.0","calendarDate":"2020-02-23","sleepWindowConfirmationType":"UNCONFIRMED","retro":false},{"sleepStartTimestampGMT":"2020-02-23T21:27:00.0","sleepEndTimestampGMT":"2020-02-24T08:56:00.0","calendarDate":"2020-02-24","sleepWindowConfirmationType":"OFF_WRIST","deepSleepSeconds":0,"lightSleepSeconds":0,"awakeSleepSeconds":0,"unmeasurableSeconds":0,"retro":false}]