[{"sleepStartTimestampGMT":"2019-08-08T21:12:00.0","sleepEndTimestampGMT":"2019-08-09T07:06:00.0","calendarDate":"2019-08-09","sleepWindowConfirmationType":"OFF_WRIST","deepSleepSeconds":0,"lightSleepSeconds":0,"awakeSleepSeconds":0,"unmeasurableSeconds":0,"retro":false},{"sleepStartTimestampGMT":"2019-08-09T20:27:00.0","sleepEndTimestampGMT":"2019-08-10T06:21:00.0","calendarDate":"2019-08-10","sleepWindowConfirmationType":"OFF_WRIST","deepSleepSeconds":0,"lightSleepSeconds":0,"awakeSleepSeconds":0,"unmeasurableSeconds":0,"retro":false},{"sleepStartTimestampGMT":"2019-08-10T22:07:00.0","sleepEndTimestampGMT":"2019-08-11T08:21:00.0","calendarDate":"2019-08-11","sleepWindowConfirmationType":"OFF_WRIST","deepSleepSeconds":0,"lightSleepSeconds":0,"awakeSleepSeconds":0,"unmeasurableSeconds":0,"retro":false},{"sleepStartTimestampGMT":"2019-08-11T21:30:00.0","sleepEndTimestampGMT":"2019-08-12T04:30:00.0","calendarDate":"2019-08-12","sleepWindowConfirmationType":"UNCONFIRMED","retro":false},{"sleepStartTimestampGMT":"2019-08-12T20:12:00.0","sleepEndTimestampGMT":"2019-08-13T06:36:00.0","calendarDate":"2019-08-13","sleepWindowConfirmationType":"OFF_WRIST","deepSleepSeconds":0,"lightSleepSeconds":0,"awakeSleepSeconds":0,"unmeasurableSeconds":0,"retro":false},{"sleepStartTimestampGMT":"2019-08-13T21:21:00.0","sleepEndTimestampGMT":"2019-08-14T06:01:00.0","calendarDate":"2019-08-14","sleepWindowConfirmationType":"OFF_WRIST","deepSleepSeconds":0,"lightSleepSeconds":0,"awakeSleepSeconds":0,"unmeasurableSeconds":0,"retro":false},{"sleepStartTimestampGMT":"2019-08-14T21:57:00.0","sleepEndTimestampGMT":"2019-08-15T08:21:00.0","calendarDate":"2019-08-15","sleepWindowConfirmationType":"OFF_WRIST","deepSleepSeconds":0,"lightSleepSeconds":0,"awakeSleepSeconds":0,"unmeasurableSeconds":0,"retro":false},{"sleepStartTimestampGMT":"2019-08-15T22:07:00.0","sleepEndTimestampGMT":"2019-08-16T08:21:00.0","calendarDate":"2019-08-16","sleepWindowConfirmationType":"OFF_WRIST","deepSleepSeconds":0,"lightSleepSeconds":0,"awakeSleepSeconds":0,"unmeasurableSeconds":0,"retro":false},{"sleepStartTimestampGMT":"2019-08-17T02:56:00.0","sleepEndTimestampGMT":"2019-08-17T07:40:00.0","calendarDate":"2019-08-17","sleepWindowConfirmationType":"OFF_WRIST","deepSleepSeconds":0,"lightSleepSeconds":0,"awakeSleepSeconds":0,"unmeasurableSeconds":0,"retro":false},{"sleepStartTimestampGMT":"2019-08-18T03:56:00.0","sleepEndTimestampGMT":"2019-08-18T08:29:00.0","calendarDate":"2019-08-18","sleepWindowConfirmationType":"OFF_WRIST","deepSleepSeconds":0,"lightSleepSeconds":0,"awakeSleepSeconds":0,"unmeasurableSeconds":0,"retro":false},{"sleepStartTimestampGMT":"2019-08-18T21:43:00.0","sleepEndTimestampGMT":"2019-08-19T06:55:00.0","calendarDate":"2019-08-19","sleepWindowConfirmationType":"OFF_WRIST","deepSleepSeconds":0,"lightSleepSeconds":0,"awakeSleepSeconds":0,"unmeasurableSeconds":0,"retro":false},{"sleepStartTimestampGMT":"2019-08-19T20:30:00.0","sleepEndTimestampGMT":"2019-08-20T05:15:00.0","calendarDate":"2019-08-20","sleepWindowConfirmationType":"OFF_WRIST","deepSleepSeconds":0,"lightSleepSeconds":0,"awakeSleepSeconds":0,"unmeasurableSeconds":0,"retro":false},{"sleepStartTimestampGMT":"2019-08-20T20:27:00.0","sleepEndTimestampGMT":"2019-08-21T07:56:00.0","calendarDate":"2019-08-21","sleepWindowConfirmationType":"OFF_WRIST","deepSleepSeconds":0,"lightSleepSeconds":0,"awakeSleepSeconds":0,"unmeasurableSeconds":0,"retro":false},{"sleepStartTimestampGMT":"2019-08-21T20:27:00.0","sleepEndTimestampGMT":"2019-08-22T07:56:00.0","calendarDate":"2019-08-22","sleepWindowConfirmationType":"OFF_WRIST","deepSleepSeconds":0,"lightSleepSeconds":0,"awakeSleepSeconds":0,"unmeasurableSeconds":0,"retro":false},{"sleepStartTimestampGMT":"2019-08-22T20:27:00.0","sleepEndTimestampGMT":"2019-08-23T08:01:00.0","calendarDate":"2019-08-23","sleepWindowConfirmationType":"OFF_WRIST","deepSleepSeconds":0,"lightSleepSeconds":0,"awakeSleepSeconds":0,"unmeasurableSeconds":0,"retro":false},{"sleepStartTimestampGMT":"2019-08-23T20:24:00.0","sleepEndTimestampGMT":"2019-08-24T05:46:00.0","calendarDate":"2019-08-24","sleepWindowConfirmationType":"OFF_WRIST","deepSleepSeconds":0,"lightSleepSeconds":0,"awakeSleepSeconds":0,"unmeasurableSeconds":0,"retro":false},{"sleepStartTimestampGMT":"2019-08-24T23:19:00.0","sleepEndTimestampGMT":"2019-08-25T07:38:00.0","calendarDate":"2019-08-25","sleepWindowConfirmationType":"OFF_WRIST","deepSleepSeconds":0,"lightSleepSeconds":0,"awakeSleepSeconds":0,"unmeasurableSeconds":0,"retro":false},{"sleepStartTimestampGMT":"2019-08-25T22:07:00.0","sleepEndTimestampGMT":"2019-08-26T05:04:00.0","calendarDate":"2019-08-26","sleepWindowConfirmationType":"OFF_WRIST","deepSleepSeconds":0,"lightSleepSeconds":0,"awakeSleepSeconds":0,"unmeasurableSeconds":0,"retro":false},{"sleepStartTimestampGMT":"2019-08-26T21:52:00.0","sleepEndTimestampGMT":"2019-08-27T08:16:00.0","calendarDate":"2019-08-27","sleepWindowConfirmationType":"OFF_WRIST","deepSleepSeconds":0,"lightSleepSeconds":0,"awakeSleepSeconds":0,"unmeasurableSeconds":0,"retro":false},{"sleepStartTimestampGMT":"2019-08-27T21:40:00.0","sleepEndTimestampGMT":"2019-08-28T05:05:00.0","calendarDate":"2019-08-28","sleepWindowConfirmationType":"OFF_WRIST","deepSleepSeconds":0,"lightSleepSeconds":0,"awakeSleepSeconds":0,"unmeasurableSeconds":0,"retro":false},{"sleepStartTimestampGMT":"2019-08-28T22:35:00.0","sleepEndTimestampGMT":"2019-08-29T06:31:00.0","calendarDate":"2019-08-29","sleepWindowConfirmationType":"OFF_WRIST","deepSleepSeconds":0,"lightSleepSeconds":0,"awakeSleepSeconds":0,"unmeasurableSeconds":0,"retro":false},{"sleepStartTimestampGMT":"2019-08-29T21:39:00.0","sleepEndTimestampGMT":"2019-08-30T06:29:00.0","calendarDate":"2019-08-30","sleepWindowConfirmationType":"OFF_WRIST","deepSleepSeconds":0,"lightSleepSeconds":0,"awakeSleepSeconds":0,"unmeasurableSeconds":0,"retro":false},{"sleepStartTimestampGMT":"2019-08-30T23:40:00.0","sleepEndTimestampGMT":"2019-08-31T08:29:00.0","calendarDate":"2019-08-31","sleepWindowConfirmationType":"OFF_WRIST","deepSleepSeconds":0,"lightSleepSeconds":0,"awakeSleepSeconds":0,"unmeasurableSeconds":0,"retro":false},{"sleepStartTimestampGMT":"2019-08-31T21:30:00.0","sleepEndTimestampGMT":"2019-09-01T04:30:00.0","calendarDate":"2019-09-01","sleepWindowConfirmationType":"UNCONFIRMED","retro":false},{"sleepStartTimestampGMT":"2019-09-01T20:58:00.0","sleepEndTimestampGMT":"2019-09-02T05:03:00.0","calendarDate":"2019-09-02","sleepWindowConfirmationType":"OFF_WRIST","deepSleepSeconds":0,"lightSleepSeconds":0,"awakeSleepSeconds":0,"unmeasurableSeconds":0,"retro":false},{"sleepStartTimestampGMT":"2019-09-02T21:12:00.0","sleepEndTimestampGMT":"2019-09-03T04:47:00.0","calendarDate":"2019-09-03","sleepWindowConfirmationType":"OFF_WRIST","deepSleepSeconds":0,"lightSleepSeconds":0,"awakeSleepSeconds":0,"unmeasurableSeconds":0,"retro":false},{"sleepStartTimestampGMT":"2019-09-03T21:13:00.0","sleepEndTimestampGMT":"2019-09-04T04:51:00.0","calendarDate":"2019-09-04","sleepWindowConfirmationType":"OFF_WRIST","deepSleepSeconds":0,"lightSleepSeconds":0,"awakeSleepSeconds":0,"unmeasurableSeconds":0,"retro":false},{"sleepStartTimestampGMT":"2019-09-04T20:02:00.0","sleepEndTimestampGMT":"2019-09-05T05:56:00.0","calendarDate":"2019-09-05","sleepWindowConfirmationType":"OFF_WRIST","deepSleepSeconds":0,"lightSleepSeconds":0,"awakeSleepSeconds":0,"unmeasurableSeconds":0,"retro":false},{"sleepStartTimestampGMT":"2019-09-05T21:58:00.0","sleepEndTimestampGMT":"2019-09-06T04:49:00.0","calendarDate":"2019-09-06","sleepWindowConfirmationType":"OFF_WRIST","deepSleepSeconds":0,"lightSleepSeconds":0,"awakeSleepSeconds":0,"unmeasurableSeconds":0,"retro":false},{"sleepStartTimestampGMT":"2019-09-06T20:22:00.0","sleepEndTimestampGMT":"2019-09-07T07:21:00.0","calendarDate":"2019-09-07","sleepWindowConfirmationType":"OFF_WRIST","deepSleepSeconds":0,"lightSleepSeconds":0,"awakeSleepSeconds":0,"unmeasurableSeconds":0,"retro":false},{"sleepStartTimestampGMT":"2019-09-08T00:37:00.0","sleepEndTimestampGMT":"2019-09-08T08:14:00.0","calendarDate":"2019-09-08","sleepWindowConfirmationType":"OFF_WRIST","deepSleepSeconds":0,"lightSleepSeconds":0,"awakeSleepSeconds":0,"unmeasurableSeconds":0,"retro":false},{"sleepStartTimestampGMT":"2019-09-08T20:18:00.0","sleepEndTimestampGMT":"2019-09-09T05:09:00.0","calendarDate":"2019-09-09","sleepWindowConfirmationType":"OFF_WRIST","deepSleepSeconds":0,"lightSleepSeconds":0,"awakeSleepSeconds":0,"unmeasurableSeconds":0,"retro":false},{"sleepStartTimestampGMT":"2019-09-09T20:54:00.0","sleepEndTimestampGMT":"2019-09-10T04:50:00.0","calendarDate":"2019-09-10","sleepWindowConfirmationType":"OFF_WRIST","deepSleepSeconds":0,"lightSleepSeconds":0,"awakeSleepSeconds":0,"unmeasurableSeconds":0,"retro":false},{"sleepStartTimestampGMT":"2019-09-10T20:14:00.0","sleepEndTimestampGMT":"2019-09-11T04:50:00.0","calendarDate":"2019-09-11","sleepWindowConfirmationType":"OFF_WRIST","deepSleepSeconds":0,"lightSleepSeconds":0,"awakeSleepSeconds":0,"unmeasurableSeconds":0,"retro":false},{"sleepStartTimestampGMT":"2019-09-11T22:04:00.0","sleepEndTimestampGMT":"2019-09-12T06:21:00.0","calendarDate":"2019-09-12","sleepWindowConfirmationType":"OFF_WRIST","deepSleepSeconds":0,"lightSleepSeconds":0,"awakeSleepSeconds":0,"unmeasurableSeconds":0,"retro":false},{"sleepStartTimestampGMT":"2019-09-12T21:45:00.0","sleepEndTimestampGMT":"2019-09-13T05:08:00.0","calendarDate":"2019-09-13","sleepWindowConfirmationType":"OFF_WRIST","deepSleepSeconds":0,"lightSleepSeconds":0,"awakeSleepSeconds":0,"unmeasurableSeconds":0,"retro":false},{"sleepStartTimestampGMT":"2019-09-13T21:41:00.0","sleepEndTimestampGMT":"2019-09-14T07:06:00.0","calendarDate":"2019-09-14","sleepWindowConfirmationType":"OFF_WRIST","deepSleepSeconds":0,"lightSleepSeconds":0,"awakeSleepSeconds":0,"unmeasurableSeconds":0,"retro":false},{"sleepStartTimestampGMT":"2019-09-14T21:17:00.0","sleepEndTimestampGMT":"2019-09-15T07:56:00.0","calendarDate":"2019-09-15","sleepWindowConfirmationType":"OFF_WRIST","deepSleepSeconds":0,"lightSleepSeconds":0,"awakeSleepSeconds":0,"unmeasurableSeconds":0,"retro":false},{"sleepStartTimestampGMT":"2019-09-15T22:16:00.0","sleepEndTimestampGMT":"2019-09-16T05:32:00.0","calendarDate":"2019-09-16","sleepWindowConfirmationType":"OFF_WRIST","deepSleepSeconds":0,"lightSleepSeconds":0,"awakeSleepSeconds":0,"unmeasurableSeconds":0,"retro":false},{"sleepStartTimestampGMT":"2019-09-16T20:16:00.0","sleepEndTimestampGMT":"2019-09-17T04:44:00.0","calendarDate":"2019-09-17","sleepWindowConfirmationType":"OFF_WRIST","deepSleepSeconds":0,"lightSleepSeconds":0,"awakeSleepSeconds":0,"unmeasurableSeconds":0,"retro":false},{"sleepStartTimestampGMT":"2019-09-17T21:34:00.0","sleepEndTimestampGMT":"2019-09-18T06:03:00.0","calendarDate":"2019-09-18","sleepWindowConfirmationType":"OFF_WRIST","deepSleepSeconds":0,"lightSleepSeconds":0,"awakeSleepSeconds":0,"unmeasurableSeconds":0,"retro":false},{"sleepStartTimestampGMT":"2019-09-18T20:56:00.0","sleepEndTimestampGMT":"2019-09-19T04:48:00.0","calendarDate":"2019-09-19","sleepWindowConfirmationType":"OFF_WRIST","deepSleepSeconds":0,"lightSleepSeconds":0,"awakeSleepSeconds":0,"unmeasurableSeconds":0,"retro":false},{"sleepStartTimestampGMT":"2019-09-19T22:53:00.0","sleepEndTimestampGMT":"2019-09-20T06:17:00.0","calendarDate":"2019-09-20","sleepWindowConfirmationType":"OFF_WRIST","deepSleepSeconds":0,"lightSleepSeconds":0,"awakeSleepSeconds":0,"unmeasurableSeconds":0,"retro":false},{"sleepStartTimestampGMT":"2019-09-20T21:39:00.0","sleepEndTimestampGMT":"2019-09-21T04:52:00.0","calendarDate":"2019-09-21","sleepWindowConfirmationType":"OFF_WRIST","deepSleepSeconds":0,"lightSleepSeconds":0,"awakeSleepSeconds":0,"unmeasurableSeconds":0,"retro":false},{"sleepStartTimestampGMT":"2019-09-21T20:22:00.0","sleepEndTimestampGMT":"2019-09-22T04:16:00.0","calendarDate":"2019-09-22","sleepWindowConfirmationType":"OFF_WRIST","deepSleepSeconds":0,"lightSleepSeconds":0,"awakeSleepSeconds":0,"unmeasurableSeconds":0,"retro":false},{"sleepStartTimestampGMT":"2019-09-24T21:30:00.0","sleepEndTimestampGMT":"2019-09-25T04:30:00.0","calendarDate":"2019-09-25","sleepWindowConfirmationType":"UNCONFIRMED","retro":false},{"sleepStartTimestampGMT":"2019-09-25T20:08:00.0","sleepEndTimestampGMT":"2019-09-26T04:43:00.0","calendarDate":"2019-09-26","sleepWindowConfirmationType":"OFF_WRIST","deepSleepSeconds":0,"lightSleepSeconds":0,"awakeSleepSeconds":0,"unmeasurableSeconds":0,"retro":false},{"sleepStartTimestampGMT":"2019-09-26T23:57:00.0","sleepEndTimestampGMT":"2019-09-27T05:04:00.0","calendarDate":"2019-09-27","sleepWindowConfirmationType":"OFF_WRIST","deepSleepSeconds":0,"lightSleepSeconds":0,"awakeSleepSeconds":0,"unmeasurableSeconds":0,"retro":false},{"sleepStartTimestampGMT":"2019-09-27T21:22:00.0","sleepEndTimestampGMT":"2019-09-28T08:06:00.0","calendarDate":"2019-09-28","sleepWindowConfirmationType":"OFF_WRIST","deepSleepSeconds":0,"lightSleepSeconds":0,"awakeSleepSeconds":0,"unmeasurableSeconds":0,"retro":false},{"sleepStartTimestampGMT":"2019-09-29T01:29:00.0","sleepEndTimestampGMT":"2019-09-29T08:29:00.0","calendarDate":"2019-09-29","sleepWindowConfirmationType":"OFF_WRIST","deepSleepSeconds":0,"lightSleepSeconds":0,"awakeSleepSeconds":0,"unmeasurableSeconds":0,"retro":false},{"sleepStartTimestampGMT":"2019-09-29T20:01:00.0","sleepEndTimestampGMT":"2019-09-30T04:57:00.0","calendarDate":"2019-09-30","sleepWindowConfirmationType":"OFF_WRIST","deepSleepSeconds":0,"lightSleepSeconds":0,"awakeSleepSeconds":0,"unmeasurableSeconds":0,"retro":false},{"sleepStartTimestampGMT":"2019-09-30T20:39:00.0","sleepEndTimestampGMT":"2019-10-01T04:52:00.0","calendarDate":"2019-10-01","sleepWindowConfirmationType":"OFF_WRIST","deepSleepSeconds":0,"lightSleepSeconds":0,"awakeSleepSeconds":0,"unmeasurableSeconds":0,"retro":false},{"sleepStartTimestampGMT":"2019-10-01T21:30:00.0","sleepEndTimestampGMT":"2019-10-02T05:00:00.0","calendarDate":"2019-10-02","sleepWindowConfirmationType":"OFF_WRIST","deepSleepSeconds":0,"lightSleepSeconds":0,"awakeSleepSeconds":0,"unmeasurableSeconds":0,"retro":false},{"sleepStartTimestampGMT":"2019-10-02T22:06:00.0","sleepEndTimestampGMT":"2019-10-03T05:20:00.0","calendarDate":"2019-10-03","sleepWindowConfirmationType":"OFF_WRIST","deepSleepSeconds":0,"lightSleepSeconds":0,"awakeSleepSeconds":0,"unmeasurableSeconds":0,"retro":false},{"sleepStartTimestampGMT":"2019-10-03T20:01:00.0","sleepEndTimestampGMT":"2019-10-04T05:06:00.0","calendarDate":"2019-10-04","sleepWindowConfirmationType":"OFF_WRIST","deepSleepSeconds":0,"lightSleepSeconds":0,"awakeSleepSeconds":0,"unmeasurableSeconds":0,"retro":false},{"sleepStartTimestampGMT":"2019-10-04T21:53:00.0","sleepEndTimestampGMT":"2019-10-05T07:03:00.0","calendarDate":"2019-10-05","sleepWindowConfirmationType":"OFF_WRIST","deepSleepSeconds":0,"lightSleepSeconds":0,"awakeSleepSeconds":0,"unmeasurableSeconds":0,"retro":false},{"sleepStartTimestampGMT":"2019-10-05T20:47:00.0","sleepEndTimestampGMT":"2019-10-06T07:46:00.0","calendarDate":"2019-10-06","sleepWindowConfirmationType":"OFF_WRIST","deepSleepSeconds":0,"lightSleepSeconds":0,"awakeSleepSeconds":0,"unmeasurableSeconds":0,"retro":false},{"sleepStartTimestampGMT":"2019-10-06T21:21:00.0","sleepEndTimestampGMT":"2019-10-07T06:06:00.0","calendarDate":"2019-10-07","sleepWindowConfirmationType":"OFF_WRIST","deepSleepSeconds":0,"lightSleepSeconds":0,"awakeSleepSeconds":0,"unmeasurableSeconds":0,"retro":false},{"sleepStartTimestampGMT":"2019-10-07T21:51:00.0","sleepEndTimestampGMT":"2019-10-08T05:13:00.0","calendarDate":"2019-10-08","sleepWindowConfirmationType":"OFF_WRIST","deepSleepSeconds":0,"lightSleepSeconds":0,"awakeSleepSeconds":0,"unmeasurableSeconds":0,"retro":false},{"sleepStartTimestampGMT":"2019-10-24T21:30:00.0","sleepEndTimestampGMT":"2019-10-25T04:30:00.0","calendarDate":"2019-10-25","sleepWindowConfirmationType":"UNCONFIRMED","retro":false},{"sleepStartTimestampGMT":"2019-10-25T22:02:00.0","sleepEndTimestampGMT":"2019-10-26T08:21:00.0","calendarDate":"2019-10-26","sleepWindowConfirmationType":"OFF_WRIST","deepSleepSeconds":0,"lightSleepSeconds":0,"awakeSleepSeconds":0,"unmeasurableSeconds":0,"retro":false},{"sleepStartTimestampGMT":"2019-10-27T04:37:00.0","sleepEndTimestampGMT":"2019-10-27T09:10:00.0","calendarDate":"2019-10-27","sleepWindowConfirmationType":"OFF_WRIST","deepSleepSeconds":0,"lightSleepSeconds":0,"awakeSleepSeconds":0,"unmeasurableSeconds":0,"retro":false},{"sleepStartTimestampGMT":"2019-10-27T21:01:00.0","sleepEndTimestampGMT":"2019-10-28T05:32:00.0","calendarDate":"2019-10-28","sleepWindowConfirmationType":"OFF_WRIST","deepSleepSeconds":0,"lightSleepSeconds":0,"awakeSleepSeconds":0,"unmeasurableSeconds":0,"retro":false},{"sleepStartTimestampGMT":"2019-10-28T23:42:00.0","sleepEndTimestampGMT":"2019-10-29T08:21:00.0","calendarDate":"2019-10-29","sleepWindowConfirmationType":"OFF_WRIST","deepSleepSeconds":0,"lightSleepSeconds":0,"awakeSleepSeconds":0,"unmeasurableSeconds":0,"retro":false},{"sleepStartTimestampGMT":"2019-10-29T21:27:00.0","sleepEndTimestampGMT":"2019-10-30T08:46:00.0","calendarDate":"2019-10-30","sleepWindowConfirmationType":"OFF_WRIST","deepSleepSeconds":0,"lightSleepSeconds":0,"awakeSleepSeconds":0,"unmeasurableSeconds":0,"retro":false},{"sleepStartTimestampGMT":"2019-10-30T23:34:00.0","sleepEndTimestampGMT":"2019-10-31T07:01:00.0","calendarDate":"2019-10-31","sleepWindowConfirmationType":"OFF_WRIST","deepSleepSeconds":0,"lightSleepSeconds":0,"awakeSleepSeconds":0,"unmeasurableSeconds":0,"retro":false},{"sleepStartTimestampGMT":"2019-10-31T23:22:00.0","sleepEndTimestampGMT":"2019-11-01T09:21:00.0","calendarDate":"2019-11-01","sleepWindowConfirmationType":"AUTO_CONFIRMED","deepSleepSeconds":34680,"lightSleepSeconds":1260,"awakeSleepSeconds":0,"unmeasurableSeconds":0,"retro":false}]