[{"sleepStartTimestampGMT":"2021-02-28T03:03:00.0","sleepEndTimestampGMT":"2021-02-28T09:52:00.0","calendarDate":"2021-02-28","sleepWindowConfirmationType":"OFF_WRIST","deepSleepSeconds":0,"lightSleepSeconds":0,"awakeSleepSeconds":0,"unmeasurableSeconds":0,"retro":false},{"sleepStartTimestampGMT":"2021-02-28T21:52:00.0","sleepEndTimestampGMT":"2021-03-01T09:46:00.0","calendarDate":"2021-03-01","sleepWindowConfirmationType":"OFF_WRIST","deepSleepSeconds":0,"lightSleepSeconds":0,"awakeSleepSeconds":0,"unmeasurableSeconds":0,"retro":false},{"sleepStartTimestampGMT":"2021-03-01T21:52:00.0","sleepEndTimestampGMT":"2021-03-02T09:46:00.0","calendarDate":"2021-03-02","sleepWindowConfirmationType":"OFF_WRIST","deepSleepSeconds":0,"lightSleepSeconds":0,"awakeSleepSeconds":0,"unmeasurableSeconds":0,"retro":false},{"sleepStartTimestampGMT":"2021-03-02T21:47:00.0","sleepEndTimestampGMT":"2021-03-03T09:46:00.0","calendarDate":"2021-03-03","sleepWindowConfirmationType":"OFF_WRIST","deepSleepSeconds":0,"lightSleepSeconds":0,"awakeSleepSeconds":0,"unmeasurableSeconds":0,"retro":false},{"sleepStartTimestampGMT":"2021-03-03T21:47:00.0","sleepEndTimestampGMT":"2021-03-04T09:46:00.0","calendarDate":"2021-03-04","sleepWindowConfirmationType":"OFF_WRIST","deepSleepSeconds":0,"lightSleepSeconds":0,"awakeSleepSeconds":0,"unmeasurableSeconds":0,"retro":false},{"sleepStartTimestampGMT":"2021-03-04T21:27:00.0","sleepEndTimestampGMT":"2021-03-05T06:06:00.0","calendarDate":"2021-03-05","sleepWindowConfirmationType":"OFF_WRIST","deepSleepSeconds":0,"lightSleepSeconds":0,"awakeSleepSeconds":0,"unmeasurableSeconds":0,"retro":false},{"sleepStartTimestampGMT":"2021-03-05T21:52:00.0","sleepEndTimestampGMT":"2021-03-06T09:51:00.0","calendarDate":"2021-03-06","sleepWindowConfirmationType":"OFF_WRIST","deepSleepSeconds":0,"lightSleepSeconds":0,"awakeSleepSeconds":0,"unmeasurableSeconds":0,"retro":false},{"sleepStartTimestampGMT":"2021-03-06T21:52:00.0","sleepEndTimestampGMT":"2021-03-07T09:51:00.0","calendarDate":"2021-03-07","sleepWindowConfirmationType":"OFF_WRIST","deepSleepSeconds":0,"lightSleepSeconds":0,"awakeSleepSeconds":0,"unmeasurableSeconds":0,"retro":false},{"sleepStartTimestampGMT":"2021-03-07T21:52:00.0","sleepEndTimestampGMT":"2021-03-08T09:46:00.0","calendarDate":"2021-03-08","sleepWindowConfirmationType":"OFF_WRIST","deepSleepSeconds":0,"lightSleepSeconds":0,"awakeSleepSeconds":0,"unmeasurableSeconds":0,"retro":false},{"sleepStartTimestampGMT":"2021-03-08T21:52:00.0","sleepEndTimestampGMT":"2021-03-09T09:51:00.0","calendarDate":"2021-03-09","sleepWindowConfirmationType":"OFF_WRIST","deepSleepSeconds":0,"lightSleepSeconds":0,"awakeSleepSeconds":0,"unmeasurableSeconds":0,"retro":false},{"sleepStartTimestampGMT":"2021-03-09T21:52:00.0","sleepEndTimestampGMT":"2021-03-10T09:46:00.0","calendarDate":"2021-03-10","sleepWindowConfirmationType":"OFF_WRIST","deepSleepSeconds":0,"lightSleepSeconds":0,"awakeSleepSeconds":0,"unmeasurableSeconds":0,"retro":false},{"sleepStartTimestampGMT":"2021-03-10T21:54:00.0","sleepEndTimestampGMT":"2021-03-11T09:46:00.0","calendarDate":"2021-03-11","sleepWindowConfirmationType":"OFF_WRIST","deepSleepSeconds":0,"lightSleepSeconds":0,"awakeSleepSeconds":0,"unmeasurableSeconds":0,"retro":false},{"sleepStartTimestampGMT":"2021-03-11T22:01:00.0","sleepEndTimestampGMT":"2021-03-12T09:51:00.0","calendarDate":"2021-03-12","sleepWindowConfirmationType":"OFF_WRIST","deepSleepSeconds":0,"lightSleepSeconds":0,"awakeSleepSeconds":0,"unmeasurableSeconds":0,"retro":false}]