[{"sleepStartTimestampGMT":"2020-02-24T21:32:00.0","sleepEndTimestampGMT":"2020-02-25T09:01:00.0","calendarDate":"2020-02-25","sleepWindowConfirmationType":"OFF_WRIST","deepSleepSeconds":0,"lightSleepSeconds":0,"awakeSleepSeconds":0,"unmeasurableSeconds":0,"retro":false},{"sleepStartTimestampGMT":"2020-02-25T21:01:00.0","sleepEndTimestampGMT":"2020-02-26T05:49:00.0","calendarDate":"2020-02-26","sleepWindowConfirmationType":"OFF_WRIST","deepSleepSeconds":0,"lightSleepSeconds":0,"awakeSleepSeconds":0,"unmeasurableSeconds":0,"retro":false},{"sleepStartTimestampGMT":"2020-02-26T22:34:00.0","sleepEndTimestampGMT":"2020-02-27T06:27:00.0","calendarDate":"2020-02-27","sleepWindowConfirmationType":"OFF_WRIST","deepSleepSeconds":0,"lightSleepSeconds":0,"awakeSleepSeconds":0,"unmeasurableSeconds":0,"retro":false},{"sleepStartTimestampGMT":"2020-02-27T21:41:00.0","sleepEndTimestampGMT":"2020-02-28T06:24:00.0","calendarDate":"2020-02-28","sleepWindowConfirmationType":"OFF_WRIST","deepSleepSeconds":0,"lightSleepSeconds":0,"awakeSleepSeconds":0,"unmeasurableSeconds":0,"retro":false},{"sleepStartTimestampGMT":"2020-02-28T23:27:00.0","sleepEndTimestampGMT":"2020-02-29T08:24:00.0","calendarDate":"2020-02-29","sleepWindowConfirmationType":"OFF_WRIST","deepSleepSeconds":0,"lightSleepSeconds":0,"awakeSleepSeconds":0,"unmeasurableSeconds":0,"retro":false},{"sleepStartTimestampGMT":"2020-03-01T22:30:00.0","sleepEndTimestampGMT":"2020-03-02T05:30:00.0","calendarDate":"2020-03-02","sleepWindowConfirmationType":"UNCONFIRMED","retro":false},{"sleepStartTimestampGMT":"2020-03-04T22:30:00.0","sleepEndTimestampGMT":"2020-03-05T05:30:00.0","calendarDate":"2020-03-05","sleepWindowConfirmationType":"UNCONFIRMED","retro":false},{"sleepStartTimestampGMT":"2020-03-05T21:01:00.0","sleepEndTimestampGMT":"2020-03-06T06:40:00.0","calendarDate":"2020-03-06","sleepWindowConfirmationType":"OFF_WRIST","deepSleepSeconds":0,"lightSleepSeconds":0,"awakeSleepSeconds":0,"unmeasurableSeconds":0,"retro":false},{"sleepStartTimestampGMT":"2020-03-06T22:11:00.0","sleepEndTimestampGMT":"2020-03-07T07:22:00.0","calendarDate":"2020-03-07","sleepWindowConfirmationType":"OFF_WRIST","deepSleepSeconds":0,"lightSleepSeconds":0,"awakeSleepSeconds":0,"unmeasurableSeconds":0,"retro":false},{"sleepStartTimestampGMT":"2020-03-07T21:17:00.0","sleepEndTimestampGMT":"2020-03-08T07:56:00.0","calendarDate":"2020-03-08","sleepWindowConfirmationType":"OFF_WRIST","deepSleepSeconds":0,"lightSleepSeconds":0,"awakeSleepSeconds":0,"unmeasurableSeconds":0,"retro":false},{"sleepStartTimestampGMT":"2020-03-08T21:02:00.0","sleepEndTimestampGMT":"2020-03-09T06:51:00.0","calendarDate":"2020-03-09","sleepWindowConfirmationType":"OFF_WRIST","deepSleepSeconds":0,"lightSleepSeconds":0,"awakeSleepSeconds":0,"unmeasurableSeconds":0,"retro":false},{"sleepStartTimestampGMT":"2020-03-09T21:01:00.0","sleepEndTimestampGMT":"2020-03-10T06:28:00.0","calendarDate":"2020-03-10","sleepWindowConfirmationType":"OFF_WRIST","deepSleepSeconds":0,"lightSleepSeconds":0,"awakeSleepSeconds":0,"unmeasurableSeconds":0,"retro":false},{"sleepStartTimestampGMT":"2020-03-10T22:10:00.0","sleepEndTimestampGMT":"2020-03-11T05:37:00.0","calendarDate":"2020-03-11","sleepWindowConfirmationType":"OFF_WRIST","deepSleepSeconds":0,"lightSleepSeconds":0,"awakeSleepSeconds":0,"unmeasurableSeconds":0,"retro":false},{"sleepStartTimestampGMT":"2020-03-11T21:52:00.0","sleepEndTimestampGMT":"2020-03-12T09:51:00.0","calendarDate":"2020-03-12","sleepWindowConfirmationType":"OFF_WRIST","deepSleepSeconds":0,"lightSleepSeconds":0,"awakeSleepSeconds":0,"unmeasurableSeconds":0,"retro":false},{"sleepStartTimestampGMT":"2020-03-13T00:02:00.0","sleepEndTimestampGMT":"2020-03-13T09:51:00.0","calendarDate":"2020-03-13","sleepWindowConfirmationType":"OFF_WRIST","deepSleepSeconds":0,"lightSleepSeconds":0,"awakeSleepSeconds":0,"unmeasurableSeconds":0,"retro":false},{"sleepStartTimestampGMT":"2020-03-13T21:52:00.0","sleepEndTimestampGMT":"2020-03-14T05:01:00.0","calendarDate":"2020-03-14","sleepWindowConfirmationType":"OFF_WRIST","deepSleepSeconds":0,"lightSleepSeconds":0,"awakeSleepSeconds":0,"unmeasurableSeconds":0,"retro":false},{"sleepStartTimestampGMT":"2020-03-14T22:50:00.0","sleepEndTimestampGMT":"2020-03-15T06:20:00.0","calendarDate":"2020-03-15","sleepWindowConfirmationType":"UNCONFIRMED","retro":false},{"sleepStartTimestampGMT":"2020-03-15T22:50:00.0","sleepEndTimestampGMT":"2020-03-16T06:20:00.0","calendarDate":"2020-03-16","sleepWindowConfirmationType":"UNCONFIRMED","retro":false},{"sleepStartTimestampGMT":"2020-03-16T22:50:00.0","sleepEndTimestampGMT":"2020-03-17T06:20:00.0","calendarDate":"2020-03-17","sleepWindowConfirmationType":"UNCONFIRMED","retro":false},{"sleepStartTimestampGMT":"2020-03-17T22:50:00.0","sleepEndTimestampGMT":"2020-03-18T06:20:00.0","calendarDate":"2020-03-18","sleepWindowConfirmationType":"UNCONFIRMED","retro":false},{"sleepStartTimestampGMT":"2020-03-18T21:52:00.0","sleepEndTimestampGMT":"2020-03-19T09:51:00.0","calendarDate":"2020-03-19","sleepWindowConfirmationType":"OFF_WRIST","deepSleepSeconds":0,"lightSleepSeconds":0,"awakeSleepSeconds":0,"unmeasurableSeconds":0,"retro":false},{"sleepStartTimestampGMT":"2020-03-19T21:52:00.0","sleepEndTimestampGMT":"2020-03-20T09:51:00.0","calendarDate":"2020-03-20","sleepWindowConfirmationType":"OFF_WRIST","deepSleepSeconds":0,"lightSleepSeconds":0,"awakeSleepSeconds":0,"unmeasurableSeconds":0,"retro":false},{"sleepStartTimestampGMT":"2020-03-20T21:52:00.0","sleepEndTimestampGMT":"2020-03-21T09:51:00.0","calendarDate":"2020-03-21","sleepWindowConfirmationType":"OFF_WRIST","deepSleepSeconds":0,"lightSleepSeconds":0,"awakeSleepSeconds":0,"unmeasurableSeconds":0,"retro":false},{"sleepStartTimestampGMT":"2020-03-21T21:52:00.0","sleepEndTimestampGMT":"2020-03-22T09:51:00.0","calendarDate":"2020-03-22","sleepWindowConfirmationType":"OFF_WRIST","deepSleepSeconds":0,"lightSleepSeconds":0,"awakeSleepSeconds":0,"unmeasurableSeconds":0,"retro":false},{"sleepStartTimestampGMT":"2020-03-22T22:50:00.0","sleepEndTimestampGMT":"2020-03-23T06:20:00.0","calendarDate":"2020-03-23","sleepWindowConfirmationType":"UNCONFIRMED","retro":false},{"sleepStartTimestampGMT":"2020-03-23T22:50:00.0","sleepEndTimestampGMT":"2020-03-24T06:20:00.0","calendarDate":"2020-03-24","sleepWindowConfirmationType":"UNCONFIRMED","retro":false}]