[{"sleepStartTimestampGMT":"2020-09-02T22:13:00.0","sleepEndTimestampGMT":"2020-09-03T05:21:00.0","calendarDate":"2020-09-03","sleepWindowConfirmationType":"OFF_WRIST","deepSleepSeconds":0,"lightSleepSeconds":0,"awakeSleepSeconds":0,"unmeasurableSeconds":0,"retro":false},{"sleepStartTimestampGMT":"2020-09-03T20:52:00.0","sleepEndTimestampGMT":"2020-09-04T07:36:00.0","calendarDate":"2020-09-04","sleepWindowConfirmationType":"OFF_WRIST","deepSleepSeconds":0,"lightSleepSeconds":0,"awakeSleepSeconds":0,"unmeasurableSeconds":0,"retro":false},{"sleepStartTimestampGMT":"2020-09-04T20:47:00.0","sleepEndTimestampGMT":"2020-09-05T08:46:00.0","calendarDate":"2020-09-05","sleepWindowConfirmationType":"OFF_WRIST","deepSleepSeconds":0,"lightSleepSeconds":0,"awakeSleepSeconds":0,"unmeasurableSeconds":0,"retro":false},{"sleepStartTimestampGMT":"2020-09-05T21:32:00.0","sleepEndTimestampGMT":"2020-09-06T08:55:00.0","calendarDate":"2020-09-06","sleepWindowConfirmationType":"OFF_WRIST","deepSleepSeconds":0,"lightSleepSeconds":0,"awakeSleepSeconds":0,"unmeasurableSeconds":0,"retro":false},{"sleepStartTimestampGMT":"2020-09-06T21:37:00.0","sleepEndTimestampGMT":"2020-09-07T08:56:00.0","calendarDate":"2020-09-07","sleepWindowConfirmationType":"OFF_WRIST","deepSleepSeconds":0,"lightSleepSeconds":0,"awakeSleepSeconds":0,"unmeasurableSeconds":0,"retro":false},{"sleepStartTimestampGMT":"2020-09-07T22:19:00.0","sleepEndTimestampGMT":"2020-09-08T08:58:00.0","calendarDate":"2020-09-08","sleepWindowConfirmationType":"OFF_WRIST","deepSleepSeconds":0,"lightSleepSeconds":0,"awakeSleepSeconds":0,"unmeasurableSeconds":0,"retro":false}]