[{"sleepStartTimestampGMT":"2020-09-12T21:50:00.0","sleepEndTimestampGMT":"2020-09-13T05:20:00.0","calendarDate":"2020-09-13","sleepWindowConfirmationType":"UNCONFIRMED","retro":false},{"sleepStartTimestampGMT":"2020-09-13T20:52:00.0","sleepEndTimestampGMT":"2020-09-14T08:51:00.0","calendarDate":"2020-09-14","sleepWindowConfirmationType":"OFF_WRIST","deepSleepSeconds":0,"lightSleepSeconds":0,"awakeSleepSeconds":0,"unmeasurableSeconds":0,"retro":false},{"sleepStartTimestampGMT":"2020-09-14T20:52:00.0","sleepEndTimestampGMT":"2020-09-15T08:51:00.0","calendarDate":"2020-09-15","sleepWindowConfirmationType":"OFF_WRIST","deepSleepSeconds":0,"lightSleepSeconds":0,"awakeSleepSeconds":0,"unmeasurableSeconds":0,"retro":false},{"sleepStartTimestampGMT":"2020-09-15T21:50:00.0","sleepEndTimestampGMT":"2020-09-16T05:20:00.0","calendarDate":"2020-09-16","sleepWindowConfirmationType":"UNCONFIRMED","retro":false},{"sleepStartTimestampGMT":"2020-09-16T20:47:00.0","sleepEndTimestampGMT":"2020-09-17T08:34:00.0","calendarDate":"2020-09-17","sleepWindowConfirmationType":"OFF_WRIST","deepSleepSeconds":0,"lightSleepSeconds":0,"awakeSleepSeconds":0,"unmeasurableSeconds":0,"retro":false},{"sleepStartTimestampGMT":"2020-09-17T21:02:00.0","sleepEndTimestampGMT":"2020-09-18T08:46:00.0","calendarDate":"2020-09-18","sleepWindowConfirmationType":"OFF_WRIST","deepSleepSeconds":0,"lightSleepSeconds":0,"awakeSleepSeconds":0,"unmeasurableSeconds":0,"retro":false},{"sleepStartTimestampGMT":"2020-09-18T21:32:00.0","sleepEndTimestampGMT":"2020-09-19T08:56:00.0","calendarDate":"2020-09-19","sleepWindowConfirmationType":"OFF_WRIST","deepSleepSeconds":0,"lightSleepSeconds":0,"awakeSleepSeconds":0,"unmeasurableSeconds":0,"retro":false},{"sleepStartTimestampGMT":"2020-09-19T21:47:00.0","sleepEndTimestampGMT":"2020-09-20T08:56:00.0","calendarDate":"2020-09-20","sleepWindowConfirmationType":"OFF_WRIST","deepSleepSeconds":0,"lightSleepSeconds":0,"awakeSleepSeconds":0,"unmeasurableSeconds":0,"retro":false},{"sleepStartTimestampGMT":"2020-09-20T20:52:00.0","sleepEndTimestampGMT":"2020-09-21T08:51:00.0","calendarDate":"2020-09-21","sleepWindowConfirmationType":"OFF_WRIST","deepSleepSeconds":0,"lightSleepSeconds":0,"awakeSleepSeconds":0,"unmeasurableSeconds":0,"retro":false},{"sleepStartTimestampGMT":"2020-09-21T20:53:00.0","sleepEndTimestampGMT":"2020-09-22T08:51:00.0","calendarDate":"2020-09-22","sleepWindowConfirmationType":"OFF_WRIST","deepSleepSeconds":0,"lightSleepSeconds":0,"awakeSleepSeconds":0,"unmeasurableSeconds":0,"retro":false},{"sleepStartTimestampGMT":"2020-09-22T20:47:00.0","sleepEndTimestampGMT":"2020-09-23T08:46:00.0","calendarDate":"2020-09-23","sleepWindowConfirmationType":"OFF_WRIST","deepSleepSeconds":0,"lightSleepSeconds":0,"awakeSleepSeconds":0,"unmeasurableSeconds":0,"retro":false},{"sleepStartTimestampGMT":"2020-09-23T21:50:00.0","sleepEndTimestampGMT":"2020-09-24T05:20:00.0","calendarDate":"2020-09-24","sleepWindowConfirmationType":"UNCONFIRMED","retro":false},{"sleepStartTimestampGMT":"2020-09-24T20:47:00.0","sleepEndTimestampGMT":"2020-09-25T08:46:00.0","calendarDate":"2020-09-25","sleepWindowConfirmationType":"OFF_WRIST","deepSleepSeconds":0,"lightSleepSeconds":0,"awakeSleepSeconds":0,"unmeasurableSeconds":0,"retro":false},{"sleepStartTimestampGMT":"2020-09-25T20:47:00.0","sleepEndTimestampGMT":"2020-09-26T08:46:00.0","calendarDate":"2020-09-26","sleepWindowConfirmationType":"OFF_WRIST","deepSleepSeconds":0,"lightSleepSeconds":0,"awakeSleepSeconds":0,"unmeasurableSeconds":0,"retro":false},{"sleepStartTimestampGMT":"2020-09-26T20:42:00.0","sleepEndTimestampGMT":"2020-09-27T03:06:00.0","calendarDate":"2020-09-27","sleepWindowConfirmationType":"OFF_WRIST","deepSleepSeconds":0,"lightSleepSeconds":0,"awakeSleepSeconds":0,"unmeasurableSeconds":0,"retro":false},{"sleepStartTimestampGMT":"2020-09-27T21:50:00.0","sleepEndTimestampGMT":"2020-09-28T05:20:00.0","calendarDate":"2020-09-28","sleepWindowConfirmationType":"UNCONFIRMED","retro":false},{"sleepStartTimestampGMT":"2020-09-28T21:09:00.0","sleepEndTimestampGMT":"2020-09-29T08:43:00.0","calendarDate":"2020-09-29","sleepWindowConfirmationType":"OFF_WRIST","deepSleepSeconds":0,"lightSleepSeconds":0,"awakeSleepSeconds":0,"unmeasurableSeconds":0,"retro":false},{"sleepStartTimestampGMT":"2020-09-29T20:52:00.0","sleepEndTimestampGMT":"2020-09-30T08:51:00.0","calendarDate":"2020-09-30","sleepWindowConfirmationType":"OFF_WRIST","deepSleepSeconds":0,"lightSleepSeconds":0,"awakeSleepSeconds":0,"unmeasurableSeconds":0,"retro":false},{"sleepStartTimestampGMT":"2020-09-30T20:42:00.0","sleepEndTimestampGMT":"2020-10-01T05:06:00.0","calendarDate":"2020-10-01","sleepWindowConfirmationType":"OFF_WRIST","deepSleepSeconds":0,"lightSleepSeconds":0,"awakeSleepSeconds":0,"unmeasurableSeconds":0,"retro":false},{"sleepStartTimestampGMT":"2020-10-01T20:47:00.0","sleepEndTimestampGMT":"2020-10-02T08:46:00.0","calendarDate":"2020-10-02","sleepWindowConfirmationType":"OFF_WRIST","deepSleepSeconds":0,"lightSleepSeconds":0,"awakeSleepSeconds":0,"unmeasurableSeconds":0,"retro":false},{"sleepStartTimestampGMT":"2020-10-02T20:47:00.0","sleepEndTimestampGMT":"2020-10-03T08:46:00.0","calendarDate":"2020-10-03","sleepWindowConfirmationType":"OFF_WRIST","deepSleepSeconds":0,"lightSleepSeconds":0,"awakeSleepSeconds":0,"unmeasurableSeconds":0,"retro":false},{"sleepStartTimestampGMT":"2020-10-03T20:52:00.0","sleepEndTimestampGMT":"2020-10-04T08:51:00.0","calendarDate":"2020-10-04","sleepWindowConfirmationType":"OFF_WRIST","deepSleepSeconds":0,"lightSleepSeconds":0,"awakeSleepSeconds":0,"unmeasurableSeconds":0,"retro":false},{"sleepStartTimestampGMT":"2020-10-04T20:47:00.0","sleepEndTimestampGMT":"2020-10-05T08:46:00.0","calendarDate":"2020-10-05","sleepWindowConfirmationType":"OFF_WRIST","deepSleepSeconds":0,"lightSleepSeconds":0,"awakeSleepSeconds":0,"unmeasurableSeconds":0,"retro":false},{"sleepStartTimestampGMT":"2020-10-05T20:47:00.0","sleepEndTimestampGMT":"2020-10-06T08:46:00.0","calendarDate":"2020-10-06","sleepWindowConfirmationType":"OFF_WRIST","deepSleepSeconds":0,"lightSleepSeconds":0,"awakeSleepSeconds":0,"unmeasurableSeconds":0,"retro":false},{"sleepStartTimestampGMT":"2020-10-06T21:50:00.0","sleepEndTimestampGMT":"2020-10-07T05:20:00.0","calendarDate":"2020-10-07","sleepWindowConfirmationType":"UNCONFIRMED","retro":false},{"sleepStartTimestampGMT":"2020-10-10T21:50:00.0","sleepEndTimestampGMT":"2020-10-11T05:20:00.0","calendarDate":"2020-10-11","sleepWindowConfirmationType":"UNCONFIRMED","retro":false},{"sleepStartTimestampGMT":"2020-10-11T20:47:00.0","sleepEndTimestampGMT":"2020-10-12T08:41:00.0","calendarDate":"2020-10-12","sleepWindowConfirmationType":"OFF_WRIST","deepSleepSeconds":0,"lightSleepSeconds":0,"awakeSleepSeconds":0,"unmeasurableSeconds":0,"retro":false},{"sleepStartTimestampGMT":"2020-10-12T20:52:00.0","sleepEndTimestampGMT":"2020-10-13T08:46:00.0","calendarDate":"2020-10-13","sleepWindowConfirmationType":"OFF_WRIST","deepSleepSeconds":0,"lightSleepSeconds":0,"awakeSleepSeconds":0,"unmeasurableSeconds":0,"retro":false},{"sleepStartTimestampGMT":"2020-10-13T20:47:00.0","sleepEndTimestampGMT":"2020-10-14T08:46:00.0","calendarDate":"2020-10-14","sleepWindowConfirmationType":"OFF_WRIST","deepSleepSeconds":0,"lightSleepSeconds":0,"awakeSleepSeconds":0,"unmeasurableSeconds":0,"retro":false},{"sleepStartTimestampGMT":"2020-10-14T20:37:00.0","sleepEndTimestampGMT":"2020-10-15T05:06:00.0","calendarDate":"2020-10-15","sleepWindowConfirmationType":"OFF_WRIST","deepSleepSeconds":0,"lightSleepSeconds":0,"awakeSleepSeconds":0,"unmeasurableSeconds":0,"retro":false},{"sleepStartTimestampGMT":"2020-10-15T20:47:00.0","sleepEndTimestampGMT":"2020-10-16T08:46:00.0","calendarDate":"2020-10-16","sleepWindowConfirmationType":"OFF_WRIST","deepSleepSeconds":0,"lightSleepSeconds":0,"awakeSleepSeconds":0,"unmeasurableSeconds":0,"retro":false},{"sleepStartTimestampGMT":"2020-10-16T20:47:00.0","sleepEndTimestampGMT":"2020-10-17T08:46:00.0","calendarDate":"2020-10-17","sleepWindowConfirmationType":"OFF_WRIST","deepSleepSeconds":0,"lightSleepSeconds":0,"awakeSleepSeconds":0,"unmeasurableSeconds":0,"retro":false},{"sleepStartTimestampGMT":"2020-10-17T20:52:00.0","sleepEndTimestampGMT":"2020-10-18T08:46:00.0","calendarDate":"2020-10-18","sleepWindowConfirmationType":"OFF_WRIST","deepSleepSeconds":0,"lightSleepSeconds":0,"awakeSleepSeconds":0,"unmeasurableSeconds":0,"retro":false},{"sleepStartTimestampGMT":"2020-10-18T20:47:00.0","sleepEndTimestampGMT":"2020-10-19T08:46:00.0","calendarDate":"2020-10-19","sleepWindowConfirmationType":"OFF_WRIST","deepSleepSeconds":0,"lightSleepSeconds":0,"awakeSleepSeconds":0,"unmeasurableSeconds":0,"retro":false},{"sleepStartTimestampGMT":"2020-10-19T20:47:00.0","sleepEndTimestampGMT":"2020-10-20T08:41:00.0","calendarDate":"2020-10-20","sleepWindowConfirmationType":"OFF_WRIST","deepSleepSeconds":0,"lightSleepSeconds":0,"awakeSleepSeconds":0,"unmeasurableSeconds":0,"retro":false},{"sleepStartTimestampGMT":"2020-10-20T20:47:00.0","sleepEndTimestampGMT":"2020-10-21T08:41:00.0","calendarDate":"2020-10-21","sleepWindowConfirmationType":"OFF_WRIST","deepSleepSeconds":0,"lightSleepSeconds":0,"awakeSleepSeconds":0,"unmeasurableSeconds":0,"retro":false},{"sleepStartTimestampGMT":"2020-10-21T20:47:00.0","sleepEndTimestampGMT":"2020-10-22T08:46:00.0","calendarDate":"2020-10-22","sleepWindowConfirmationType":"OFF_WRIST","deepSleepSeconds":0,"lightSleepSeconds":0,"awakeSleepSeconds":0,"unmeasurableSeconds":0,"retro":false},{"sleepStartTimestampGMT":"2020-10-22T21:50:00.0","sleepEndTimestampGMT":"2020-10-23T05:20:00.0","calendarDate":"2020-10-23","sleepWindowConfirmationType":"UNCONFIRMED","retro":false},{"sleepStartTimestampGMT":"2020-10-23T21:50:00.0","sleepEndTimestampGMT":"2020-10-24T05:20:00.0","calendarDate":"2020-10-24","sleepWindowConfirmationType":"UNCONFIRMED","retro":false},{"sleepStartTimestampGMT":"2020-10-24T21:50:00.0","sleepEndTimestampGMT":"2020-10-25T05:20:00.0","calendarDate":"2020-10-25","sleepWindowConfirmationType":"UNCONFIRMED","retro":false},{"sleepStartTimestampGMT":"2020-10-25T21:52:00.0","sleepEndTimestampGMT":"2020-10-26T09:51:00.0","calendarDate":"2020-10-26","sleepWindowConfirmationType":"OFF_WRIST","deepSleepSeconds":0,"lightSleepSeconds":0,"awakeSleepSeconds":0,"unmeasurableSeconds":0,"retro":false},{"sleepStartTimestampGMT":"2020-10-26T21:54:00.0","sleepEndTimestampGMT":"2020-10-27T09:51:00.0","calendarDate":"2020-10-27","sleepWindowConfirmationType":"OFF_WRIST","deepSleepSeconds":0,"lightSleepSeconds":0,"awakeSleepSeconds":0,"unmeasurableSeconds":0,"retro":false},{"sleepStartTimestampGMT":"2020-10-27T21:52:00.0","sleepEndTimestampGMT":"2020-10-28T09:51:00.0","calendarDate":"2020-10-28","sleepWindowConfirmationType":"OFF_WRIST","deepSleepSeconds":0,"lightSleepSeconds":0,"awakeSleepSeconds":0,"unmeasurableSeconds":0,"retro":false},{"sleepStartTimestampGMT":"2020-10-28T21:56:00.0","sleepEndTimestampGMT":"2020-10-29T09:51:00.0","calendarDate":"2020-10-29","sleepWindowConfirmationType":"OFF_WRIST","deepSleepSeconds":0,"lightSleepSeconds":0,"awakeSleepSeconds":0,"unmeasurableSeconds":0,"retro":false},{"sleepStartTimestampGMT":"2020-10-29T21:47:00.0","sleepEndTimestampGMT":"2020-10-30T09:46:00.0","calendarDate":"2020-10-30","sleepWindowConfirmationType":"OFF_WRIST","deepSleepSeconds":0,"lightSleepSeconds":0,"awakeSleepSeconds":0,"unmeasurableSeconds":0,"retro":false}]