[{"sleepStartTimestampGMT":"2021-10-16T20:37:00.0","sleepEndTimestampGMT":"2021-10-17T07:11:00.0","calendarDate":"2021-10-17","sleepWindowConfirmationType":"OFF_WRIST","deepSleepSeconds":0,"lightSleepSeconds":0,"awakeSleepSeconds":0,"unmeasurableSeconds":0,"retro":false},{"sleepStartTimestampGMT":"2021-10-17T20:47:00.0","sleepEndTimestampGMT":"2021-10-18T08:46:00.0","calendarDate":"2021-10-18","sleepWindowConfirmationType":"OFF_WRIST","deepSleepSeconds":0,"lightSleepSeconds":0,"awakeSleepSeconds":0,"unmeasurableSeconds":0,"retro":false},{"sleepStartTimestampGMT":"2021-10-18T20:47:00.0","sleepEndTimestampGMT":"2021-10-19T08:46:00.0","calendarDate":"2021-10-19","sleepWindowConfirmationType":"OFF_WRIST","deepSleepSeconds":0,"lightSleepSeconds":0,"awakeSleepSeconds":0,"unmeasurableSeconds":0,"retro":false},{"sleepStartTimestampGMT":"2021-10-19T20:47:00.0","sleepEndTimestampGMT":"2021-10-20T08:41:00.0","calendarDate":"2021-10-20","sleepWindowConfirmationType":"OFF_WRIST","deepSleepSeconds":0,"lightSleepSeconds":0,"awakeSleepSeconds":0,"unmeasurableSeconds":0,"retro":false},{"sleepStartTimestampGMT":"2021-10-20T20:37:00.0","sleepEndTimestampGMT":"2021-10-21T06:11:00.0","calendarDate":"2021-10-21","sleepWindowConfirmationType":"OFF_WRIST","deepSleepSeconds":0,"lightSleepSeconds":0,"awakeSleepSeconds":0,"unmeasurableSeconds":0,"retro":false},{"sleepStartTimestampGMT":"2021-10-21T20:27:00.0","sleepEndTimestampGMT":"2021-10-22T06:13:00.0","calendarDate":"2021-10-22","sleepWindowConfirmationType":"OFF_WRIST","deepSleepSeconds":0,"lightSleepSeconds":0,"awakeSleepSeconds":0,"unmeasurableSeconds":0,"retro":false},{"sleepStartTimestampGMT":"2021-10-22T20:47:00.0","sleepEndTimestampGMT":"2021-10-23T08:41:00.0","calendarDate":"2021-10-23","sleepWindowConfirmationType":"OFF_WRIST","deepSleepSeconds":0,"lightSleepSeconds":0,"awakeSleepSeconds":0,"unmeasurableSeconds":0,"retro":false},{"sleepStartTimestampGMT":"2021-10-23T20:42:00.0","sleepEndTimestampGMT":"2021-10-24T07:21:00.0","calendarDate":"2021-10-24","sleepWindowConfirmationType":"OFF_WRIST","deepSleepSeconds":0,"lightSleepSeconds":0,"awakeSleepSeconds":0,"unmeasurableSeconds":0,"retro":false},{"sleepStartTimestampGMT":"2021-10-24T21:50:00.0","sleepEndTimestampGMT":"2021-10-25T05:20:00.0","calendarDate":"2021-10-25","sleepWindowConfirmationType":"UNCONFIRMED","retro":false},{"sleepStartTimestampGMT":"2021-10-25T20:47:00.0","sleepEndTimestampGMT":"2021-10-26T08:46:00.0","calendarDate":"2021-10-26","sleepWindowConfirmationType":"OFF_WRIST","deepSleepSeconds":0,"lightSleepSeconds":0,"awakeSleepSeconds":0,"unmeasurableSeconds":0,"retro":false},{"sleepStartTimestampGMT":"2021-10-28T22:57:00.0","sleepEndTimestampGMT":"2021-10-29T04:51:00.0","calendarDate":"2021-10-29","sleepWindowConfirmationType":"OFF_WRIST","deepSleepSeconds":0,"lightSleepSeconds":0,"awakeSleepSeconds":0,"unmeasurableSeconds":0,"retro":false},{"sleepStartTimestampGMT":"2021-10-29T20:52:00.0","sleepEndTimestampGMT":"2021-10-30T08:51:00.0","calendarDate":"2021-10-30","sleepWindowConfirmationType":"OFF_WRIST","deepSleepSeconds":0,"lightSleepSeconds":0,"awakeSleepSeconds":0,"unmeasurableSeconds":0,"retro":false},{"sleepStartTimestampGMT":"2021-10-30T21:52:00.0","sleepEndTimestampGMT":"2021-10-31T09:51:00.0","calendarDate":"2021-10-31","sleepWindowConfirmationType":"OFF_WRIST","deepSleepSeconds":0,"lightSleepSeconds":0,"awakeSleepSeconds":0,"unmeasurableSeconds":0,"retro":false},{"sleepStartTimestampGMT":"2021-10-31T21:32:00.0","sleepEndTimestampGMT":"2021-11-01T05:51:00.0","calendarDate":"2021-11-01","sleepWindowConfirmationType":"OFF_WRIST","deepSleepSeconds":0,"lightSleepSeconds":0,"awakeSleepSeconds":0,"unmeasurableSeconds":0,"retro":false},{"sleepStartTimestampGMT":"2021-11-01T21:27:00.0","sleepEndTimestampGMT":"2021-11-02T05:46:00.0","calendarDate":"2021-11-02","sleepWindowConfirmationType":"OFF_WRIST","deepSleepSeconds":0,"lightSleepSeconds":0,"awakeSleepSeconds":0,"unmeasurableSeconds":0,"retro":false},{"sleepStartTimestampGMT":"2021-11-02T21:52:00.0","sleepEndTimestampGMT":"2021-11-03T09:51:00.0","calendarDate":"2021-11-03","sleepWindowConfirmationType":"OFF_WRIST","deepSleepSeconds":0,"lightSleepSeconds":0,"awakeSleepSeconds":0,"unmeasurableSeconds":0,"retro":false},{"sleepStartTimestampGMT":"2021-11-03T21:37:00.0","sleepEndTimestampGMT":"2021-11-04T05:36:00.0","calendarDate":"2021-11-04","sleepWindowConfirmationType":"OFF_WRIST","deepSleepSeconds":0,"lightSleepSeconds":0,"awakeSleepSeconds":0,"unmeasurableSeconds":0,"retro":false},{"sleepStartTimestampGMT":"2021-11-04T21:32:00.0","sleepEndTimestampGMT":"2021-11-05T05:31:00.0","calendarDate":"2021-11-05","sleepWindowConfirmationType":"OFF_WRIST","deepSleepSeconds":0,"lightSleepSeconds":0,"awakeSleepSeconds":0,"unmeasurableSeconds":0,"retro":false},{"sleepStartTimestampGMT":"2021-11-05T21:52:00.0","sleepEndTimestampGMT":"2021-11-06T09:51:00.0","calendarDate":"2021-11-06","sleepWindowConfirmationType":"OFF_WRIST","deepSleepSeconds":0,"lightSleepSeconds":0,"awakeSleepSeconds":0,"unmeasurableSeconds":0,"retro":false},{"sleepStartTimestampGMT":"2021-11-06T21:47:00.0","sleepEndTimestampGMT":"2021-11-07T09:46:00.0","calendarDate":"2021-11-07","sleepWindowConfirmationType":"OFF_WRIST","deepSleepSeconds":0,"lightSleepSeconds":0,"awakeSleepSeconds":0,"unmeasurableSeconds":0,"retro":false},{"sleepStartTimestampGMT":"2021-11-07T21:32:00.0","sleepEndTimestampGMT":"2021-11-08T05:55:00.0","calendarDate":"2021-11-08","sleepWindowConfirmationType":"OFF_WRIST","deepSleepSeconds":0,"lightSleepSeconds":0,"awakeSleepSeconds":0,"unmeasurableSeconds":0,"retro":false},{"sleepStartTimestampGMT":"2021-11-08T22:44:00.0","sleepEndTimestampGMT":"2021-11-09T05:51:00.0","calendarDate":"2021-11-09","sleepWindowConfirmationType":"OFF_WRIST","deepSleepSeconds":0,"lightSleepSeconds":0,"awakeSleepSeconds":0,"unmeasurableSeconds":0,"retro":false},{"sleepStartTimestampGMT":"2021-11-09T21:37:00.0","sleepEndTimestampGMT":"2021-11-10T06:01:00.0","calendarDate":"2021-11-10","sleepWindowConfirmationType":"OFF_WRIST","deepSleepSeconds":0,"lightSleepSeconds":0,"awakeSleepSeconds":0,"unmeasurableSeconds":0,"retro":false},{"sleepStartTimestampGMT":"2021-11-10T21:37:00.0","sleepEndTimestampGMT":"2021-11-11T04:42:00.0","calendarDate":"2021-11-11","sleepWindowConfirmationType":"OFF_WRIST","deepSleepSeconds":0,"lightSleepSeconds":0,"awakeSleepSeconds":0,"unmeasurableSeconds":0,"retro":false},{"sleepStartTimestampGMT":"2021-11-11T21:47:00.0","sleepEndTimestampGMT":"2021-11-12T06:11:00.0","calendarDate":"2021-11-12","sleepWindowConfirmationType":"OFF_WRIST","deepSleepSeconds":0,"lightSleepSeconds":0,"awakeSleepSeconds":0,"unmeasurableSeconds":0,"retro":false},{"sleepStartTimestampGMT":"2021-11-12T22:50:00.0","sleepEndTimestampGMT":"2021-11-13T06:20:00.0","calendarDate":"2021-11-13","sleepWindowConfirmationType":"UNCONFIRMED","retro":false},{"sleepStartTimestampGMT":"2021-11-13T21:52:00.0","sleepEndTimestampGMT":"2021-11-14T09:51:00.0","calendarDate":"2021-11-14","sleepWindowConfirmationType":"OFF_WRIST","deepSleepSeconds":0,"lightSleepSeconds":0,"awakeSleepSeconds":0,"unmeasurableSeconds":0,"retro":false},{"sleepStartTimestampGMT":"2021-11-14T22:50:00.0","sleepEndTimestampGMT":"2021-11-15T06:20:00.0","calendarDate":"2021-11-15","sleepWindowConfirmationType":"UNCONFIRMED","retro":false},{"sleepStartTimestampGMT":"2021-11-15T22:50:00.0","sleepEndTimestampGMT":"2021-11-16T06:20:00.0","calendarDate":"2021-11-16","sleepWindowConfirmationType":"UNCONFIRMED","retro":false},{"sleepStartTimestampGMT":"2021-11-16T21:52:00.0","sleepEndTimestampGMT":"2021-11-17T09:46:00.0","calendarDate":"2021-11-17","sleepWindowConfirmationType":"OFF_WRIST","deepSleepSeconds":0,"lightSleepSeconds":0,"awakeSleepSeconds":0,"unmeasurableSeconds":0,"retro":false},{"sleepStartTimestampGMT":"2021-11-17T21:32:00.0","sleepEndTimestampGMT":"2021-11-18T05:41:00.0","calendarDate":"2021-11-18","sleepWindowConfirmationType":"OFF_WRIST","deepSleepSeconds":0,"lightSleepSeconds":0,"awakeSleepSeconds":0,"unmeasurableSeconds":0,"retro":false},{"sleepStartTimestampGMT":"2021-11-18T21:47:00.0","sleepEndTimestampGMT":"2021-11-19T06:01:00.0","calendarDate":"2021-11-19","sleepWindowConfirmationType":"OFF_WRIST","deepSleepSeconds":0,"lightSleepSeconds":0,"awakeSleepSeconds":0,"unmeasurableSeconds":0,"retro":false},{"sleepStartTimestampGMT":"2021-11-19T22:50:00.0","sleepEndTimestampGMT":"2021-11-20T06:20:00.0","calendarDate":"2021-11-20","sleepWindowConfirmationType":"UNCONFIRMED","retro":false},{"sleepStartTimestampGMT":"2021-11-20T21:52:00.0","sleepEndTimestampGMT":"2021-11-21T09:46:00.0","calendarDate":"2021-11-21","sleepWindowConfirmationType":"OFF_WRIST","deepSleepSeconds":0,"lightSleepSeconds":0,"awakeSleepSeconds":0,"unmeasurableSeconds":0,"retro":false},{"sleepStartTimestampGMT":"2021-11-21T21:31:00.0","sleepEndTimestampGMT":"2021-11-22T06:06:00.0","calendarDate":"2021-11-22","sleepWindowConfirmationType":"OFF_WRIST","deepSleepSeconds":0,"lightSleepSeconds":0,"awakeSleepSeconds":0,"unmeasurableSeconds":0,"retro":false},{"sleepStartTimestampGMT":"2021-11-22T21:42:00.0","sleepEndTimestampGMT":"2021-11-23T05:33:00.0","calendarDate":"2021-11-23","sleepWindowConfirmationType":"OFF_WRIST","deepSleepSeconds":0,"lightSleepSeconds":0,"awakeSleepSeconds":0,"unmeasurableSeconds":0,"retro":false},{"sleepStartTimestampGMT":"2021-11-23T21:27:00.0","sleepEndTimestampGMT":"2021-11-24T05:26:00.0","calendarDate":"2021-11-24","sleepWindowConfirmationType":"OFF_WRIST","deepSleepSeconds":0,"lightSleepSeconds":0,"awakeSleepSeconds":0,"unmeasurableSeconds":0,"retro":false},{"sleepStartTimestampGMT":"2021-11-24T21:42:00.0","sleepEndTimestampGMT":"2021-11-25T06:31:00.0","calendarDate":"2021-11-25","sleepWindowConfirmationType":"OFF_WRIST","deepSleepSeconds":0,"lightSleepSeconds":0,"awakeSleepSeconds":0,"unmeasurableSeconds":0,"retro":false},{"sleepStartTimestampGMT":"2021-11-26T22:50:00.0","sleepEndTimestampGMT":"2021-11-27T06:20:00.0","calendarDate":"2021-11-27","sleepWindowConfirmationType":"UNCONFIRMED","retro":false},{"sleepStartTimestampGMT":"2021-11-27T21:47:00.0","sleepEndTimestampGMT":"2021-11-28T09:46:00.0","calendarDate":"2021-11-28","sleepWindowConfirmationType":"OFF_WRIST","deepSleepSeconds":0,"lightSleepSeconds":0,"awakeSleepSeconds":0,"unmeasurableSeconds":0,"retro":false},{"sleepStartTimestampGMT":"2021-11-28T22:50:00.0","sleepEndTimestampGMT":"2021-11-29T06:20:00.0","calendarDate":"2021-11-29","sleepWindowConfirmationType":"UNCONFIRMED","retro":false},{"sleepStartTimestampGMT":"2021-11-29T21:32:00.0","sleepEndTimestampGMT":"2021-11-30T05:51:00.0","calendarDate":"2021-11-30","sleepWindowConfirmationType":"OFF_WRIST","deepSleepSeconds":0,"lightSleepSeconds":0,"awakeSleepSeconds":0,"unmeasurableSeconds":0,"retro":false},{"sleepStartTimestampGMT":"2021-11-30T21:52:00.0","sleepEndTimestampGMT":"2021-12-01T09:46:00.0","calendarDate":"2021-12-01","sleepWindowConfirmationType":"OFF_WRIST","deepSleepSeconds":0,"lightSleepSeconds":0,"awakeSleepSeconds":0,"unmeasurableSeconds":0,"retro":false},{"sleepStartTimestampGMT":"2021-12-01T21:47:00.0","sleepEndTimestampGMT":"2021-12-02T07:41:00.0","calendarDate":"2021-12-02","sleepWindowConfirmationType":"OFF_WRIST","deepSleepSeconds":0,"lightSleepSeconds":0,"awakeSleepSeconds":0,"unmeasurableSeconds":0,"retro":false},{"sleepStartTimestampGMT":"2021-12-02T23:17:00.0","sleepEndTimestampGMT":"2021-12-03T09:41:00.0","calendarDate":"2021-12-03","sleepWindowConfirmationType":"OFF_WRIST","deepSleepSeconds":0,"lightSleepSeconds":0,"awakeSleepSeconds":0,"unmeasurableSeconds":0,"retro":false},{"sleepStartTimestampGMT":"2021-12-03T21:52:00.0","sleepEndTimestampGMT":"2021-12-04T09:46:00.0","calendarDate":"2021-12-04","sleepWindowConfirmationType":"OFF_WRIST","deepSleepSeconds":0,"lightSleepSeconds":0,"awakeSleepSeconds":0,"unmeasurableSeconds":0,"retro":false},{"sleepStartTimestampGMT":"2021-12-04T21:47:00.0","sleepEndTimestampGMT":"2021-12-05T08:51:00.0","calendarDate":"2021-12-05","sleepWindowConfirmationType":"OFF_WRIST","deepSleepSeconds":0,"lightSleepSeconds":0,"awakeSleepSeconds":0,"unmeasurableSeconds":0,"retro":false},{"sleepStartTimestampGMT":"2021-12-05T21:52:00.0","sleepEndTimestampGMT":"2021-12-06T09:46:00.0","calendarDate":"2021-12-06","sleepWindowConfirmationType":"OFF_WRIST","deepSleepSeconds":0,"lightSleepSeconds":0,"awakeSleepSeconds":0,"unmeasurableSeconds":0,"retro":false},{"sleepStartTimestampGMT":"2021-12-06T21:42:00.0","sleepEndTimestampGMT":"2021-12-07T08:21:00.0","calendarDate":"2021-12-07","sleepWindowConfirmationType":"OFF_WRIST","deepSleepSeconds":0,"lightSleepSeconds":0,"awakeSleepSeconds":0,"unmeasurableSeconds":0,"retro":false},{"sleepStartTimestampGMT":"2021-12-08T22:50:00.0","sleepEndTimestampGMT":"2021-12-09T06:20:00.0","calendarDate":"2021-12-09","sleepWindowConfirmationType":"UNCONFIRMED","retro":false},{"sleepStartTimestampGMT":"2021-12-09T21:34:00.0","sleepEndTimestampGMT":"2021-12-10T06:06:00.0","calendarDate":"2021-12-10","sleepWindowConfirmationType":"OFF_WRIST","deepSleepSeconds":0,"lightSleepSeconds":0,"awakeSleepSeconds":0,"unmeasurableSeconds":0,"retro":false},{"sleepStartTimestampGMT":"2021-12-10T21:52:00.0","sleepEndTimestampGMT":"2021-12-11T09:46:00.0","calendarDate":"2021-12-11","sleepWindowConfirmationType":"OFF_WRIST","deepSleepSeconds":0,"lightSleepSeconds":0,"awakeSleepSeconds":0,"unmeasurableSeconds":0,"retro":false},{"sleepStartTimestampGMT":"2021-12-11T21:52:00.0","sleepEndTimestampGMT":"2021-12-12T09:51:00.0","calendarDate":"2021-12-12","sleepWindowConfirmationType":"OFF_WRIST","deepSleepSeconds":0,"lightSleepSeconds":0,"awakeSleepSeconds":0,"unmeasurableSeconds":0,"retro":false},{"sleepStartTimestampGMT":"2021-12-12T21:47:00.0","sleepEndTimestampGMT":"2021-12-13T09:46:00.0","calendarDate":"2021-12-13","sleepWindowConfirmationType":"OFF_WRIST","deepSleepSeconds":0,"lightSleepSeconds":0,"awakeSleepSeconds":0,"unmeasurableSeconds":0,"retro":false},{"sleepStartTimestampGMT":"2021-12-13T21:47:00.0","sleepEndTimestampGMT":"2021-12-14T09:46:00.0","calendarDate":"2021-12-14","sleepWindowConfirmationType":"OFF_WRIST","deepSleepSeconds":0,"lightSleepSeconds":0,"awakeSleepSeconds":0,"unmeasurableSeconds":0,"retro":false},{"sleepStartTimestampGMT":"2021-12-14T21:47:00.0","sleepEndTimestampGMT":"2021-12-15T09:41:00.0","calendarDate":"2021-12-15","sleepWindowConfirmationType":"OFF_WRIST","deepSleepSeconds":0,"lightSleepSeconds":0,"awakeSleepSeconds":0,"unmeasurableSeconds":0,"retro":false},{"sleepStartTimestampGMT":"2021-12-15T22:50:00.0","sleepEndTimestampGMT":"2021-12-16T06:20:00.0","calendarDate":"2021-12-16","sleepWindowConfirmationType":"UNCONFIRMED","retro":false},{"sleepStartTimestampGMT":"2021-12-20T04:50:00.0","sleepEndTimestampGMT":"2021-12-20T12:20:00.0","calendarDate":"2021-12-20","sleepWindowConfirmationType":"UNCONFIRMED","retro":false},{"sleepStartTimestampGMT":"2021-12-21T03:47:00.0","sleepEndTimestampGMT":"2021-12-21T15:46:00.0","calendarDate":"2021-12-21","sleepWindowConfirmationType":"OFF_WRIST","deepSleepSeconds":0,"lightSleepSeconds":0,"awakeSleepSeconds":0,"unmeasurableSeconds":0,"retro":false},{"sleepStartTimestampGMT":"2021-12-22T03:37:00.0","sleepEndTimestampGMT":"2021-12-22T13:36:00.0","calendarDate":"2021-12-22","sleepWindowConfirmationType":"OFF_WRIST","deepSleepSeconds":0,"lightSleepSeconds":0,"awakeSleepSeconds":0,"unmeasurableSeconds":0,"retro":false},{"sleepStartTimestampGMT":"2021-12-23T03:32:00.0","sleepEndTimestampGMT":"2021-12-23T14:26:00.0","calendarDate":"2021-12-23","sleepWindowConfirmationType":"OFF_WRIST","deepSleepSeconds":0,"lightSleepSeconds":0,"awakeSleepSeconds":0,"unmeasurableSeconds":0,"retro":false},{"sleepStartTimestampGMT":"2021-12-24T03:47:00.0","sleepEndTimestampGMT":"2021-12-24T14:31:00.0","calendarDate":"2021-12-24","sleepWindowConfirmationType":"OFF_WRIST","deepSleepSeconds":0,"lightSleepSeconds":0,"awakeSleepSeconds":0,"unmeasurableSeconds":0,"retro":false},{"sleepStartTimestampGMT":"2021-12-25T04:50:00.0","sleepEndTimestampGMT":"2021-12-25T12:20:00.0","calendarDate":"2021-12-25","sleepWindowConfirmationType":"UNCONFIRMED","retro":false},{"sleepStartTimestampGMT":"2021-12-26T04:50:00.0","sleepEndTimestampGMT":"2021-12-26T12:20:00.0","calendarDate":"2021-12-26","sleepWindowConfirmationType":"UNCONFIRMED","retro":false},{"sleepStartTimestampGMT":"2021-12-27T03:52:00.0","sleepEndTimestampGMT":"2021-12-27T15:46:00.0","calendarDate":"2021-12-27","sleepWindowConfirmationType":"OFF_WRIST","deepSleepSeconds":0,"lightSleepSeconds":0,"awakeSleepSeconds":0,"unmeasurableSeconds":0,"retro":false},{"sleepStartTimestampGMT":"2021-12-28T03:47:00.0","sleepEndTimestampGMT":"2021-12-28T15:46:00.0","calendarDate":"2021-12-28","sleepWindowConfirmationType":"OFF_WRIST","deepSleepSeconds":0,"lightSleepSeconds":0,"awakeSleepSeconds":0,"unmeasurableSeconds":0,"retro":false},{"sleepStartTimestampGMT":"2021-12-29T03:47:00.0","sleepEndTimestampGMT":"2021-12-29T15:46:00.0","calendarDate":"2021-12-29","sleepWindowConfirmationType":"OFF_WRIST","deepSleepSeconds":0,"lightSleepSeconds":0,"awakeSleepSeconds":0,"unmeasurableSeconds":0,"retro":false},{"sleepStartTimestampGMT":"2021-12-30T03:47:00.0","sleepEndTimestampGMT":"2021-12-30T15:46:00.0","calendarDate":"2021-12-30","sleepWindowConfirmationType":"OFF_WRIST","deepSleepSeconds":0,"lightSleepSeconds":0,"awakeSleepSeconds":0,"unmeasurableSeconds":0,"retro":false},{"sleepStartTimestampGMT":"2021-12-31T04:50:00.0","sleepEndTimestampGMT":"2021-12-31T12:20:00.0","calendarDate":"2021-12-31","sleepWindowConfirmationType":"UNCONFIRMED","retro":false},{"sleepStartTimestampGMT":"2022-01-01T03:47:00.0","sleepEndTimestampGMT":"2022-01-01T15:46:00.0","calendarDate":"2022-01-01","sleepWindowConfirmationType":"OFF_WRIST","deepSleepSeconds":0,"lightSleepSeconds":0,"awakeSleepSeconds":0,"unmeasurableSeconds":0,"retro":false},{"sleepStartTimestampGMT":"2022-01-02T01:19:00.0","sleepEndTimestampGMT":"2022-01-02T10:16:00.0","calendarDate":"2022-01-02","sleepWindowConfirmationType":"OFF_WRIST","deepSleepSeconds":0,"lightSleepSeconds":0,"awakeSleepSeconds":0,"unmeasurableSeconds":0,"retro":false},{"sleepStartTimestampGMT":"2022-01-02T21:52:00.0","sleepEndTimestampGMT":"2022-01-03T09:51:00.0","calendarDate":"2022-01-03","sleepWindowConfirmationType":"OFF_WRIST","deepSleepSeconds":0,"lightSleepSeconds":0,"awakeSleepSeconds":0,"unmeasurableSeconds":0,"retro":false},{"sleepStartTimestampGMT":"2022-01-03T21:47:00.0","sleepEndTimestampGMT":"2022-01-04T09:46:00.0","calendarDate":"2022-01-04","sleepWindowConfirmationType":"OFF_WRIST","deepSleepSeconds":0,"lightSleepSeconds":0,"awakeSleepSeconds":0,"unmeasurableSeconds":0,"retro":false},{"sleepStartTimestampGMT":"2022-01-04T21:47:00.0","sleepEndTimestampGMT":"2022-01-05T09:46:00.0","calendarDate":"2022-01-05","sleepWindowConfirmationType":"OFF_WRIST","deepSleepSeconds":0,"lightSleepSeconds":0,"awakeSleepSeconds":0,"unmeasurableSeconds":0,"retro":false},{"sleepStartTimestampGMT":"2022-01-05T22:50:00.0","sleepEndTimestampGMT":"2022-01-06T06:20:00.0","calendarDate":"2022-01-06","sleepWindowConfirmationType":"UNCONFIRMED","retro":false},{"sleepStartTimestampGMT":"2022-01-06T22:50:00.0","sleepEndTimestampGMT":"2022-01-07T06:20:00.0","calendarDate":"2022-01-07","sleepWindowConfirmationType":"UNCONFIRMED","retro":false},{"sleepStartTimestampGMT":"2022-01-07T21:52:00.0","sleepEndTimestampGMT":"2022-01-08T09:51:00.0","calendarDate":"2022-01-08","sleepWindowConfirmationType":"OFF_WRIST","deepSleepSeconds":0,"lightSleepSeconds":0,"awakeSleepSeconds":0,"unmeasurableSeconds":0,"retro":false},{"sleepStartTimestampGMT":"2022-01-08T21:52:00.0","sleepEndTimestampGMT":"2022-01-09T09:51:00.0","calendarDate":"2022-01-09","sleepWindowConfirmationType":"OFF_WRIST","deepSleepSeconds":0,"lightSleepSeconds":0,"awakeSleepSeconds":0,"unmeasurableSeconds":0,"retro":false},{"sleepStartTimestampGMT":"2022-01-09T21:56:00.0","sleepEndTimestampGMT":"2022-01-10T09:51:00.0","calendarDate":"2022-01-10","sleepWindowConfirmationType":"OFF_WRIST","deepSleepSeconds":0,"lightSleepSeconds":0,"awakeSleepSeconds":0,"unmeasurableSeconds":0,"retro":false},{"sleepStartTimestampGMT":"2022-01-10T21:52:00.0","sleepEndTimestampGMT":"2022-01-11T09:46:00.0","calendarDate":"2022-01-11","sleepWindowConfirmationType":"OFF_WRIST","deepSleepSeconds":0,"lightSleepSeconds":0,"awakeSleepSeconds":0,"unmeasurableSeconds":0,"retro":false},{"sleepStartTimestampGMT":"2022-01-11T21:52:00.0","sleepEndTimestampGMT":"2022-01-12T09:51:00.0","calendarDate":"2022-01-12","sleepWindowConfirmationType":"OFF_WRIST","deepSleepSeconds":0,"lightSleepSeconds":0,"awakeSleepSeconds":0,"unmeasurableSeconds":0,"retro":false},{"sleepStartTimestampGMT":"2022-01-12T22:50:00.0","sleepEndTimestampGMT":"2022-01-13T06:20:00.0","calendarDate":"2022-01-13","sleepWindowConfirmationType":"UNCONFIRMED","retro":false},{"sleepStartTimestampGMT":"2022-01-13T21:47:00.0","sleepEndTimestampGMT":"2022-01-14T09:46:00.0","calendarDate":"2022-01-14","sleepWindowConfirmationType":"OFF_WRIST","deepSleepSeconds":0,"lightSleepSeconds":0,"awakeSleepSeconds":0,"unmeasurableSeconds":0,"retro":false},{"sleepStartTimestampGMT":"2022-01-14T21:47:00.0","sleepEndTimestampGMT":"2022-01-15T09:46:00.0","calendarDate":"2022-01-15","sleepWindowConfirmationType":"OFF_WRIST","deepSleepSeconds":0,"lightSleepSeconds":0,"awakeSleepSeconds":0,"unmeasurableSeconds":0,"retro":false},{"sleepStartTimestampGMT":"2022-01-22T22:50:00.0","sleepEndTimestampGMT":"2022-01-23T06:20:00.0","calendarDate":"2022-01-23","sleepWindowConfirmationType":"UNCONFIRMED","retro":false},{"sleepStartTimestampGMT":"2022-01-23T21:52:00.0","sleepEndTimestampGMT":"2022-01-24T09:46:00.0","calendarDate":"2022-01-24","sleepWindowConfirmationType":"OFF_WRIST","deepSleepSeconds":0,"lightSleepSeconds":0,"awakeSleepSeconds":0,"unmeasurableSeconds":0,"retro":false}]