[{"sleepStartTimestampGMT":"2021-04-04T21:50:00.0","sleepEndTimestampGMT":"2021-04-05T05:20:00.0","calendarDate":"2021-04-05","sleepWindowConfirmationType":"UNCONFIRMED","retro":false},{"sleepStartTimestampGMT":"2021-04-05T22:21:00.0","sleepEndTimestampGMT":"2021-04-06T08:51:00.0","calendarDate":"2021-04-06","sleepWindowConfirmationType":"OFF_WRIST","deepSleepSeconds":0,"lightSleepSeconds":0,"awakeSleepSeconds":0,"unmeasurableSeconds":0,"retro":false},{"sleepStartTimestampGMT":"2021-04-06T20:21:00.0","sleepEndTimestampGMT":"2021-04-07T05:23:00.0","calendarDate":"2021-04-07","sleepWindowConfirmationType":"OFF_WRIST","deepSleepSeconds":0,"lightSleepSeconds":0,"awakeSleepSeconds":0,"unmeasurableSeconds":0,"retro":false},{"sleepStartTimestampGMT":"2021-04-07T20:57:00.0","sleepEndTimestampGMT":"2021-04-08T08:51:00.0","calendarDate":"2021-04-08","sleepWindowConfirmationType":"OFF_WRIST","deepSleepSeconds":0,"lightSleepSeconds":0,"awakeSleepSeconds":0,"unmeasurableSeconds":0,"retro":false},{"sleepStartTimestampGMT":"2021-04-08T20:47:00.0","sleepEndTimestampGMT":"2021-04-09T08:46:00.0","calendarDate":"2021-04-09","sleepWindowConfirmationType":"OFF_WRIST","deepSleepSeconds":0,"lightSleepSeconds":0,"awakeSleepSeconds":0,"unmeasurableSeconds":0,"retro":false},{"sleepStartTimestampGMT":"2021-04-09T20:52:00.0","sleepEndTimestampGMT":"2021-04-10T08:51:00.0","calendarDate":"2021-04-10","sleepWindowConfirmationType":"OFF_WRIST","deepSleepSeconds":0,"lightSleepSeconds":0,"awakeSleepSeconds":0,"unmeasurableSeconds":0,"retro":false},{"sleepStartTimestampGMT":"2021-04-10T20:52:00.0","sleepEndTimestampGMT":"2021-04-11T08:51:00.0","calendarDate":"2021-04-11","sleepWindowConfirmationType":"OFF_WRIST","deepSleepSeconds":0,"lightSleepSeconds":0,"awakeSleepSeconds":0,"unmeasurableSeconds":0,"retro":false},{"sleepStartTimestampGMT":"2021-04-11T20:52:00.0","sleepEndTimestampGMT":"2021-04-12T08:46:00.0","calendarDate":"2021-04-12","sleepWindowConfirmationType":"OFF_WRIST","deepSleepSeconds":0,"lightSleepSeconds":0,"awakeSleepSeconds":0,"unmeasurableSeconds":0,"retro":false},{"sleepStartTimestampGMT":"2021-04-12T20:52:00.0","sleepEndTimestampGMT":"2021-04-13T08:46:00.0","calendarDate":"2021-04-13","sleepWindowConfirmationType":"OFF_WRIST","deepSleepSeconds":0,"lightSleepSeconds":0,"awakeSleepSeconds":0,"unmeasurableSeconds":0,"retro":false},{"sleepStartTimestampGMT":"2021-04-13T20:47:00.0","sleepEndTimestampGMT":"2021-04-14T08:46:00.0","calendarDate":"2021-04-14","sleepWindowConfirmationType":"OFF_WRIST","deepSleepSeconds":0,"lightSleepSeconds":0,"awakeSleepSeconds":0,"unmeasurableSeconds":0,"retro":false},{"sleepStartTimestampGMT":"2021-04-14T20:52:00.0","sleepEndTimestampGMT":"2021-04-15T08:51:00.0","calendarDate":"2021-04-15","sleepWindowConfirmationType":"OFF_WRIST","deepSleepSeconds":0,"lightSleepSeconds":0,"awakeSleepSeconds":0,"unmeasurableSeconds":0,"retro":false},{"sleepStartTimestampGMT":"2021-04-15T20:52:00.0","sleepEndTimestampGMT":"2021-04-16T08:51:00.0","calendarDate":"2021-04-16","sleepWindowConfirmationType":"OFF_WRIST","deepSleepSeconds":0,"lightSleepSeconds":0,"awakeSleepSeconds":0,"unmeasurableSeconds":0,"retro":false},{"sleepStartTimestampGMT":"2021-04-16T20:27:00.0","sleepEndTimestampGMT":"2021-04-17T06:21:00.0","calendarDate":"2021-04-17","sleepWindowConfirmationType":"OFF_WRIST","deepSleepSeconds":0,"lightSleepSeconds":0,"awakeSleepSeconds":0,"unmeasurableSeconds":0,"retro":false},{"sleepStartTimestampGMT":"2021-04-17T20:47:00.0","sleepEndTimestampGMT":"2021-04-18T07:16:00.0","calendarDate":"2021-04-18","sleepWindowConfirmationType":"OFF_WRIST","deepSleepSeconds":0,"lightSleepSeconds":0,"awakeSleepSeconds":0,"unmeasurableSeconds":0,"retro":false},{"sleepStartTimestampGMT":"2021-04-18T20:47:00.0","sleepEndTimestampGMT":"2021-04-19T08:46:00.0","calendarDate":"2021-04-19","sleepWindowConfirmationType":"OFF_WRIST","deepSleepSeconds":0,"lightSleepSeconds":0,"awakeSleepSeconds":0,"unmeasurableSeconds":0,"retro":false},{"sleepStartTimestampGMT":"2021-04-19T20:47:00.0","sleepEndTimestampGMT":"2021-04-20T05:11:00.0","calendarDate":"2021-04-20","sleepWindowConfirmationType":"OFF_WRIST","deepSleepSeconds":0,"lightSleepSeconds":0,"awakeSleepSeconds":0,"unmeasurableSeconds":0,"retro":false},{"sleepStartTimestampGMT":"2021-04-20T21:50:00.0","sleepEndTimestampGMT":"2021-04-21T05:20:00.0","calendarDate":"2021-04-21","sleepWindowConfirmationType":"UNCONFIRMED","retro":false},{"sleepStartTimestampGMT":"2021-04-21T20:52:00.0","sleepEndTimestampGMT":"2021-04-22T08:46:00.0","calendarDate":"2021-04-22","sleepWindowConfirmationType":"OFF_WRIST","deepSleepSeconds":0,"lightSleepSeconds":0,"awakeSleepSeconds":0,"unmeasurableSeconds":0,"retro":false},{"sleepStartTimestampGMT":"2021-04-22T20:47:00.0","sleepEndTimestampGMT":"2021-04-23T08:41:00.0","calendarDate":"2021-04-23","sleepWindowConfirmationType":"OFF_WRIST","deepSleepSeconds":0,"lightSleepSeconds":0,"awakeSleepSeconds":0,"unmeasurableSeconds":0,"retro":false},{"sleepStartTimestampGMT":"2021-04-23T20:47:00.0","sleepEndTimestampGMT":"2021-04-24T08:02:00.0","calendarDate":"2021-04-24","sleepWindowConfirmationType":"OFF_WRIST","deepSleepSeconds":0,"lightSleepSeconds":0,"awakeSleepSeconds":0,"unmeasurableSeconds":0,"retro":false},{"sleepStartTimestampGMT":"2021-04-24T20:52:00.0","sleepEndTimestampGMT":"2021-04-25T08:46:00.0","calendarDate":"2021-04-25","sleepWindowConfirmationType":"OFF_WRIST","deepSleepSeconds":0,"lightSleepSeconds":0,"awakeSleepSeconds":0,"unmeasurableSeconds":0,"retro":false},{"sleepStartTimestampGMT":"2021-04-25T20:47:00.0","sleepEndTimestampGMT":"2021-04-26T08:46:00.0","calendarDate":"2021-04-26","sleepWindowConfirmationType":"OFF_WRIST","deepSleepSeconds":0,"lightSleepSeconds":0,"awakeSleepSeconds":0,"unmeasurableSeconds":0,"retro":false},{"sleepStartTimestampGMT":"2021-04-26T20:52:00.0","sleepEndTimestampGMT":"2021-04-27T08:51:00.0","calendarDate":"2021-04-27","sleepWindowConfirmationType":"OFF_WRIST","deepSleepSeconds":0,"lightSleepSeconds":0,"awakeSleepSeconds":0,"unmeasurableSeconds":0,"retro":false},{"sleepStartTimestampGMT":"2021-04-27T21:50:00.0","sleepEndTimestampGMT":"2021-04-28T05:20:00.0","calendarDate":"2021-04-28","sleepWindowConfirmationType":"UNCONFIRMED","retro":false},{"sleepStartTimestampGMT":"2021-04-28T21:50:00.0","sleepEndTimestampGMT":"2021-04-29T05:20:00.0","calendarDate":"2021-04-29","sleepWindowConfirmationType":"UNCONFIRMED","retro":false},{"sleepStartTimestampGMT":"2021-04-29T20:52:00.0","sleepEndTimestampGMT":"2021-04-30T08:46:00.0","calendarDate":"2021-04-30","sleepWindowConfirmationType":"OFF_WRIST","deepSleepSeconds":0,"lightSleepSeconds":0,"awakeSleepSeconds":0,"unmeasurableSeconds":0,"retro":false},{"sleepStartTimestampGMT":"2021-04-30T20:47:00.0","sleepEndTimestampGMT":"2021-05-01T08:46:00.0","calendarDate":"2021-05-01","sleepWindowConfirmationType":"OFF_WRIST","deepSleepSeconds":0,"lightSleepSeconds":0,"awakeSleepSeconds":0,"unmeasurableSeconds":0,"retro":false},{"sleepStartTimestampGMT":"2021-05-01T20:47:00.0","sleepEndTimestampGMT":"2021-05-02T08:46:00.0","calendarDate":"2021-05-02","sleepWindowConfirmationType":"OFF_WRIST","deepSleepSeconds":0,"lightSleepSeconds":0,"awakeSleepSeconds":0,"unmeasurableSeconds":0,"retro":false},{"sleepStartTimestampGMT":"2021-05-02T21:50:00.0","sleepEndTimestampGMT":"2021-05-03T05:20:00.0","calendarDate":"2021-05-03","sleepWindowConfirmationType":"UNCONFIRMED","retro":false},{"sleepStartTimestampGMT":"2021-05-03T20:52:00.0","sleepEndTimestampGMT":"2021-05-04T08:46:00.0","calendarDate":"2021-05-04","sleepWindowConfirmationType":"OFF_WRIST","deepSleepSeconds":0,"lightSleepSeconds":0,"awakeSleepSeconds":0,"unmeasurableSeconds":0,"retro":false},{"sleepStartTimestampGMT":"2021-05-04T20:54:00.0","sleepEndTimestampGMT":"2021-05-05T08:51:00.0","calendarDate":"2021-05-05","sleepWindowConfirmationType":"OFF_WRIST","deepSleepSeconds":0,"lightSleepSeconds":0,"awakeSleepSeconds":0,"unmeasurableSeconds":0,"retro":false},{"sleepStartTimestampGMT":"2021-05-05T20:52:00.0","sleepEndTimestampGMT":"2021-05-06T08:51:00.0","calendarDate":"2021-05-06","sleepWindowConfirmationType":"OFF_WRIST","deepSleepSeconds":0,"lightSleepSeconds":0,"awakeSleepSeconds":0,"unmeasurableSeconds":0,"retro":false},{"sleepStartTimestampGMT":"2021-05-06T21:50:00.0","sleepEndTimestampGMT":"2021-05-07T05:20:00.0","calendarDate":"2021-05-07","sleepWindowConfirmationType":"UNCONFIRMED","retro":false},{"sleepStartTimestampGMT":"2021-05-07T20:47:00.0","sleepEndTimestampGMT":"2021-05-08T08:21:00.0","calendarDate":"2021-05-08","sleepWindowConfirmationType":"OFF_WRIST","deepSleepSeconds":0,"lightSleepSeconds":0,"awakeSleepSeconds":0,"unmeasurableSeconds":0,"retro":false},{"sleepStartTimestampGMT":"2021-05-08T20:47:00.0","sleepEndTimestampGMT":"2021-05-09T08:38:00.0","calendarDate":"2021-05-09","sleepWindowConfirmationType":"OFF_WRIST","deepSleepSeconds":0,"lightSleepSeconds":0,"awakeSleepSeconds":0,"unmeasurableSeconds":0,"retro":false},{"sleepStartTimestampGMT":"2021-05-09T20:47:00.0","sleepEndTimestampGMT":"2021-05-10T08:46:00.0","calendarDate":"2021-05-10","sleepWindowConfirmationType":"OFF_WRIST","deepSleepSeconds":0,"lightSleepSeconds":0,"awakeSleepSeconds":0,"unmeasurableSeconds":0,"retro":false},{"sleepStartTimestampGMT":"2021-05-10T20:52:00.0","sleepEndTimestampGMT":"2021-05-11T08:51:00.0","calendarDate":"2021-05-11","sleepWindowConfirmationType":"OFF_WRIST","deepSleepSeconds":0,"lightSleepSeconds":0,"awakeSleepSeconds":0,"unmeasurableSeconds":0,"retro":false},{"sleepStartTimestampGMT":"2021-05-11T20:47:00.0","sleepEndTimestampGMT":"2021-05-12T08:46:00.0","calendarDate":"2021-05-12","sleepWindowConfirmationType":"OFF_WRIST","deepSleepSeconds":0,"lightSleepSeconds":0,"awakeSleepSeconds":0,"unmeasurableSeconds":0,"retro":false},{"sleepStartTimestampGMT":"2021-05-12T21:50:00.0","sleepEndTimestampGMT":"2021-05-13T05:20:00.0","calendarDate":"2021-05-13","sleepWindowConfirmationType":"UNCONFIRMED","retro":false},{"sleepStartTimestampGMT":"2021-05-13T20:47:00.0","sleepEndTimestampGMT":"2021-05-14T08:46:00.0","calendarDate":"2021-05-14","sleepWindowConfirmationType":"OFF_WRIST","deepSleepSeconds":0,"lightSleepSeconds":0,"awakeSleepSeconds":0,"unmeasurableSeconds":0,"retro":false},{"sleepStartTimestampGMT":"2021-05-14T20:52:00.0","sleepEndTimestampGMT":"2021-05-15T08:51:00.0","calendarDate":"2021-05-15","sleepWindowConfirmationType":"OFF_WRIST","deepSleepSeconds":0,"lightSleepSeconds":0,"awakeSleepSeconds":0,"unmeasurableSeconds":0,"retro":false},{"sleepStartTimestampGMT":"2021-05-15T20:52:00.0","sleepEndTimestampGMT":"2021-05-16T08:51:00.0","calendarDate":"2021-05-16","sleepWindowConfirmationType":"OFF_WRIST","deepSleepSeconds":0,"lightSleepSeconds":0,"awakeSleepSeconds":0,"unmeasurableSeconds":0,"retro":false},{"sleepStartTimestampGMT":"2021-05-16T20:52:00.0","sleepEndTimestampGMT":"2021-05-17T08:46:00.0","calendarDate":"2021-05-17","sleepWindowConfirmationType":"OFF_WRIST","deepSleepSeconds":0,"lightSleepSeconds":0,"awakeSleepSeconds":0,"unmeasurableSeconds":0,"retro":false},{"sleepStartTimestampGMT":"2021-05-17T20:52:00.0","sleepEndTimestampGMT":"2021-05-18T08:51:00.0","calendarDate":"2021-05-18","sleepWindowConfirmationType":"OFF_WRIST","deepSleepSeconds":0,"lightSleepSeconds":0,"awakeSleepSeconds":0,"unmeasurableSeconds":0,"retro":false},{"sleepStartTimestampGMT":"2021-05-18T21:50:00.0","sleepEndTimestampGMT":"2021-05-19T05:20:00.0","calendarDate":"2021-05-19","sleepWindowConfirmationType":"UNCONFIRMED","retro":false},{"sleepStartTimestampGMT":"2021-05-19T21:50:00.0","sleepEndTimestampGMT":"2021-05-20T05:20:00.0","calendarDate":"2021-05-20","sleepWindowConfirmationType":"UNCONFIRMED","retro":false},{"sleepStartTimestampGMT":"2021-05-20T20:47:00.0","sleepEndTimestampGMT":"2021-05-21T08:46:00.0","calendarDate":"2021-05-21","sleepWindowConfirmationType":"OFF_WRIST","deepSleepSeconds":0,"lightSleepSeconds":0,"awakeSleepSeconds":0,"unmeasurableSeconds":0,"retro":false},{"sleepStartTimestampGMT":"2021-05-21T20:27:00.0","sleepEndTimestampGMT":"2021-05-22T07:12:00.0","calendarDate":"2021-05-22","sleepWindowConfirmationType":"OFF_WRIST","deepSleepSeconds":0,"lightSleepSeconds":0,"awakeSleepSeconds":0,"unmeasurableSeconds":0,"retro":false},{"sleepStartTimestampGMT":"2021-05-22T20:52:00.0","sleepEndTimestampGMT":"2021-05-23T08:51:00.0","calendarDate":"2021-05-23","sleepWindowConfirmationType":"OFF_WRIST","deepSleepSeconds":0,"lightSleepSeconds":0,"awakeSleepSeconds":0,"unmeasurableSeconds":0,"retro":false},{"sleepStartTimestampGMT":"2021-05-23T20:47:00.0","sleepEndTimestampGMT":"2021-05-24T08:46:00.0","calendarDate":"2021-05-24","sleepWindowConfirmationType":"OFF_WRIST","deepSleepSeconds":0,"lightSleepSeconds":0,"awakeSleepSeconds":0,"unmeasurableSeconds":0,"retro":false},{"sleepStartTimestampGMT":"2021-05-24T21:50:00.0","sleepEndTimestampGMT":"2021-05-25T05:20:00.0","calendarDate":"2021-05-25","sleepWindowConfirmationType":"UNCONFIRMED","retro":false},{"sleepStartTimestampGMT":"2021-05-25T21:50:00.0","sleepEndTimestampGMT":"2021-05-26T05:20:00.0","calendarDate":"2021-05-26","sleepWindowConfirmationType":"UNCONFIRMED","retro":false},{"sleepStartTimestampGMT":"2021-05-26T21:50:00.0","sleepEndTimestampGMT":"2021-05-27T05:20:00.0","calendarDate":"2021-05-27","sleepWindowConfirmationType":"UNCONFIRMED","retro":false},{"sleepStartTimestampGMT":"2021-05-27T21:50:00.0","sleepEndTimestampGMT":"2021-05-28T05:20:00.0","calendarDate":"2021-05-28","sleepWindowConfirmationType":"UNCONFIRMED","retro":false},{"sleepStartTimestampGMT":"2021-05-28T20:27:00.0","sleepEndTimestampGMT":"2021-05-29T07:20:00.0","calendarDate":"2021-05-29","sleepWindowConfirmationType":"OFF_WRIST","deepSleepSeconds":0,"lightSleepSeconds":0,"awakeSleepSeconds":0,"unmeasurableSeconds":0,"retro":false},{"sleepStartTimestampGMT":"2021-05-29T20:52:00.0","sleepEndTimestampGMT":"2021-05-30T08:46:00.0","calendarDate":"2021-05-30","sleepWindowConfirmationType":"OFF_WRIST","deepSleepSeconds":0,"lightSleepSeconds":0,"awakeSleepSeconds":0,"unmeasurableSeconds":0,"retro":false},{"sleepStartTimestampGMT":"2021-05-30T20:42:00.0","sleepEndTimestampGMT":"2021-05-31T05:51:00.0","calendarDate":"2021-05-31","sleepWindowConfirmationType":"OFF_WRIST","deepSleepSeconds":0,"lightSleepSeconds":0,"awakeSleepSeconds":0,"unmeasurableSeconds":0,"retro":false},{"sleepStartTimestampGMT":"2021-05-31T20:52:00.0","sleepEndTimestampGMT":"2021-06-01T08:46:00.0","calendarDate":"2021-06-01","sleepWindowConfirmationType":"OFF_WRIST","deepSleepSeconds":0,"lightSleepSeconds":0,"awakeSleepSeconds":0,"unmeasurableSeconds":0,"retro":false},{"sleepStartTimestampGMT":"2021-06-01T20:47:00.0","sleepEndTimestampGMT":"2021-06-02T08:41:00.0","calendarDate":"2021-06-02","sleepWindowConfirmationType":"OFF_WRIST","deepSleepSeconds":0,"lightSleepSeconds":0,"awakeSleepSeconds":0,"unmeasurableSeconds":0,"retro":false},{"sleepStartTimestampGMT":"2021-06-02T20:52:00.0","sleepEndTimestampGMT":"2021-06-03T08:51:00.0","calendarDate":"2021-06-03","sleepWindowConfirmationType":"OFF_WRIST","deepSleepSeconds":0,"lightSleepSeconds":0,"awakeSleepSeconds":0,"unmeasurableSeconds":0,"retro":false},{"sleepStartTimestampGMT":"2021-06-03T20:52:00.0","sleepEndTimestampGMT":"2021-06-04T08:51:00.0","calendarDate":"2021-06-04","sleepWindowConfirmationType":"OFF_WRIST","deepSleepSeconds":0,"lightSleepSeconds":0,"awakeSleepSeconds":0,"unmeasurableSeconds":0,"retro":false},{"sleepStartTimestampGMT":"2021-06-04T21:50:00.0","sleepEndTimestampGMT":"2021-06-05T05:20:00.0","calendarDate":"2021-06-05","sleepWindowConfirmationType":"UNCONFIRMED","retro":false},{"sleepStartTimestampGMT":"2021-06-05T21:50:00.0","sleepEndTimestampGMT":"2021-06-06T05:20:00.0","calendarDate":"2021-06-06","sleepWindowConfirmationType":"UNCONFIRMED","retro":false},{"sleepStartTimestampGMT":"2021-06-06T20:47:00.0","sleepEndTimestampGMT":"2021-06-07T08:46:00.0","calendarDate":"2021-06-07","sleepWindowConfirmationType":"OFF_WRIST","deepSleepSeconds":0,"lightSleepSeconds":0,"awakeSleepSeconds":0,"unmeasurableSeconds":0,"retro":false},{"sleepStartTimestampGMT":"2021-06-07T20:47:00.0","sleepEndTimestampGMT":"2021-06-08T08:46:00.0","calendarDate":"2021-06-08","sleepWindowConfirmationType":"OFF_WRIST","deepSleepSeconds":0,"lightSleepSeconds":0,"awakeSleepSeconds":0,"unmeasurableSeconds":0,"retro":false},{"sleepStartTimestampGMT":"2021-06-08T20:47:00.0","sleepEndTimestampGMT":"2021-06-09T08:41:00.0","calendarDate":"2021-06-09","sleepWindowConfirmationType":"OFF_WRIST","deepSleepSeconds":0,"lightSleepSeconds":0,"awakeSleepSeconds":0,"unmeasurableSeconds":0,"retro":false},{"sleepStartTimestampGMT":"2021-06-09T20:47:00.0","sleepEndTimestampGMT":"2021-06-10T08:46:00.0","calendarDate":"2021-06-10","sleepWindowConfirmationType":"OFF_WRIST","deepSleepSeconds":0,"lightSleepSeconds":0,"awakeSleepSeconds":0,"unmeasurableSeconds":0,"retro":false},{"sleepStartTimestampGMT":"2021-06-10T20:47:00.0","sleepEndTimestampGMT":"2021-06-11T08:46:00.0","calendarDate":"2021-06-11","sleepWindowConfirmationType":"OFF_WRIST","deepSleepSeconds":0,"lightSleepSeconds":0,"awakeSleepSeconds":0,"unmeasurableSeconds":0,"retro":false},{"sleepStartTimestampGMT":"2021-06-11T20:52:00.0","sleepEndTimestampGMT":"2021-06-12T08:51:00.0","calendarDate":"2021-06-12","sleepWindowConfirmationType":"OFF_WRIST","deepSleepSeconds":0,"lightSleepSeconds":0,"awakeSleepSeconds":0,"unmeasurableSeconds":0,"retro":false},{"sleepStartTimestampGMT":"2021-06-12T20:27:00.0","sleepEndTimestampGMT":"2021-06-13T06:11:00.0","calendarDate":"2021-06-13","sleepWindowConfirmationType":"OFF_WRIST","deepSleepSeconds":0,"lightSleepSeconds":0,"awakeSleepSeconds":0,"unmeasurableSeconds":0,"retro":false},{"sleepStartTimestampGMT":"2021-06-13T20:47:00.0","sleepEndTimestampGMT":"2021-06-14T07:51:00.0","calendarDate":"2021-06-14","sleepWindowConfirmationType":"OFF_WRIST","deepSleepSeconds":0,"lightSleepSeconds":0,"awakeSleepSeconds":0,"unmeasurableSeconds":0,"retro":false},{"sleepStartTimestampGMT":"2021-06-14T20:47:00.0","sleepEndTimestampGMT":"2021-06-15T08:46:00.0","calendarDate":"2021-06-15","sleepWindowConfirmationType":"OFF_WRIST","deepSleepSeconds":0,"lightSleepSeconds":0,"awakeSleepSeconds":0,"unmeasurableSeconds":0,"retro":false},{"sleepStartTimestampGMT":"2021-06-15T20:32:00.0","sleepEndTimestampGMT":"2021-06-16T05:11:00.0","calendarDate":"2021-06-16","sleepWindowConfirmationType":"OFF_WRIST","deepSleepSeconds":0,"lightSleepSeconds":0,"awakeSleepSeconds":0,"unmeasurableSeconds":0,"retro":false},{"sleepStartTimestampGMT":"2021-06-16T20:52:00.0","sleepEndTimestampGMT":"2021-06-17T08:46:00.0","calendarDate":"2021-06-17","sleepWindowConfirmationType":"OFF_WRIST","deepSleepSeconds":0,"lightSleepSeconds":0,"awakeSleepSeconds":0,"unmeasurableSeconds":0,"retro":false},{"sleepStartTimestampGMT":"2021-06-17T20:47:00.0","sleepEndTimestampGMT":"2021-06-18T08:46:00.0","calendarDate":"2021-06-18","sleepWindowConfirmationType":"OFF_WRIST","deepSleepSeconds":0,"lightSleepSeconds":0,"awakeSleepSeconds":0,"unmeasurableSeconds":0,"retro":false},{"sleepStartTimestampGMT":"2021-06-18T20:52:00.0","sleepEndTimestampGMT":"2021-06-19T08:46:00.0","calendarDate":"2021-06-19","sleepWindowConfirmationType":"OFF_WRIST","deepSleepSeconds":0,"lightSleepSeconds":0,"awakeSleepSeconds":0,"unmeasurableSeconds":0,"retro":false},{"sleepStartTimestampGMT":"2021-06-19T20:47:00.0","sleepEndTimestampGMT":"2021-06-20T08:46:00.0","calendarDate":"2021-06-20","sleepWindowConfirmationType":"OFF_WRIST","deepSleepSeconds":0,"lightSleepSeconds":0,"awakeSleepSeconds":0,"unmeasurableSeconds":0,"retro":false},{"sleepStartTimestampGMT":"2021-06-20T20:47:00.0","sleepEndTimestampGMT":"2021-06-21T08:44:00.0","calendarDate":"2021-06-21","sleepWindowConfirmationType":"OFF_WRIST","deepSleepSeconds":0,"lightSleepSeconds":0,"awakeSleepSeconds":0,"unmeasurableSeconds":0,"retro":false},{"sleepStartTimestampGMT":"2021-06-21T20:52:00.0","sleepEndTimestampGMT":"2021-06-22T08:46:00.0","calendarDate":"2021-06-22","sleepWindowConfirmationType":"OFF_WRIST","deepSleepSeconds":0,"lightSleepSeconds":0,"awakeSleepSeconds":0,"unmeasurableSeconds":0,"retro":false},{"sleepStartTimestampGMT":"2021-06-22T20:52:00.0","sleepEndTimestampGMT":"2021-06-23T08:46:00.0","calendarDate":"2021-06-23","sleepWindowConfirmationType":"OFF_WRIST","deepSleepSeconds":0,"lightSleepSeconds":0,"awakeSleepSeconds":0,"unmeasurableSeconds":0,"retro":false},{"sleepStartTimestampGMT":"2021-06-23T20:32:00.0","sleepEndTimestampGMT":"2021-06-24T05:01:00.0","calendarDate":"2021-06-24","sleepWindowConfirmationType":"OFF_WRIST","deepSleepSeconds":0,"lightSleepSeconds":0,"awakeSleepSeconds":0,"unmeasurableSeconds":0,"retro":false},{"sleepStartTimestampGMT":"2021-06-24T20:52:00.0","sleepEndTimestampGMT":"2021-06-25T08:46:00.0","calendarDate":"2021-06-25","sleepWindowConfirmationType":"OFF_WRIST","deepSleepSeconds":0,"lightSleepSeconds":0,"awakeSleepSeconds":0,"unmeasurableSeconds":0,"retro":false},{"sleepStartTimestampGMT":"2021-06-25T21:50:00.0","sleepEndTimestampGMT":"2021-06-26T05:20:00.0","calendarDate":"2021-06-26","sleepWindowConfirmationType":"UNCONFIRMED","retro":false},{"sleepStartTimestampGMT":"2021-06-26T20:32:00.0","sleepEndTimestampGMT":"2021-06-27T07:01:00.0","calendarDate":"2021-06-27","sleepWindowConfirmationType":"OFF_WRIST","deepSleepSeconds":0,"lightSleepSeconds":0,"awakeSleepSeconds":0,"unmeasurableSeconds":0,"retro":false},{"sleepStartTimestampGMT":"2021-06-27T20:52:00.0","sleepEndTimestampGMT":"2021-06-28T08:46:00.0","calendarDate":"2021-06-28","sleepWindowConfirmationType":"OFF_WRIST","deepSleepSeconds":0,"lightSleepSeconds":0,"awakeSleepSeconds":0,"unmeasurableSeconds":0,"retro":false},{"sleepStartTimestampGMT":"2021-06-28T20:52:00.0","sleepEndTimestampGMT":"2021-06-29T08:51:00.0","calendarDate":"2021-06-29","sleepWindowConfirmationType":"OFF_WRIST","deepSleepSeconds":0,"lightSleepSeconds":0,"awakeSleepSeconds":0,"unmeasurableSeconds":0,"retro":false},{"sleepStartTimestampGMT":"2021-06-29T20:32:00.0","sleepEndTimestampGMT":"2021-06-30T05:01:00.0","calendarDate":"2021-06-30","sleepWindowConfirmationType":"OFF_WRIST","deepSleepSeconds":0,"lightSleepSeconds":0,"awakeSleepSeconds":0,"unmeasurableSeconds":0,"retro":false},{"sleepStartTimestampGMT":"2021-06-30T20:47:00.0","sleepEndTimestampGMT":"2021-07-01T05:31:00.0","calendarDate":"2021-07-01","sleepWindowConfirmationType":"OFF_WRIST","deepSleepSeconds":0,"lightSleepSeconds":0,"awakeSleepSeconds":0,"unmeasurableSeconds":0,"retro":false},{"sleepStartTimestampGMT":"2021-07-02T21:50:00.0","sleepEndTimestampGMT":"2021-07-03T05:20:00.0","calendarDate":"2021-07-03","sleepWindowConfirmationType":"UNCONFIRMED","retro":false},{"sleepStartTimestampGMT":"2021-07-03T20:47:00.0","sleepEndTimestampGMT":"2021-07-04T08:16:00.0","calendarDate":"2021-07-04","sleepWindowConfirmationType":"OFF_WRIST","deepSleepSeconds":0,"lightSleepSeconds":0,"awakeSleepSeconds":0,"unmeasurableSeconds":0,"retro":false},{"sleepStartTimestampGMT":"2021-07-04T20:47:00.0","sleepEndTimestampGMT":"2021-07-05T08:41:00.0","calendarDate":"2021-07-05","sleepWindowConfirmationType":"OFF_WRIST","deepSleepSeconds":0,"lightSleepSeconds":0,"awakeSleepSeconds":0,"unmeasurableSeconds":0,"retro":false},{"sleepStartTimestampGMT":"2021-07-05T20:47:00.0","sleepEndTimestampGMT":"2021-07-06T08:46:00.0","calendarDate":"2021-07-06","sleepWindowConfirmationType":"OFF_WRIST","deepSleepSeconds":0,"lightSleepSeconds":0,"awakeSleepSeconds":0,"unmeasurableSeconds":0,"retro":false},{"sleepStartTimestampGMT":"2021-07-06T20:32:00.0","sleepEndTimestampGMT":"2021-07-07T05:01:00.0","calendarDate":"2021-07-07","sleepWindowConfirmationType":"OFF_WRIST","deepSleepSeconds":0,"lightSleepSeconds":0,"awakeSleepSeconds":0,"unmeasurableSeconds":0,"retro":false}]