[{"sleepStartTimestampGMT":"2021-07-09T21:50:00.0","sleepEndTimestampGMT":"2021-07-10T05:20:00.0","calendarDate":"2021-07-10","sleepWindowConfirmationType":"UNCONFIRMED","retro":false},{"sleepStartTimestampGMT":"2021-07-10T20:47:00.0","sleepEndTimestampGMT":"2021-07-11T07:56:00.0","calendarDate":"2021-07-11","sleepWindowConfirmationType":"OFF_WRIST","deepSleepSeconds":0,"lightSleepSeconds":0,"awakeSleepSeconds":0,"unmeasurableSeconds":0,"retro":false},{"sleepStartTimestampGMT":"2021-07-11T20:47:00.0","sleepEndTimestampGMT":"2021-07-12T08:46:00.0","calendarDate":"2021-07-12","sleepWindowConfirmationType":"OFF_WRIST","deepSleepSeconds":0,"lightSleepSeconds":0,"awakeSleepSeconds":0,"unmeasurableSeconds":0,"retro":false},{"sleepStartTimestampGMT":"2021-07-12T20:32:00.0","sleepEndTimestampGMT":"2021-07-13T04:41:00.0","calendarDate":"2021-07-13","sleepWindowConfirmationType":"OFF_WRIST","deepSleepSeconds":0,"lightSleepSeconds":0,"awakeSleepSeconds":0,"unmeasurableSeconds":0,"retro":false},{"sleepStartTimestampGMT":"2021-07-13T20:52:00.0","sleepEndTimestampGMT":"2021-07-14T08:46:00.0","calendarDate":"2021-07-14","sleepWindowConfirmationType":"OFF_WRIST","deepSleepSeconds":0,"lightSleepSeconds":0,"awakeSleepSeconds":0,"unmeasurableSeconds":0,"retro":false},{"sleepStartTimestampGMT":"2021-07-14T21:50:00.0","sleepEndTimestampGMT":"2021-07-15T05:20:00.0","calendarDate":"2021-07-15","sleepWindowConfirmationType":"UNCONFIRMED","retro":false},{"sleepStartTimestampGMT":"2021-07-15T21:50:00.0","sleepEndTimestampGMT":"2021-07-16T05:20:00.0","calendarDate":"2021-07-16","sleepWindowConfirmationType":"UNCONFIRMED","retro":false},{"sleepStartTimestampGMT":"2021-07-16T21:50:00.0","sleepEndTimestampGMT":"2021-07-17T05:20:00.0","calendarDate":"2021-07-17","sleepWindowConfirmationType":"UNCONFIRMED","retro":false},{"sleepStartTimestampGMT":"2021-07-17T20:32:00.0","sleepEndTimestampGMT":"2021-07-18T07:31:00.0","calendarDate":"2021-07-18","sleepWindowConfirmationType":"OFF_WRIST","deepSleepSeconds":0,"lightSleepSeconds":0,"awakeSleepSeconds":0,"unmeasurableSeconds":0,"retro":false},{"sleepStartTimestampGMT":"2021-07-18T20:52:00.0","sleepEndTimestampGMT":"2021-07-19T08:46:00.0","calendarDate":"2021-07-19","sleepWindowConfirmationType":"OFF_WRIST","deepSleepSeconds":0,"lightSleepSeconds":0,"awakeSleepSeconds":0,"unmeasurableSeconds":0,"retro":false},{"sleepStartTimestampGMT":"2021-07-19T20:32:00.0","sleepEndTimestampGMT":"2021-07-20T04:36:00.0","calendarDate":"2021-07-20","sleepWindowConfirmationType":"OFF_WRIST","deepSleepSeconds":0,"lightSleepSeconds":0,"awakeSleepSeconds":0,"unmeasurableSeconds":0,"retro":false},{"sleepStartTimestampGMT":"2021-07-20T20:47:00.0","sleepEndTimestampGMT":"2021-07-21T08:46:00.0","calendarDate":"2021-07-21","sleepWindowConfirmationType":"OFF_WRIST","deepSleepSeconds":0,"lightSleepSeconds":0,"awakeSleepSeconds":0,"unmeasurableSeconds":0,"retro":false},{"sleepStartTimestampGMT":"2021-07-21T20:52:00.0","sleepEndTimestampGMT":"2021-07-22T08:46:00.0","calendarDate":"2021-07-22","sleepWindowConfirmationType":"OFF_WRIST","deepSleepSeconds":0,"lightSleepSeconds":0,"awakeSleepSeconds":0,"unmeasurableSeconds":0,"retro":false},{"sleepStartTimestampGMT":"2021-07-22T20:47:00.0","sleepEndTimestampGMT":"2021-07-23T08:46:00.0","calendarDate":"2021-07-23","sleepWindowConfirmationType":"OFF_WRIST","deepSleepSeconds":0,"lightSleepSeconds":0,"awakeSleepSeconds":0,"unmeasurableSeconds":0,"retro":false},{"sleepStartTimestampGMT":"2021-07-23T22:27:00.0","sleepEndTimestampGMT":"2021-07-24T09:11:00.0","calendarDate":"2021-07-24","sleepWindowConfirmationType":"OFF_WRIST","deepSleepSeconds":0,"lightSleepSeconds":0,"awakeSleepSeconds":0,"unmeasurableSeconds":0,"retro":false},{"sleepStartTimestampGMT":"2021-07-24T20:21:00.0","sleepEndTimestampGMT":"2021-07-25T06:28:00.0","calendarDate":"2021-07-25","sleepWindowConfirmationType":"OFF_WRIST","deepSleepSeconds":0,"lightSleepSeconds":0,"awakeSleepSeconds":0,"unmeasurableSeconds":0,"retro":false},{"sleepStartTimestampGMT":"2021-07-25T20:56:00.0","sleepEndTimestampGMT":"2021-07-26T08:46:00.0","calendarDate":"2021-07-26","sleepWindowConfirmationType":"OFF_WRIST","deepSleepSeconds":0,"lightSleepSeconds":0,"awakeSleepSeconds":0,"unmeasurableSeconds":0,"retro":false},{"sleepStartTimestampGMT":"2021-07-26T20:47:00.0","sleepEndTimestampGMT":"2021-07-27T05:21:00.0","calendarDate":"2021-07-27","sleepWindowConfirmationType":"OFF_WRIST","deepSleepSeconds":0,"lightSleepSeconds":0,"awakeSleepSeconds":0,"unmeasurableSeconds":0,"retro":false},{"sleepStartTimestampGMT":"2021-07-27T20:47:00.0","sleepEndTimestampGMT":"2021-07-28T08:46:00.0","calendarDate":"2021-07-28","sleepWindowConfirmationType":"OFF_WRIST","deepSleepSeconds":0,"lightSleepSeconds":0,"awakeSleepSeconds":0,"unmeasurableSeconds":0,"retro":false},{"sleepStartTimestampGMT":"2021-07-28T20:52:00.0","sleepEndTimestampGMT":"2021-07-29T08:51:00.0","calendarDate":"2021-07-29","sleepWindowConfirmationType":"OFF_WRIST","deepSleepSeconds":0,"lightSleepSeconds":0,"awakeSleepSeconds":0,"unmeasurableSeconds":0,"retro":false},{"sleepStartTimestampGMT":"2021-07-29T20:47:00.0","sleepEndTimestampGMT":"2021-07-30T08:46:00.0","calendarDate":"2021-07-30","sleepWindowConfirmationType":"OFF_WRIST","deepSleepSeconds":0,"lightSleepSeconds":0,"awakeSleepSeconds":0,"unmeasurableSeconds":0,"retro":false},{"sleepStartTimestampGMT":"2021-07-30T20:37:00.0","sleepEndTimestampGMT":"2021-07-31T07:36:00.0","calendarDate":"2021-07-31","sleepWindowConfirmationType":"OFF_WRIST","deepSleepSeconds":0,"lightSleepSeconds":0,"awakeSleepSeconds":0,"unmeasurableSeconds":0,"retro":false},{"sleepStartTimestampGMT":"2021-07-31T20:32:00.0","sleepEndTimestampGMT":"2021-08-01T07:17:00.0","calendarDate":"2021-08-01","sleepWindowConfirmationType":"OFF_WRIST","deepSleepSeconds":0,"lightSleepSeconds":0,"awakeSleepSeconds":0,"unmeasurableSeconds":0,"retro":false},{"sleepStartTimestampGMT":"2021-08-01T20:32:00.0","sleepEndTimestampGMT":"2021-08-02T06:30:00.0","calendarDate":"2021-08-02","sleepWindowConfirmationType":"OFF_WRIST","deepSleepSeconds":0,"lightSleepSeconds":0,"awakeSleepSeconds":0,"unmeasurableSeconds":0,"retro":false},{"sleepStartTimestampGMT":"2021-08-02T20:47:00.0","sleepEndTimestampGMT":"2021-08-03T08:41:00.0","calendarDate":"2021-08-03","sleepWindowConfirmationType":"OFF_WRIST","deepSleepSeconds":0,"lightSleepSeconds":0,"awakeSleepSeconds":0,"unmeasurableSeconds":0,"retro":false},{"sleepStartTimestampGMT":"2021-08-03T20:37:00.0","sleepEndTimestampGMT":"2021-08-04T07:46:00.0","calendarDate":"2021-08-04","sleepWindowConfirmationType":"OFF_WRIST","deepSleepSeconds":0,"lightSleepSeconds":0,"awakeSleepSeconds":0,"unmeasurableSeconds":0,"retro":false},{"sleepStartTimestampGMT":"2021-08-04T20:37:00.0","sleepEndTimestampGMT":"2021-08-05T07:51:00.0","calendarDate":"2021-08-05","sleepWindowConfirmationType":"OFF_WRIST","deepSleepSeconds":0,"lightSleepSeconds":0,"awakeSleepSeconds":0,"unmeasurableSeconds":0,"retro":false},{"sleepStartTimestampGMT":"2021-08-05T20:37:00.0","sleepEndTimestampGMT":"2021-08-06T07:21:00.0","calendarDate":"2021-08-06","sleepWindowConfirmationType":"OFF_WRIST","deepSleepSeconds":0,"lightSleepSeconds":0,"awakeSleepSeconds":0,"unmeasurableSeconds":0,"retro":false},{"sleepStartTimestampGMT":"2021-08-06T20:47:00.0","sleepEndTimestampGMT":"2021-08-07T08:46:00.0","calendarDate":"2021-08-07","sleepWindowConfirmationType":"OFF_WRIST","deepSleepSeconds":0,"lightSleepSeconds":0,"awakeSleepSeconds":0,"unmeasurableSeconds":0,"retro":false},{"sleepStartTimestampGMT":"2021-08-07T20:47:00.0","sleepEndTimestampGMT":"2021-08-08T08:46:00.0","calendarDate":"2021-08-08","sleepWindowConfirmationType":"OFF_WRIST","deepSleepSeconds":0,"lightSleepSeconds":0,"awakeSleepSeconds":0,"unmeasurableSeconds":0,"retro":false},{"sleepStartTimestampGMT":"2021-08-08T20:47:00.0","sleepEndTimestampGMT":"2021-08-09T08:46:00.0","calendarDate":"2021-08-09","sleepWindowConfirmationType":"OFF_WRIST","deepSleepSeconds":0,"lightSleepSeconds":0,"awakeSleepSeconds":0,"unmeasurableSeconds":0,"retro":false},{"sleepStartTimestampGMT":"2021-08-09T20:52:00.0","sleepEndTimestampGMT":"2021-08-10T08:46:00.0","calendarDate":"2021-08-10","sleepWindowConfirmationType":"OFF_WRIST","deepSleepSeconds":0,"lightSleepSeconds":0,"awakeSleepSeconds":0,"unmeasurableSeconds":0,"retro":false},{"sleepStartTimestampGMT":"2021-08-10T20:47:00.0","sleepEndTimestampGMT":"2021-08-11T08:46:00.0","calendarDate":"2021-08-11","sleepWindowConfirmationType":"OFF_WRIST","deepSleepSeconds":0,"lightSleepSeconds":0,"awakeSleepSeconds":0,"unmeasurableSeconds":0,"retro":false},{"sleepStartTimestampGMT":"2021-08-11T20:32:00.0","sleepEndTimestampGMT":"2021-08-12T07:26:00.0","calendarDate":"2021-08-12","sleepWindowConfirmationType":"OFF_WRIST","deepSleepSeconds":0,"lightSleepSeconds":0,"awakeSleepSeconds":0,"unmeasurableSeconds":0,"retro":false},{"sleepStartTimestampGMT":"2021-08-12T21:50:00.0","sleepEndTimestampGMT":"2021-08-13T05:20:00.0","calendarDate":"2021-08-13","sleepWindowConfirmationType":"UNCONFIRMED","retro":false},{"sleepStartTimestampGMT":"2021-08-13T21:50:00.0","sleepEndTimestampGMT":"2021-08-14T05:20:00.0","calendarDate":"2021-08-14","sleepWindowConfirmationType":"UNCONFIRMED","retro":false},{"sleepStartTimestampGMT":"2021-08-14T20:52:00.0","sleepEndTimestampGMT":"2021-08-15T08:51:00.0","calendarDate":"2021-08-15","sleepWindowConfirmationType":"OFF_WRIST","deepSleepSeconds":0,"lightSleepSeconds":0,"awakeSleepSeconds":0,"unmeasurableSeconds":0,"retro":false},{"sleepStartTimestampGMT":"2021-08-15T20:52:00.0","sleepEndTimestampGMT":"2021-08-16T08:46:00.0","calendarDate":"2021-08-16","sleepWindowConfirmationType":"OFF_WRIST","deepSleepSeconds":0,"lightSleepSeconds":0,"awakeSleepSeconds":0,"unmeasurableSeconds":0,"retro":false},{"sleepStartTimestampGMT":"2021-08-16T20:47:00.0","sleepEndTimestampGMT":"2021-08-17T08:44:00.0","calendarDate":"2021-08-17","sleepWindowConfirmationType":"OFF_WRIST","deepSleepSeconds":0,"lightSleepSeconds":0,"awakeSleepSeconds":0,"unmeasurableSeconds":0,"retro":false},{"sleepStartTimestampGMT":"2021-08-17T20:32:00.0","sleepEndTimestampGMT":"2021-08-18T07:11:00.0","calendarDate":"2021-08-18","sleepWindowConfirmationType":"OFF_WRIST","deepSleepSeconds":0,"lightSleepSeconds":0,"awakeSleepSeconds":0,"unmeasurableSeconds":0,"retro":false},{"sleepStartTimestampGMT":"2021-08-18T20:47:00.0","sleepEndTimestampGMT":"2021-08-19T07:41:00.0","calendarDate":"2021-08-19","sleepWindowConfirmationType":"OFF_WRIST","deepSleepSeconds":0,"lightSleepSeconds":0,"awakeSleepSeconds":0,"unmeasurableSeconds":0,"retro":false},{"sleepStartTimestampGMT":"2021-08-25T21:50:00.0","sleepEndTimestampGMT":"2021-08-26T05:20:00.0","calendarDate":"2021-08-26","sleepWindowConfirmationType":"UNCONFIRMED","retro":false},{"sleepStartTimestampGMT":"2021-08-26T20:32:00.0","sleepEndTimestampGMT":"2021-08-27T05:16:00.0","calendarDate":"2021-08-27","sleepWindowConfirmationType":"OFF_WRIST","deepSleepSeconds":0,"lightSleepSeconds":0,"awakeSleepSeconds":0,"unmeasurableSeconds":0,"retro":false},{"sleepStartTimestampGMT":"2021-08-27T22:15:00.0","sleepEndTimestampGMT":"2021-08-28T09:01:00.0","calendarDate":"2021-08-28","sleepWindowConfirmationType":"OFF_WRIST","deepSleepSeconds":0,"lightSleepSeconds":0,"awakeSleepSeconds":0,"unmeasurableSeconds":0,"retro":false},{"sleepStartTimestampGMT":"2021-08-28T20:47:00.0","sleepEndTimestampGMT":"2021-08-29T08:46:00.0","calendarDate":"2021-08-29","sleepWindowConfirmationType":"OFF_WRIST","deepSleepSeconds":0,"lightSleepSeconds":0,"awakeSleepSeconds":0,"unmeasurableSeconds":0,"retro":false},{"sleepStartTimestampGMT":"2021-08-29T21:50:00.0","sleepEndTimestampGMT":"2021-08-30T05:20:00.0","calendarDate":"2021-08-30","sleepWindowConfirmationType":"UNCONFIRMED","retro":false},{"sleepStartTimestampGMT":"2021-08-30T20:52:00.0","sleepEndTimestampGMT":"2021-08-31T08:46:00.0","calendarDate":"2021-08-31","sleepWindowConfirmationType":"OFF_WRIST","deepSleepSeconds":0,"lightSleepSeconds":0,"awakeSleepSeconds":0,"unmeasurableSeconds":0,"retro":false},{"sleepStartTimestampGMT":"2021-08-31T20:52:00.0","sleepEndTimestampGMT":"2021-09-01T08:51:00.0","calendarDate":"2021-09-01","sleepWindowConfirmationType":"OFF_WRIST","deepSleepSeconds":0,"lightSleepSeconds":0,"awakeSleepSeconds":0,"unmeasurableSeconds":0,"retro":false},{"sleepStartTimestampGMT":"2021-09-01T20:52:00.0","sleepEndTimestampGMT":"2021-09-02T08:46:00.0","calendarDate":"2021-09-02","sleepWindowConfirmationType":"OFF_WRIST","deepSleepSeconds":0,"lightSleepSeconds":0,"awakeSleepSeconds":0,"unmeasurableSeconds":0,"retro":false},{"sleepStartTimestampGMT":"2021-09-02T20:47:00.0","sleepEndTimestampGMT":"2021-09-03T08:46:00.0","calendarDate":"2021-09-03","sleepWindowConfirmationType":"OFF_WRIST","deepSleepSeconds":0,"lightSleepSeconds":0,"awakeSleepSeconds":0,"unmeasurableSeconds":0,"retro":false},{"sleepStartTimestampGMT":"2021-09-03T20:47:00.0","sleepEndTimestampGMT":"2021-09-04T08:16:00.0","calendarDate":"2021-09-04","sleepWindowConfirmationType":"OFF_WRIST","deepSleepSeconds":0,"lightSleepSeconds":0,"awakeSleepSeconds":0,"unmeasurableSeconds":0,"retro":false},{"sleepStartTimestampGMT":"2021-09-04T20:37:00.0","sleepEndTimestampGMT":"2021-09-05T07:41:00.0","calendarDate":"2021-09-05","sleepWindowConfirmationType":"OFF_WRIST","deepSleepSeconds":0,"lightSleepSeconds":0,"awakeSleepSeconds":0,"unmeasurableSeconds":0,"retro":false},{"sleepStartTimestampGMT":"2021-09-05T20:48:00.0","sleepEndTimestampGMT":"2021-09-06T08:46:00.0","calendarDate":"2021-09-06","sleepWindowConfirmationType":"OFF_WRIST","deepSleepSeconds":0,"lightSleepSeconds":0,"awakeSleepSeconds":0,"unmeasurableSeconds":0,"retro":false},{"sleepStartTimestampGMT":"2021-09-06T20:47:00.0","sleepEndTimestampGMT":"2021-09-07T08:46:00.0","calendarDate":"2021-09-07","sleepWindowConfirmationType":"OFF_WRIST","deepSleepSeconds":0,"lightSleepSeconds":0,"awakeSleepSeconds":0,"unmeasurableSeconds":0,"retro":false},{"sleepStartTimestampGMT":"2021-09-07T20:27:00.0","sleepEndTimestampGMT":"2021-09-08T04:56:00.0","calendarDate":"2021-09-08","sleepWindowConfirmationType":"OFF_WRIST","deepSleepSeconds":0,"lightSleepSeconds":0,"awakeSleepSeconds":0,"unmeasurableSeconds":0,"retro":false},{"sleepStartTimestampGMT":"2021-09-08T20:47:00.0","sleepEndTimestampGMT":"2021-09-09T08:46:00.0","calendarDate":"2021-09-09","sleepWindowConfirmationType":"OFF_WRIST","deepSleepSeconds":0,"lightSleepSeconds":0,"awakeSleepSeconds":0,"unmeasurableSeconds":0,"retro":false},{"sleepStartTimestampGMT":"2021-09-09T20:47:00.0","sleepEndTimestampGMT":"2021-09-10T08:46:00.0","calendarDate":"2021-09-10","sleepWindowConfirmationType":"OFF_WRIST","deepSleepSeconds":0,"lightSleepSeconds":0,"awakeSleepSeconds":0,"unmeasurableSeconds":0,"retro":false},{"sleepStartTimestampGMT":"2021-09-10T20:52:00.0","sleepEndTimestampGMT":"2021-09-11T08:46:00.0","calendarDate":"2021-09-11","sleepWindowConfirmationType":"OFF_WRIST","deepSleepSeconds":0,"lightSleepSeconds":0,"awakeSleepSeconds":0,"unmeasurableSeconds":0,"retro":false},{"sleepStartTimestampGMT":"2021-09-11T20:37:00.0","sleepEndTimestampGMT":"2021-09-12T07:25:00.0","calendarDate":"2021-09-12","sleepWindowConfirmationType":"OFF_WRIST","deepSleepSeconds":0,"lightSleepSeconds":0,"awakeSleepSeconds":0,"unmeasurableSeconds":0,"retro":false},{"sleepStartTimestampGMT":"2021-09-12T20:47:00.0","sleepEndTimestampGMT":"2021-09-13T08:42:00.0","calendarDate":"2021-09-13","sleepWindowConfirmationType":"OFF_WRIST","deepSleepSeconds":0,"lightSleepSeconds":0,"awakeSleepSeconds":0,"unmeasurableSeconds":0,"retro":false},{"sleepStartTimestampGMT":"2021-09-13T20:47:00.0","sleepEndTimestampGMT":"2021-09-14T08:46:00.0","calendarDate":"2021-09-14","sleepWindowConfirmationType":"OFF_WRIST","deepSleepSeconds":0,"lightSleepSeconds":0,"awakeSleepSeconds":0,"unmeasurableSeconds":0,"retro":false},{"sleepStartTimestampGMT":"2021-09-14T20:52:00.0","sleepEndTimestampGMT":"2021-09-15T08:46:00.0","calendarDate":"2021-09-15","sleepWindowConfirmationType":"OFF_WRIST","deepSleepSeconds":0,"lightSleepSeconds":0,"awakeSleepSeconds":0,"unmeasurableSeconds":0,"retro":false},{"sleepStartTimestampGMT":"2021-09-15T20:47:00.0","sleepEndTimestampGMT":"2021-09-16T08:46:00.0","calendarDate":"2021-09-16","sleepWindowConfirmationType":"OFF_WRIST","deepSleepSeconds":0,"lightSleepSeconds":0,"awakeSleepSeconds":0,"unmeasurableSeconds":0,"retro":false},{"sleepStartTimestampGMT":"2021-09-16T20:32:00.0","sleepEndTimestampGMT":"2021-09-17T04:56:00.0","calendarDate":"2021-09-17","sleepWindowConfirmationType":"OFF_WRIST","deepSleepSeconds":0,"lightSleepSeconds":0,"awakeSleepSeconds":0,"unmeasurableSeconds":0,"retro":false},{"sleepStartTimestampGMT":"2021-09-17T20:47:00.0","sleepEndTimestampGMT":"2021-09-18T08:46:00.0","calendarDate":"2021-09-18","sleepWindowConfirmationType":"OFF_WRIST","deepSleepSeconds":0,"lightSleepSeconds":0,"awakeSleepSeconds":0,"unmeasurableSeconds":0,"retro":false},{"sleepStartTimestampGMT":"2021-09-18T20:52:00.0","sleepEndTimestampGMT":"2021-09-19T08:51:00.0","calendarDate":"2021-09-19","sleepWindowConfirmationType":"OFF_WRIST","deepSleepSeconds":0,"lightSleepSeconds":0,"awakeSleepSeconds":0,"unmeasurableSeconds":0,"retro":false},{"sleepStartTimestampGMT":"2021-09-19T20:54:00.0","sleepEndTimestampGMT":"2021-09-20T08:46:00.0","calendarDate":"2021-09-20","sleepWindowConfirmationType":"OFF_WRIST","deepSleepSeconds":0,"lightSleepSeconds":0,"awakeSleepSeconds":0,"unmeasurableSeconds":0,"retro":false},{"sleepStartTimestampGMT":"2021-09-20T20:47:00.0","sleepEndTimestampGMT":"2021-09-21T08:46:00.0","calendarDate":"2021-09-21","sleepWindowConfirmationType":"OFF_WRIST","deepSleepSeconds":0,"lightSleepSeconds":0,"awakeSleepSeconds":0,"unmeasurableSeconds":0,"retro":false},{"sleepStartTimestampGMT":"2021-09-21T20:32:00.0","sleepEndTimestampGMT":"2021-09-22T04:56:00.0","calendarDate":"2021-09-22","sleepWindowConfirmationType":"OFF_WRIST","deepSleepSeconds":0,"lightSleepSeconds":0,"awakeSleepSeconds":0,"unmeasurableSeconds":0,"retro":false},{"sleepStartTimestampGMT":"2021-09-22T20:47:00.0","sleepEndTimestampGMT":"2021-09-23T08:46:00.0","calendarDate":"2021-09-23","sleepWindowConfirmationType":"OFF_WRIST","deepSleepSeconds":0,"lightSleepSeconds":0,"awakeSleepSeconds":0,"unmeasurableSeconds":0,"retro":false},{"sleepStartTimestampGMT":"2021-09-23T20:47:00.0","sleepEndTimestampGMT":"2021-09-24T08:46:00.0","calendarDate":"2021-09-24","sleepWindowConfirmationType":"OFF_WRIST","deepSleepSeconds":0,"lightSleepSeconds":0,"awakeSleepSeconds":0,"unmeasurableSeconds":0,"retro":false},{"sleepStartTimestampGMT":"2021-09-24T20:22:00.0","sleepEndTimestampGMT":"2021-09-25T06:56:00.0","calendarDate":"2021-09-25","sleepWindowConfirmationType":"OFF_WRIST","deepSleepSeconds":0,"lightSleepSeconds":0,"awakeSleepSeconds":0,"unmeasurableSeconds":0,"retro":false},{"sleepStartTimestampGMT":"2021-09-25T22:12:00.0","sleepEndTimestampGMT":"2021-09-26T09:06:00.0","calendarDate":"2021-09-26","sleepWindowConfirmationType":"OFF_WRIST","deepSleepSeconds":0,"lightSleepSeconds":0,"awakeSleepSeconds":0,"unmeasurableSeconds":0,"retro":false},{"sleepStartTimestampGMT":"2021-09-26T20:47:00.0","sleepEndTimestampGMT":"2021-09-27T08:46:00.0","calendarDate":"2021-09-27","sleepWindowConfirmationType":"OFF_WRIST","deepSleepSeconds":0,"lightSleepSeconds":0,"awakeSleepSeconds":0,"unmeasurableSeconds":0,"retro":false},{"sleepStartTimestampGMT":"2021-09-27T20:52:00.0","sleepEndTimestampGMT":"2021-09-28T08:46:00.0","calendarDate":"2021-09-28","sleepWindowConfirmationType":"OFF_WRIST","deepSleepSeconds":0,"lightSleepSeconds":0,"awakeSleepSeconds":0,"unmeasurableSeconds":0,"retro":false},{"sleepStartTimestampGMT":"2021-09-28T20:38:00.0","sleepEndTimestampGMT":"2021-09-29T04:56:00.0","calendarDate":"2021-09-29","sleepWindowConfirmationType":"OFF_WRIST","deepSleepSeconds":0,"lightSleepSeconds":0,"awakeSleepSeconds":0,"unmeasurableSeconds":0,"retro":false},{"sleepStartTimestampGMT":"2021-09-29T20:47:00.0","sleepEndTimestampGMT":"2021-09-30T08:46:00.0","calendarDate":"2021-09-30","sleepWindowConfirmationType":"OFF_WRIST","deepSleepSeconds":0,"lightSleepSeconds":0,"awakeSleepSeconds":0,"unmeasurableSeconds":0,"retro":false},{"sleepStartTimestampGMT":"2021-09-30T20:47:00.0","sleepEndTimestampGMT":"2021-10-01T08:46:00.0","calendarDate":"2021-10-01","sleepWindowConfirmationType":"OFF_WRIST","deepSleepSeconds":0,"lightSleepSeconds":0,"awakeSleepSeconds":0,"unmeasurableSeconds":0,"retro":false},{"sleepStartTimestampGMT":"2021-10-01T20:32:00.0","sleepEndTimestampGMT":"2021-10-02T06:56:00.0","calendarDate":"2021-10-02","sleepWindowConfirmationType":"OFF_WRIST","deepSleepSeconds":0,"lightSleepSeconds":0,"awakeSleepSeconds":0,"unmeasurableSeconds":0,"retro":false},{"sleepStartTimestampGMT":"2021-10-02T20:52:00.0","sleepEndTimestampGMT":"2021-10-03T08:51:00.0","calendarDate":"2021-10-03","sleepWindowConfirmationType":"OFF_WRIST","deepSleepSeconds":0,"lightSleepSeconds":0,"awakeSleepSeconds":0,"unmeasurableSeconds":0,"retro":false},{"sleepStartTimestampGMT":"2021-10-03T20:37:00.0","sleepEndTimestampGMT":"2021-10-04T02:41:00.0","calendarDate":"2021-10-04","sleepWindowConfirmationType":"OFF_WRIST","deepSleepSeconds":0,"lightSleepSeconds":0,"awakeSleepSeconds":0,"unmeasurableSeconds":0,"retro":false},{"sleepStartTimestampGMT":"2021-10-04T21:50:00.0","sleepEndTimestampGMT":"2021-10-05T05:20:00.0","calendarDate":"2021-10-05","sleepWindowConfirmationType":"UNCONFIRMED","retro":false},{"sleepStartTimestampGMT":"2021-10-05T21:50:00.0","sleepEndTimestampGMT":"2021-10-06T05:20:00.0","calendarDate":"2021-10-06","sleepWindowConfirmationType":"UNCONFIRMED","retro":false},{"sleepStartTimestampGMT":"2021-10-06T20:52:00.0","sleepEndTimestampGMT":"2021-10-07T08:46:00.0","calendarDate":"2021-10-07","sleepWindowConfirmationType":"OFF_WRIST","deepSleepSeconds":0,"lightSleepSeconds":0,"awakeSleepSeconds":0,"unmeasurableSeconds":0,"retro":false},{"sleepStartTimestampGMT":"2021-10-07T21:50:00.0","sleepEndTimestampGMT":"2021-10-08T05:20:00.0","calendarDate":"2021-10-08","sleepWindowConfirmationType":"UNCONFIRMED","retro":false},{"sleepStartTimestampGMT":"2021-10-08T20:37:00.0","sleepEndTimestampGMT":"2021-10-09T07:36:00.0","calendarDate":"2021-10-09","sleepWindowConfirmationType":"OFF_WRIST","deepSleepSeconds":0,"lightSleepSeconds":0,"awakeSleepSeconds":0,"unmeasurableSeconds":0,"retro":false},{"sleepStartTimestampGMT":"2021-10-09T20:47:00.0","sleepEndTimestampGMT":"2021-10-10T08:31:00.0","calendarDate":"2021-10-10","sleepWindowConfirmationType":"OFF_WRIST","deepSleepSeconds":0,"lightSleepSeconds":0,"awakeSleepSeconds":0,"unmeasurableSeconds":0,"retro":false},{"sleepStartTimestampGMT":"2021-10-10T20:42:00.0","sleepEndTimestampGMT":"2021-10-11T02:51:00.0","calendarDate":"2021-10-11","sleepWindowConfirmationType":"OFF_WRIST","deepSleepSeconds":0,"lightSleepSeconds":0,"awakeSleepSeconds":0,"unmeasurableSeconds":0,"retro":false},{"sleepStartTimestampGMT":"2021-10-13T22:45:00.0","sleepEndTimestampGMT":"2021-10-14T08:49:00.0","calendarDate":"2021-10-14","sleepWindowConfirmationType":"OFF_WRIST","deepSleepSeconds":0,"lightSleepSeconds":0,"awakeSleepSeconds":0,"unmeasurableSeconds":0,"retro":false},{"sleepStartTimestampGMT":"2021-10-14T20:52:00.0","sleepEndTimestampGMT":"2021-10-15T08:51:00.0","calendarDate":"2021-10-15","sleepWindowConfirmationType":"OFF_WRIST","deepSleepSeconds":0,"lightSleepSeconds":0,"awakeSleepSeconds":0,"unmeasurableSeconds":0,"retro":false},{"sleepStartTimestampGMT":"2021-10-15T20:32:00.0","sleepEndTimestampGMT":"2021-10-16T06:46:00.0","calendarDate":"2021-10-16","sleepWindowConfirmationType":"OFF_WRIST","deepSleepSeconds":0,"lightSleepSeconds":0,"awakeSleepSeconds":0,"unmeasurableSeconds":0,"retro":false}]