[{"sleepStartTimestampGMT":"2022-01-24T21:37:00.0","sleepEndTimestampGMT":"2022-01-25T06:16:00.0","calendarDate":"2022-01-25","sleepWindowConfirmationType":"OFF_WRIST","deepSleepSeconds":0,"lightSleepSeconds":0,"awakeSleepSeconds":0,"unmeasurableSeconds":0,"retro":false},{"sleepStartTimestampGMT":"2022-01-25T21:52:00.0","sleepEndTimestampGMT":"2022-01-26T09:51:00.0","calendarDate":"2022-01-26","sleepWindowConfirmationType":"OFF_WRIST","deepSleepSeconds":0,"lightSleepSeconds":0,"awakeSleepSeconds":0,"unmeasurableSeconds":0,"retro":false},{"sleepStartTimestampGMT":"2022-01-26T21:37:00.0","sleepEndTimestampGMT":"2022-01-27T05:56:00.0","calendarDate":"2022-01-27","sleepWindowConfirmationType":"OFF_WRIST","deepSleepSeconds":0,"lightSleepSeconds":0,"awakeSleepSeconds":0,"unmeasurableSeconds":0,"retro":false},{"sleepStartTimestampGMT":"2022-01-27T21:49:00.0","sleepEndTimestampGMT":"2022-01-28T09:46:00.0","calendarDate":"2022-01-28","sleepWindowConfirmationType":"OFF_WRIST","deepSleepSeconds":0,"lightSleepSeconds":0,"awakeSleepSeconds":0,"unmeasurableSeconds":0,"retro":false},{"sleepStartTimestampGMT":"2022-01-28T21:47:00.0","sleepEndTimestampGMT":"2022-01-29T09:46:00.0","calendarDate":"2022-01-29","sleepWindowConfirmationType":"OFF_WRIST","deepSleepSeconds":0,"lightSleepSeconds":0,"awakeSleepSeconds":0,"unmeasurableSeconds":0,"retro":false},{"sleepStartTimestampGMT":"2022-01-29T21:52:00.0","sleepEndTimestampGMT":"2022-01-30T09:51:00.0","calendarDate":"2022-01-30","sleepWindowConfirmationType":"OFF_WRIST","deepSleepSeconds":0,"lightSleepSeconds":0,"awakeSleepSeconds":0,"unmeasurableSeconds":0,"retro":false},{"sleepStartTimestampGMT":"2022-01-30T21:47:00.0","sleepEndTimestampGMT":"2022-01-31T09:46:00.0","calendarDate":"2022-01-31","sleepWindowConfirmationType":"OFF_WRIST","deepSleepSeconds":0,"lightSleepSeconds":0,"awakeSleepSeconds":0,"unmeasurableSeconds":0,"retro":false},{"sleepStartTimestampGMT":"2022-01-31T22:50:00.0","sleepEndTimestampGMT":"2022-02-01T06:20:00.0","calendarDate":"2022-02-01","sleepWindowConfirmationType":"UNCONFIRMED","retro":false}]