[{"sleepStartTimestampGMT":"2022-08-14T23:13:00.0","sleepEndTimestampGMT":"2022-08-15T04:49:00.0","calendarDate":"2022-08-15","sleepWindowConfirmationType":"ENHANCED_CONFIRMED_FINAL","deepSleepSeconds":1440,"lightSleepSeconds":13500,"remSleepSeconds":4800,"awakeSleepSeconds":420,"unmeasurableSeconds":0,"spo2SleepSummary":{"userProfilePk":76018113,"deviceId":3401978503,"sleepMeasurementStartGMT":"2022-08-14T23:14:00.0","sleepMeasurementEndGMT":"2022-08-15T04:49:00.0","averageSPO2":92.0,"averageHR":55.0,"lowestSPO2":75},"averageRespiration":14.0,"lowestRespiration":9.0,"highestRespiration":20.0,"retro":false,"awakeCount":0,"avgSleepStress":9.349253731343284,"sleepScores":{"overallScore":71,"qualityScore":89,"durationScore":60,"recoveryScore":100,"deepScore":63,"remScore":100,"lightScore":74,"awakeningsCountScore":100,"awakeTimeScore":97,"combinedAwakeScore":98,"restfulnessScore":46,"interruptionsScore":85,"feedback":"POSITIVE_RECOVERING","insight":"POSITIVE_RESTFUL_DAY"},"restlessMomentCount":44},{"sleepStartTimestampGMT":"2022-08-15T22:08:00.0","sleepEndTimestampGMT":"2022-08-16T04:50:00.0","calendarDate":"2022-08-16","sleepWindowConfirmationType":"ENHANCED_CONFIRMED_FINAL","deepSleepSeconds":5940,"lightSleepSeconds":10380,"remSleepSeconds":7740,"awakeSleepSeconds":60,"unmeasurableSeconds":0,"spo2SleepSummary":{"userProfilePk":76018113,"deviceId":3401978503,"sleepMeasurementStartGMT":"2022-08-15T22:09:00.0","sleepMeasurementEndGMT":"2022-08-16T04:49:00.0","averageSPO2":89.0,"averageHR":53.0,"lowestSPO2":81},"averageRespiration":13.0,"lowestRespiration":8.0,"highestRespiration":20.0,"retro":false,"awakeCount":0,"avgSleepStress":8.107648725212465,"sleepScores":{"overallScore":83,"qualityScore":92,"durationScore":75,"recoveryScore":91,"deepScore":100,"remScore":78,"lightScore":100,"awakeningsCountScore":100,"awakeTimeScore":100,"combinedAwakeScore":100,"restfulnessScore":81,"interruptionsScore":96,"feedback":"POSITIVE_CONTINUOUS","insight":"NONE"},"restlessMomentCount":34},{"sleepStartTimestampGMT":"2022-08-17T00:14:00.0","sleepEndTimestampGMT":"2022-08-17T05:58:00.0","calendarDate":"2022-08-17","sleepWindowConfirmationType":"ENHANCED_CONFIRMED_FINAL","deepSleepSeconds":3000,"lightSleepSeconds":14520,"remSleepSeconds":3120,"awakeSleepSeconds":0,"unmeasurableSeconds":0,"spo2SleepSummary":{"userProfilePk":76018113,"deviceId":3401978503,"sleepMeasurementStartGMT":"2022-08-17T00:19:00.0","sleepMeasurementEndGMT":"2022-08-17T05:51:00.0","averageSPO2":93.0,"averageHR":55.0,"lowestSPO2":88},"averageRespiration":13.0,"lowestRespiration":9.0,"highestRespiration":17.0,"retro":false,"awakeCount":0,"avgSleepStress":4.315068493150685,"sleepScores":{"overallScore":73,"qualityScore":88,"durationScore":63,"recoveryScore":100,"deepScore":77,"remScore":68,"lightScore":72,"awakeningsCountScore":100,"awakeTimeScore":100,"combinedAwakeScore":100,"restfulnessScore":61,"interruptionsScore":90,"feedback":"POSITIVE_RECOVERING","insight":"POSITIVE_LATE_BED_TIME"},"restlessMomentCount":37},{"sleepStartTimestampGMT":"2022-08-18T04:08:00.0","sleepEndTimestampGMT":"2022-08-18T11:19:00.0","calendarDate":"2022-08-18","sleepWindowConfirmationType":"ENHANCED_CONFIRMED_FINAL","deepSleepSeconds":3120,"lightSleepSeconds":14700,"remSleepSeconds":7620,"awakeSleepSeconds":420,"unmeasurableSeconds":0,"spo2SleepSummary":{"userProfilePk":76018113,"deviceId":3401978503,"sleepMeasurementStartGMT":"2022-08-18T04:11:00.0","sleepMeasurementEndGMT":"2022-08-18T11:19:00.0","averageSPO2":94.0,"averageHR":56.0,"lowestSPO2":84},"averageRespiration":13.0,"lowestRespiration":8.0,"highestRespiration":20.0,"retro":false,"awakeCount":0,"avgSleepStress":9.86320754716981,"sleepScores":{"overallScore":85,"qualityScore":91,"durationScore":80,"recoveryScore":99,"deepScore":73,"remScore":87,"lightScore":91,"awakeningsCountScore":100,"awakeTimeScore":97,"combinedAwakeScore":98,"restfulnessScore":77,"interruptionsScore":94,"feedback":"POSITIVE_LONG_AND_RECOVERING","insight":"POSITIVE_RESTFUL_DAY"},"restlessMomentCount":37},{"sleepStartTimestampGMT":"2022-08-19T02:08:00.0","sleepEndTimestampGMT":"2022-08-19T07:06:00.0","calendarDate":"2022-08-19","sleepWindowConfirmationType":"ENHANCED_CONFIRMED_FINAL","deepSleepSeconds":8280,"lightSleepSeconds":6540,"remSleepSeconds":2640,"awakeSleepSeconds":420,"unmeasurableSeconds":0,"spo2SleepSummary":{"userProfilePk":76018113,"deviceId":3401978503,"sleepMeasurementStartGMT":"2022-08-19T02:21:00.0","sleepMeasurementEndGMT":"2022-08-19T07:06:00.0","averageSPO2":91.0,"averageHR":51.0,"lowestSPO2":82},"averageRespiration":12.0,"lowestRespiration":8.0,"highestRespiration":18.0,"retro":false,"awakeCount":1,"avgSleepStress":7.822916666666667,"sleepScores":{"overallScore":64,"qualityScore":92,"durationScore":49,"recoveryScore":100,"deepScore":100,"remScore":68,"lightScore":91,"awakeningsCountScore":87,"awakeTimeScore":97,"combinedAwakeScore":92,"restfulnessScore":89,"interruptionsScore":91,"feedback":"POSITIVE_SHORT_BUT_RECOVERING","insight":"NONE"},"restlessMomentCount":22},{"sleepStartTimestampGMT":"2022-08-20T15:01:00.0","sleepEndTimestampGMT":"2022-08-20T18:07:00.0","calendarDate":"2022-08-20","sleepWindowConfirmationType":"ENHANCED_CONFIRMED_FINAL","deepSleepSeconds":2640,"lightSleepSeconds":7440,"awakeSleepSeconds":1080,"unmeasurableSeconds":0,"spo2SleepSummary":{"userProfilePk":76018113,"deviceId":3401978503,"sleepMeasurementStartGMT":"2022-08-20T15:06:00.0","sleepMeasurementEndGMT":"2022-08-20T18:06:00.0","averageSPO2":95.0,"averageHR":62.0,"lowestSPO2":93},"averageRespiration":12.0,"lowestRespiration":9.0,"highestRespiration":15.0,"retro":false,"awakeCount":2,"avgSleepStress":17.486631016042782,"sleepScores":{"overallScore":0,"qualityScore":0,"durationScore":0,"recoveryScore":0,"deepScore":0,"remScore":0,"lightScore":0,"awakeningsCountScore":0,"awakeTimeScore":0,"combinedAwakeScore":0,"restfulnessScore":0,"interruptionsScore":0,"feedback":"NONE","insight":"NONE"},"restlessMomentCount":16},{"sleepStartTimestampGMT":"2022-08-21T06:21:00.0","sleepEndTimestampGMT":"2022-08-21T12:17:00.0","calendarDate":"2022-08-21","sleepWindowConfirmationType":"ENHANCED_CONFIRMED_FINAL","deepSleepSeconds":4140,"lightSleepSeconds":13320,"remSleepSeconds":2100,"awakeSleepSeconds":1800,"unmeasurableSeconds":0,"spo2SleepSummary":{"userProfilePk":76018113,"deviceId":3401978503,"sleepMeasurementStartGMT":"2022-08-21T06:22:00.0","sleepMeasurementEndGMT":"2022-08-21T12:17:00.0","averageSPO2":93.0,"averageHR":56.0,"lowestSPO2":82},"averageRespiration":10.0,"lowestRespiration":6.0,"highestRespiration":16.0,"retro":false,"awakeCount":2,"avgSleepStress":7.376436781609195,"sleepScores":{"overallScore":67,"qualityScore":82,"durationScore":59,"recoveryScore":100,"deepScore":100,"remScore":59,"lightScore":75,"awakeningsCountScore":74,"awakeTimeScore":70,"combinedAwakeScore":72,"restfulnessScore":45,"interruptionsScore":66,"feedback":"POSITIVE_SHORT_BUT_RECOVERING","insight":"POSITIVE_RESTFUL_DAY"},"restlessMomentCount":44},{"sleepStartTimestampGMT":"2022-08-22T22:40:00.0","sleepEndTimestampGMT":"2022-08-23T05:12:00.0","calendarDate":"2022-08-23","sleepWindowConfirmationType":"ENHANCED_CONFIRMED_FINAL","deepSleepSeconds":5340,"lightSleepSeconds":11460,"remSleepSeconds":6720,"awakeSleepSeconds":0,"unmeasurableSeconds":0,"spo2SleepSummary":{"userProfilePk":76018113,"deviceId":3401978503,"sleepMeasurementStartGMT":"2022-08-22T22:41:00.0","sleepMeasurementEndGMT":"2022-08-23T05:10:00.0","averageSPO2":94.0,"averageHR":53.0,"lowestSPO2":87},"averageRespiration":12.0,"lowestRespiration":8.0,"highestRespiration":19.0,"retro":false,"awakeCount":0,"avgSleepStress":8.221374045801527,"sleepScores":{"overallScore":84,"qualityScore":98,"durationScore":73,"recoveryScore":100,"deepScore":100,"remScore":96,"lightScore":100,"awakeningsCountScore":100,"awakeTimeScore":100,"combinedAwakeScore":100,"restfulnessScore":83,"interruptionsScore":96,"feedback":"POSITIVE_RECOVERING","insight":"POSITIVE_RESTFUL_DAY"},"restlessMomentCount":32},{"sleepStartTimestampGMT":"2022-08-23T22:31:00.0","sleepEndTimestampGMT":"2022-08-24T04:52:00.0","calendarDate":"2022-08-24","sleepWindowConfirmationType":"ENHANCED_CONFIRMED_FINAL","deepSleepSeconds":4440,"lightSleepSeconds":13980,"remSleepSeconds":3660,"awakeSleepSeconds":780,"unmeasurableSeconds":0,"spo2SleepSummary":{"userProfilePk":76018113,"deviceId":3401978503,"sleepMeasurementStartGMT":"2022-08-23T22:32:00.0","sleepMeasurementEndGMT":"2022-08-24T04:52:00.0","averageSPO2":91.0,"averageHR":57.0,"lowestSPO2":81},"averageRespiration":11.0,"lowestRespiration":8.0,"highestRespiration":16.0,"retro":false,"awakeCount":2,"avgSleepStress":14.32981530343008,"sleepScores":{"overallScore":71,"qualityScore":77,"durationScore":68,"recoveryScore":64,"deepScore":100,"remScore":71,"lightScore":81,"awakeningsCountScore":74,"awakeTimeScore":89,"combinedAwakeScore":81,"restfulnessScore":79,"interruptionsScore":80,"feedback":"POSITIVE_DEEP","insight":"NONE"},"restlessMomentCount":31},{"sleepStartTimestampGMT":"2022-08-24T22:31:00.0","sleepEndTimestampGMT":"2022-08-25T05:01:00.0","calendarDate":"2022-08-25","sleepWindowConfirmationType":"ENHANCED_CONFIRMED_FINAL","deepSleepSeconds":4800,"lightSleepSeconds":11580,"remSleepSeconds":6960,"awakeSleepSeconds":60,"unmeasurableSeconds":0,"spo2SleepSummary":{"userProfilePk":76018113,"deviceId":3401978503,"sleepMeasurementStartGMT":"2022-08-24T22:32:00.0","sleepMeasurementEndGMT":"2022-08-25T05:00:00.0","averageSPO2":91.0,"averageHR":55.0,"lowestSPO2":76},"averageRespiration":10.0,"lowestRespiration":8.0,"highestRespiration":17.0,"retro":false,"awakeCount":0,"avgSleepStress":9.868556701030927,"sleepScores":{"overallScore":83,"qualityScore":98,"durationScore":72,"recoveryScore":100,"deepScore":100,"remScore":88,"lightScore":100,"awakeningsCountScore":100,"awakeTimeScore":100,"combinedAwakeScore":100,"restfulnessScore":100,"interruptionsScore":100,"feedback":"POSITIVE_RECOVERING","insight":"POSITIVE_LATE_BED_TIME"},"restlessMomentCount":23},{"sleepStartTimestampGMT":"2022-08-25T22:24:00.0","sleepEndTimestampGMT":"2022-08-26T04:51:09.0","calendarDate":"2022-08-26","sleepWindowConfirmationType":"ENHANCED_CONFIRMED_FINAL","deepSleepSeconds":3240,"lightSleepSeconds":15000,"remSleepSeconds":1080,"awakeSleepSeconds":3900,"unmeasurableSeconds":0,"spo2SleepSummary":{"userProfilePk":76018113,"deviceId":3401978503,"sleepMeasurementStartGMT":"2022-08-25T22:25:00.0","sleepMeasurementEndGMT":"2022-08-26T04:50:00.0","averageSPO2":92.0,"averageHR":66.0,"lowestSPO2":77},"averageRespiration":12.0,"lowestRespiration":8.0,"highestRespiration":15.0,"retro":false,"awakeCount":1,"avgSleepStress":25.632124352331605,"sleepScores":{"overallScore":57,"qualityScore":62,"durationScore":58,"recoveryScore":67,"deepScore":84,"remScore":30,"lightScore":63,"awakeningsCountScore":87,"awakeTimeScore":35,"combinedAwakeScore":61,"restfulnessScore":65,"interruptionsScore":62,"feedback":"NEGATIVE_SHORT_AND_POOR_STRUCTURE","insight":"NONE"},"restlessMomentCount":33},{"sleepStartTimestampGMT":"2022-08-26T23:00:00.0","sleepEndTimestampGMT":"2022-08-27T06:38:44.0","calendarDate":"2022-08-27","sleepWindowConfirmationType":"ENHANCED_CONFIRMED_FINAL","deepSleepSeconds":6360,"lightSleepSeconds":14400,"remSleepSeconds":6540,"awakeSleepSeconds":180,"unmeasurableSeconds":0,"spo2SleepSummary":{"userProfilePk":76018113,"deviceId":3401978503,"sleepMeasurementStartGMT":"2022-08-26T23:01:00.0","sleepMeasurementEndGMT":"2022-08-27T06:35:00.0","averageSPO2":91.0,"averageHR":56.0,"lowestSPO2":78},"averageRespiration":12.0,"lowestRespiration":8.0,"highestRespiration":20.0,"retro":false,"awakeCount":0,"avgSleepStress":11.216035634743875,"sleepScores":{"overallScore":94,"qualityScore":95,"durationScore":93,"recoveryScore":93,"deepScore":100,"remScore":100,"lightScore":100,"awakeningsCountScore":100,"awakeTimeScore":100,"combinedAwakeScore":100,"restfulnessScore":66,"interruptionsScore":92,"feedback":"POSITIVE_OPTIMAL_STRUCTURE","insight":"POSITIVE_EXERCISE"},"restlessMomentCount":46},{"sleepStartTimestampGMT":"2022-08-28T22:47:00.0","sleepEndTimestampGMT":"2022-08-29T05:42:00.0","calendarDate":"2022-08-29","sleepWindowConfirmationType":"ENHANCED_CONFIRMED_FINAL","deepSleepSeconds":4020,"lightSleepSeconds":14760,"remSleepSeconds":6000,"awakeSleepSeconds":120,"unmeasurableSeconds":0,"spo2SleepSummary":{"userProfilePk":76018113,"deviceId":3401978503,"sleepMeasurementStartGMT":"2022-08-28T22:48:00.0","sleepMeasurementEndGMT":"2022-08-29T05:35:00.0","averageSPO2":91.0,"averageHR":59.0,"lowestSPO2":82},"averageRespiration":12.0,"lowestRespiration":9.0,"highestRespiration":17.0,"retro":false,"awakeCount":0,"avgSleepStress":12.360774818401937,"sleepScores":{"overallScore":84,"qualityScore":91,"durationScore":77,"recoveryScore":89,"deepScore":81,"remScore":100,"lightScore":88,"awakeningsCountScore":100,"awakeTimeScore":100,"combinedAwakeScore":100,"restfulnessScore":75,"interruptionsScore":94,"feedback":"POSITIVE_REFRESHING","insight":"POSITIVE_LATE_BED_TIME"},"restlessMomentCount":37},{"sleepStartTimestampGMT":"2022-08-29T22:21:00.0","sleepEndTimestampGMT":"2022-08-30T05:17:00.0","calendarDate":"2022-08-30","sleepWindowConfirmationType":"ENHANCED_CONFIRMED_FINAL","deepSleepSeconds":4860,"lightSleepSeconds":15780,"remSleepSeconds":4320,"awakeSleepSeconds":0,"unmeasurableSeconds":0,"spo2SleepSummary":{"userProfilePk":76018113,"deviceId":3401978503,"sleepMeasurementStartGMT":"2022-08-29T22:22:00.0","sleepMeasurementEndGMT":"2022-08-30T05:17:00.0","averageSPO2":90.0,"averageHR":56.0,"lowestSPO2":81},"averageRespiration":13.0,"lowestRespiration":9.0,"highestRespiration":21.0,"retro":false,"awakeCount":0,"avgSleepStress":12.657004830917874,"sleepScores":{"overallScore":83,"qualityScore":89,"durationScore":78,"recoveryScore":91,"deepScore":97,"remScore":73,"lightScore":81,"awakeningsCountScore":100,"awakeTimeScore":100,"combinedAwakeScore":100,"restfulnessScore":62,"interruptionsScore":90,"feedback":"POSITIVE_CONTINUOUS","insight":"POSITIVE_LATE_BED_TIME"},"restlessMomentCount":45},{"sleepStartTimestampGMT":"2022-08-30T22:18:00.0","sleepEndTimestampGMT":"2022-08-31T04:47:00.0","calendarDate":"2022-08-31","sleepWindowConfirmationType":"ENHANCED_CONFIRMED_FINAL","deepSleepSeconds":6240,"lightSleepSeconds":12660,"remSleepSeconds":4140,"awakeSleepSeconds":300,"unmeasurableSeconds":0,"spo2SleepSummary":{"userProfilePk":76018113,"deviceId":3401978503,"sleepMeasurementStartGMT":"2022-08-30T22:19:00.0","sleepMeasurementEndGMT":"2022-08-31T04:46:00.0","averageSPO2":91.0,"averageHR":54.0,"lowestSPO2":80},"averageRespiration":11.0,"lowestRespiration":9.0,"highestRespiration":17.0,"retro":false,"awakeCount":0,"avgSleepStress":10.540051679586563,"sleepScores":{"overallScore":80,"qualityScore":93,"durationScore":71,"recoveryScore":97,"deepScore":100,"remScore":74,"lightScore":96,"awakeningsCountScore":100,"awakeTimeScore":100,"combinedAwakeScore":100,"restfulnessScore":84,"interruptionsScore":96,"feedback":"POSITIVE_CONTINUOUS","insight":"NONE"},"restlessMomentCount":31},{"sleepStartTimestampGMT":"2022-08-31T21:21:00.0","sleepEndTimestampGMT":"2022-09-01T05:08:00.0","calendarDate":"2022-09-01","sleepWindowConfirmationType":"ENHANCED_CONFIRMED_FINAL","deepSleepSeconds":4020,"lightSleepSeconds":19440,"remSleepSeconds":2520,"awakeSleepSeconds":2040,"unmeasurableSeconds":0,"spo2SleepSummary":{"userProfilePk":76018113,"deviceId":3401978503,"sleepMeasurementStartGMT":"2022-08-31T21:36:00.0","sleepMeasurementEndGMT":"2022-09-01T05:08:00.0","averageSPO2":91.0,"averageHR":63.0,"lowestSPO2":71},"averageRespiration":12.0,"lowestRespiration":9.0,"highestRespiration":21.0,"retro":false,"awakeCount":3,"avgSleepStress":23.92703862660944,"sleepScores":{"overallScore":63,"qualityScore":59,"durationScore":83,"recoveryScore":46,"deepScore":79,"remScore":53,"lightScore":66,"awakeningsCountScore":61,"awakeTimeScore":66,"combinedAwakeScore":63,"restfulnessScore":75,"interruptionsScore":65,"feedback":"NEGATIVE_LONG_BUT_NOT_RESTORATIVE","insight":"NONE"},"restlessMomentCount":40}]