[{"sleepStartTimestampGMT":"2024-01-31T20:54:00.0","sleepEndTimestampGMT":"2024-02-01T05:42:00.0","calendarDate":"2024-02-01","sleepWindowConfirmationType":"ENHANCED_CONFIRMED_FINAL","deepSleepSeconds":0,"lightSleepSeconds":31680,"awakeSleepSeconds":0,"unmeasurableSeconds":0,"averageRespiration":13.0,"lowestRespiration":12.0,"highestRespiration":14.0,"retro":false,"awakeCount":0,"avgSleepStress":0.0,"sleepScores":{"overallScore":49,"qualityScore":59,"durationScore":76,"recoveryScore":76,"deepScore":0,"remScore":0,"lightScore":0,"awakeningsCountScore":100,"awakeTimeScore":100,"combinedAwakeScore":100,"restfulnessScore":100,"interruptionsScore":100,"feedback":"NEGATIVE_POOR_STRUCTURE","insight":"NEGATIVE_VERY_STRENUOUS_EXERCISE"},"restlessMomentCount":0},{"sleepStartTimestampGMT":"2024-03-10T22:48:00.0","sleepEndTimestampGMT":"2024-03-11T05:31:00.0","calendarDate":"2024-03-11","sleepWindowConfirmationType":"ENHANCED_CONFIRMED_FINAL","deepSleepSeconds":4020,"lightSleepSeconds":13500,"remSleepSeconds":6420,"awakeSleepSeconds":240,"unmeasurableSeconds":0,"spo2SleepSummary":{"userProfilePk":76018113,"deviceId":3401978503,"sleepMeasurementStartGMT":"2024-03-10T22:51:00.0","sleepMeasurementEndGMT":"2024-03-11T05:30:00.0","averageSPO2":90.0,"averageHR":57.0,"lowestSPO2":76},"averageRespiration":11.0,"lowestRespiration":8.0,"highestRespiration":15.0,"retro":false,"awakeCount":0,"avgSleepStress":8.742105263157894,"sleepScores":{"overallScore":85,"qualityScore":97,"durationScore":75,"recoveryScore":100,"deepScore":84,"remScore":100,"lightScore":94,"awakeningsCountScore":100,"awakeTimeScore":100,"combinedAwakeScore":100,"restfulnessScore":97,"interruptionsScore":99,"feedback":"POSITIVE_RECOVERING","insight":"POSITIVE_RESTFUL_DAY"},"restlessMomentCount":26},{"sleepStartTimestampGMT":"2024-03-11T23:34:00.0","sleepEndTimestampGMT":"2024-03-12T05:31:00.0","calendarDate":"2024-03-12","sleepWindowConfirmationType":"ENHANCED_CONFIRMED_FINAL","deepSleepSeconds":2280,"lightSleepSeconds":16920,"remSleepSeconds":2160,"awakeSleepSeconds":60,"unmeasurableSeconds":0,"spo2SleepSummary":{"userProfilePk":76018113,"deviceId":3401978503,"sleepMeasurementStartGMT":"2024-03-11T23:35:00.0","sleepMeasurementEndGMT":"2024-03-12T05:29:00.0","averageSPO2":91.0,"averageHR":55.0,"lowestSPO2":82},"averageRespiration":11.0,"lowestRespiration":7.0,"highestRespiration":16.0,"retro":false,"awakeCount":0,"avgSleepStress":6.731428571428571,"sleepScores":{"overallScore":71,"qualityScore":85,"durationScore":65,"recoveryScore":92,"deepScore":69,"remScore":55,"lightScore":61,"awakeningsCountScore":100,"awakeTimeScore":100,"combinedAwakeScore":100,"restfulnessScore":100,"interruptionsScore":100,"feedback":"POSITIVE_CONTINUOUS","insight":"POSITIVE_LATE_BED_TIME"},"restlessMomentCount":20},{"sleepStartTimestampGMT":"2024-03-12T23:13:00.0","sleepEndTimestampGMT":"2024-03-13T05:19:00.0","calendarDate":"2024-03-13","sleepWindowConfirmationType":"ENHANCED_CONFIRMED_FINAL","deepSleepSeconds":5940,"lightSleepSeconds":10260,"remSleepSeconds":5760,"awakeSleepSeconds":0,"unmeasurableSeconds":0,"averageRespiration":13.0,"lowestRespiration":9.0,"highestRespiration":17.0,"retro":false,"awakeCount":0,"avgSleepStress":7.2,"sleepScores":{"overallScore":78,"qualityScore":92,"durationScore":68,"recoveryScore":78,"deepScore":100,"remScore":100,"lightScore":100,"awakeningsCountScore":100,"awakeTimeScore":100,"combinedAwakeScore":100,"restfulnessScore":90,"interruptionsScore":98,"feedback":"POSITIVE_REFRESHING","insight":"NONE"},"restlessMomentCount":27},{"sleepStartTimestampGMT":"2024-03-13T22:32:00.0","sleepEndTimestampGMT":"2024-03-14T05:30:00.0","calendarDate":"2024-03-14","sleepWindowConfirmationType":"ENHANCED_CONFIRMED_FINAL","deepSleepSeconds":1920,"lightSleepSeconds":17280,"remSleepSeconds":4980,"awakeSleepSeconds":900,"unmeasurableSeconds":0,"spo2SleepSummary":{"userProfilePk":76018113,"deviceId":3390555241,"sleepMeasurementStartGMT":"2024-03-14T00:01:00.0","sleepMeasurementEndGMT":"2024-03-14T04:00:00.0","averageSPO2":92.0,"averageHR":53.0,"lowestSPO2":84},"averageRespiration":14.0,"lowestRespiration":9.0,"highestRespiration":18.0,"retro":false,"awakeCount":1,"avgSleepStress":8.674300254452927,"sleepScores":{"overallScore":79,"qualityScore":79,"durationScore":78,"recoveryScore":100,"deepScore":39,"remScore":81,"lightScore":62,"awakeningsCountScore":87,"awakeTimeScore":87,"combinedAwakeScore":87,"restfulnessScore":0,"feedback":"NEGATIVE_RESTLESS","insight":"NONE"}},{"sleepStartTimestampGMT":"2024-03-14T22:54:00.0","sleepEndTimestampGMT":"2024-03-15T04:09:00.0","calendarDate":"2024-03-15","sleepWindowConfirmationType":"ENHANCED_CONFIRMED_FINAL","deepSleepSeconds":2640,"lightSleepSeconds":12540,"remSleepSeconds":3720,"awakeSleepSeconds":0,"unmeasurableSeconds":0,"spo2SleepSummary":{"userProfilePk":76018113,"deviceId":3390555241,"sleepMeasurementStartGMT":"2024-03-15T00:01:00.0","sleepMeasurementEndGMT":"2024-03-15T03:55:00.0","averageSPO2":89.0,"averageHR":60.0,"lowestSPO2":82},"averageRespiration":12.0,"lowestRespiration":9.0,"highestRespiration":19.0,"retro":false,"awakeCount":0,"avgSleepStress":7.871621621621622,"sleepScores":{"overallScore":70,"qualityScore":94,"durationScore":56,"recoveryScore":100,"deepScore":75,"remScore":77,"lightScore":72,"awakeningsCountScore":100,"awakeTimeScore":100,"combinedAwakeScore":100,"restfulnessScore":92,"feedback":"POSITIVE_SHORT_BUT_RECOVERING","insight":"POSITIVE_RESTFUL_DAY"}},{"sleepStartTimestampGMT":"2024-03-16T00:20:00.0","sleepEndTimestampGMT":"2024-03-16T07:20:00.0","calendarDate":"2024-03-16","sleepWindowConfirmationType":"MANUALLY_CONFIRMED","deepSleepSeconds":2460,"lightSleepSeconds":14160,"remSleepSeconds":6060,"awakeSleepSeconds":540,"unmeasurableSeconds":0,"spo2SleepSummary":{"userProfilePk":76018113,"deviceId":3390555241,"sleepMeasurementStartGMT":"2024-03-16T00:21:00.0","sleepMeasurementEndGMT":"2024-03-16T03:57:00.0","averageSPO2":88.0,"averageHR":66.0,"lowestSPO2":83},"averageRespiration":12.0,"lowestRespiration":9.0,"highestRespiration":24.0,"retro":false,"awakeCount":1,"avgSleepStress":17.20212765957447,"sleepScores":{"overallScore":80,"qualityScore":81,"durationScore":77,"recoveryScore":78,"deepScore":62,"remScore":100,"lightScore":76,"awakeningsCountScore":87,"awakeTimeScore":95,"combinedAwakeScore":91,"restfulnessScore":72,"feedback":"POSITIVE_REFRESHING","insight":"POSITIVE_LATE_BED_TIME"}},{"sleepStartTimestampGMT":"2024-03-16T22:37:00.0","sleepEndTimestampGMT":"2024-03-17T07:06:00.0","calendarDate":"2024-03-17","sleepWindowConfirmationType":"ENHANCED_CONFIRMED_FINAL","deepSleepSeconds":4500,"lightSleepSeconds":16680,"remSleepSeconds":8400,"awakeSleepSeconds":960,"unmeasurableSeconds":0,"spo2SleepSummary":{"userProfilePk":76018113,"deviceId":3390555241,"sleepMeasurementStartGMT":"2024-03-17T00:01:00.0","sleepMeasurementEndGMT":"2024-03-17T03:59:00.0","averageSPO2":90.0,"averageHR":57.0,"lowestSPO2":81},"averageRespiration":12.0,"lowestRespiration":9.0,"highestRespiration":20.0,"retro":false,"awakeCount":1,"avgSleepStress":7.413566739606127,"sleepScores":{"overallScore":91,"qualityScore":87,"durationScore":100,"recoveryScore":100,"deepScore":79,"remScore":94,"lightScore":99,"awakeningsCountScore":87,"awakeTimeScore":85,"combinedAwakeScore":86,"restfulnessScore":25,"feedback":"POSITIVE_LONG_AND_RECOVERING","insight":"NONE"}},{"sleepStartTimestampGMT":"2024-03-17T22:49:00.0","sleepEndTimestampGMT":"2024-03-18T06:24:00.0","calendarDate":"2024-03-18","sleepWindowConfirmationType":"ENHANCED_CONFIRMED_FINAL","deepSleepSeconds":4620,"lightSleepSeconds":15360,"remSleepSeconds":7020,"awakeSleepSeconds":300,"unmeasurableSeconds":0,"spo2SleepSummary":{"userProfilePk":76018113,"deviceId":3390555241,"sleepMeasurementStartGMT":"2024-03-18T00:01:00.0","sleepMeasurementEndGMT":"2024-03-18T03:59:00.0","averageSPO2":91.0,"averageHR":55.0,"lowestSPO2":82},"averageRespiration":12.0,"lowestRespiration":9.0,"highestRespiration":18.0,"retro":false,"awakeCount":0,"avgSleepStress":6.5954773869346734,"sleepScores":{"overallScore":92,"qualityScore":92,"durationScore":93,"recoveryScore":100,"deepScore":88,"remScore":100,"lightScore":97,"awakeningsCountScore":100,"awakeTimeScore":100,"combinedAwakeScore":100,"restfulnessScore":32,"feedback":"POSITIVE_LONG_AND_RECOVERING","insight":"NONE"}},{"sleepStartTimestampGMT":"2024-03-18T22:47:00.0","sleepEndTimestampGMT":"2024-03-19T04:30:00.0","calendarDate":"2024-03-19","sleepWindowConfirmationType":"MANUALLY_CONFIRMED","deepSleepSeconds":4440,"lightSleepSeconds":10320,"remSleepSeconds":5640,"awakeSleepSeconds":180,"unmeasurableSeconds":0,"spo2SleepSummary":{"userProfilePk":76018113,"deviceId":3390555241,"sleepMeasurementStartGMT":"2024-03-19T00:04:00.0","sleepMeasurementEndGMT":"2024-03-19T03:57:00.0","averageSPO2":87.0,"averageHR":57.0,"lowestSPO2":74},"averageRespiration":12.0,"lowestRespiration":9.0,"highestRespiration":17.0,"retro":false,"awakeCount":0,"avgSleepStress":8.504347826086956,"sleepScores":{"overallScore":77,"qualityScore":95,"durationScore":62,"recoveryScore":100,"deepScore":100,"remScore":99,"lightScore":100,"awakeningsCountScore":100,"awakeTimeScore":100,"combinedAwakeScore":100,"restfulnessScore":54,"feedback":"POSITIVE_RECOVERING","insight":"POSITIVE_RESTFUL_DAY"}},{"sleepStartTimestampGMT":"2024-03-19T22:51:00.0","sleepEndTimestampGMT":"2024-03-20T05:44:00.0","calendarDate":"2024-03-20","sleepWindowConfirmationType":"ENHANCED_CONFIRMED_FINAL","deepSleepSeconds":7200,"lightSleepSeconds":11700,"remSleepSeconds":5880,"awakeSleepSeconds":0,"unmeasurableSeconds":0,"spo2SleepSummary":{"userProfilePk":76018113,"deviceId":3390555241,"sleepMeasurementStartGMT":"2024-03-20T00:01:00.0","sleepMeasurementEndGMT":"2024-03-20T04:00:00.0","averageSPO2":91.0,"averageHR":51.0,"lowestSPO2":83},"averageRespiration":12.0,"lowestRespiration":8.0,"highestRespiration":17.0,"retro":false,"awakeCount":0,"avgSleepStress":6.875324675324675,"sleepScores":{"overallScore":93,"qualityScore":99,"durationScore":81,"recoveryScore":100,"deepScore":100,"remScore":100,"lightScore":100,"awakeningsCountScore":100,"awakeTimeScore":100,"combinedAwakeScore":100,"restfulnessScore":93,"feedback":"POSITIVE_HIGHLY_RECOVERING","insight":"NONE"}},{"sleepStartTimestampGMT":"2024-03-20T21:55:00.0","sleepEndTimestampGMT":"2024-03-21T05:18:00.0","calendarDate":"2024-03-21","sleepWindowConfirmationType":"ENHANCED_CONFIRMED_FINAL","deepSleepSeconds":1860,"lightSleepSeconds":17160,"remSleepSeconds":4560,"awakeSleepSeconds":3000,"unmeasurableSeconds":0,"spo2SleepSummary":{"userProfilePk":76018113,"deviceId":3390555241,"sleepMeasurementStartGMT":"2024-03-21T00:01:00.0","sleepMeasurementEndGMT":"2024-03-21T03:59:00.0","averageSPO2":90.0,"averageHR":56.0,"lowestSPO2":81},"averageRespiration":14.0,"lowestRespiration":9.0,"highestRespiration":22.0,"retro":false,"awakeCount":4,"avgSleepStress":10.731414868105515,"sleepScores":{"overallScore":76,"qualityScore":76,"durationScore":76,"recoveryScore":98,"deepScore":39,"remScore":76,"lightScore":58,"awakeningsCountScore":40,"awakeTimeScore":50,"combinedAwakeScore":45,"restfulnessScore":64,"feedback":"NEGATIVE_LIGHT","insight":"NONE"}},{"sleepStartTimestampGMT":"2024-03-22T00:00:00.0","sleepEndTimestampGMT":"2024-03-22T05:03:00.0","calendarDate":"2024-03-22","sleepWindowConfirmationType":"ENHANCED_CONFIRMED_FINAL","deepSleepSeconds":2580,"lightSleepSeconds":9720,"remSleepSeconds":5880,"awakeSleepSeconds":0,"unmeasurableSeconds":0,"spo2SleepSummary":{"userProfilePk":76018113,"deviceId":3390555241,"sleepMeasurementStartGMT":"2024-03-22T00:16:00.0","sleepMeasurementEndGMT":"2024-03-22T03:58:00.0","averageSPO2":92.0,"averageHR":64.0,"lowestSPO2":83},"averageRespiration":12.0,"lowestRespiration":9.0,"highestRespiration":15.0,"retro":false,"awakeCount":0,"avgSleepStress":14.220394736842104,"sleepScores":{"overallScore":65,"qualityScore":84,"durationScore":52,"recoveryScore":83,"deepScore":76,"remScore":74,"lightScore":100,"awakeningsCountScore":100,"awakeTimeScore":100,"combinedAwakeScore":100,"restfulnessScore":78,"feedback":"POSITIVE_SHORT_BUT_CONTINUOUS","insight":"POSITIVE_LATE_BED_TIME"}},{"sleepStartTimestampGMT":"2024-03-22T22:01:00.0","sleepEndTimestampGMT":"2024-03-23T07:10:00.0","calendarDate":"2024-03-23","sleepWindowConfirmationType":"ENHANCED_CONFIRMED_FINAL","deepSleepSeconds":4560,"lightSleepSeconds":16740,"remSleepSeconds":9780,"awakeSleepSeconds":1860,"unmeasurableSeconds":0,"spo2SleepSummary":{"userProfilePk":76018113,"deviceId":3390555241,"sleepMeasurementStartGMT":"2024-03-23T00:09:00.0","sleepMeasurementEndGMT":"2024-03-23T03:59:00.0","averageSPO2":88.0,"averageHR":55.0,"lowestSPO2":80},"averageRespiration":12.0,"lowestRespiration":6.0,"highestRespiration":19.0,"retro":false,"awakeCount":2,"avgSleepStress":7.564,"sleepScores":{"overallScore":92,"qualityScore":88,"durationScore":100,"recoveryScore":100,"deepScore":77,"remScore":77,"lightScore":100,"awakeningsCountScore":75,"awakeTimeScore":69,"combinedAwakeScore":72,"restfulnessScore":84,"feedback":"POSITIVE_LONG_AND_RECOVERING","insight":"POSITIVE_RESTFUL_DAY"}},{"sleepStartTimestampGMT":"2024-03-23T23:27:00.0","sleepEndTimestampGMT":"2024-03-24T06:15:00.0","calendarDate":"2024-03-24","sleepWindowConfirmationType":"ENHANCED_CONFIRMED_FINAL","deepSleepSeconds":6420,"lightSleepSeconds":12900,"remSleepSeconds":4920,"awakeSleepSeconds":240,"unmeasurableSeconds":0,"spo2SleepSummary":{"userProfilePk":76018113,"deviceId":3390555241,"sleepMeasurementStartGMT":"2024-03-24T00:01:00.0","sleepMeasurementEndGMT":"2024-03-24T03:59:00.0","averageSPO2":90.0,"averageHR":50.0,"lowestSPO2":80},"averageRespiration":12.0,"lowestRespiration":9.0,"highestRespiration":16.0,"retro":false,"awakeCount":0,"avgSleepStress":4.798722044728435,"sleepScores":{"overallScore":89,"qualityScore":95,"durationScore":78,"recoveryScore":100,"deepScore":100,"remScore":79,"lightScore":100,"awakeningsCountScore":100,"awakeTimeScore":100,"combinedAwakeScore":100,"restfulnessScore":69,"feedback":"POSITIVE_RECOVERING","insight":"NONE"}},{"sleepStartTimestampGMT":"2024-03-24T23:12:00.0","sleepEndTimestampGMT":"2024-03-25T06:58:00.0","calendarDate":"2024-03-25","sleepWindowConfirmationType":"ENHANCED_CONFIRMED_FINAL","deepSleepSeconds":2100,"lightSleepSeconds":15900,"remSleepSeconds":9600,"awakeSleepSeconds":360,"unmeasurableSeconds":0,"spo2SleepSummary":{"userProfilePk":76018113,"deviceId":3390555241,"sleepMeasurementStartGMT":"2024-03-25T00:01:00.0","sleepMeasurementEndGMT":"2024-03-25T04:00:00.0","averageSPO2":89.0,"averageHR":51.0,"lowestSPO2":73},"averageRespiration":12.0,"lowestRespiration":9.0,"highestRespiration":22.0,"retro":false,"awakeCount":1,"avgSleepStress":7.542410714285714,"sleepScores":{"overallScore":85,"qualityScore":79,"durationScore":96,"recoveryScore":100,"deepScore":35,"remScore":66,"lightScore":95,"awakeningsCountScore":87,"awakeTimeScore":99,"combinedAwakeScore":93,"restfulnessScore":0,"feedback":"NEGATIVE_LONG_BUT_RESTLESS","insight":"NONE"}},{"sleepStartTimestampGMT":"2024-03-25T22:00:00.0","sleepEndTimestampGMT":"2024-03-26T05:44:26.0","calendarDate":"2024-03-26","sleepWindowConfirmationType":"ENHANCED_CONFIRMED_FINAL","deepSleepSeconds":6420,"lightSleepSeconds":12060,"remSleepSeconds":9060,"awakeSleepSeconds":300,"unmeasurableSeconds":0,"averageRespiration":11.0,"lowestRespiration":9.0,"highestRespiration":16.0,"retro":false,"awakeCount":0,"avgSleepStress":5.262806236080178,"sleepScores":{"overallScore":93,"qualityScore":95,"durationScore":95,"recoveryScore":100,"deepScore":100,"remScore":76,"lightScore":100,"awakeningsCountScore":100,"awakeTimeScore":100,"combinedAwakeScore":100,"restfulnessScore":84,"interruptionsScore":96,"feedback":"POSITIVE_HIGHLY_RECOVERING","insight":"NONE"},"restlessMomentCount":36},{"sleepStartTimestampGMT":"2024-03-26T23:08:00.0","sleepEndTimestampGMT":"2024-03-27T04:44:00.0","calendarDate":"2024-03-27","sleepWindowConfirmationType":"ENHANCED_CONFIRMED_FINAL","deepSleepSeconds":2940,"lightSleepSeconds":9780,"remSleepSeconds":7320,"awakeSleepSeconds":120,"unmeasurableSeconds":0,"averageRespiration":11.0,"lowestRespiration":7.0,"highestRespiration":14.0,"retro":false,"awakeCount":0,"avgSleepStress":10.979228486646884,"sleepScores":{"overallScore":72,"qualityScore":88,"durationScore":61,"recoveryScore":95,"deepScore":77,"remScore":69,"lightScore":100,"awakeningsCountScore":100,"awakeTimeScore":100,"combinedAwakeScore":100,"restfulnessScore":77,"interruptionsScore":95,"feedback":"POSITIVE_CONTINUOUS","insight":"POSITIVE_RESTFUL_DAY"},"restlessMomentCount":29},{"sleepStartTimestampGMT":"2024-03-27T22:45:00.0","sleepEndTimestampGMT":"2024-03-28T05:41:00.0","calendarDate":"2024-03-28","sleepWindowConfirmationType":"ENHANCED_CONFIRMED_FINAL","deepSleepSeconds":5940,"lightSleepSeconds":11400,"remSleepSeconds":3720,"awakeSleepSeconds":3900,"unmeasurableSeconds":0,"averageRespiration":12.0,"lowestRespiration":9.0,"highestRespiration":15.0,"retro":false,"awakeCount":3,"avgSleepStress":22.529891304347824,"sleepScores":{"overallScore":65,"qualityScore":70,"durationScore":64,"recoveryScore":66,"deepScore":100,"remScore":73,"lightScore":98,"awakeningsCountScore":61,"awakeTimeScore":35,"combinedAwakeScore":48,"restfulnessScore":99,"interruptionsScore":57,"feedback":"NEGATIVE_DISCONTINUOUS","insight":"NONE"},"restlessMomentCount":21},{"sleepStartTimestampGMT":"2024-03-28T23:02:00.0","sleepEndTimestampGMT":"2024-03-29T06:53:13.0","calendarDate":"2024-03-29","sleepWindowConfirmationType":"ENHANCED_CONFIRMED_FINAL","deepSleepSeconds":2760,"lightSleepSeconds":18720,"remSleepSeconds":6600,"awakeSleepSeconds":180,"unmeasurableSeconds":0,"averageRespiration":12.0,"lowestRespiration":9.0,"highestRespiration":16.0,"retro":false,"awakeCount":0,"avgSleepStress":5.265168539325843,"sleepScores":{"overallScore":90,"qualityScore":90,"durationScore":99,"recoveryScore":100,"deepScore":68,"remScore":96,"lightScore":77,"awakeningsCountScore":100,"awakeTimeScore":100,"combinedAwakeScore":100,"restfulnessScore":55,"interruptionsScore":88,"feedback":"POSITIVE_HIGHLY_RECOVERING","insight":"NONE"},"restlessMomentCount":55},{"sleepStartTimestampGMT":"2024-03-29T21:45:00.0","sleepEndTimestampGMT":"2024-03-30T06:16:00.0","calendarDate":"2024-03-30","sleepWindowConfirmationType":"ENHANCED_CONFIRMED_FINAL","deepSleepSeconds":3840,"lightSleepSeconds":18960,"remSleepSeconds":6960,"awakeSleepSeconds":900,"unmeasurableSeconds":0,"averageRespiration":11.0,"lowestRespiration":9.0,"highestRespiration":16.0,"retro":false,"awakeCount":1,"avgSleepStress":8.812623274161735,"sleepScores":{"overallScore":92,"qualityScore":90,"durationScore":100,"recoveryScore":100,"deepScore":74,"remScore":96,"lightScore":81,"awakeningsCountScore":87,"awakeTimeScore":87,"combinedAwakeScore":87,"restfulnessScore":84,"interruptionsScore":86,"feedback":"POSITIVE_HIGHLY_RECOVERING","insight":"NONE"},"restlessMomentCount":39},{"sleepStartTimestampGMT":"2024-03-30T22:32:00.0","sleepEndTimestampGMT":"2024-03-31T06:25:54.0","calendarDate":"2024-03-31","sleepWindowConfirmationType":"ENHANCED_CONFIRMED_FINAL","deepSleepSeconds":6300,"lightSleepSeconds":14040,"remSleepSeconds":6660,"awakeSleepSeconds":1380,"unmeasurableSeconds":0,"averageRespiration":12.0,"lowestRespiration":9.0,"highestRespiration":18.0,"retro":false,"awakeCount":2,"avgSleepStress":6.738292011019284,"sleepScores":{"overallScore":90,"qualityScore":93,"durationScore":91,"recoveryScore":100,"deepScore":100,"remScore":100,"lightScore":100,"awakeningsCountScore":74,"awakeTimeScore":77,"combinedAwakeScore":75,"restfulnessScore":88,"interruptionsScore":78,"feedback":"POSITIVE_HIGHLY_RECOVERING","insight":"NONE"},"restlessMomentCount":33},{"sleepStartTimestampGMT":"2024-03-31T21:33:00.0","sleepEndTimestampGMT":"2024-04-01T02:29:00.0","calendarDate":"2024-04-01","sleepWindowConfirmationType":"ENHANCED_CONFIRMED_FINAL","deepSleepSeconds":4440,"lightSleepSeconds":7260,"remSleepSeconds":2460,"awakeSleepSeconds":3600,"unmeasurableSeconds":0,"averageRespiration":13.0,"lowestRespiration":11.0,"highestRespiration":16.0,"retro":false,"awakeCount":2,"avgSleepStress":11.25925925925926,"sleepScores":{"overallScore":50,"qualityScore":75,"durationScore":33,"recoveryScore":73,"deepScore":100,"remScore":73,"lightScore":100,"awakeningsCountScore":74,"awakeTimeScore":40,"combinedAwakeScore":57,"restfulnessScore":92,"interruptionsScore":64,"feedback":"NEGATIVE_SHORT_AND_NONRECOVERING","insight":"NEGATIVE_STRENUOUS_EXERCISE"},"restlessMomentCount":16},{"sleepStartTimestampGMT":"2024-04-01T19:34:00.0","sleepEndTimestampGMT":"2024-04-02T03:36:52.0","calendarDate":"2024-04-02","sleepWindowConfirmationType":"ENHANCED_CONFIRMED_FINAL","deepSleepSeconds":4920,"lightSleepSeconds":16740,"remSleepSeconds":6660,"awakeSleepSeconds":600,"unmeasurableSeconds":0,"averageRespiration":11.0,"lowestRespiration":8.0,"highestRespiration":15.0,"retro":false,"awakeCount":0,"avgSleepStress":7.777027027027027,"sleepScores":{"overallScore":95,"qualityScore":92,"durationScore":100,"recoveryScore":90,"deepScore":88,"remScore":96,"lightScore":89,"awakeningsCountScore":100,"awakeTimeScore":93,"combinedAwakeScore":96,"restfulnessScore":86,"interruptionsScore":95,"feedback":"POSITIVE_OPTIMAL_STRUCTURE","insight":"NONE"},"restlessMomentCount":36},{"sleepStartTimestampGMT":"2024-04-03T00:19:00.0","sleepEndTimestampGMT":"2024-04-03T05:18:30.0","calendarDate":"2024-04-03","sleepWindowConfirmationType":"ENHANCED_CONFIRMED_FINAL","deepSleepSeconds":3060,"lightSleepSeconds":10560,"remSleepSeconds":3540,"awakeSleepSeconds":780,"unmeasurableSeconds":0,"averageRespiration":13.0,"lowestRespiration":9.0,"highestRespiration":20.0,"retro":false,"awakeCount":1,"avgSleepStress":13.220588235294118,"sleepScores":{"overallScore":74,"qualityScore":87,"durationScore":64,"recoveryScore":86,"deepScore":77,"remScore":95,"lightScore":94,"awakeningsCountScore":87,"awakeTimeScore":89,"combinedAwakeScore":88,"restfulnessScore":89,"interruptionsScore":88,"feedback":"POSITIVE_REFRESHING","insight":"POSITIVE_LATE_BED_TIME"},"restlessMomentCount":25}]