[{"trainingMethod":"LACTATE_THRESHOLD","restingHeartRateUsed":81,"lactateThresholdHeartRateUsed":171,"zone1Floor":113,"zone2Floor":140,"zone3Floor":155,"zone4Floor":166,"zone5Floor":174,"maxHeartRateUsed":189,"restingHrAutoUpdateUsed":false,"sport":"DEFAULT","changeState":"UNCHANGED"},{"trainingMethod":"HR_MAX","restingHeartRateUsed":81,"lactateThresholdHeartRateUsed":0,"zone1Floor":128,"zone2Floor":146,"zone3Floor":164,"zone4Floor":173,"zone5Floor":181,"maxHeartRateUsed":182,"restingHrAutoUpdateUsed":false,"sport":"CYCLING","changeState":"UNCHANGED"}]