[{"userProfilePK":76018113,"calendarDate":"2023-03-12","deviceId":0,"timestampGmt":"2023-03-12T19:42:48.0","sport":"CYCLING","subSport":"SPIN","activityId":10682846513,"activityUuid":{"uuid":"97512ff5-1746-4087-9a69-3167806cd0d4"},"vo2MaxValue":52.0},{"userProfilePK":76018113,"calendarDate":"2023-03-19","deviceId":0,"timestampGmt":"2023-03-19T21:02:08.0","sport":"CYCLING","subSport":"SPIN","activityId":10729710038,"activityUuid":{"uuid":"33523984-24eb-4e69-96e9-92c2348c1b5b"},"vo2MaxValue":50.0}]