[{"userProfilePK":76018113,"calendarDate":"2022-04-13","deviceId":3401978503,"updateTimestamp":"2022-04-13T08:52:57.0","sport":"RUNNING","subSport":"GENERIC","vo2MaxValue":50.0,"maxMet":14.354949951171875,"maxMetCategory":"GENERIC","calibratedData":1},{"userProfilePK":76018113,"calendarDate":"2022-04-14","deviceId":3401978503,"updateTimestamp":"2022-04-14T08:40:51.0","sport":"RUNNING","subSport":"GENERIC","vo2MaxValue":52.0,"maxMet":14.74920654296875,"maxMetCategory":"GENERIC","calibratedData":1},{"userProfilePK":76018113,"calendarDate":"2022-04-16","deviceId":3401978503,"updateTimestamp":"2022-04-16T08:17:41.0","sport":"RUNNING","subSport":"GENERIC","vo2MaxValue":51.0,"maxMet":14.614212036132812,"maxMetCategory":"GENERIC","calibratedData":1},{"userProfilePK":76018113,"calendarDate":"2022-04-17","deviceId":3401978503,"updateTimestamp":"2022-04-17T11:15:43.0","sport":"RUNNING","subSport":"GENERIC","vo2MaxValue":52.0,"maxMet":14.840484619140625,"maxMetCategory":"GENERIC","calibratedData":1},{"userProfilePK":76018113,"calendarDate":"2022-04-19","deviceId":3401978503,"updateTimestamp":"2022-04-19T06:21:43.0","sport":"RUNNING","subSport":"GENERIC","vo2MaxValue":52.0,"maxMet":14.919830322265625,"maxMetCategory":"GENERIC","calibratedData":1},{"userProfilePK":76018113,"calendarDate":"2022-04-21","deviceId":3401978503,"updateTimestamp":"2022-04-21T05:30:45.0","sport":"RUNNING","subSport":"GENERIC","vo2MaxValue":52.0,"maxMet":14.92303466796875,"maxMetCategory":"GENERIC","calibratedData":1},{"userProfilePK":76018113,"calendarDate":"2022-04-23","deviceId":3401978503,"updateTimestamp":"2022-04-23T15:47:44.0","sport":"RUNNING","subSport":"GENERIC","vo2MaxValue":52.0,"maxMet":14.737808227539062,"maxMetCategory":"GENERIC","calibratedData":1},{"userProfilePK":76018113,"calendarDate":"2022-04-24","deviceId":3401978503,"updateTimestamp":"2022-04-24T11:37:59.0","sport":"RUNNING","subSport":"GENERIC","vo2MaxValue":52.0,"maxMet":14.737869262695312,"maxMetCategory":"GENERIC","calibratedData":1},{"userProfilePK":76018113,"calendarDate":"2022-04-27","deviceId":3401978503,"updateTimestamp":"2022-04-27T06:05:54.0","sport":"RUNNING","subSport":"GENERIC","vo2MaxValue":52.0,"maxMet":14.796966552734375,"maxMetCategory":"GENERIC","calibratedData":1},{"userProfilePK":76018113,"calendarDate":"2022-04-30","deviceId":3401978503,"updateTimestamp":"2022-04-30T11:36:30.0","sport":"RUNNING","subSport":"GENERIC","vo2MaxValue":52.0,"maxMet":14.87176513671875,"maxMetCategory":"GENERIC","calibratedData":1},{"userProfilePK":76018113,"calendarDate":"2022-05-01","deviceId":3401978503,"updateTimestamp":"2022-05-01T11:25:31.0","sport":"RUNNING","subSport":"GENERIC","vo2MaxValue":52.0,"maxMet":14.949951171875,"maxMetCategory":"GENERIC","calibratedData":1},{"userProfilePK":76018113,"calendarDate":"2022-05-02","deviceId":3401978503,"updateTimestamp":"2022-05-02T11:17:46.0","sport":"RUNNING","subSport":"GENERIC","vo2MaxValue":53.0,"maxMet":15.012969970703125,"maxMetCategory":"GENERIC","calibratedData":1},{"userProfilePK":76018113,"calendarDate":"2022-05-04","deviceId":3401978503,"updateTimestamp":"2022-05-04T06:06:35.0","sport":"RUNNING","subSport":"GENERIC","vo2MaxValue":53.0,"maxMet":15.17340087890625,"maxMetCategory":"GENERIC","calibratedData":1},{"userProfilePK":76018113,"calendarDate":"2022-05-07","deviceId":3401978503,"updateTimestamp":"2022-05-07T12:10:52.0","sport":"RUNNING","subSport":"GENERIC","vo2MaxValue":53.0,"maxMet":15.033523559570312,"maxMetCategory":"GENERIC","calibratedData":1},{"userProfilePK":76018113,"calendarDate":"2022-05-08","deviceId":3401978503,"updateTimestamp":"2022-05-08T09:19:19.0","sport":"RUNNING","subSport":"GENERIC","vo2MaxValue":53.0,"maxMet":15.066513061523438,"maxMetCategory":"GENERIC","calibratedData":1},{"userProfilePK":76018113,"calendarDate":"2022-05-10","deviceId":3401978503,"updateTimestamp":"2022-05-10T06:22:21.0","sport":"RUNNING","subSport":"GENERIC","vo2MaxValue":53.0,"maxMet":15.0433349609375,"maxMetCategory":"GENERIC","calibratedData":1},{"userProfilePK":76018113,"calendarDate":"2022-05-11","deviceId":3401978503,"updateTimestamp":"2022-05-11T06:17:00.0","sport":"RUNNING","subSport":"GENERIC","vo2MaxValue":53.0,"maxMet":15.045150756835938,"maxMetCategory":"GENERIC","calibratedData":1},{"userProfilePK":76018113,"calendarDate":"2022-05-14","deviceId":3401978503,"updateTimestamp":"2022-05-14T11:14:26.0","sport":"RUNNING","subSport":"GENERIC","vo2MaxValue":53.0,"maxMet":15.005355834960938,"maxMetCategory":"GENERIC","calibratedData":1},{"userProfilePK":76018113,"calendarDate":"2022-05-16","deviceId":3401978503,"updateTimestamp":"2022-05-16T11:43:02.0","sport":"RUNNING","subSport":"GENERIC","vo2MaxValue":52.0,"maxMet":14.988479614257812,"maxMetCategory":"GENERIC","calibratedData":1},{"userProfilePK":76018113,"calendarDate":"2022-05-21","deviceId":3401978503,"updateTimestamp":"2022-05-21T11:52:42.0","sport":"RUNNING","subSport":"GENERIC","vo2MaxValue":52.0,"maxMet":14.980026245117188,"maxMetCategory":"GENERIC","calibratedData":1},{"userProfilePK":76018113,"calendarDate":"2022-05-22","deviceId":3401978503,"updateTimestamp":"2022-05-22T10:47:31.0","sport":"RUNNING","subSport":"GENERIC","vo2MaxValue":52.0,"maxMet":14.973648071289062,"maxMetCategory":"GENERIC","calibratedData":1},{"userProfilePK":76018113,"calendarDate":"2022-05-27","deviceId":3401978503,"updateTimestamp":"2022-05-27T05:52:31.0","sport":"RUNNING","subSport":"GENERIC","vo2MaxValue":52.0,"maxMet":14.963836669921875,"maxMetCategory":"GENERIC","calibratedData":1},{"userProfilePK":76018113,"calendarDate":"2022-05-29","deviceId":3401978503,"updateTimestamp":"2022-05-29T07:50:27.0","sport":"RUNNING","subSport":"GENERIC","vo2MaxValue":52.0,"maxMet":14.8251953125,"maxMetCategory":"GENERIC","calibratedData":1},{"userProfilePK":76018113,"calendarDate":"2022-05-31","deviceId":3401978503,"updateTimestamp":"2022-05-31T05:58:15.0","sport":"RUNNING","subSport":"GENERIC","vo2MaxValue":52.0,"maxMet":14.804229736328125,"maxMetCategory":"GENERIC","calibratedData":1},{"userProfilePK":76018113,"calendarDate":"2022-06-02","deviceId":3401978503,"updateTimestamp":"2022-06-02T06:10:50.0","sport":"RUNNING","subSport":"GENERIC","vo2MaxValue":52.0,"maxMet":14.859939575195312,"maxMetCategory":"GENERIC","calibratedData":1},{"userProfilePK":76018113,"calendarDate":"2022-06-04","deviceId":3401978503,"updateTimestamp":"2022-06-04T09:09:17.0","sport":"RUNNING","subSport":"GENERIC","vo2MaxValue":52.0,"maxMet":14.858230590820312,"maxMetCategory":"GENERIC","calibratedData":1},{"userProfilePK":76018113,"calendarDate":"2022-06-07","deviceId":3401978503,"updateTimestamp":"2022-06-07T06:08:04.0","sport":"RUNNING","subSport":"GENERIC","vo2MaxValue":52.0,"maxMet":14.870773315429688,"maxMetCategory":"GENERIC","calibratedData":1},{"userProfilePK":76018113,"calendarDate":"2022-06-08","deviceId":3401978503,"updateTimestamp":"2022-06-08T06:03:22.0","sport":"RUNNING","subSport":"GENERIC","vo2MaxValue":52.0,"maxMet":14.86114501953125,"maxMetCategory":"GENERIC","calibratedData":1},{"userProfilePK":76018113,"calendarDate":"2022-06-11","deviceId":3401978503,"updateTimestamp":"2022-06-11T07:51:59.0","sport":"RUNNING","subSport":"GENERIC","vo2MaxValue":52.0,"maxMet":14.867538452148438,"maxMetCategory":"GENERIC","calibratedData":1},{"userProfilePK":76018113,"calendarDate":"2022-06-14","deviceId":3401978503,"updateTimestamp":"2022-06-14T05:55:14.0","sport":"RUNNING","subSport":"GENERIC","vo2MaxValue":52.0,"maxMet":14.872528076171875,"maxMetCategory":"GENERIC","calibratedData":1},{"userProfilePK":76018113,"calendarDate":"2022-06-15","deviceId":3401978503,"updateTimestamp":"2022-06-15T06:37:08.0","sport":"RUNNING","subSport":"GENERIC","vo2MaxValue":52.0,"maxMet":14.871917724609375,"maxMetCategory":"GENERIC","calibratedData":1},{"userProfilePK":76018113,"calendarDate":"2022-06-17","deviceId":3401978503,"updateTimestamp":"2022-06-17T05:39:16.0","sport":"RUNNING","subSport":"GENERIC","vo2MaxValue":52.0,"maxMet":14.867050170898438,"maxMetCategory":"GENERIC","calibratedData":1},{"userProfilePK":76018113,"calendarDate":"2022-06-21","deviceId":3401978503,"updateTimestamp":"2022-06-21T06:05:57.0","sport":"RUNNING","subSport":"GENERIC","vo2MaxValue":52.0,"maxMet":14.868759155273438,"maxMetCategory":"GENERIC","calibratedData":1},{"userProfilePK":76018113,"calendarDate":"2022-06-22","deviceId":3401978503,"updateTimestamp":"2022-06-22T05:30:54.0","sport":"RUNNING","subSport":"GENERIC","vo2MaxValue":52.0,"maxMet":14.87969970703125,"maxMetCategory":"GENERIC","calibratedData":1},{"userProfilePK":76018113,"calendarDate":"2022-06-25","deviceId":3401978503,"updateTimestamp":"2022-06-25T09:22:55.0","sport":"RUNNING","subSport":"GENERIC","vo2MaxValue":52.0,"maxMet":14.854583740234375,"maxMetCategory":"GENERIC","calibratedData":1},{"userProfilePK":76018113,"calendarDate":"2022-06-28","deviceId":3401978503,"updateTimestamp":"2022-06-28T05:58:09.0","sport":"RUNNING","subSport":"GENERIC","vo2MaxValue":52.0,"maxMet":14.857315063476562,"maxMetCategory":"GENERIC","calibratedData":1},{"userProfilePK":76018113,"calendarDate":"2022-06-30","deviceId":3401978503,"updateTimestamp":"2022-06-30T05:55:44.0","sport":"RUNNING","subSport":"GENERIC","vo2MaxValue":52.0,"maxMet":14.884628295898438,"maxMetCategory":"GENERIC","calibratedData":1},{"userProfilePK":76018113,"calendarDate":"2022-07-01","deviceId":3401978503,"updateTimestamp":"2022-07-01T06:00:20.0","sport":"RUNNING","subSport":"GENERIC","vo2MaxValue":52.0,"maxMet":14.911972045898438,"maxMetCategory":"GENERIC","calibratedData":1},{"userProfilePK":76018113,"calendarDate":"2022-07-03","deviceId":3401978503,"updateTimestamp":"2022-07-03T08:24:12.0","sport":"RUNNING","subSport":"GENERIC","vo2MaxValue":52.0,"maxMet":14.931350708007812,"maxMetCategory":"GENERIC","calibratedData":1},{"userProfilePK":76018113,"calendarDate":"2022-07-05","deviceId":3401978503,"updateTimestamp":"2022-07-05T05:41:31.0","sport":"RUNNING","subSport":"GENERIC","vo2MaxValue":52.0,"maxMet":14.939178466796875,"maxMetCategory":"GENERIC","calibratedData":1},{"userProfilePK":76018113,"calendarDate":"2022-07-06","deviceId":3401978503,"updateTimestamp":"2022-07-06T20:15:10.0","sport":"RUNNING","subSport":"GENERIC","vo2MaxValue":52.0,"maxMet":14.944168090820312,"maxMetCategory":"GENERIC","calibratedData":1},{"userProfilePK":76018113,"calendarDate":"2022-07-10","deviceId":3401978503,"updateTimestamp":"2022-07-10T07:56:35.0","sport":"RUNNING","subSport":"GENERIC","vo2MaxValue":52.0,"maxMet":14.725296020507812,"maxMetCategory":"GENERIC","calibratedData":1},{"userProfilePK":76018113,"calendarDate":"2022-07-13","deviceId":3401978503,"updateTimestamp":"2022-07-13T05:54:54.0","sport":"RUNNING","subSport":"GENERIC","vo2MaxValue":52.0,"maxMet":14.90234375,"maxMetCategory":"GENERIC","calibratedData":1},{"userProfilePK":76018113,"calendarDate":"2022-07-14","deviceId":3401978503,"updateTimestamp":"2022-07-14T05:22:50.0","sport":"RUNNING","subSport":"GENERIC","vo2MaxValue":52.0,"maxMet":14.967971801757812,"maxMetCategory":"GENERIC","calibratedData":1},{"userProfilePK":76018113,"calendarDate":"2022-07-17","deviceId":3401978503,"updateTimestamp":"2022-07-17T07:22:51.0","sport":"RUNNING","subSport":"GENERIC","vo2MaxValue":53.0,"maxMet":15.007308959960938,"maxMetCategory":"GENERIC","calibratedData":1}]