[{"userProfilePK":76018113,"calendarDate":"2019-07-16","deviceId":3988162045,"updateTimestamp":"2019-07-16T05:16:22.0","sport":"RUNNING","subSport":"GENERIC","vo2MaxValue":43.0,"fitnessAge":"30","fitnessAgeDescription":"0","analyzerMethod":5,"maxMet":12.321426391601562,"maxMetCategory":"GENERIC","calibratedData":1},{"userProfilePK":76018113,"calendarDate":"2019-07-16","deviceId":3988162045,"updateTimestamp":"2019-07-16T05:16:29.0","sport":"RUNNING","subSport":"GENERIC","vo2MaxValue":43.0,"fitnessAge":"30","fitnessAgeDescription":"0","analyzerMethod":5,"maxMet":12.320526123046875,"maxMetCategory":"GENERIC","calibratedData":1},{"userProfilePK":76018113,"calendarDate":"2019-08-08","deviceId":3988162045,"updateTimestamp":"2019-08-08T05:52:33.0","sport":"RUNNING","subSport":"GENERIC","vo2MaxValue":43.0,"fitnessAge":"31","fitnessAgeDescription":"0","analyzerMethod":5,"maxMet":12.286849975585938,"maxMetCategory":"GENERIC","calibratedData":1},{"userProfilePK":76018113,"calendarDate":"2019-08-08","deviceId":3988162045,"updateTimestamp":"2019-08-08T05:52:43.0","sport":"RUNNING","subSport":"GENERIC","vo2MaxValue":43.0,"fitnessAge":"31","fitnessAgeDescription":"0","analyzerMethod":5,"maxMet":12.286849975585938,"maxMetCategory":"GENERIC","calibratedData":1},{"userProfilePK":76018113,"calendarDate":"2019-08-10","deviceId":3988162045,"updateTimestamp":"2019-08-10T07:15:50.0","sport":"RUNNING","subSport":"GENERIC","vo2MaxValue":43.0,"fitnessAge":"29","fitnessAgeDescription":"0","analyzerMethod":5,"maxMet":12.35003662109375,"maxMetCategory":"GENERIC","calibratedData":1},{"userProfilePK":76018113,"calendarDate":"2019-08-10","deviceId":3988162045,"updateTimestamp":"2019-08-10T07:15:58.0","sport":"RUNNING","subSport":"GENERIC","vo2MaxValue":43.0,"fitnessAge":"29","fitnessAgeDescription":"0","analyzerMethod":5,"maxMet":12.35003662109375,"maxMetCategory":"GENERIC","calibratedData":1},{"userProfilePK":76018113,"calendarDate":"2019-08-17","deviceId":3988162045,"updateTimestamp":"2019-08-17T17:36:23.0","sport":"RUNNING","subSport":"GENERIC","vo2MaxValue":44.0,"fitnessAge":"26","fitnessAgeDescription":"0","analyzerMethod":5,"maxMet":12.488265991210938,"maxMetCategory":"GENERIC","calibratedData":1},{"userProfilePK":76018113,"calendarDate":"2019-08-17","deviceId":3988162045,"updateTimestamp":"2019-08-17T17:38:22.0","sport":"RUNNING","subSport":"GENERIC","vo2MaxValue":44.0,"fitnessAge":"26","fitnessAgeDescription":"0","analyzerMethod":5,"maxMet":12.488265991210938,"maxMetCategory":"GENERIC","calibratedData":1},{"userProfilePK":76018113,"calendarDate":"2019-09-02","deviceId":3988162045,"updateTimestamp":"2019-09-02T05:43:04.0","sport":"RUNNING","subSport":"GENERIC","vo2MaxValue":44.0,"fitnessAge":"24","fitnessAgeDescription":"0","analyzerMethod":5,"maxMet":12.611465454101562,"maxMetCategory":"GENERIC","calibratedData":1},{"userProfilePK":76018113,"calendarDate":"2019-09-02","deviceId":3988162045,"updateTimestamp":"2019-09-02T05:43:12.0","sport":"RUNNING","subSport":"GENERIC","vo2MaxValue":44.0,"fitnessAge":"24","fitnessAgeDescription":"0","analyzerMethod":5,"maxMet":12.611465454101562,"maxMetCategory":"GENERIC","calibratedData":1},{"userProfilePK":76018113,"calendarDate":"2019-09-09","deviceId":3988162045,"updateTimestamp":"2019-09-09T05:39:58.0","sport":"RUNNING","subSport":"GENERIC","vo2MaxValue":45.0,"fitnessAge":"21","fitnessAgeDescription":"0","analyzerMethod":5,"maxMet":12.729934692382812,"maxMetCategory":"GENERIC","calibratedData":1},{"userProfilePK":76018113,"calendarDate":"2019-09-09","deviceId":3988162045,"updateTimestamp":"2019-09-09T05:40:07.0","sport":"RUNNING","subSport":"GENERIC","vo2MaxValue":45.0,"fitnessAge":"21","fitnessAgeDescription":"0","analyzerMethod":5,"maxMet":12.729934692382812,"maxMetCategory":"GENERIC","calibratedData":1},{"userProfilePK":76018113,"calendarDate":"2019-09-15","deviceId":3988162045,"updateTimestamp":"2019-09-15T17:53:36.0","sport":"RUNNING","subSport":"GENERIC","vo2MaxValue":44.0,"fitnessAge":"22","fitnessAgeDescription":"0","analyzerMethod":5,"maxMet":12.66351318359375,"maxMetCategory":"GENERIC","calibratedData":1},{"userProfilePK":76018113,"calendarDate":"2019-09-15","deviceId":3988162045,"updateTimestamp":"2019-09-15T17:53:45.0","sport":"RUNNING","subSport":"GENERIC","vo2MaxValue":44.0,"fitnessAge":"22","fitnessAgeDescription":"0","analyzerMethod":5,"maxMet":12.66351318359375,"maxMetCategory":"GENERIC","calibratedData":1},{"userProfilePK":76018113,"calendarDate":"2019-09-27","deviceId":3988162045,"updateTimestamp":"2019-09-27T05:45:01.0","sport":"RUNNING","subSport":"GENERIC","vo2MaxValue":44.0,"fitnessAge":"21","fitnessAgeDescription":"0","analyzerMethod":5,"maxMet":12.699111938476562,"maxMetCategory":"GENERIC","calibratedData":1},{"userProfilePK":76018113,"calendarDate":"2019-09-27","deviceId":3988162045,"updateTimestamp":"2019-09-27T05:45:10.0","sport":"RUNNING","subSport":"GENERIC","vo2MaxValue":44.0,"fitnessAge":"21","fitnessAgeDescription":"0","analyzerMethod":5,"maxMet":12.699111938476562,"maxMetCategory":"GENERIC","calibratedData":1},{"userProfilePK":76018113,"calendarDate":"2019-09-30","deviceId":3988162045,"updateTimestamp":"2019-09-30T06:01:26.0","sport":"RUNNING","subSport":"GENERIC","vo2MaxValue":45.0,"fitnessAge":"21","fitnessAgeDescription":"0","analyzerMethod":5,"maxMet":12.732131958007812,"maxMetCategory":"GENERIC","calibratedData":1},{"userProfilePK":76018113,"calendarDate":"2019-09-30","deviceId":3988162045,"updateTimestamp":"2019-09-30T06:01:33.0","sport":"RUNNING","subSport":"GENERIC","vo2MaxValue":45.0,"fitnessAge":"21","fitnessAgeDescription":"0","analyzerMethod":5,"maxMet":12.732131958007812,"maxMetCategory":"GENERIC","calibratedData":1},{"userProfilePK":76018113,"calendarDate":"2019-10-05","deviceId":3988162045,"updateTimestamp":"2019-10-05T07:55:10.0","sport":"RUNNING","subSport":"GENERIC","vo2MaxValue":45.0,"fitnessAge":"20","fitnessAgeDescription":"0","analyzerMethod":5,"maxMet":12.95672607421875,"maxMetCategory":"GENERIC","calibratedData":1},{"userProfilePK":76018113,"calendarDate":"2019-10-05","deviceId":3988162045,"updateTimestamp":"2019-10-05T07:55:19.0","sport":"RUNNING","subSport":"GENERIC","vo2MaxValue":45.0,"fitnessAge":"20","fitnessAgeDescription":"0","analyzerMethod":5,"maxMet":12.95672607421875,"maxMetCategory":"GENERIC","calibratedData":1}]