[{"userProfilePK":76018113,"calendarDate":"2023-05-17","deviceId":3401978503,"updateTimestamp":"2023-05-17T05:32:24.0","sport":"RUNNING","subSport":"GENERIC","vo2MaxValue":53.0,"maxMet":15.028656005859375,"maxMetCategory":"GENERIC","calibratedData":1},{"userProfilePK":76018113,"calendarDate":"2023-05-18","deviceId":3401978503,"updateTimestamp":"2023-05-18T05:24:56.0","sport":"RUNNING","subSport":"GENERIC","vo2MaxValue":53.0,"maxMet":15.045455932617188,"maxMetCategory":"GENERIC","calibratedData":1},{"userProfilePK":76018113,"calendarDate":"2023-05-20","deviceId":3401978503,"updateTimestamp":"2023-05-20T08:53:57.0","sport":"RUNNING","subSport":"GENERIC","vo2MaxValue":53.0,"maxMet":15.068572998046875,"maxMetCategory":"GENERIC","calibratedData":1},{"userProfilePK":76018113,"calendarDate":"2023-05-22","deviceId":3401978503,"updateTimestamp":"2023-05-22T05:29:53.0","sport":"RUNNING","subSport":"GENERIC","vo2MaxValue":53.0,"maxMet":15.074142456054688,"maxMetCategory":"GENERIC","calibratedData":1},{"userProfilePK":76018113,"calendarDate":"2023-05-24","deviceId":3401978503,"updateTimestamp":"2023-05-24T05:34:19.0","sport":"RUNNING","subSport":"GENERIC","vo2MaxValue":53.0,"maxMet":15.086456298828125,"maxMetCategory":"GENERIC","calibratedData":1},{"userProfilePK":76018113,"calendarDate":"2023-05-26","deviceId":3401978503,"updateTimestamp":"2023-05-25T22:51:59.0","sport":"RUNNING","subSport":"GENERIC","vo2MaxValue":53.0,"maxMet":15.101821899414062,"maxMetCategory":"GENERIC","calibratedData":1},{"userProfilePK":76018113,"calendarDate":"2023-05-27","deviceId":3401978503,"updateTimestamp":"2023-05-27T08:21:26.0","sport":"RUNNING","subSport":"GENERIC","vo2MaxValue":53.0,"maxMet":15.122222900390625,"maxMetCategory":"GENERIC","calibratedData":1},{"userProfilePK":76018113,"calendarDate":"2023-05-28","deviceId":3401978503,"updateTimestamp":"2023-05-28T19:43:21.0","sport":"RUNNING","subSport":"GENERIC","vo2MaxValue":53.0,"maxMet":15.155731201171875,"maxMetCategory":"GENERIC","calibratedData":1},{"userProfilePK":76018113,"calendarDate":"2023-05-31","deviceId":3401978503,"updateTimestamp":"2023-05-31T05:50:09.0","sport":"RUNNING","subSport":"GENERIC","vo2MaxValue":53.0,"maxMet":15.17413330078125,"maxMetCategory":"GENERIC","calibratedData":1},{"userProfilePK":76018113,"calendarDate":"2023-06-01","deviceId":3401978503,"updateTimestamp":"2023-06-01T05:54:28.0","sport":"RUNNING","subSport":"GENERIC","vo2MaxValue":53.0,"maxMet":15.178558349609375,"maxMetCategory":"GENERIC","calibratedData":1},{"userProfilePK":76018113,"calendarDate":"2023-06-03","deviceId":3401978503,"updateTimestamp":"2023-06-03T19:29:25.0","sport":"RUNNING","subSport":"GENERIC","vo2MaxValue":53.0,"maxMet":15.166976928710938,"maxMetCategory":"GENERIC","calibratedData":1},{"userProfilePK":76018113,"calendarDate":"2023-06-03","deviceId":3401978503,"updateTimestamp":"2023-06-03T19:59:56.0","sport":"RUNNING","subSport":"GENERIC","vo2MaxValue":53.0,"maxMet":15.166976928710938,"maxMetCategory":"GENERIC","calibratedData":1},{"userProfilePK":76018113,"calendarDate":"2023-06-07","deviceId":3401978503,"updateTimestamp":"2023-06-07T19:11:19.0","sport":"RUNNING","subSport":"GENERIC","vo2MaxValue":53.0,"maxMet":15.14959716796875,"maxMetCategory":"GENERIC","calibratedData":1},{"userProfilePK":76018113,"calendarDate":"2023-06-09","deviceId":3401978503,"updateTimestamp":"2023-06-09T05:44:15.0","sport":"RUNNING","subSport":"GENERIC","vo2MaxValue":53.0,"maxMet":15.1724853515625,"maxMetCategory":"GENERIC","calibratedData":1},{"userProfilePK":76018113,"calendarDate":"2023-06-10","deviceId":3401978503,"updateTimestamp":"2023-06-10T11:21:50.0","sport":"RUNNING","subSport":"GENERIC","vo2MaxValue":53.0,"maxMet":15.188674926757812,"maxMetCategory":"GENERIC","calibratedData":1},{"userProfilePK":76018113,"calendarDate":"2023-06-11","deviceId":3401978503,"updateTimestamp":"2023-06-11T17:40:22.0","sport":"RUNNING","subSport":"GENERIC","vo2MaxValue":53.0,"maxMet":15.186721801757812,"maxMetCategory":"GENERIC","calibratedData":1},{"userProfilePK":76018113,"calendarDate":"2023-06-13","deviceId":3401978503,"updateTimestamp":"2023-06-13T05:42:45.0","sport":"RUNNING","subSport":"GENERIC","vo2MaxValue":53.0,"maxMet":15.186614990234375,"maxMetCategory":"GENERIC","calibratedData":1},{"userProfilePK":76018113,"calendarDate":"2023-06-15","deviceId":3401978503,"updateTimestamp":"2023-06-15T05:41:47.0","sport":"RUNNING","subSport":"GENERIC","vo2MaxValue":53.0,"maxMet":15.17218017578125,"maxMetCategory":"GENERIC","calibratedData":1},{"userProfilePK":76018113,"calendarDate":"2023-06-16","deviceId":3401978503,"updateTimestamp":"2023-06-16T05:27:42.0","sport":"RUNNING","subSport":"GENERIC","vo2MaxValue":53.0,"maxMet":15.17779541015625,"maxMetCategory":"GENERIC","calibratedData":1},{"userProfilePK":76018113,"calendarDate":"2023-06-24","deviceId":3401978503,"updateTimestamp":"2023-06-24T11:11:34.0","sport":"RUNNING","subSport":"GENERIC","vo2MaxValue":53.0,"maxMet":15.155929565429688,"maxMetCategory":"GENERIC","calibratedData":1},{"userProfilePK":76018113,"calendarDate":"2023-06-25","deviceId":3401978503,"updateTimestamp":"2023-06-25T17:05:48.0","sport":"RUNNING","subSport":"GENERIC","vo2MaxValue":53.0,"maxMet":15.150115966796875,"maxMetCategory":"GENERIC","calibratedData":1},{"userProfilePK":76018113,"calendarDate":"2023-06-27","deviceId":3401978503,"updateTimestamp":"2023-06-27T05:49:58.0","sport":"RUNNING","subSport":"GENERIC","vo2MaxValue":53.0,"maxMet":15.14630126953125,"maxMetCategory":"GENERIC","calibratedData":1},{"userProfilePK":76018113,"calendarDate":"2023-06-28","deviceId":3401978503,"updateTimestamp":"2023-06-28T20:56:50.0","sport":"RUNNING","subSport":"GENERIC","vo2MaxValue":53.0,"maxMet":15.117416381835938,"maxMetCategory":"GENERIC","calibratedData":1},{"userProfilePK":76018113,"calendarDate":"2023-06-30","deviceId":3401978503,"updateTimestamp":"2023-06-30T05:47:38.0","sport":"RUNNING","subSport":"GENERIC","vo2MaxValue":53.0,"maxMet":15.11907958984375,"maxMetCategory":"GENERIC","calibratedData":1},{"userProfilePK":76018113,"calendarDate":"2023-07-01","deviceId":3401978503,"updateTimestamp":"2023-07-01T16:04:52.0","sport":"RUNNING","subSport":"GENERIC","vo2MaxValue":53.0,"maxMet":15.097686767578125,"maxMetCategory":"GENERIC","calibratedData":1},{"userProfilePK":76018113,"calendarDate":"2023-07-04","deviceId":3401978503,"updateTimestamp":"2023-07-04T05:55:35.0","sport":"RUNNING","subSport":"GENERIC","vo2MaxValue":53.0,"maxMet":15.0946044921875,"maxMetCategory":"GENERIC","calibratedData":1},{"userProfilePK":76018113,"calendarDate":"2023-07-05","deviceId":3401978503,"updateTimestamp":"2023-07-05T21:15:14.0","sport":"RUNNING","subSport":"GENERIC","vo2MaxValue":53.0,"maxMet":15.111526489257812,"maxMetCategory":"GENERIC","calibratedData":1},{"userProfilePK":76018113,"calendarDate":"2023-07-09","deviceId":3401978503,"updateTimestamp":"2023-07-09T11:12:03.0","sport":"RUNNING","subSport":"GENERIC","vo2MaxValue":53.0,"maxMet":15.101364135742188,"maxMetCategory":"GENERIC","calibratedData":1},{"userProfilePK":76018113,"calendarDate":"2023-07-14","deviceId":3401978503,"updateTimestamp":"2023-07-14T19:05:55.0","sport":"RUNNING","subSport":"GENERIC","vo2MaxValue":53.0,"maxMet":15.081207275390625,"maxMetCategory":"GENERIC","calibratedData":1},{"userProfilePK":76018113,"calendarDate":"2023-07-16","deviceId":3401978503,"updateTimestamp":"2023-07-16T06:37:03.0","sport":"RUNNING","subSport":"GENERIC","vo2MaxValue":53.0,"maxMet":15.061798095703125,"maxMetCategory":"GENERIC","calibratedData":1},{"userProfilePK":76018113,"calendarDate":"2023-07-18","deviceId":3401978503,"updateTimestamp":"2023-07-18T05:52:19.0","sport":"RUNNING","subSport":"GENERIC","vo2MaxValue":53.0,"maxMet":15.028701782226562,"maxMetCategory":"GENERIC","calibratedData":1},{"userProfilePK":76018113,"calendarDate":"2023-07-22","deviceId":3401978503,"updateTimestamp":"2023-07-22T09:24:08.0","sport":"RUNNING","subSport":"GENERIC","vo2MaxValue":53.0,"maxMet":15.021255493164062,"maxMetCategory":"GENERIC","calibratedData":1},{"userProfilePK":76018113,"calendarDate":"2023-07-24","deviceId":3401978503,"updateTimestamp":"2023-07-24T05:39:11.0","sport":"RUNNING","subSport":"GENERIC","vo2MaxValue":53.0,"maxMet":15.006134033203125,"maxMetCategory":"GENERIC","calibratedData":1},{"userProfilePK":76018113,"calendarDate":"2023-07-25","deviceId":3401978503,"updateTimestamp":"2023-07-25T20:26:48.0","sport":"RUNNING","subSport":"GENERIC","vo2MaxValue":52.0,"maxMet":14.986663818359375,"maxMetCategory":"GENERIC","calibratedData":1},{"userProfilePK":76018113,"calendarDate":"2023-07-28","deviceId":3401978503,"updateTimestamp":"2023-07-28T17:46:10.0","sport":"RUNNING","subSport":"GENERIC","vo2MaxValue":52.0,"maxMet":14.973129272460938,"maxMetCategory":"GENERIC","calibratedData":1},{"userProfilePK":76018113,"calendarDate":"2023-07-30","deviceId":3401978503,"updateTimestamp":"2023-07-30T10:15:18.0","sport":"RUNNING","subSport":"GENERIC","vo2MaxValue":52.0,"maxMet":14.978912353515625,"maxMetCategory":"GENERIC","calibratedData":1},{"userProfilePK":76018113,"calendarDate":"2023-08-01","deviceId":3401978503,"updateTimestamp":"2023-08-01T18:48:18.0","sport":"RUNNING","subSport":"GENERIC","vo2MaxValue":52.0,"maxMet":14.983535766601562,"maxMetCategory":"GENERIC","calibratedData":1},{"userProfilePK":76018113,"calendarDate":"2023-08-02","deviceId":3401978503,"updateTimestamp":"2023-08-02T18:40:50.0","sport":"RUNNING","subSport":"GENERIC","vo2MaxValue":53.0,"maxMet":15.000152587890625,"maxMetCategory":"GENERIC","calibratedData":1},{"userProfilePK":76018113,"calendarDate":"2023-08-03","deviceId":3401978503,"updateTimestamp":"2023-08-03T08:01:51.0","sport":"RUNNING","subSport":"GENERIC","vo2MaxValue":53.0,"maxMet":15.000762939453125,"maxMetCategory":"GENERIC","calibratedData":1},{"userProfilePK":76018113,"calendarDate":"2023-08-07","deviceId":3401978503,"updateTimestamp":"2023-08-07T14:06:17.0","sport":"RUNNING","subSport":"GENERIC","vo2MaxValue":53.0,"maxMet":15.000228881835938,"maxMetCategory":"GENERIC","calibratedData":1},{"userProfilePK":76018113,"calendarDate":"2023-08-09","deviceId":3401978503,"updateTimestamp":"2023-08-09T13:26:30.0","sport":"RUNNING","subSport":"GENERIC","vo2MaxValue":53.0,"maxMet":15.001174926757812,"maxMetCategory":"GENERIC","calibratedData":1},{"userProfilePK":76018113,"calendarDate":"2023-08-11","deviceId":3401978503,"updateTimestamp":"2023-08-11T13:17:57.0","sport":"RUNNING","subSport":"GENERIC","vo2MaxValue":53.0,"maxMet":15.036361694335938,"maxMetCategory":"GENERIC","calibratedData":1}]