[{"userProfilePK":76018113,"calendarDate":"2021-04-07","deviceId":3988162045,"updateTimestamp":"2021-04-07T05:55:45.0","sport":"RUNNING","subSport":"GENERIC","vo2MaxValue":46.0,"fitnessAge":"20","fitnessAgeDescription":"0","analyzerMethod":5,"maxMet":13.184906005859375,"maxMetCategory":"GENERIC","calibratedData":1},{"userProfilePK":76018113,"calendarDate":"2021-04-07","deviceId":3988162045,"updateTimestamp":"2021-04-07T05:55:50.0","sport":"RUNNING","subSport":"GENERIC","vo2MaxValue":46.0,"fitnessAge":"20","fitnessAgeDescription":"0","analyzerMethod":5,"maxMet":13.184906005859375,"maxMetCategory":"GENERIC","calibratedData":1},{"userProfilePK":76018113,"calendarDate":"2021-04-10","deviceId":3988162045,"updateTimestamp":"2021-04-10T11:51:02.0","sport":"RUNNING","subSport":"GENERIC","vo2MaxValue":46.0,"fitnessAge":"20","fitnessAgeDescription":"1","analyzerMethod":5,"maxMet":13.243362426757812,"maxMetCategory":"GENERIC","calibratedData":1},{"userProfilePK":76018113,"calendarDate":"2021-04-10","deviceId":3988162045,"updateTimestamp":"2021-04-10T11:51:25.0","sport":"RUNNING","subSport":"GENERIC","vo2MaxValue":46.0,"fitnessAge":"20","fitnessAgeDescription":"1","analyzerMethod":5,"maxMet":13.243362426757812,"maxMetCategory":"GENERIC","calibratedData":1},{"userProfilePK":76018113,"calendarDate":"2021-04-18","deviceId":3988162045,"updateTimestamp":"2021-04-18T08:26:43.0","sport":"RUNNING","subSport":"GENERIC","vo2MaxValue":46.0,"fitnessAge":"20","fitnessAgeDescription":"0","analyzerMethod":5,"maxMet":13.227386474609375,"maxMetCategory":"GENERIC","calibratedData":1},{"userProfilePK":76018113,"calendarDate":"2021-04-18","deviceId":3988162045,"updateTimestamp":"2021-04-18T08:28:52.0","sport":"RUNNING","subSport":"GENERIC","vo2MaxValue":46.0,"fitnessAge":"20","fitnessAgeDescription":"0","analyzerMethod":5,"maxMet":13.227386474609375,"maxMetCategory":"GENERIC","calibratedData":1},{"userProfilePK":76018113,"calendarDate":"2021-04-24","deviceId":3988162045,"updateTimestamp":"2021-04-24T11:03:45.0","sport":"RUNNING","subSport":"GENERIC","vo2MaxValue":46.0,"fitnessAge":"20","fitnessAgeDescription":"0","analyzerMethod":5,"maxMet":13.214752197265625,"maxMetCategory":"GENERIC","calibratedData":1},{"userProfilePK":76018113,"calendarDate":"2021-04-24","deviceId":3988162045,"updateTimestamp":"2021-04-24T11:03:54.0","sport":"RUNNING","subSport":"GENERIC","vo2MaxValue":46.0,"fitnessAge":"20","fitnessAgeDescription":"0","analyzerMethod":5,"maxMet":13.214752197265625,"maxMetCategory":"GENERIC","calibratedData":1},{"userProfilePK":76018113,"calendarDate":"2021-05-02","deviceId":3988162045,"updateTimestamp":"2021-05-02T16:43:31.0","sport":"RUNNING","subSport":"GENERIC","vo2MaxValue":46.0,"fitnessAge":"20","fitnessAgeDescription":"0","analyzerMethod":5,"maxMet":13.203262329101562,"maxMetCategory":"GENERIC","calibratedData":1},{"userProfilePK":76018113,"calendarDate":"2021-05-02","deviceId":3988162045,"updateTimestamp":"2021-05-02T16:43:41.0","sport":"RUNNING","subSport":"GENERIC","vo2MaxValue":46.0,"fitnessAge":"20","fitnessAgeDescription":"0","analyzerMethod":5,"maxMet":13.203262329101562,"maxMetCategory":"GENERIC","calibratedData":1},{"userProfilePK":76018113,"calendarDate":"2021-05-08","deviceId":3988162045,"updateTimestamp":"2021-05-08T11:03:06.0","sport":"RUNNING","subSport":"GENERIC","vo2MaxValue":46.0,"fitnessAge":"20","fitnessAgeDescription":"0","analyzerMethod":5,"maxMet":13.132797241210938,"maxMetCategory":"GENERIC","calibratedData":1},{"userProfilePK":76018113,"calendarDate":"2021-05-08","deviceId":3988162045,"updateTimestamp":"2021-05-08T11:03:11.0","sport":"RUNNING","subSport":"GENERIC","vo2MaxValue":46.0,"fitnessAge":"20","fitnessAgeDescription":"0","analyzerMethod":5,"maxMet":13.132797241210938,"maxMetCategory":"GENERIC","calibratedData":1},{"userProfilePK":76018113,"calendarDate":"2021-05-30","deviceId":3988162045,"updateTimestamp":"2021-05-30T11:19:54.0","sport":"RUNNING","subSport":"GENERIC","vo2MaxValue":46.0,"fitnessAge":"20","fitnessAgeDescription":"0","analyzerMethod":5,"maxMet":13.097000122070312,"maxMetCategory":"GENERIC","calibratedData":1},{"userProfilePK":76018113,"calendarDate":"2021-05-30","deviceId":3988162045,"updateTimestamp":"2021-05-30T11:19:58.0","sport":"RUNNING","subSport":"GENERIC","vo2MaxValue":46.0,"fitnessAge":"20","fitnessAgeDescription":"0","analyzerMethod":5,"maxMet":13.097000122070312,"maxMetCategory":"GENERIC","calibratedData":1}]