[{"userProfilePK":76018113,"calendarDate":"2019-04-07","deviceId":3988162045,"updateTimestamp":"2019-04-07T16:00:58.0","sport":"RUNNING","subSport":"GENERIC","vo2MaxValue":47.0,"fitnessAge":"20","fitnessAgeDescription":"1","analyzerMethod":5,"maxMet":13.4022216796875,"maxMetCategory":"GENERIC","calibratedData":1},{"userProfilePK":76018113,"calendarDate":"2019-04-07","deviceId":3988162045,"updateTimestamp":"2019-04-07T16:01:06.0","sport":"RUNNING","subSport":"GENERIC","vo2MaxValue":47.0,"fitnessAge":"20","fitnessAgeDescription":"1","analyzerMethod":5,"maxMet":13.4022216796875,"maxMetCategory":"GENERIC","calibratedData":1},{"userProfilePK":76018113,"calendarDate":"2019-04-09","deviceId":3988162045,"updateTimestamp":"2019-04-09T05:15:29.0","sport":"RUNNING","subSport":"GENERIC","vo2MaxValue":47.0,"fitnessAge":"20","fitnessAgeDescription":"1","analyzerMethod":5,"maxMet":13.424728393554688,"maxMetCategory":"GENERIC","calibratedData":1},{"userProfilePK":76018113,"calendarDate":"2019-04-09","deviceId":3988162045,"updateTimestamp":"2019-04-09T05:15:36.0","sport":"RUNNING","subSport":"GENERIC","vo2MaxValue":47.0,"fitnessAge":"20","fitnessAgeDescription":"1","analyzerMethod":5,"maxMet":13.424728393554688,"maxMetCategory":"GENERIC","calibratedData":1},{"userProfilePK":76018113,"calendarDate":"2019-04-10","deviceId":3988162045,"updateTimestamp":"2019-04-10T05:30:16.0","sport":"RUNNING","subSport":"GENERIC","vo2MaxValue":47.0,"fitnessAge":"20","fitnessAgeDescription":"1","analyzerMethod":5,"maxMet":13.399932861328125,"maxMetCategory":"GENERIC","calibratedData":1},{"userProfilePK":76018113,"calendarDate":"2019-04-10","deviceId":3988162045,"updateTimestamp":"2019-04-10T05:30:26.0","sport":"RUNNING","subSport":"GENERIC","vo2MaxValue":47.0,"fitnessAge":"20","fitnessAgeDescription":"1","analyzerMethod":5,"maxMet":13.399932861328125,"maxMetCategory":"GENERIC","calibratedData":1},{"userProfilePK":76018113,"calendarDate":"2019-04-13","deviceId":3988162045,"updateTimestamp":"2019-04-13T07:55:36.0","sport":"RUNNING","subSport":"GENERIC","vo2MaxValue":47.0,"fitnessAge":"20","fitnessAgeDescription":"1","analyzerMethod":5,"maxMet":13.435348510742188,"maxMetCategory":"GENERIC","calibratedData":1},{"userProfilePK":76018113,"calendarDate":"2019-04-13","deviceId":3988162045,"updateTimestamp":"2019-04-13T07:55:44.0","sport":"RUNNING","subSport":"GENERIC","vo2MaxValue":47.0,"fitnessAge":"20","fitnessAgeDescription":"1","analyzerMethod":5,"maxMet":13.435348510742188,"maxMetCategory":"GENERIC","calibratedData":1},{"userProfilePK":76018113,"calendarDate":"2019-04-14","deviceId":3988162045,"updateTimestamp":"2019-04-14T15:28:21.0","sport":"RUNNING","subSport":"GENERIC","vo2MaxValue":47.0,"fitnessAge":"20","fitnessAgeDescription":"1","analyzerMethod":5,"maxMet":13.372543334960938,"maxMetCategory":"GENERIC","calibratedData":1},{"userProfilePK":76018113,"calendarDate":"2019-04-14","deviceId":3988162045,"updateTimestamp":"2019-04-14T15:28:30.0","sport":"RUNNING","subSport":"GENERIC","vo2MaxValue":47.0,"fitnessAge":"20","fitnessAgeDescription":"1","analyzerMethod":5,"maxMet":13.372543334960938,"maxMetCategory":"GENERIC","calibratedData":1},{"userProfilePK":76018113,"calendarDate":"2019-04-15","deviceId":3988162045,"updateTimestamp":"2019-04-15T08:24:51.0","sport":"RUNNING","subSport":"GENERIC","vo2MaxValue":47.0,"fitnessAge":"20","fitnessAgeDescription":"1","analyzerMethod":5,"maxMet":13.393890380859375,"maxMetCategory":"GENERIC","calibratedData":1},{"userProfilePK":76018113,"calendarDate":"2019-04-15","deviceId":3988162045,"updateTimestamp":"2019-04-15T08:25:01.0","sport":"RUNNING","subSport":"GENERIC","vo2MaxValue":47.0,"fitnessAge":"20","fitnessAgeDescription":"1","analyzerMethod":5,"maxMet":13.393890380859375,"maxMetCategory":"GENERIC","calibratedData":1},{"userProfilePK":76018113,"calendarDate":"2019-04-17","deviceId":3988162045,"updateTimestamp":"2019-04-17T14:50:04.0","sport":"RUNNING","subSport":"GENERIC","vo2MaxValue":47.0,"fitnessAge":"20","fitnessAgeDescription":"1","analyzerMethod":5,"maxMet":13.311111450195312,"maxMetCategory":"GENERIC","calibratedData":1},{"userProfilePK":76018113,"calendarDate":"2019-04-17","deviceId":3988162045,"updateTimestamp":"2019-04-17T14:54:01.0","sport":"RUNNING","subSport":"GENERIC","vo2MaxValue":47.0,"fitnessAge":"20","fitnessAgeDescription":"1","analyzerMethod":5,"maxMet":13.291275024414062,"maxMetCategory":"GENERIC","calibratedData":1},{"userProfilePK":76018113,"calendarDate":"2019-04-17","deviceId":3988162045,"updateTimestamp":"2019-04-17T14:54:08.0","sport":"RUNNING","subSport":"GENERIC","vo2MaxValue":47.0,"fitnessAge":"20","fitnessAgeDescription":"1","analyzerMethod":5,"maxMet":13.291305541992188,"maxMetCategory":"GENERIC","calibratedData":1},{"userProfilePK":76018113,"calendarDate":"2019-04-18","deviceId":3988162045,"updateTimestamp":"2019-04-18T08:23:12.0","sport":"RUNNING","subSport":"GENERIC","vo2MaxValue":46.0,"fitnessAge":"20","fitnessAgeDescription":"0","analyzerMethod":5,"maxMet":13.070892333984375,"maxMetCategory":"GENERIC","calibratedData":1},{"userProfilePK":76018113,"calendarDate":"2019-04-18","deviceId":3988162045,"updateTimestamp":"2019-04-18T08:23:19.0","sport":"RUNNING","subSport":"GENERIC","vo2MaxValue":46.0,"fitnessAge":"20","fitnessAgeDescription":"0","analyzerMethod":5,"maxMet":13.070892333984375,"maxMetCategory":"GENERIC","calibratedData":1},{"userProfilePK":76018113,"calendarDate":"2019-04-19","deviceId":3988162045,"updateTimestamp":"2019-04-19T10:50:43.0","sport":"RUNNING","subSport":"GENERIC","vo2MaxValue":46.0,"fitnessAge":"20","fitnessAgeDescription":"0","analyzerMethod":5,"maxMet":13.036407470703125,"maxMetCategory":"GENERIC","calibratedData":1},{"userProfilePK":76018113,"calendarDate":"2019-04-19","deviceId":3988162045,"updateTimestamp":"2019-04-19T10:50:53.0","sport":"RUNNING","subSport":"GENERIC","vo2MaxValue":46.0,"fitnessAge":"20","fitnessAgeDescription":"0","analyzerMethod":5,"maxMet":13.036407470703125,"maxMetCategory":"GENERIC","calibratedData":1},{"userProfilePK":76018113,"calendarDate":"2019-04-20","deviceId":3988162045,"updateTimestamp":"2019-04-20T10:11:36.0","sport":"RUNNING","subSport":"GENERIC","vo2MaxValue":46.0,"fitnessAge":"20","fitnessAgeDescription":"0","analyzerMethod":5,"maxMet":13.031723022460938,"maxMetCategory":"GENERIC","calibratedData":1},{"userProfilePK":76018113,"calendarDate":"2019-04-20","deviceId":3988162045,"updateTimestamp":"2019-04-20T10:11:42.0","sport":"RUNNING","subSport":"GENERIC","vo2MaxValue":46.0,"fitnessAge":"20","fitnessAgeDescription":"0","analyzerMethod":5,"maxMet":13.031280517578125,"maxMetCategory":"GENERIC","calibratedData":1},{"userProfilePK":76018113,"calendarDate":"2019-04-20","deviceId":3988162045,"updateTimestamp":"2019-04-20T10:47:41.0","sport":"RUNNING","subSport":"GENERIC","vo2MaxValue":45.0,"fitnessAge":"20","fitnessAgeDescription":"0","analyzerMethod":5,"maxMet":12.998291015625,"maxMetCategory":"GENERIC","calibratedData":1},{"userProfilePK":76018113,"calendarDate":"2019-04-23","deviceId":3988162045,"updateTimestamp":"2019-04-23T05:32:41.0","sport":"RUNNING","subSport":"GENERIC","vo2MaxValue":46.0,"fitnessAge":"20","fitnessAgeDescription":"0","analyzerMethod":5,"maxMet":13.041580200195312,"maxMetCategory":"GENERIC","calibratedData":1},{"userProfilePK":76018113,"calendarDate":"2019-04-23","deviceId":3988162045,"updateTimestamp":"2019-04-23T05:32:48.0","sport":"RUNNING","subSport":"GENERIC","vo2MaxValue":46.0,"fitnessAge":"20","fitnessAgeDescription":"0","analyzerMethod":5,"maxMet":13.041580200195312,"maxMetCategory":"GENERIC","calibratedData":1},{"userProfilePK":76018113,"calendarDate":"2019-05-08","deviceId":3988162045,"updateTimestamp":"2019-05-08T05:18:30.0","sport":"RUNNING","subSport":"GENERIC","vo2MaxValue":45.0,"fitnessAge":"20","fitnessAgeDescription":"0","analyzerMethod":5,"maxMet":12.939590454101562,"maxMetCategory":"GENERIC","calibratedData":1},{"userProfilePK":76018113,"calendarDate":"2019-05-08","deviceId":3988162045,"updateTimestamp":"2019-05-08T05:18:37.0","sport":"RUNNING","subSport":"GENERIC","vo2MaxValue":45.0,"fitnessAge":"20","fitnessAgeDescription":"0","analyzerMethod":5,"maxMet":12.939590454101562,"maxMetCategory":"GENERIC","calibratedData":1},{"userProfilePK":76018113,"calendarDate":"2019-05-09","deviceId":3988162045,"updateTimestamp":"2019-05-09T05:28:50.0","sport":"RUNNING","subSport":"GENERIC","vo2MaxValue":45.0,"fitnessAge":"20","fitnessAgeDescription":"0","analyzerMethod":5,"maxMet":12.904220581054688,"maxMetCategory":"GENERIC","calibratedData":1},{"userProfilePK":76018113,"calendarDate":"2019-05-09","deviceId":3988162045,"updateTimestamp":"2019-05-09T05:28:57.0","sport":"RUNNING","subSport":"GENERIC","vo2MaxValue":45.0,"fitnessAge":"20","fitnessAgeDescription":"0","analyzerMethod":5,"maxMet":12.904220581054688,"maxMetCategory":"GENERIC","calibratedData":1},{"userProfilePK":76018113,"calendarDate":"2019-05-13","deviceId":3988162045,"updateTimestamp":"2019-05-13T05:10:40.0","sport":"RUNNING","subSport":"GENERIC","vo2MaxValue":45.0,"fitnessAge":"20","fitnessAgeDescription":"0","analyzerMethod":5,"maxMet":12.866241455078125,"maxMetCategory":"GENERIC","calibratedData":1},{"userProfilePK":76018113,"calendarDate":"2019-05-13","deviceId":3988162045,"updateTimestamp":"2019-05-13T05:10:58.0","sport":"RUNNING","subSport":"GENERIC","vo2MaxValue":45.0,"fitnessAge":"20","fitnessAgeDescription":"0","analyzerMethod":5,"maxMet":12.862213134765625,"maxMetCategory":"GENERIC","calibratedData":1},{"userProfilePK":76018113,"calendarDate":"2019-06-14","deviceId":3988162045,"updateTimestamp":"2019-06-13T22:00:00.0","vo2MaxValue":45.0,"fitnessAge":"20","fitnessAgeDescription":"0","analyzerMethod":5,"maxMet":12.759597778320312,"maxMetCategory":"GENERIC","calibratedData":0},{"userProfilePK":76018113,"calendarDate":"2019-06-15","deviceId":3988162045,"updateTimestamp":"2019-06-14T22:00:00.0","vo2MaxValue":44.0,"fitnessAge":"23","fitnessAgeDescription":"0","analyzerMethod":5,"maxMet":12.653289794921875,"maxMetCategory":"GENERIC","calibratedData":0},{"userProfilePK":76018113,"calendarDate":"2019-06-15","deviceId":3988162045,"updateTimestamp":"2019-06-15T09:36:47.0","vo2MaxValue":44.0,"fitnessAge":"25","fitnessAgeDescription":"0","analyzerMethod":5,"maxMet":12.523956298828125,"maxMetCategory":"GENERIC","calibratedData":0},{"userProfilePK":76018113,"calendarDate":"2019-06-16","deviceId":3988162045,"updateTimestamp":"2019-06-15T22:00:00.0","vo2MaxValue":44.0,"fitnessAge":"26","fitnessAgeDescription":"0","analyzerMethod":5,"maxMet":12.464645385742188,"maxMetCategory":"GENERIC","calibratedData":0},{"userProfilePK":76018113,"calendarDate":"2019-06-18","deviceId":3988162045,"updateTimestamp":"2019-06-17T22:00:00.0","vo2MaxValue":43.0,"fitnessAge":"30","fitnessAgeDescription":"0","analyzerMethod":5,"maxMet":12.332733154296875,"maxMetCategory":"GENERIC","calibratedData":0},{"userProfilePK":76018113,"calendarDate":"2019-06-18","deviceId":3988162045,"updateTimestamp":"2019-06-18T05:05:08.0","vo2MaxValue":43.0,"fitnessAge":"29","fitnessAgeDescription":"0","analyzerMethod":5,"maxMet":12.352264404296875,"maxMetCategory":"GENERIC","calibratedData":0},{"userProfilePK":76018113,"calendarDate":"2019-06-19","deviceId":3988162045,"updateTimestamp":"2019-06-18T22:00:00.0","vo2MaxValue":43.0,"fitnessAge":"32","fitnessAgeDescription":"0","analyzerMethod":5,"maxMet":12.236404418945312,"maxMetCategory":"GENERIC","calibratedData":0},{"userProfilePK":76018113,"calendarDate":"2019-06-20","deviceId":3988162045,"updateTimestamp":"2019-06-20T05:01:44.0","vo2MaxValue":42.0,"fitnessAge":"35","fitnessAgeDescription":"0","analyzerMethod":5,"maxMet":12.134170532226562,"maxMetCategory":"GENERIC","calibratedData":0},{"userProfilePK":76018113,"calendarDate":"2019-06-21","deviceId":3988162045,"updateTimestamp":"2019-06-20T22:00:00.0","vo2MaxValue":42.0,"fitnessAge":"37","fitnessAgeDescription":"0","analyzerMethod":5,"maxMet":11.9954833984375,"maxMetCategory":"GENERIC","calibratedData":0},{"userProfilePK":76018113,"calendarDate":"2019-06-22","deviceId":3988162045,"updateTimestamp":"2019-06-21T22:00:00.0","vo2MaxValue":42.0,"fitnessAge":"37","fitnessAgeDescription":"0","analyzerMethod":5,"maxMet":11.986862182617188,"maxMetCategory":"GENERIC","calibratedData":0},{"userProfilePK":76018113,"calendarDate":"2019-06-22","deviceId":3988162045,"updateTimestamp":"2019-06-22T07:51:37.0","sport":"RUNNING","subSport":"GENERIC","vo2MaxValue":42.0,"fitnessAge":"36","fitnessAgeDescription":"0","analyzerMethod":5,"maxMet":12.028533935546875,"maxMetCategory":"GENERIC","calibratedData":1},{"userProfilePK":76018113,"calendarDate":"2019-06-22","deviceId":3988162045,"updateTimestamp":"2019-06-22T07:51:47.0","sport":"RUNNING","subSport":"GENERIC","vo2MaxValue":42.0,"fitnessAge":"36","fitnessAgeDescription":"0","analyzerMethod":5,"maxMet":12.028533935546875,"maxMetCategory":"GENERIC","calibratedData":1},{"userProfilePK":76018113,"calendarDate":"2019-07-10","deviceId":3988162045,"updateTimestamp":"2019-07-10T05:28:37.0","sport":"RUNNING","subSport":"GENERIC","vo2MaxValue":42.0,"fitnessAge":"35","fitnessAgeDescription":"0","analyzerMethod":5,"maxMet":12.081634521484375,"maxMetCategory":"GENERIC","calibratedData":1},{"userProfilePK":76018113,"calendarDate":"2019-07-10","deviceId":3988162045,"updateTimestamp":"2019-07-10T05:28:44.0","sport":"RUNNING","subSport":"GENERIC","vo2MaxValue":42.0,"fitnessAge":"35","fitnessAgeDescription":"0","analyzerMethod":5,"maxMet":12.081634521484375,"maxMetCategory":"GENERIC","calibratedData":1},{"userProfilePK":76018113,"calendarDate":"2019-07-12","deviceId":3988162045,"updateTimestamp":"2019-07-12T05:22:35.0","sport":"RUNNING","subSport":"GENERIC","vo2MaxValue":43.0,"fitnessAge":"34","fitnessAgeDescription":"0","analyzerMethod":5,"maxMet":12.197982788085938,"maxMetCategory":"GENERIC","calibratedData":1},{"userProfilePK":76018113,"calendarDate":"2019-07-12","deviceId":3988162045,"updateTimestamp":"2019-07-12T05:24:46.0","sport":"RUNNING","subSport":"GENERIC","vo2MaxValue":43.0,"fitnessAge":"34","fitnessAgeDescription":"0","analyzerMethod":5,"maxMet":12.197982788085938,"maxMetCategory":"GENERIC","calibratedData":1},{"userProfilePK":76018113,"calendarDate":"2019-07-16","deviceId":3988162045,"updateTimestamp":"2019-07-16T05:16:22.0","sport":"RUNNING","subSport":"GENERIC","vo2MaxValue":43.0,"fitnessAge":"30","fitnessAgeDescription":"0","analyzerMethod":5,"maxMet":12.321426391601562,"maxMetCategory":"GENERIC","calibratedData":1},{"userProfilePK":76018113,"calendarDate":"2019-07-16","deviceId":3988162045,"updateTimestamp":"2019-07-16T05:16:29.0","sport":"RUNNING","subSport":"GENERIC","vo2MaxValue":43.0,"fitnessAge":"30","fitnessAgeDescription":"0","analyzerMethod":5,"maxMet":12.320526123046875,"maxMetCategory":"GENERIC","calibratedData":1}]