[{"userProfilePK":76018113,"calendarDate":"2024-03-12","deviceId":3401978503,"updateTimestamp":"2024-03-12T06:57:11.0","sport":"RUNNING","subSport":"GENERIC","vo2MaxValue":53.0,"maxMet":15.086074829101562,"maxMetCategory":"GENERIC","calibratedData":1},{"userProfilePK":76018113,"calendarDate":"2024-03-14","deviceId":3390555241,"updateTimestamp":"2024-03-13T23:02:12.0","vo2MaxValue":45.0,"fitnessAge":"20","fitnessAgeDescription":"0","analyzerMethod":5,"maxMet":12.884750366210938,"maxMetCategory":"GENERIC","calibratedData":0},{"userProfilePK":76018113,"calendarDate":"2024-03-14","deviceId":3390555241,"updateTimestamp":"2024-03-14T05:33:38.0","vo2MaxValue":45.0,"fitnessAge":"20","fitnessAgeDescription":"0","analyzerMethod":5,"maxMet":12.891204833984375,"maxMetCategory":"GENERIC","calibratedData":0},{"userProfilePK":76018113,"calendarDate":"2024-03-14","deviceId":3390555241,"updateTimestamp":"2024-03-14T06:15:05.0","vo2MaxValue":45.0,"fitnessAge":"20","fitnessAgeDescription":"0","analyzerMethod":5,"maxMet":12.8973388671875,"maxMetCategory":"GENERIC","calibratedData":0},{"userProfilePK":76018113,"calendarDate":"2024-03-14","deviceId":3401978503,"updateTimestamp":"2024-03-14T06:57:37.0","sport":"RUNNING","subSport":"GENERIC","vo2MaxValue":53.0,"maxMet":15.1024169921875,"maxMetCategory":"GENERIC","calibratedData":1},{"userProfilePK":76018113,"calendarDate":"2024-03-15","deviceId":3390555241,"updateTimestamp":"2024-03-14T23:05:05.0","vo2MaxValue":45.0,"fitnessAge":"20","fitnessAgeDescription":"0","analyzerMethod":5,"maxMet":12.931365966796875,"maxMetCategory":"GENERIC","calibratedData":0},{"userProfilePK":76018113,"calendarDate":"2024-03-15","deviceId":3390555241,"updateTimestamp":"2024-03-15T05:08:39.0","vo2MaxValue":45.0,"fitnessAge":"20","fitnessAgeDescription":"0","analyzerMethod":5,"maxMet":12.96368408203125,"maxMetCategory":"GENERIC","calibratedData":0},{"userProfilePK":76018113,"calendarDate":"2024-03-15","deviceId":3390555241,"updateTimestamp":"2024-03-15T06:19:56.0","vo2MaxValue":45.0,"fitnessAge":"20","fitnessAgeDescription":"0","analyzerMethod":5,"maxMet":12.994400024414062,"maxMetCategory":"GENERIC","calibratedData":0},{"userProfilePK":76018113,"calendarDate":"2024-03-16","deviceId":3390555241,"updateTimestamp":"2024-03-15T23:04:56.0","vo2MaxValue":46.0,"fitnessAge":"20","fitnessAgeDescription":"0","analyzerMethod":5,"maxMet":13.132186889648438,"maxMetCategory":"GENERIC","calibratedData":0},{"userProfilePK":76018113,"calendarDate":"2024-03-16","deviceId":3390555241,"updateTimestamp":"2024-03-16T07:54:56.0","vo2MaxValue":46.0,"fitnessAge":"20","fitnessAgeDescription":"0","analyzerMethod":5,"maxMet":13.25689697265625,"maxMetCategory":"GENERIC","calibratedData":0},{"userProfilePK":76018113,"calendarDate":"2024-03-16","deviceId":3401978503,"updateTimestamp":"2024-03-16T11:32:15.0","sport":"RUNNING","subSport":"GENERIC","vo2MaxValue":53.0,"maxMet":15.113754272460938,"maxMetCategory":"GENERIC","calibratedData":1},{"userProfilePK":76018113,"calendarDate":"2024-03-17","deviceId":3390555241,"updateTimestamp":"2024-03-16T23:04:57.0","vo2MaxValue":46.0,"fitnessAge":"20","fitnessAgeDescription":"0","analyzerMethod":5,"maxMet":13.154891967773438,"maxMetCategory":"GENERIC","calibratedData":0},{"userProfilePK":76018113,"calendarDate":"2024-03-17","deviceId":3390555241,"updateTimestamp":"2024-03-17T07:59:57.0","vo2MaxValue":46.0,"fitnessAge":"20","fitnessAgeDescription":"0","analyzerMethod":5,"maxMet":13.052886962890625,"maxMetCategory":"GENERIC","calibratedData":0},{"userProfilePK":76018113,"calendarDate":"2024-03-17","deviceId":3401978503,"updateTimestamp":"2024-03-17T10:16:48.0","sport":"RUNNING","subSport":"GENERIC","vo2MaxValue":53.0,"maxMet":15.117660522460938,"maxMetCategory":"GENERIC","calibratedData":1},{"userProfilePK":76018113,"calendarDate":"2024-03-18","deviceId":3390555241,"updateTimestamp":"2024-03-17T23:04:28.0","vo2MaxValue":45.0,"fitnessAge":"20","fitnessAgeDescription":"0","analyzerMethod":5,"maxMet":12.952865600585938,"maxMetCategory":"GENERIC","calibratedData":0},{"userProfilePK":76018113,"calendarDate":"2024-03-18","deviceId":3390555241,"updateTimestamp":"2024-03-18T07:04:29.0","vo2MaxValue":45.0,"fitnessAge":"20","fitnessAgeDescription":"0","analyzerMethod":5,"maxMet":12.855484008789062,"maxMetCategory":"GENERIC","calibratedData":0},{"userProfilePK":76018113,"calendarDate":"2024-03-19","deviceId":3401978503,"updateTimestamp":"2024-03-19T06:46:58.0","sport":"RUNNING","subSport":"GENERIC","vo2MaxValue":53.0,"maxMet":15.1256103515625,"maxMetCategory":"GENERIC","calibratedData":1},{"userProfilePK":76018113,"calendarDate":"2024-03-20","deviceId":3401978503,"updateTimestamp":"2024-03-20T06:47:02.0","sport":"RUNNING","subSport":"GENERIC","vo2MaxValue":53.0,"maxMet":15.138687133789062,"maxMetCategory":"GENERIC","calibratedData":1},{"userProfilePK":76018113,"calendarDate":"2024-03-21","deviceId":3390555241,"updateTimestamp":"2024-03-20T23:04:31.0","vo2MaxValue":45.0,"fitnessAge":"20","fitnessAgeDescription":"0","analyzerMethod":5,"maxMet":12.891281127929688,"maxMetCategory":"GENERIC","calibratedData":0},{"userProfilePK":76018113,"calendarDate":"2024-03-21","deviceId":3390555241,"updateTimestamp":"2024-03-21T05:23:12.0","vo2MaxValue":45.0,"fitnessAge":"20","fitnessAgeDescription":"0","analyzerMethod":5,"maxMet":12.92529296875,"maxMetCategory":"GENERIC","calibratedData":0},{"userProfilePK":76018113,"calendarDate":"2024-03-21","deviceId":3390555241,"updateTimestamp":"2024-03-21T06:19:30.0","vo2MaxValue":45.0,"fitnessAge":"20","fitnessAgeDescription":"0","analyzerMethod":5,"maxMet":12.957595825195312,"maxMetCategory":"GENERIC","calibratedData":0},{"userProfilePK":76018113,"calendarDate":"2024-03-22","deviceId":3390555241,"updateTimestamp":"2024-03-21T23:04:29.0","vo2MaxValue":45.0,"fitnessAge":"20","fitnessAgeDescription":"0","analyzerMethod":5,"maxMet":12.934722900390625,"maxMetCategory":"GENERIC","calibratedData":0},{"userProfilePK":76018113,"calendarDate":"2024-03-22","deviceId":3390555241,"updateTimestamp":"2024-03-22T06:24:30.0","vo2MaxValue":45.0,"fitnessAge":"20","fitnessAgeDescription":"0","analyzerMethod":5,"maxMet":12.912994384765625,"maxMetCategory":"GENERIC","calibratedData":0},{"userProfilePK":76018113,"calendarDate":"2024-03-22","deviceId":3401978503,"updateTimestamp":"2024-03-22T06:58:02.0","sport":"RUNNING","subSport":"GENERIC","vo2MaxValue":53.0,"maxMet":15.14373779296875,"maxMetCategory":"GENERIC","calibratedData":1},{"userProfilePK":76018113,"calendarDate":"2024-03-24","deviceId":3401978503,"updateTimestamp":"2024-03-24T11:25:14.0","sport":"RUNNING","subSport":"GENERIC","vo2MaxValue":53.0,"maxMet":15.133102416992188,"maxMetCategory":"GENERIC","calibratedData":1},{"userProfilePK":76018113,"calendarDate":"2024-03-25","deviceId":3390555241,"updateTimestamp":"2024-03-24T23:03:28.0","vo2MaxValue":45.0,"fitnessAge":"20","fitnessAgeDescription":"0","analyzerMethod":5,"maxMet":12.896774291992188,"maxMetCategory":"GENERIC","calibratedData":0},{"userProfilePK":76018113,"calendarDate":"2024-03-25","deviceId":3390555241,"updateTimestamp":"2024-03-25T07:53:30.0","vo2MaxValue":45.0,"fitnessAge":"20","fitnessAgeDescription":"0","analyzerMethod":5,"maxMet":12.881362915039062,"maxMetCategory":"GENERIC","calibratedData":0},{"userProfilePK":76018113,"calendarDate":"2024-03-26","deviceId":3401978503,"updateTimestamp":"2024-03-26T07:19:22.0","sport":"RUNNING","subSport":"GENERIC","vo2MaxValue":53.0,"maxMet":15.162246704101562,"maxMetCategory":"GENERIC","calibratedData":1},{"userProfilePK":76018113,"calendarDate":"2024-03-29","deviceId":3401978503,"updateTimestamp":"2024-03-29T11:24:07.0","sport":"RUNNING","subSport":"GENERIC","vo2MaxValue":52.0,"maxMet":14.990203857421875,"maxMetCategory":"GENERIC","calibratedData":1},{"userProfilePK":76018113,"calendarDate":"2024-03-30","deviceId":3401978503,"updateTimestamp":"2024-03-30T19:46:47.0","sport":"RUNNING","subSport":"GENERIC","vo2MaxValue":53.0,"maxMet":15.12823486328125,"maxMetCategory":"GENERIC","calibratedData":1},{"userProfilePK":76018113,"calendarDate":"2024-03-31","deviceId":3401978503,"updateTimestamp":"2024-03-31T10:42:45.0","sport":"RUNNING","subSport":"GENERIC","vo2MaxValue":53.0,"maxMet":15.156341552734375,"maxMetCategory":"GENERIC","calibratedData":1},{"userProfilePK":76018113,"calendarDate":"2024-04-02","deviceId":3401978503,"updateTimestamp":"2024-04-02T05:02:37.0","sport":"RUNNING","subSport":"GENERIC","vo2MaxValue":53.0,"maxMet":15.182907104492188,"maxMetCategory":"GENERIC","calibratedData":1},{"userProfilePK":76018113,"calendarDate":"2024-04-03","deviceId":3401978503,"updateTimestamp":"2024-04-03T08:23:09.0","sport":"RUNNING","subSport":"GENERIC","vo2MaxValue":53.0,"maxMet":15.189285278320312,"maxMetCategory":"GENERIC","calibratedData":1}]