[{"userProfilePK":76018113,"calendarDate":"2023-08-25","deviceId":3401978503,"updateTimestamp":"2023-08-25T18:40:12.0","sport":"RUNNING","subSport":"GENERIC","vo2MaxValue":53.0,"maxMet":15.077713012695312,"maxMetCategory":"GENERIC","calibratedData":1},{"userProfilePK":76018113,"calendarDate":"2023-08-27","deviceId":3401978503,"updateTimestamp":"2023-08-27T09:29:27.0","sport":"RUNNING","subSport":"GENERIC","vo2MaxValue":53.0,"maxMet":15.0933837890625,"maxMetCategory":"GENERIC","calibratedData":1},{"userProfilePK":76018113,"calendarDate":"2023-08-31","deviceId":3401978503,"updateTimestamp":"2023-08-31T05:47:02.0","sport":"RUNNING","subSport":"GENERIC","vo2MaxValue":53.0,"maxMet":15.071319580078125,"maxMetCategory":"GENERIC","calibratedData":1},{"userProfilePK":76018113,"calendarDate":"2023-10-01","deviceId":3401978503,"updateTimestamp":"2023-10-01T05:38:45.0","sport":"WALKING","subSport":"GENERIC","vo2MaxValue":53.0,"maxMet":15.063339233398438,"maxMetCategory":"GENERIC","calibratedData":1},{"userProfilePK":76018113,"calendarDate":"2023-10-01","deviceId":3401978503,"updateTimestamp":"2023-10-01T17:53:45.0","sport":"WALKING","subSport":"GENERIC","vo2MaxValue":53.0,"maxMet":15.063339233398438,"maxMetCategory":"GENERIC","calibratedData":1},{"userProfilePK":76018113,"calendarDate":"2023-10-22","deviceId":3401978503,"updateTimestamp":"2023-10-22T11:04:21.0","sport":"WALKING","subSport":"GENERIC","vo2MaxValue":53.0,"maxMet":15.054397583007812,"maxMetCategory":"GENERIC","calibratedData":1},{"userProfilePK":76018113,"calendarDate":"2023-10-24","deviceId":3401978503,"updateTimestamp":"2023-10-24T05:43:57.0","sport":"RUNNING","subSport":"GENERIC","vo2MaxValue":53.0,"maxMet":15.036346435546875,"maxMetCategory":"GENERIC","calibratedData":1},{"userProfilePK":76018113,"calendarDate":"2023-10-27","deviceId":3401978503,"updateTimestamp":"2023-10-27T05:21:19.0","sport":"RUNNING","subSport":"GENERIC","vo2MaxValue":52.0,"maxMet":14.92852783203125,"maxMetCategory":"GENERIC","calibratedData":1},{"userProfilePK":76018113,"calendarDate":"2023-10-29","deviceId":3401978503,"updateTimestamp":"2023-10-29T10:41:25.0","sport":"RUNNING","subSport":"GENERIC","vo2MaxValue":52.0,"maxMet":14.822433471679688,"maxMetCategory":"GENERIC","calibratedData":1},{"userProfilePK":76018113,"calendarDate":"2023-11-01","deviceId":3401978503,"updateTimestamp":"2023-11-01T09:57:50.0","sport":"RUNNING","subSport":"GENERIC","vo2MaxValue":52.0,"maxMet":14.752593994140625,"maxMetCategory":"GENERIC","calibratedData":1},{"userProfilePK":76018113,"calendarDate":"2023-11-03","deviceId":3401978503,"updateTimestamp":"2023-11-03T06:54:21.0","sport":"RUNNING","subSport":"GENERIC","vo2MaxValue":51.0,"maxMet":14.6705322265625,"maxMetCategory":"GENERIC","calibratedData":1},{"userProfilePK":76018113,"calendarDate":"2023-11-05","deviceId":3401978503,"updateTimestamp":"2023-11-05T11:05:27.0","sport":"RUNNING","subSport":"GENERIC","vo2MaxValue":51.0,"maxMet":14.599746704101562,"maxMetCategory":"GENERIC","calibratedData":1},{"userProfilePK":76018113,"calendarDate":"2023-11-07","deviceId":3401978503,"updateTimestamp":"2023-11-07T06:52:28.0","sport":"RUNNING","subSport":"GENERIC","vo2MaxValue":51.0,"maxMet":14.559310913085938,"maxMetCategory":"GENERIC","calibratedData":1},{"userProfilePK":76018113,"calendarDate":"2023-11-09","deviceId":3401978503,"updateTimestamp":"2023-11-09T08:35:51.0","sport":"RUNNING","subSport":"GENERIC","vo2MaxValue":51.0,"maxMet":14.557968139648438,"maxMetCategory":"GENERIC","calibratedData":1},{"userProfilePK":76018113,"calendarDate":"2023-11-12","deviceId":3401978503,"updateTimestamp":"2023-11-12T13:44:06.0","sport":"RUNNING","subSport":"GENERIC","vo2MaxValue":51.0,"maxMet":14.525009155273438,"maxMetCategory":"GENERIC","calibratedData":1},{"userProfilePK":76018113,"calendarDate":"2023-11-14","deviceId":3401978503,"updateTimestamp":"2023-11-14T06:55:40.0","sport":"RUNNING","subSport":"GENERIC","vo2MaxValue":51.0,"maxMet":14.510482788085938,"maxMetCategory":"GENERIC","calibratedData":1},{"userProfilePK":76018113,"calendarDate":"2023-11-17","deviceId":3401978503,"updateTimestamp":"2023-11-17T06:56:13.0","sport":"RUNNING","subSport":"GENERIC","vo2MaxValue":51.0,"maxMet":14.526870727539062,"maxMetCategory":"GENERIC","calibratedData":1},{"userProfilePK":76018113,"calendarDate":"2023-11-19","deviceId":3401978503,"updateTimestamp":"2023-11-19T08:59:14.0","sport":"RUNNING","subSport":"GENERIC","vo2MaxValue":51.0,"maxMet":14.483612060546875,"maxMetCategory":"GENERIC","calibratedData":1},{"userProfilePK":76018113,"calendarDate":"2023-11-21","deviceId":3401978503,"updateTimestamp":"2023-11-21T07:29:42.0","sport":"RUNNING","subSport":"GENERIC","vo2MaxValue":51.0,"maxMet":14.459396362304688,"maxMetCategory":"GENERIC","calibratedData":1},{"userProfilePK":76018113,"calendarDate":"2023-11-25","deviceId":3401978503,"updateTimestamp":"2023-11-25T11:24:33.0","sport":"RUNNING","subSport":"GENERIC","vo2MaxValue":51.0,"maxMet":14.450897216796875,"maxMetCategory":"GENERIC","calibratedData":1}]