[{"userProfilePK":76018113,"deviceId":3401978503,"calendarDate":"2022-10-28","timestamp":"2022-10-27T22:04:27.0","altitudeAcclimationTimestamp":"2022-10-27T22:04:27.0","previousAltitudeAcclimationTimestamp":"2022-10-27T22:04:27.0","heatAcclimationTimestamp":"2022-10-27T22:04:27.0","previousHeatAcclimationTimestamp":"2022-10-27T22:04:27.0","altitudeAcclimation":0,"previousAltitudeAcclimation":0,"heatAcclimationPercentage":0,"previousHeatAcclimationPercentage":0},{"userProfilePK":76018113,"deviceId":3401978503,"calendarDate":"2022-10-28","timestamp":"2022-10-28T04:49:20.0","altitudeAcclimationTimestamp":"2022-10-28T04:49:20.0","previousAltitudeAcclimationTimestamp":"2022-10-28T04:49:20.0","heatAcclimationTimestamp":"2022-10-28T04:49:20.0","previousHeatAcclimationTimestamp":"2022-10-28T04:49:20.0","altitudeAcclimation":0,"previousAltitudeAcclimation":0,"heatAcclimationPercentage":0,"previousHeatAcclimationPercentage":0},{"userProfilePK":76018113,"deviceId":3401978503,"calendarDate":"2022-10-28","timestamp":"2022-10-28T05:51:26.0","altitudeAcclimationTimestamp":"2022-10-28T05:51:26.0","previousAltitudeAcclimationTimestamp":"2022-10-28T05:51:26.0","heatAcclimationTimestamp":"2022-10-28T05:51:26.0","previousHeatAcclimationTimestamp":"2022-10-28T05:51:26.0","altitudeAcclimation":0,"previousAltitudeAcclimation":0,"heatAcclimationPercentage":0,"previousHeatAcclimationPercentage":0},{"userProfilePK":76018113,"deviceId":3401978503,"calendarDate":"2022-10-29","timestamp":"2022-10-28T22:04:30.0","altitudeAcclimationTimestamp":"2022-10-28T22:04:30.0","previousAltitudeAcclimationTimestamp":"2022-10-28T22:04:30.0","heatAcclimationTimestamp":"2022-10-28T22:04:30.0","previousHeatAcclimationTimestamp":"2022-10-28T22:04:30.0","altitudeAcclimation":0,"previousAltitudeAcclimation":0,"heatAcclimationPercentage":0,"previousHeatAcclimationPercentage":0},{"userProfilePK":76018113,"deviceId":3401978503,"calendarDate":"2022-10-30","timestamp":"2022-10-29T22:04:31.0","altitudeAcclimationTimestamp":"2022-10-29T22:04:31.0","previousAltitudeAcclimationTimestamp":"2022-10-29T22:04:31.0","heatAcclimationTimestamp":"2022-10-29T22:04:31.0","previousHeatAcclimationTimestamp":"2022-10-29T22:04:31.0","altitudeAcclimation":0,"previousAltitudeAcclimation":0,"heatAcclimationPercentage":0,"previousHeatAcclimationPercentage":0},{"userProfilePK":76018113,"deviceId":3401978503,"calendarDate":"2022-10-30","timestamp":"2022-10-30T09:48:02.0","altitudeAcclimationTimestamp":"2022-10-30T09:48:02.0","previousAltitudeAcclimationTimestamp":"2022-10-30T09:48:02.0","heatAcclimationTimestamp":"2022-10-30T09:48:02.0","previousHeatAcclimationTimestamp":"2022-10-30T09:48:02.0","altitudeAcclimation":0,"previousAltitudeAcclimation":0,"heatAcclimationPercentage":0,"previousHeatAcclimationPercentage":0},{"userProfilePK":76018113,"deviceId":3401978503,"calendarDate":"2022-10-31","timestamp":"2022-10-30T23:04:38.0","altitudeAcclimationTimestamp":"2022-10-30T23:04:38.0","previousAltitudeAcclimationTimestamp":"2022-10-30T23:04:38.0","heatAcclimationTimestamp":"2022-10-30T23:04:38.0","previousHeatAcclimationTimestamp":"2022-10-30T23:04:38.0","altitudeAcclimation":0,"previousAltitudeAcclimation":0,"heatAcclimationPercentage":0,"previousHeatAcclimationPercentage":0},{"userProfilePK":76018113,"deviceId":3401978503,"calendarDate":"2022-11-01","timestamp":"2022-10-31T23:04:41.0","altitudeAcclimationTimestamp":"2022-10-31T23:04:41.0","previousAltitudeAcclimationTimestamp":"2022-10-31T23:04:41.0","heatAcclimationTimestamp":"2022-10-31T23:04:41.0","previousHeatAcclimationTimestamp":"2022-10-31T23:04:41.0","altitudeAcclimation":0,"previousAltitudeAcclimation":0,"heatAcclimationPercentage":0,"previousHeatAcclimationPercentage":0},{"userProfilePK":76018113,"deviceId":3401978503,"calendarDate":"2022-11-01","timestamp":"2022-11-01T07:46:58.0","altitudeAcclimationTimestamp":"2022-11-01T07:46:58.0","previousAltitudeAcclimationTimestamp":"2022-11-01T07:46:58.0","heatAcclimationTimestamp":"2022-11-01T07:46:58.0","previousHeatAcclimationTimestamp":"2022-11-01T07:46:58.0","altitudeAcclimation":0,"previousAltitudeAcclimation":0,"heatAcclimationPercentage":0,"previousHeatAcclimationPercentage":0},{"userProfilePK":76018113,"deviceId":3401978503,"calendarDate":"2022-11-01","timestamp":"2022-11-01T09:27:01.0","altitudeAcclimationTimestamp":"2022-11-01T09:27:01.0","previousAltitudeAcclimationTimestamp":"2022-11-01T09:27:01.0","heatAcclimationTimestamp":"2022-11-01T09:27:01.0","previousHeatAcclimationTimestamp":"2022-11-01T09:27:01.0","altitudeAcclimation":0,"previousAltitudeAcclimation":0,"heatAcclimationPercentage":0,"previousHeatAcclimationPercentage":0},{"userProfilePK":76018113,"deviceId":3401978503,"calendarDate":"2022-11-02","timestamp":"2022-11-01T23:04:47.0","altitudeAcclimationTimestamp":"2022-11-01T23:04:47.0","previousAltitudeAcclimationTimestamp":"2022-11-01T23:04:47.0","heatAcclimationTimestamp":"2022-11-01T23:04:47.0","previousHeatAcclimationTimestamp":"2022-11-01T23:04:47.0","altitudeAcclimation":0,"previousAltitudeAcclimation":0,"heatAcclimationPercentage":0,"previousHeatAcclimationPercentage":0},{"userProfilePK":76018113,"deviceId":3401978503,"calendarDate":"2022-11-02","timestamp":"2022-11-02T07:08:10.0","altitudeAcclimationTimestamp":"2022-11-02T07:08:10.0","previousAltitudeAcclimationTimestamp":"2022-11-02T07:08:10.0","heatAcclimationTimestamp":"2022-11-02T07:08:10.0","previousHeatAcclimationTimestamp":"2022-11-02T07:08:10.0","altitudeAcclimation":0,"previousAltitudeAcclimation":0,"heatAcclimationPercentage":0,"previousHeatAcclimationPercentage":0},{"userProfilePK":76018113,"deviceId":3401978503,"calendarDate":"2022-11-03","timestamp":"2022-11-02T23:04:50.0","altitudeAcclimationTimestamp":"2022-11-02T23:04:50.0","previousAltitudeAcclimationTimestamp":"2022-11-02T23:04:50.0","heatAcclimationTimestamp":"2022-11-02T23:04:50.0","previousHeatAcclimationTimestamp":"2022-11-02T23:04:50.0","altitudeAcclimation":0,"previousAltitudeAcclimation":0,"heatAcclimationPercentage":0,"previousHeatAcclimationPercentage":0},{"userProfilePK":76018113,"deviceId":3401978503,"calendarDate":"2022-11-04","timestamp":"2022-11-03T23:04:53.0","altitudeAcclimationTimestamp":"2022-11-03T23:04:53.0","previousAltitudeAcclimationTimestamp":"2022-11-03T23:04:53.0","heatAcclimationTimestamp":"2022-11-03T23:04:53.0","previousHeatAcclimationTimestamp":"2022-11-03T23:04:53.0","altitudeAcclimation":0,"previousAltitudeAcclimation":0,"heatAcclimationPercentage":0,"previousHeatAcclimationPercentage":0},{"userProfilePK":76018113,"deviceId":3401978503,"calendarDate":"2022-11-05","timestamp":"2022-11-04T23:04:57.0","altitudeAcclimationTimestamp":"2022-11-04T23:04:57.0","previousAltitudeAcclimationTimestamp":"2022-11-04T23:04:57.0","heatAcclimationTimestamp":"2022-11-04T23:04:57.0","previousHeatAcclimationTimestamp":"2022-11-04T23:04:57.0","altitudeAcclimation":0,"previousAltitudeAcclimation":0,"heatAcclimationPercentage":0,"previousHeatAcclimationPercentage":0},{"userProfilePK":76018113,"deviceId":3401978503,"calendarDate":"2022-11-05","timestamp":"2022-11-05T09:43:17.0","altitudeAcclimationTimestamp":"2022-11-05T09:43:17.0","previousAltitudeAcclimationTimestamp":"2022-11-05T09:43:17.0","heatAcclimationTimestamp":"2022-11-05T09:43:17.0","previousHeatAcclimationTimestamp":"2022-11-05T09:43:17.0","altitudeAcclimation":0,"previousAltitudeAcclimation":0,"heatAcclimationPercentage":0,"previousHeatAcclimationPercentage":0},{"userProfilePK":76018113,"deviceId":3401978503,"calendarDate":"2022-11-06","timestamp":"2022-11-05T23:05:01.0","altitudeAcclimationTimestamp":"2022-11-05T23:05:01.0","previousAltitudeAcclimationTimestamp":"2022-11-05T23:05:01.0","heatAcclimationTimestamp":"2022-11-05T23:05:01.0","previousHeatAcclimationTimestamp":"2022-11-05T23:05:01.0","altitudeAcclimation":0,"previousAltitudeAcclimation":0,"heatAcclimationPercentage":0,"previousHeatAcclimationPercentage":0},{"userProfilePK":76018113,"deviceId":3401978503,"calendarDate":"2022-11-06","timestamp":"2022-11-06T10:58:23.0","altitudeAcclimationTimestamp":"2022-11-06T10:58:23.0","previousAltitudeAcclimationTimestamp":"2022-11-06T10:58:23.0","heatAcclimationTimestamp":"2022-11-06T10:58:23.0","previousHeatAcclimationTimestamp":"2022-11-06T10:58:23.0","altitudeAcclimation":0,"previousAltitudeAcclimation":0,"heatAcclimationPercentage":0,"previousHeatAcclimationPercentage":0},{"userProfilePK":76018113,"deviceId":3401978503,"calendarDate":"2022-11-07","timestamp":"2022-11-06T23:05:03.0","altitudeAcclimationTimestamp":"2022-11-06T23:05:03.0","previousAltitudeAcclimationTimestamp":"2022-11-06T23:05:03.0","heatAcclimationTimestamp":"2022-11-06T23:05:03.0","previousHeatAcclimationTimestamp":"2022-11-06T23:05:03.0","altitudeAcclimation":0,"previousAltitudeAcclimation":0,"heatAcclimationPercentage":0,"previousHeatAcclimationPercentage":0},{"userProfilePK":76018113,"deviceId":3401978503,"calendarDate":"2022-11-08","timestamp":"2022-11-07T23:05:07.0","altitudeAcclimationTimestamp":"2022-11-07T23:05:07.0","previousAltitudeAcclimationTimestamp":"2022-11-07T23:05:07.0","heatAcclimationTimestamp":"2022-11-07T23:05:07.0","previousHeatAcclimationTimestamp":"2022-11-07T23:05:07.0","altitudeAcclimation":0,"previousAltitudeAcclimation":0,"heatAcclimationPercentage":0,"previousHeatAcclimationPercentage":0},{"userProfilePK":76018113,"deviceId":3401978503,"calendarDate":"2022-11-08","timestamp":"2022-11-08T06:10:41.0","altitudeAcclimationTimestamp":"2022-11-08T06:10:41.0","previousAltitudeAcclimationTimestamp":"2022-11-08T06:10:41.0","heatAcclimationTimestamp":"2022-11-08T06:10:41.0","previousHeatAcclimationTimestamp":"2022-11-08T06:10:41.0","altitudeAcclimation":0,"previousAltitudeAcclimation":0,"heatAcclimationPercentage":0,"previousHeatAcclimationPercentage":0},{"userProfilePK":76018113,"deviceId":3401978503,"calendarDate":"2022-11-09","timestamp":"2022-11-08T23:05:11.0","altitudeAcclimationTimestamp":"2022-11-08T23:05:11.0","previousAltitudeAcclimationTimestamp":"2022-11-08T23:05:11.0","heatAcclimationTimestamp":"2022-11-08T23:05:11.0","previousHeatAcclimationTimestamp":"2022-11-08T23:05:11.0","altitudeAcclimation":0,"previousAltitudeAcclimation":0,"heatAcclimationPercentage":0,"previousHeatAcclimationPercentage":0},{"userProfilePK":76018113,"deviceId":3401978503,"calendarDate":"2022-11-09","timestamp":"2022-11-09T06:37:07.0","altitudeAcclimationTimestamp":"2022-11-09T06:37:07.0","previousAltitudeAcclimationTimestamp":"2022-11-09T06:37:07.0","heatAcclimationTimestamp":"2022-11-09T06:37:07.0","previousHeatAcclimationTimestamp":"2022-11-09T06:37:07.0","altitudeAcclimation":0,"previousAltitudeAcclimation":0,"heatAcclimationPercentage":0,"previousHeatAcclimationPercentage":0},{"userProfilePK":76018113,"deviceId":3401978503,"calendarDate":"2022-11-10","timestamp":"2022-11-09T23:05:12.0","altitudeAcclimationTimestamp":"2022-11-09T23:05:12.0","previousAltitudeAcclimationTimestamp":"2022-11-09T23:05:12.0","heatAcclimationTimestamp":"2022-11-09T23:05:12.0","previousHeatAcclimationTimestamp":"2022-11-09T23:05:12.0","altitudeAcclimation":0,"previousAltitudeAcclimation":0,"heatAcclimationPercentage":0,"previousHeatAcclimationPercentage":0},{"userProfilePK":76018113,"deviceId":3401978503,"calendarDate":"2022-11-11","timestamp":"2022-11-10T23:05:16.0","altitudeAcclimationTimestamp":"2022-11-10T23:05:16.0","previousAltitudeAcclimationTimestamp":"2022-11-10T23:05:16.0","heatAcclimationTimestamp":"2022-11-10T23:05:16.0","previousHeatAcclimationTimestamp":"2022-11-10T23:05:16.0","altitudeAcclimation":0,"previousAltitudeAcclimation":0,"heatAcclimationPercentage":0,"previousHeatAcclimationPercentage":0},{"userProfilePK":76018113,"deviceId":3401978503,"calendarDate":"2022-11-12","timestamp":"2022-11-12T02:53:57.0","altitudeAcclimationTimestamp":"2022-11-12T02:53:57.0","previousAltitudeAcclimationTimestamp":"2022-11-12T02:53:57.0","heatAcclimationTimestamp":"2022-11-12T02:53:57.0","previousHeatAcclimationTimestamp":"2022-11-12T02:53:57.0","altitudeAcclimation":0,"previousAltitudeAcclimation":0,"heatAcclimationPercentage":0,"previousHeatAcclimationPercentage":0},{"userProfilePK":76018113,"deviceId":3401978503,"calendarDate":"2022-11-12","timestamp":"2022-11-12T10:58:41.0","altitudeAcclimationTimestamp":"2022-11-12T10:58:41.0","previousAltitudeAcclimationTimestamp":"2022-11-12T10:58:41.0","heatAcclimationTimestamp":"2022-11-12T10:58:41.0","previousHeatAcclimationTimestamp":"2022-11-12T10:58:41.0","altitudeAcclimation":0,"previousAltitudeAcclimation":0,"heatAcclimationPercentage":0,"previousHeatAcclimationPercentage":0},{"userProfilePK":76018113,"deviceId":3401978503,"calendarDate":"2022-11-13","timestamp":"2022-11-12T23:04:08.0","altitudeAcclimationTimestamp":"2022-11-12T23:04:08.0","previousAltitudeAcclimationTimestamp":"2022-11-12T23:04:08.0","heatAcclimationTimestamp":"2022-11-12T23:04:08.0","previousHeatAcclimationTimestamp":"2022-11-12T23:04:08.0","altitudeAcclimation":0,"previousAltitudeAcclimation":0,"heatAcclimationPercentage":0,"previousHeatAcclimationPercentage":0},{"userProfilePK":76018113,"deviceId":3401978503,"calendarDate":"2022-11-13","timestamp":"2022-11-13T09:28:27.0","altitudeAcclimationTimestamp":"2022-11-13T09:28:27.0","previousAltitudeAcclimationTimestamp":"2022-11-13T09:28:27.0","heatAcclimationTimestamp":"2022-11-13T09:28:27.0","previousHeatAcclimationTimestamp":"2022-11-13T09:28:27.0","altitudeAcclimation":0,"previousAltitudeAcclimation":0,"heatAcclimationPercentage":0,"previousHeatAcclimationPercentage":0},{"userProfilePK":76018113,"deviceId":3401978503,"calendarDate":"2022-11-13","timestamp":"2022-11-13T11:10:55.0","altitudeAcclimationTimestamp":"2022-11-13T11:10:55.0","previousAltitudeAcclimationTimestamp":"2022-11-13T11:10:55.0","heatAcclimationTimestamp":"2022-11-13T11:10:55.0","previousHeatAcclimationTimestamp":"2022-11-13T11:10:55.0","altitudeAcclimation":0,"previousAltitudeAcclimation":0,"heatAcclimationPercentage":0,"previousHeatAcclimationPercentage":0},{"userProfilePK":76018113,"deviceId":3401978503,"calendarDate":"2022-11-14","timestamp":"2022-11-13T23:04:12.0","altitudeAcclimationTimestamp":"2022-11-13T23:04:12.0","previousAltitudeAcclimationTimestamp":"2022-11-13T23:04:12.0","heatAcclimationTimestamp":"2022-11-13T23:04:12.0","previousHeatAcclimationTimestamp":"2022-11-13T23:04:12.0","altitudeAcclimation":0,"previousAltitudeAcclimation":0,"heatAcclimationPercentage":0,"previousHeatAcclimationPercentage":0},{"userProfilePK":76018113,"deviceId":3401978503,"calendarDate":"2022-11-15","timestamp":"2022-11-14T23:04:14.0","altitudeAcclimationTimestamp":"2022-11-14T23:04:14.0","previousAltitudeAcclimationTimestamp":"2022-11-14T23:04:14.0","heatAcclimationTimestamp":"2022-11-14T23:04:14.0","previousHeatAcclimationTimestamp":"2022-11-14T23:04:14.0","altitudeAcclimation":0,"previousAltitudeAcclimation":0,"heatAcclimationPercentage":0,"previousHeatAcclimationPercentage":0},{"userProfilePK":76018113,"deviceId":3401978503,"calendarDate":"2022-11-15","timestamp":"2022-11-15T06:01:32.0","altitudeAcclimationTimestamp":"2022-11-15T06:01:32.0","previousAltitudeAcclimationTimestamp":"2022-11-15T06:01:32.0","heatAcclimationTimestamp":"2022-11-15T06:01:32.0","previousHeatAcclimationTimestamp":"2022-11-15T06:01:32.0","altitudeAcclimation":0,"previousAltitudeAcclimation":0,"heatAcclimationPercentage":0,"previousHeatAcclimationPercentage":0},{"userProfilePK":76018113,"deviceId":3401978503,"calendarDate":"2022-11-16","timestamp":"2022-11-15T23:04:18.0","altitudeAcclimationTimestamp":"2022-11-15T23:04:18.0","previousAltitudeAcclimationTimestamp":"2022-11-15T23:04:18.0","heatAcclimationTimestamp":"2022-11-15T23:04:18.0","previousHeatAcclimationTimestamp":"2022-11-15T23:04:18.0","altitudeAcclimation":0,"previousAltitudeAcclimation":0,"heatAcclimationPercentage":0,"previousHeatAcclimationPercentage":0},{"userProfilePK":76018113,"deviceId":3401978503,"calendarDate":"2022-11-16","timestamp":"2022-11-16T07:10:20.0","altitudeAcclimationTimestamp":"2022-11-16T07:10:20.0","previousAltitudeAcclimationTimestamp":"2022-11-16T07:10:20.0","heatAcclimationTimestamp":"2022-11-16T07:10:20.0","previousHeatAcclimationTimestamp":"2022-11-16T07:10:20.0","altitudeAcclimation":0,"previousAltitudeAcclimation":0,"heatAcclimationPercentage":0,"previousHeatAcclimationPercentage":0},{"userProfilePK":76018113,"deviceId":3401978503,"calendarDate":"2022-11-17","timestamp":"2022-11-16T23:04:20.0","altitudeAcclimationTimestamp":"2022-11-16T23:04:20.0","previousAltitudeAcclimationTimestamp":"2022-11-16T23:04:20.0","heatAcclimationTimestamp":"2022-11-16T23:04:20.0","previousHeatAcclimationTimestamp":"2022-11-16T23:04:20.0","altitudeAcclimation":0,"previousAltitudeAcclimation":0,"heatAcclimationPercentage":0,"previousHeatAcclimationPercentage":0},{"userProfilePK":76018113,"deviceId":3401978503,"calendarDate":"2022-11-18","timestamp":"2022-11-17T23:04:24.0","altitudeAcclimationTimestamp":"2022-11-17T23:04:24.0","previousAltitudeAcclimationTimestamp":"2022-11-17T23:04:24.0","heatAcclimationTimestamp":"2022-11-17T23:04:24.0","previousHeatAcclimationTimestamp":"2022-11-17T23:04:24.0","altitudeAcclimation":0,"previousAltitudeAcclimation":0,"heatAcclimationPercentage":0,"previousHeatAcclimationPercentage":0},{"userProfilePK":76018113,"deviceId":3401978503,"calendarDate":"2022-11-19","timestamp":"2022-11-18T23:04:28.0","altitudeAcclimationTimestamp":"2022-11-18T23:04:28.0","previousAltitudeAcclimationTimestamp":"2022-11-18T23:04:28.0","heatAcclimationTimestamp":"2022-11-18T23:04:28.0","previousHeatAcclimationTimestamp":"2022-11-18T23:04:28.0","altitudeAcclimation":0,"previousAltitudeAcclimation":0,"heatAcclimationPercentage":0,"previousHeatAcclimationPercentage":0},{"userProfilePK":76018113,"deviceId":3401978503,"calendarDate":"2022-11-19","timestamp":"2022-11-19T08:36:57.0","altitudeAcclimationTimestamp":"2022-11-19T08:36:57.0","previousAltitudeAcclimationTimestamp":"2022-11-19T08:36:57.0","heatAcclimationTimestamp":"2022-11-19T08:36:57.0","previousHeatAcclimationTimestamp":"2022-11-19T08:36:57.0","altitudeAcclimation":0,"previousAltitudeAcclimation":0,"heatAcclimationPercentage":0,"previousHeatAcclimationPercentage":0},{"userProfilePK":76018113,"deviceId":3401978503,"calendarDate":"2022-11-19","timestamp":"2022-11-19T09:59:41.0","altitudeAcclimationTimestamp":"2022-11-19T09:59:41.0","previousAltitudeAcclimationTimestamp":"2022-11-19T09:59:41.0","heatAcclimationTimestamp":"2022-11-19T09:59:41.0","previousHeatAcclimationTimestamp":"2022-11-19T09:59:41.0","altitudeAcclimation":0,"previousAltitudeAcclimation":0,"heatAcclimationPercentage":0,"previousHeatAcclimationPercentage":0},{"userProfilePK":76018113,"deviceId":3401978503,"calendarDate":"2022-11-20","timestamp":"2022-11-19T23:04:34.0","altitudeAcclimationTimestamp":"2022-11-19T23:04:34.0","previousAltitudeAcclimationTimestamp":"2022-11-19T23:04:34.0","heatAcclimationTimestamp":"2022-11-19T23:04:34.0","previousHeatAcclimationTimestamp":"2022-11-19T23:04:34.0","altitudeAcclimation":0,"previousAltitudeAcclimation":0,"heatAcclimationPercentage":0,"previousHeatAcclimationPercentage":0},{"userProfilePK":76018113,"deviceId":3401978503,"calendarDate":"2022-11-20","timestamp":"2022-11-20T12:56:56.0","altitudeAcclimationTimestamp":"2022-11-20T12:56:56.0","previousAltitudeAcclimationTimestamp":"2022-11-20T12:56:56.0","heatAcclimationTimestamp":"2022-11-20T12:56:56.0","previousHeatAcclimationTimestamp":"2022-11-20T12:56:56.0","altitudeAcclimation":0,"previousAltitudeAcclimation":0,"heatAcclimationPercentage":0,"previousHeatAcclimationPercentage":0},{"userProfilePK":76018113,"deviceId":3401978503,"calendarDate":"2022-11-21","timestamp":"2022-11-20T23:04:38.0","altitudeAcclimationTimestamp":"2022-11-20T23:04:38.0","previousAltitudeAcclimationTimestamp":"2022-11-20T23:04:38.0","heatAcclimationTimestamp":"2022-11-20T23:04:38.0","previousHeatAcclimationTimestamp":"2022-11-20T23:04:38.0","altitudeAcclimation":0,"previousAltitudeAcclimation":0,"heatAcclimationPercentage":0,"previousHeatAcclimationPercentage":0},{"userProfilePK":76018113,"deviceId":3401978503,"calendarDate":"2022-11-22","timestamp":"2022-11-21T23:04:41.0","altitudeAcclimationTimestamp":"2022-11-21T23:04:41.0","previousAltitudeAcclimationTimestamp":"2022-11-21T23:04:41.0","heatAcclimationTimestamp":"2022-11-21T23:04:41.0","previousHeatAcclimationTimestamp":"2022-11-21T23:04:41.0","altitudeAcclimation":0,"previousAltitudeAcclimation":0,"heatAcclimationPercentage":0,"previousHeatAcclimationPercentage":0},{"userProfilePK":76018113,"deviceId":3401978503,"calendarDate":"2022-11-22","timestamp":"2022-11-22T07:00:22.0","altitudeAcclimationTimestamp":"2022-11-22T07:00:22.0","previousAltitudeAcclimationTimestamp":"2022-11-22T07:00:22.0","heatAcclimationTimestamp":"2022-11-22T07:00:22.0","previousHeatAcclimationTimestamp":"2022-11-22T07:00:22.0","altitudeAcclimation":0,"previousAltitudeAcclimation":0,"heatAcclimationPercentage":0,"previousHeatAcclimationPercentage":0},{"userProfilePK":76018113,"deviceId":3401978503,"calendarDate":"2022-11-23","timestamp":"2022-11-22T23:04:43.0","altitudeAcclimationTimestamp":"2022-11-22T23:04:43.0","previousAltitudeAcclimationTimestamp":"2022-11-22T23:04:43.0","heatAcclimationTimestamp":"2022-11-22T23:04:43.0","previousHeatAcclimationTimestamp":"2022-11-22T23:04:43.0","altitudeAcclimation":0,"previousAltitudeAcclimation":0,"heatAcclimationPercentage":0,"previousHeatAcclimationPercentage":0},{"userProfilePK":76018113,"deviceId":3401978503,"calendarDate":"2022-11-23","timestamp":"2022-11-23T06:30:54.0","altitudeAcclimationTimestamp":"2022-11-23T06:30:54.0","previousAltitudeAcclimationTimestamp":"2022-11-23T06:30:54.0","heatAcclimationTimestamp":"2022-11-23T06:30:54.0","previousHeatAcclimationTimestamp":"2022-11-23T06:30:54.0","altitudeAcclimation":0,"previousAltitudeAcclimation":0,"heatAcclimationPercentage":0,"previousHeatAcclimationPercentage":0},{"userProfilePK":76018113,"deviceId":3401978503,"calendarDate":"2022-11-24","timestamp":"2022-11-23T23:04:46.0","altitudeAcclimationTimestamp":"2022-11-23T23:04:46.0","previousAltitudeAcclimationTimestamp":"2022-11-23T23:04:46.0","heatAcclimationTimestamp":"2022-11-23T23:04:46.0","previousHeatAcclimationTimestamp":"2022-11-23T23:04:46.0","altitudeAcclimation":0,"previousAltitudeAcclimation":0,"heatAcclimationPercentage":0,"previousHeatAcclimationPercentage":0},{"userProfilePK":76018113,"deviceId":3401978503,"calendarDate":"2022-11-25","timestamp":"2022-11-24T23:04:50.0","altitudeAcclimationTimestamp":"2022-11-24T23:04:50.0","previousAltitudeAcclimationTimestamp":"2022-11-24T23:04:50.0","heatAcclimationTimestamp":"2022-11-24T23:04:50.0","previousHeatAcclimationTimestamp":"2022-11-24T23:04:50.0","altitudeAcclimation":0,"previousAltitudeAcclimation":0,"heatAcclimationPercentage":0,"previousHeatAcclimationPercentage":0},{"userProfilePK":76018113,"deviceId":3401978503,"calendarDate":"2022-11-26","timestamp":"2022-11-25T23:04:52.0","altitudeAcclimationTimestamp":"2022-11-25T23:04:52.0","previousAltitudeAcclimationTimestamp":"2022-11-25T23:04:52.0","heatAcclimationTimestamp":"2022-11-25T23:04:52.0","previousHeatAcclimationTimestamp":"2022-11-25T23:04:52.0","altitudeAcclimation":0,"previousAltitudeAcclimation":0,"heatAcclimationPercentage":0,"previousHeatAcclimationPercentage":0},{"userProfilePK":76018113,"deviceId":3401978503,"calendarDate":"2022-11-26","timestamp":"2022-11-26T09:56:03.0","altitudeAcclimationTimestamp":"2022-11-26T09:56:03.0","previousAltitudeAcclimationTimestamp":"2022-11-26T09:56:03.0","heatAcclimationTimestamp":"2022-11-26T09:56:03.0","previousHeatAcclimationTimestamp":"2022-11-26T09:56:03.0","altitudeAcclimation":0,"previousAltitudeAcclimation":0,"heatAcclimationPercentage":0,"previousHeatAcclimationPercentage":0},{"userProfilePK":76018113,"deviceId":3401978503,"calendarDate":"2022-11-27","timestamp":"2022-11-26T23:04:58.0","altitudeAcclimationTimestamp":"2022-11-26T23:04:58.0","previousAltitudeAcclimationTimestamp":"2022-11-26T23:04:58.0","heatAcclimationTimestamp":"2022-11-26T23:04:58.0","previousHeatAcclimationTimestamp":"2022-11-26T23:04:58.0","altitudeAcclimation":0,"previousAltitudeAcclimation":0,"heatAcclimationPercentage":0,"previousHeatAcclimationPercentage":0},{"userProfilePK":76018113,"deviceId":3401978503,"calendarDate":"2022-11-27","timestamp":"2022-11-27T10:15:22.0","altitudeAcclimationTimestamp":"2022-11-27T10:15:22.0","previousAltitudeAcclimationTimestamp":"2022-11-27T10:15:22.0","heatAcclimationTimestamp":"2022-11-27T10:15:22.0","previousHeatAcclimationTimestamp":"2022-11-27T10:15:22.0","altitudeAcclimation":0,"previousAltitudeAcclimation":0,"heatAcclimationPercentage":0,"previousHeatAcclimationPercentage":0},{"userProfilePK":76018113,"deviceId":3401978503,"calendarDate":"2022-11-28","timestamp":"2022-11-27T23:05:01.0","altitudeAcclimationTimestamp":"2022-11-27T23:05:01.0","previousAltitudeAcclimationTimestamp":"2022-11-27T23:05:01.0","heatAcclimationTimestamp":"2022-11-27T23:05:01.0","previousHeatAcclimationTimestamp":"2022-11-27T23:05:01.0","altitudeAcclimation":0,"previousAltitudeAcclimation":0,"heatAcclimationPercentage":0,"previousHeatAcclimationPercentage":0},{"userProfilePK":76018113,"deviceId":3401978503,"calendarDate":"2022-11-29","timestamp":"2022-11-28T23:05:01.0","altitudeAcclimationTimestamp":"2022-11-28T23:05:01.0","previousAltitudeAcclimationTimestamp":"2022-11-28T23:05:01.0","heatAcclimationTimestamp":"2022-11-28T23:05:01.0","previousHeatAcclimationTimestamp":"2022-11-28T23:05:01.0","altitudeAcclimation":0,"previousAltitudeAcclimation":0,"heatAcclimationPercentage":0,"previousHeatAcclimationPercentage":0},{"userProfilePK":76018113,"deviceId":3401978503,"calendarDate":"2022-11-30","timestamp":"2022-11-29T23:05:02.0","altitudeAcclimationTimestamp":"2022-11-29T23:05:02.0","previousAltitudeAcclimationTimestamp":"2022-11-29T23:05:02.0","heatAcclimationTimestamp":"2022-11-29T23:05:02.0","previousHeatAcclimationTimestamp":"2022-11-29T23:05:02.0","altitudeAcclimation":0,"previousAltitudeAcclimation":0,"heatAcclimationPercentage":0,"previousHeatAcclimationPercentage":0},{"userProfilePK":76018113,"deviceId":3401978503,"calendarDate":"2022-12-01","timestamp":"2022-11-30T23:05:03.0","altitudeAcclimationTimestamp":"2022-11-30T23:05:03.0","previousAltitudeAcclimationTimestamp":"2022-11-30T23:05:03.0","heatAcclimationTimestamp":"2022-11-30T23:05:03.0","previousHeatAcclimationTimestamp":"2022-11-30T23:05:03.0","altitudeAcclimation":0,"previousAltitudeAcclimation":0,"heatAcclimationPercentage":0,"previousHeatAcclimationPercentage":0},{"userProfilePK":76018113,"deviceId":3401978503,"calendarDate":"2022-12-01","timestamp":"2022-12-01T06:18:06.0","altitudeAcclimationTimestamp":"2022-12-01T06:18:06.0","previousAltitudeAcclimationTimestamp":"2022-12-01T06:18:06.0","heatAcclimationTimestamp":"2022-12-01T06:18:06.0","previousHeatAcclimationTimestamp":"2022-12-01T06:18:06.0","altitudeAcclimation":0,"previousAltitudeAcclimation":0,"heatAcclimationPercentage":0,"previousHeatAcclimationPercentage":0},{"userProfilePK":76018113,"deviceId":3401978503,"calendarDate":"2022-12-02","timestamp":"2022-12-01T23:05:07.0","altitudeAcclimationTimestamp":"2022-12-01T23:05:07.0","previousAltitudeAcclimationTimestamp":"2022-12-01T23:05:07.0","heatAcclimationTimestamp":"2022-12-01T23:05:07.0","previousHeatAcclimationTimestamp":"2022-12-01T23:05:07.0","altitudeAcclimation":0,"previousAltitudeAcclimation":0,"heatAcclimationPercentage":0,"previousHeatAcclimationPercentage":0},{"userProfilePK":76018113,"deviceId":3401978503,"calendarDate":"2022-12-03","timestamp":"2022-12-02T23:05:36.0","altitudeAcclimationTimestamp":"2022-12-02T23:05:36.0","previousAltitudeAcclimationTimestamp":"2022-12-02T23:05:36.0","heatAcclimationTimestamp":"2022-12-02T23:05:36.0","previousHeatAcclimationTimestamp":"2022-12-02T23:05:36.0","altitudeAcclimation":0,"previousAltitudeAcclimation":0,"heatAcclimationPercentage":0,"previousHeatAcclimationPercentage":0},{"userProfilePK":76018113,"deviceId":3401978503,"calendarDate":"2022-12-04","timestamp":"2022-12-03T23:05:40.0","altitudeAcclimationTimestamp":"2022-12-03T23:05:40.0","previousAltitudeAcclimationTimestamp":"2022-12-03T23:05:40.0","heatAcclimationTimestamp":"2022-12-03T23:05:40.0","previousHeatAcclimationTimestamp":"2022-12-03T23:05:40.0","altitudeAcclimation":0,"previousAltitudeAcclimation":0,"heatAcclimationPercentage":0,"previousHeatAcclimationPercentage":0},{"userProfilePK":76018113,"deviceId":3401978503,"calendarDate":"2022-12-04","timestamp":"2022-12-04T11:38:09.0","altitudeAcclimationTimestamp":"2022-12-04T11:38:09.0","previousAltitudeAcclimationTimestamp":"2022-12-04T11:38:09.0","heatAcclimationTimestamp":"2022-12-04T11:38:09.0","previousHeatAcclimationTimestamp":"2022-12-04T11:38:09.0","altitudeAcclimation":0,"previousAltitudeAcclimation":0,"heatAcclimationPercentage":0,"previousHeatAcclimationPercentage":0},{"userProfilePK":76018113,"deviceId":3401978503,"calendarDate":"2022-12-05","timestamp":"2022-12-04T23:05:44.0","altitudeAcclimationTimestamp":"2022-12-04T23:05:44.0","previousAltitudeAcclimationTimestamp":"2022-12-04T23:05:44.0","heatAcclimationTimestamp":"2022-12-04T23:05:44.0","previousHeatAcclimationTimestamp":"2022-12-04T23:05:44.0","altitudeAcclimation":0,"previousAltitudeAcclimation":0,"heatAcclimationPercentage":0,"previousHeatAcclimationPercentage":0},{"userProfilePK":76018113,"deviceId":3401978503,"calendarDate":"2022-12-06","timestamp":"2022-12-05T23:05:47.0","altitudeAcclimationTimestamp":"2022-12-05T23:05:47.0","previousAltitudeAcclimationTimestamp":"2022-12-05T23:05:47.0","heatAcclimationTimestamp":"2022-12-05T23:05:47.0","previousHeatAcclimationTimestamp":"2022-12-05T23:05:47.0","altitudeAcclimation":0,"previousAltitudeAcclimation":0,"heatAcclimationPercentage":0,"previousHeatAcclimationPercentage":0},{"userProfilePK":76018113,"deviceId":3401978503,"calendarDate":"2022-12-07","timestamp":"2022-12-06T23:05:52.0","altitudeAcclimationTimestamp":"2022-12-06T23:05:52.0","previousAltitudeAcclimationTimestamp":"2022-12-06T23:05:52.0","heatAcclimationTimestamp":"2022-12-06T23:05:52.0","previousHeatAcclimationTimestamp":"2022-12-06T23:05:52.0","altitudeAcclimation":0,"previousAltitudeAcclimation":0,"heatAcclimationPercentage":0,"previousHeatAcclimationPercentage":0},{"userProfilePK":76018113,"deviceId":3401978503,"calendarDate":"2022-12-08","timestamp":"2022-12-07T23:05:56.0","altitudeAcclimationTimestamp":"2022-12-07T23:05:56.0","previousAltitudeAcclimationTimestamp":"2022-12-07T23:05:56.0","heatAcclimationTimestamp":"2022-12-07T23:05:56.0","previousHeatAcclimationTimestamp":"2022-12-07T23:05:56.0","altitudeAcclimation":0,"previousAltitudeAcclimation":0,"heatAcclimationPercentage":0,"previousHeatAcclimationPercentage":0},{"userProfilePK":76018113,"deviceId":3401978503,"calendarDate":"2022-12-09","timestamp":"2022-12-08T23:01:00.0","altitudeAcclimationTimestamp":"2022-12-08T23:01:00.0","previousAltitudeAcclimationTimestamp":"2022-12-08T23:01:00.0","heatAcclimationTimestamp":"2022-12-08T23:01:00.0","previousHeatAcclimationTimestamp":"2022-12-08T23:01:00.0","altitudeAcclimation":0,"previousAltitudeAcclimation":0,"heatAcclimationPercentage":0,"previousHeatAcclimationPercentage":0},{"userProfilePK":76018113,"deviceId":3401978503,"calendarDate":"2022-12-10","timestamp":"2022-12-09T23:01:03.0","altitudeAcclimationTimestamp":"2022-12-09T23:01:03.0","previousAltitudeAcclimationTimestamp":"2022-12-09T23:01:03.0","heatAcclimationTimestamp":"2022-12-09T23:01:03.0","previousHeatAcclimationTimestamp":"2022-12-09T23:01:03.0","altitudeAcclimation":0,"previousAltitudeAcclimation":0,"heatAcclimationPercentage":0,"previousHeatAcclimationPercentage":0},{"userProfilePK":76018113,"deviceId":3401978503,"calendarDate":"2022-12-11","timestamp":"2022-12-10T23:01:07.0","altitudeAcclimationTimestamp":"2022-12-10T23:01:07.0","previousAltitudeAcclimationTimestamp":"2022-12-10T23:01:07.0","heatAcclimationTimestamp":"2022-12-10T23:01:07.0","previousHeatAcclimationTimestamp":"2022-12-10T23:01:07.0","altitudeAcclimation":0,"previousAltitudeAcclimation":0,"heatAcclimationPercentage":0,"previousHeatAcclimationPercentage":0},{"userProfilePK":76018113,"deviceId":3401978503,"calendarDate":"2022-12-11","timestamp":"2022-12-11T11:40:35.0","altitudeAcclimationTimestamp":"2022-12-11T11:40:35.0","previousAltitudeAcclimationTimestamp":"2022-12-11T11:40:35.0","heatAcclimationTimestamp":"2022-12-11T11:40:35.0","previousHeatAcclimationTimestamp":"2022-12-11T11:40:35.0","altitudeAcclimation":0,"previousAltitudeAcclimation":0,"heatAcclimationPercentage":0,"previousHeatAcclimationPercentage":0},{"userProfilePK":76018113,"deviceId":3401978503,"calendarDate":"2022-12-12","timestamp":"2022-12-11T23:01:13.0","altitudeAcclimationTimestamp":"2022-12-11T23:01:13.0","previousAltitudeAcclimationTimestamp":"2022-12-11T23:01:13.0","heatAcclimationTimestamp":"2022-12-11T23:01:13.0","previousHeatAcclimationTimestamp":"2022-12-11T23:01:13.0","altitudeAcclimation":0,"previousAltitudeAcclimation":0,"heatAcclimationPercentage":0,"previousHeatAcclimationPercentage":0},{"userProfilePK":76018113,"deviceId":3401978503,"calendarDate":"2022-12-13","timestamp":"2022-12-12T23:01:17.0","altitudeAcclimationTimestamp":"2022-12-12T23:01:17.0","previousAltitudeAcclimationTimestamp":"2022-12-12T23:01:17.0","heatAcclimationTimestamp":"2022-12-12T23:01:17.0","previousHeatAcclimationTimestamp":"2022-12-12T23:01:17.0","altitudeAcclimation":0,"previousAltitudeAcclimation":0,"heatAcclimationPercentage":0,"previousHeatAcclimationPercentage":0},{"userProfilePK":76018113,"deviceId":3401978503,"calendarDate":"2022-12-14","timestamp":"2022-12-13T23:01:19.0","altitudeAcclimationTimestamp":"2022-12-13T23:01:19.0","previousAltitudeAcclimationTimestamp":"2022-12-13T23:01:19.0","heatAcclimationTimestamp":"2022-12-13T23:01:19.0","previousHeatAcclimationTimestamp":"2022-12-13T23:01:19.0","altitudeAcclimation":0,"previousAltitudeAcclimation":0,"heatAcclimationPercentage":0,"previousHeatAcclimationPercentage":0},{"userProfilePK":76018113,"deviceId":3401978503,"calendarDate":"2022-12-16","timestamp":"2022-12-16T20:08:49.0","altitudeAcclimationTimestamp":"2022-12-16T20:08:49.0","previousAltitudeAcclimationTimestamp":"2022-12-16T20:08:49.0","heatAcclimationTimestamp":"2022-12-16T20:08:49.0","previousHeatAcclimationTimestamp":"2022-12-16T20:08:49.0","altitudeAcclimation":0,"previousAltitudeAcclimation":0,"heatAcclimationPercentage":0,"previousHeatAcclimationPercentage":0},{"userProfilePK":76018113,"deviceId":3401978503,"calendarDate":"2022-12-17","timestamp":"2022-12-16T23:04:51.0","altitudeAcclimationTimestamp":"2022-12-16T23:04:51.0","previousAltitudeAcclimationTimestamp":"2022-12-16T23:04:51.0","heatAcclimationTimestamp":"2022-12-16T23:04:51.0","previousHeatAcclimationTimestamp":"2022-12-16T23:04:51.0","altitudeAcclimation":0,"previousAltitudeAcclimation":0,"heatAcclimationPercentage":0,"previousHeatAcclimationPercentage":0},{"userProfilePK":76018113,"deviceId":3401978503,"calendarDate":"2022-12-18","timestamp":"2022-12-17T23:04:52.0","altitudeAcclimationTimestamp":"2022-12-17T23:04:52.0","previousAltitudeAcclimationTimestamp":"2022-12-17T23:04:52.0","heatAcclimationTimestamp":"2022-12-17T23:04:52.0","previousHeatAcclimationTimestamp":"2022-12-17T23:04:52.0","altitudeAcclimation":0,"previousAltitudeAcclimation":0,"heatAcclimationPercentage":0,"previousHeatAcclimationPercentage":0},{"userProfilePK":76018113,"deviceId":3401978503,"calendarDate":"2022-12-18","timestamp":"2022-12-18T08:49:02.0","altitudeAcclimationTimestamp":"2022-12-18T08:49:02.0","previousAltitudeAcclimationTimestamp":"2022-12-18T08:49:02.0","heatAcclimationTimestamp":"2022-12-18T08:49:02.0","previousHeatAcclimationTimestamp":"2022-12-18T08:49:02.0","altitudeAcclimation":0,"previousAltitudeAcclimation":0,"heatAcclimationPercentage":0,"previousHeatAcclimationPercentage":0},{"userProfilePK":76018113,"deviceId":3401978503,"calendarDate":"2022-12-19","timestamp":"2022-12-18T23:04:59.0","altitudeAcclimationTimestamp":"2022-12-18T23:04:59.0","previousAltitudeAcclimationTimestamp":"2022-12-18T23:04:59.0","heatAcclimationTimestamp":"2022-12-18T23:04:59.0","previousHeatAcclimationTimestamp":"2022-12-18T23:04:59.0","altitudeAcclimation":0,"previousAltitudeAcclimation":0,"heatAcclimationPercentage":0,"previousHeatAcclimationPercentage":0},{"userProfilePK":76018113,"deviceId":3401978503,"calendarDate":"2022-12-20","timestamp":"2022-12-19T23:05:01.0","altitudeAcclimationTimestamp":"2022-12-19T23:05:01.0","previousAltitudeAcclimationTimestamp":"2022-12-19T23:05:01.0","heatAcclimationTimestamp":"2022-12-19T23:05:01.0","previousHeatAcclimationTimestamp":"2022-12-19T23:05:01.0","altitudeAcclimation":0,"previousAltitudeAcclimation":0,"heatAcclimationPercentage":0,"previousHeatAcclimationPercentage":0},{"userProfilePK":76018113,"deviceId":3401978503,"calendarDate":"2022-12-21","timestamp":"2022-12-20T23:05:01.0","altitudeAcclimationTimestamp":"2022-12-20T23:05:01.0","previousAltitudeAcclimationTimestamp":"2022-12-20T23:05:01.0","heatAcclimationTimestamp":"2022-12-20T23:05:01.0","previousHeatAcclimationTimestamp":"2022-12-20T23:05:01.0","altitudeAcclimation":0,"previousAltitudeAcclimation":0,"heatAcclimationPercentage":0,"previousHeatAcclimationPercentage":0},{"userProfilePK":76018113,"deviceId":3401978503,"calendarDate":"2022-12-21","timestamp":"2022-12-21T06:44:40.0","altitudeAcclimationTimestamp":"2022-12-21T06:44:40.0","previousAltitudeAcclimationTimestamp":"2022-12-21T06:44:40.0","heatAcclimationTimestamp":"2022-12-21T06:44:40.0","previousHeatAcclimationTimestamp":"2022-12-21T06:44:40.0","altitudeAcclimation":0,"previousAltitudeAcclimation":0,"heatAcclimationPercentage":0,"previousHeatAcclimationPercentage":0},{"userProfilePK":76018113,"deviceId":3401978503,"calendarDate":"2022-12-22","timestamp":"2022-12-21T23:05:06.0","altitudeAcclimationTimestamp":"2022-12-21T23:05:06.0","previousAltitudeAcclimationTimestamp":"2022-12-21T23:05:06.0","heatAcclimationTimestamp":"2022-12-21T23:05:06.0","previousHeatAcclimationTimestamp":"2022-12-21T23:05:06.0","altitudeAcclimation":0,"previousAltitudeAcclimation":0,"heatAcclimationPercentage":0,"previousHeatAcclimationPercentage":0},{"userProfilePK":76018113,"deviceId":3401978503,"calendarDate":"2022-12-23","timestamp":"2022-12-22T23:05:10.0","altitudeAcclimationTimestamp":"2022-12-22T23:05:10.0","previousAltitudeAcclimationTimestamp":"2022-12-22T23:05:10.0","heatAcclimationTimestamp":"2022-12-22T23:05:10.0","previousHeatAcclimationTimestamp":"2022-12-22T23:05:10.0","altitudeAcclimation":0,"previousAltitudeAcclimation":0,"heatAcclimationPercentage":0,"previousHeatAcclimationPercentage":0},{"userProfilePK":76018113,"deviceId":3401978503,"calendarDate":"2022-12-23","timestamp":"2022-12-23T10:12:08.0","altitudeAcclimationTimestamp":"2022-12-23T10:12:08.0","previousAltitudeAcclimationTimestamp":"2022-12-23T10:12:08.0","heatAcclimationTimestamp":"2022-12-23T10:12:08.0","previousHeatAcclimationTimestamp":"2022-12-23T10:12:08.0","altitudeAcclimation":0,"previousAltitudeAcclimation":0,"heatAcclimationPercentage":0,"previousHeatAcclimationPercentage":0},{"userProfilePK":76018113,"deviceId":3401978503,"calendarDate":"2022-12-24","timestamp":"2022-12-23T23:05:13.0","altitudeAcclimationTimestamp":"2022-12-23T23:05:13.0","previousAltitudeAcclimationTimestamp":"2022-12-23T23:05:13.0","heatAcclimationTimestamp":"2022-12-23T23:05:13.0","previousHeatAcclimationTimestamp":"2022-12-23T23:05:13.0","altitudeAcclimation":0,"previousAltitudeAcclimation":0,"heatAcclimationPercentage":0,"previousHeatAcclimationPercentage":0},{"userProfilePK":76018113,"deviceId":3401978503,"calendarDate":"2022-12-24","timestamp":"2022-12-24T17:10:50.0","altitudeAcclimationTimestamp":"2022-12-24T17:10:50.0","previousAltitudeAcclimationTimestamp":"2022-12-24T17:10:50.0","heatAcclimationTimestamp":"2022-12-24T17:10:50.0","previousHeatAcclimationTimestamp":"2022-12-24T17:10:50.0","altitudeAcclimation":0,"previousAltitudeAcclimation":0,"heatAcclimationPercentage":0,"previousHeatAcclimationPercentage":0},{"userProfilePK":76018113,"deviceId":3401978503,"calendarDate":"2022-12-25","timestamp":"2022-12-24T23:05:18.0","altitudeAcclimationTimestamp":"2022-12-24T23:05:18.0","previousAltitudeAcclimationTimestamp":"2022-12-24T23:05:18.0","heatAcclimationTimestamp":"2022-12-24T23:05:18.0","previousHeatAcclimationTimestamp":"2022-12-24T23:05:18.0","altitudeAcclimation":850,"previousAltitudeAcclimation":0,"heatAcclimationPercentage":0,"previousHeatAcclimationPercentage":0},{"userProfilePK":76018113,"deviceId":3401978503,"calendarDate":"2022-12-26","timestamp":"2022-12-25T23:05:21.0","altitudeAcclimationTimestamp":"2022-12-25T23:05:21.0","previousAltitudeAcclimationTimestamp":"2022-12-24T23:05:18.0","heatAcclimationTimestamp":"2022-12-25T23:05:21.0","previousHeatAcclimationTimestamp":"2022-12-25T23:05:21.0","altitudeAcclimation":850,"previousAltitudeAcclimation":850,"heatAcclimationPercentage":0,"previousHeatAcclimationPercentage":0,"altitudeTrend":"ACCLIMATIZED"},{"userProfilePK":76018113,"deviceId":3401978503,"calendarDate":"2022-12-26","timestamp":"2022-12-26T16:55:45.0","altitudeAcclimationTimestamp":"2022-12-26T16:55:45.0","previousAltitudeAcclimationTimestamp":"2022-12-24T23:05:18.0","heatAcclimationTimestamp":"2022-12-26T16:55:45.0","previousHeatAcclimationTimestamp":"2022-12-26T16:55:45.0","altitudeAcclimation":850,"previousAltitudeAcclimation":850,"heatAcclimationPercentage":0,"previousHeatAcclimationPercentage":0,"altitudeTrend":"ACCLIMATIZED"},{"userProfilePK":76018113,"deviceId":3401978503,"calendarDate":"2022-12-27","timestamp":"2022-12-26T23:05:25.0","altitudeAcclimationTimestamp":"2022-12-26T23:05:25.0","previousAltitudeAcclimationTimestamp":"2022-12-26T16:55:45.0","heatAcclimationTimestamp":"2022-12-26T23:05:25.0","previousHeatAcclimationTimestamp":"2022-12-26T23:05:25.0","altitudeAcclimation":900,"previousAltitudeAcclimation":850,"heatAcclimationPercentage":0,"previousHeatAcclimationPercentage":0,"altitudeTrend":"ACCLIMATIZING"},{"userProfilePK":76018113,"deviceId":3401978503,"calendarDate":"2022-12-27","timestamp":"2022-12-27T12:59:35.0","altitudeAcclimationTimestamp":"2022-12-27T12:59:35.0","previousAltitudeAcclimationTimestamp":"2022-12-26T16:55:45.0","heatAcclimationTimestamp":"2022-12-27T12:59:35.0","previousHeatAcclimationTimestamp":"2022-12-27T12:59:35.0","altitudeAcclimation":900,"previousAltitudeAcclimation":850,"heatAcclimationPercentage":0,"previousHeatAcclimationPercentage":0,"altitudeTrend":"ACCLIMATIZING"},{"userProfilePK":76018113,"deviceId":3401978503,"calendarDate":"2022-12-28","timestamp":"2022-12-27T23:05:29.0","altitudeAcclimationTimestamp":"2022-12-27T23:05:29.0","previousAltitudeAcclimationTimestamp":"2022-12-27T12:59:35.0","heatAcclimationTimestamp":"2022-12-27T23:05:29.0","previousHeatAcclimationTimestamp":"2022-12-27T23:05:29.0","altitudeAcclimation":900,"previousAltitudeAcclimation":900,"heatAcclimationPercentage":0,"previousHeatAcclimationPercentage":0,"altitudeTrend":"ACCLIMATIZED"},{"userProfilePK":76018113,"deviceId":3401978503,"calendarDate":"2022-12-29","timestamp":"2022-12-28T23:05:31.0","altitudeAcclimationTimestamp":"2022-12-28T23:05:31.0","previousAltitudeAcclimationTimestamp":"2022-12-27T23:05:29.0","heatAcclimationTimestamp":"2022-12-28T23:05:31.0","previousHeatAcclimationTimestamp":"2022-12-28T23:05:31.0","altitudeAcclimation":950,"previousAltitudeAcclimation":900,"heatAcclimationPercentage":0,"previousHeatAcclimationPercentage":0,"altitudeTrend":"ACCLIMATIZING"},{"userProfilePK":76018113,"deviceId":3401978503,"calendarDate":"2022-12-29","timestamp":"2022-12-29T09:01:14.0","altitudeAcclimationTimestamp":"2022-12-29T09:01:14.0","previousAltitudeAcclimationTimestamp":"2022-12-27T23:05:29.0","heatAcclimationTimestamp":"2022-12-29T09:01:14.0","previousHeatAcclimationTimestamp":"2022-12-29T09:01:14.0","altitudeAcclimation":950,"previousAltitudeAcclimation":900,"heatAcclimationPercentage":0,"previousHeatAcclimationPercentage":0,"altitudeTrend":"ACCLIMATIZING"},{"userProfilePK":76018113,"deviceId":3401978503,"calendarDate":"2022-12-30","timestamp":"2022-12-29T23:05:37.0","altitudeAcclimationTimestamp":"2022-12-29T23:05:37.0","previousAltitudeAcclimationTimestamp":"2022-12-29T09:01:14.0","heatAcclimationTimestamp":"2022-12-29T23:05:37.0","previousHeatAcclimationTimestamp":"2022-12-29T23:05:37.0","altitudeAcclimation":950,"previousAltitudeAcclimation":950,"heatAcclimationPercentage":0,"previousHeatAcclimationPercentage":0,"altitudeTrend":"ACCLIMATIZED"},{"userProfilePK":76018113,"deviceId":3401978503,"calendarDate":"2022-12-30","timestamp":"2022-12-30T11:34:13.0","altitudeAcclimationTimestamp":"2022-12-30T11:34:13.0","previousAltitudeAcclimationTimestamp":"2022-12-29T09:01:14.0","heatAcclimationTimestamp":"2022-12-30T11:34:13.0","previousHeatAcclimationTimestamp":"2022-12-30T11:34:13.0","altitudeAcclimation":950,"previousAltitudeAcclimation":950,"heatAcclimationPercentage":0,"previousHeatAcclimationPercentage":0,"altitudeTrend":"ACCLIMATIZED"},{"userProfilePK":76018113,"deviceId":3401978503,"calendarDate":"2022-12-31","timestamp":"2022-12-30T23:05:41.0","altitudeAcclimationTimestamp":"2022-12-30T23:05:41.0","previousAltitudeAcclimationTimestamp":"2022-12-30T11:34:13.0","heatAcclimationTimestamp":"2022-12-30T23:05:41.0","previousHeatAcclimationTimestamp":"2022-12-30T23:05:41.0","altitudeAcclimation":950,"previousAltitudeAcclimation":950,"heatAcclimationPercentage":0,"previousHeatAcclimationPercentage":0,"altitudeTrend":"ACCLIMATIZED"},{"userProfilePK":76018113,"deviceId":3401978503,"calendarDate":"2022-12-31","timestamp":"2022-12-31T17:06:24.0","altitudeAcclimationTimestamp":"2022-12-31T17:06:24.0","previousAltitudeAcclimationTimestamp":"2022-12-30T11:34:13.0","heatAcclimationTimestamp":"2022-12-31T17:06:24.0","previousHeatAcclimationTimestamp":"2022-12-31T17:06:24.0","altitudeAcclimation":950,"previousAltitudeAcclimation":950,"heatAcclimationPercentage":0,"previousHeatAcclimationPercentage":0,"altitudeTrend":"ACCLIMATIZED"},{"userProfilePK":76018113,"deviceId":3401978503,"calendarDate":"2023-01-01","timestamp":"2022-12-31T23:05:45.0","altitudeAcclimationTimestamp":"2022-12-31T23:05:45.0","previousAltitudeAcclimationTimestamp":"2022-12-31T17:06:24.0","heatAcclimationTimestamp":"2022-12-31T23:05:45.0","previousHeatAcclimationTimestamp":"2022-12-31T23:05:45.0","altitudeAcclimation":950,"previousAltitudeAcclimation":950,"heatAcclimationPercentage":0,"previousHeatAcclimationPercentage":0,"altitudeTrend":"ACCLIMATIZED"},{"userProfilePK":76018113,"deviceId":3401978503,"calendarDate":"2023-01-02","timestamp":"2023-01-01T23:05:50.0","altitudeAcclimationTimestamp":"2023-01-01T23:05:50.0","previousAltitudeAcclimationTimestamp":"2022-12-31T23:05:45.0","heatAcclimationTimestamp":"2023-01-01T23:05:50.0","previousHeatAcclimationTimestamp":"2023-01-01T23:05:50.0","altitudeAcclimation":950,"previousAltitudeAcclimation":950,"heatAcclimationPercentage":0,"previousHeatAcclimationPercentage":0,"altitudeTrend":"ACCLIMATIZED"},{"userProfilePK":76018113,"deviceId":3401978503,"calendarDate":"2023-01-02","timestamp":"2023-01-02T08:48:12.0","altitudeAcclimationTimestamp":"2023-01-02T08:48:12.0","previousAltitudeAcclimationTimestamp":"2022-12-31T23:05:45.0","heatAcclimationTimestamp":"2023-01-02T08:48:12.0","previousHeatAcclimationTimestamp":"2023-01-02T08:48:12.0","altitudeAcclimation":950,"previousAltitudeAcclimation":950,"heatAcclimationPercentage":0,"previousHeatAcclimationPercentage":0,"altitudeTrend":"ACCLIMATIZED"},{"userProfilePK":76018113,"deviceId":3401978503,"calendarDate":"2023-01-03","timestamp":"2023-01-02T23:05:54.0","altitudeAcclimationTimestamp":"2023-01-02T23:05:54.0","previousAltitudeAcclimationTimestamp":"2023-01-02T08:48:12.0","heatAcclimationTimestamp":"2023-01-02T23:05:54.0","previousHeatAcclimationTimestamp":"2023-01-02T23:05:54.0","altitudeAcclimation":900,"previousAltitudeAcclimation":950,"heatAcclimationPercentage":0,"previousHeatAcclimationPercentage":0,"altitudeTrend":"DEACCLIMATIZING"},{"userProfilePK":76018113,"deviceId":3401978503,"calendarDate":"2023-01-03","timestamp":"2023-01-03T08:15:49.0","altitudeAcclimationTimestamp":"2023-01-03T08:15:49.0","previousAltitudeAcclimationTimestamp":"2023-01-02T08:48:12.0","heatAcclimationTimestamp":"2023-01-03T08:15:49.0","previousHeatAcclimationTimestamp":"2023-01-03T08:15:49.0","altitudeAcclimation":900,"previousAltitudeAcclimation":950,"heatAcclimationPercentage":0,"previousHeatAcclimationPercentage":0,"altitudeTrend":"DEACCLIMATIZING"},{"userProfilePK":76018113,"deviceId":3401978503,"calendarDate":"2023-01-04","timestamp":"2023-01-03T23:05:58.0","altitudeAcclimationTimestamp":"2023-01-03T23:05:58.0","previousAltitudeAcclimationTimestamp":"2023-01-03T08:15:49.0","heatAcclimationTimestamp":"2023-01-03T23:05:58.0","previousHeatAcclimationTimestamp":"2023-01-03T23:05:58.0","altitudeAcclimation":900,"previousAltitudeAcclimation":900,"heatAcclimationPercentage":0,"previousHeatAcclimationPercentage":0,"altitudeTrend":"ACCLIMATIZED"},{"userProfilePK":76018113,"deviceId":3401978503,"calendarDate":"2023-01-05","timestamp":"2023-01-04T23:01:00.0","altitudeAcclimationTimestamp":"2023-01-04T23:01:00.0","previousAltitudeAcclimationTimestamp":"2023-01-03T23:05:58.0","heatAcclimationTimestamp":"2023-01-04T23:01:00.0","previousHeatAcclimationTimestamp":"2023-01-04T23:01:00.0","altitudeAcclimation":850,"previousAltitudeAcclimation":900,"heatAcclimationPercentage":0,"previousHeatAcclimationPercentage":0,"altitudeTrend":"DEACCLIMATIZING"},{"userProfilePK":76018113,"deviceId":3401978503,"calendarDate":"2023-01-05","timestamp":"2023-01-05T08:16:39.0","altitudeAcclimationTimestamp":"2023-01-05T08:16:39.0","previousAltitudeAcclimationTimestamp":"2023-01-03T23:05:58.0","heatAcclimationTimestamp":"2023-01-05T08:16:39.0","previousHeatAcclimationTimestamp":"2023-01-05T08:16:39.0","altitudeAcclimation":850,"previousAltitudeAcclimation":900,"heatAcclimationPercentage":0,"previousHeatAcclimationPercentage":0,"altitudeTrend":"DEACCLIMATIZING"},{"userProfilePK":76018113,"deviceId":3401978503,"calendarDate":"2023-01-06","timestamp":"2023-01-05T23:01:04.0","altitudeAcclimationTimestamp":"2023-01-05T23:01:04.0","previousAltitudeAcclimationTimestamp":"2023-01-05T08:16:39.0","heatAcclimationTimestamp":"2023-01-05T23:01:04.0","previousHeatAcclimationTimestamp":"2023-01-05T23:01:04.0","altitudeAcclimation":850,"previousAltitudeAcclimation":850,"heatAcclimationPercentage":0,"previousHeatAcclimationPercentage":0,"altitudeTrend":"ACCLIMATIZED"},{"userProfilePK":76018113,"deviceId":3401978503,"calendarDate":"2023-01-06","timestamp":"2023-01-06T08:48:32.0","altitudeAcclimationTimestamp":"2023-01-06T08:48:32.0","previousAltitudeAcclimationTimestamp":"2023-01-05T08:16:39.0","heatAcclimationTimestamp":"2023-01-06T08:48:32.0","previousHeatAcclimationTimestamp":"2023-01-06T08:48:32.0","altitudeAcclimation":850,"previousAltitudeAcclimation":850,"heatAcclimationPercentage":0,"previousHeatAcclimationPercentage":0,"altitudeTrend":"ACCLIMATIZED"},{"userProfilePK":76018113,"deviceId":3401978503,"calendarDate":"2023-01-07","timestamp":"2023-01-06T23:01:08.0","altitudeAcclimationTimestamp":"2023-01-06T23:01:08.0","previousAltitudeAcclimationTimestamp":"2023-01-06T08:48:32.0","heatAcclimationTimestamp":"2023-01-06T23:01:08.0","previousHeatAcclimationTimestamp":"2023-01-06T23:01:08.0","altitudeAcclimation":850,"previousAltitudeAcclimation":850,"heatAcclimationPercentage":0,"previousHeatAcclimationPercentage":0,"altitudeTrend":"ACCLIMATIZED"},{"userProfilePK":76018113,"deviceId":3401978503,"calendarDate":"2023-01-08","timestamp":"2023-01-07T23:01:11.0","altitudeAcclimationTimestamp":"2023-01-07T23:01:11.0","previousAltitudeAcclimationTimestamp":"2023-01-06T23:01:08.0","heatAcclimationTimestamp":"2023-01-07T23:01:11.0","previousHeatAcclimationTimestamp":"2023-01-07T23:01:11.0","altitudeAcclimation":850,"previousAltitudeAcclimation":850,"heatAcclimationPercentage":0,"previousHeatAcclimationPercentage":0,"altitudeTrend":"ACCLIMATIZED"},{"userProfilePK":76018113,"deviceId":3401978503,"calendarDate":"2023-01-09","timestamp":"2023-01-08T23:01:15.0","altitudeAcclimationTimestamp":"2023-01-08T23:01:15.0","previousAltitudeAcclimationTimestamp":"2023-01-08T23:01:15.0","heatAcclimationTimestamp":"2023-01-08T23:01:15.0","previousHeatAcclimationTimestamp":"2023-01-08T23:01:15.0","altitudeAcclimation":0,"previousAltitudeAcclimation":0,"heatAcclimationPercentage":0,"previousHeatAcclimationPercentage":0},{"userProfilePK":76018113,"deviceId":3401978503,"calendarDate":"2023-01-10","timestamp":"2023-01-09T23:01:19.0","altitudeAcclimationTimestamp":"2023-01-09T23:01:19.0","previousAltitudeAcclimationTimestamp":"2023-01-09T23:01:19.0","heatAcclimationTimestamp":"2023-01-09T23:01:19.0","previousHeatAcclimationTimestamp":"2023-01-09T23:01:19.0","altitudeAcclimation":0,"previousAltitudeAcclimation":0,"heatAcclimationPercentage":0,"previousHeatAcclimationPercentage":0},{"userProfilePK":76018113,"deviceId":3401978503,"calendarDate":"2023-01-10","timestamp":"2023-01-10T06:30:26.0","altitudeAcclimationTimestamp":"2023-01-10T06:30:26.0","previousAltitudeAcclimationTimestamp":"2023-01-10T06:30:26.0","heatAcclimationTimestamp":"2023-01-10T06:30:26.0","previousHeatAcclimationTimestamp":"2023-01-10T06:30:26.0","altitudeAcclimation":0,"previousAltitudeAcclimation":0,"heatAcclimationPercentage":0,"previousHeatAcclimationPercentage":0},{"userProfilePK":76018113,"deviceId":3401978503,"calendarDate":"2023-01-11","timestamp":"2023-01-10T23:01:25.0","altitudeAcclimationTimestamp":"2023-01-10T23:01:25.0","previousAltitudeAcclimationTimestamp":"2023-01-10T23:01:25.0","heatAcclimationTimestamp":"2023-01-10T23:01:25.0","previousHeatAcclimationTimestamp":"2023-01-10T23:01:25.0","altitudeAcclimation":0,"previousAltitudeAcclimation":0,"heatAcclimationPercentage":0,"previousHeatAcclimationPercentage":0},{"userProfilePK":76018113,"deviceId":3401978503,"calendarDate":"2023-01-12","timestamp":"2023-01-11T23:01:28.0","altitudeAcclimationTimestamp":"2023-01-11T23:01:28.0","previousAltitudeAcclimationTimestamp":"2023-01-11T23:01:28.0","heatAcclimationTimestamp":"2023-01-11T23:01:28.0","previousHeatAcclimationTimestamp":"2023-01-11T23:01:28.0","altitudeAcclimation":0,"previousAltitudeAcclimation":0,"heatAcclimationPercentage":0,"previousHeatAcclimationPercentage":0},{"userProfilePK":76018113,"deviceId":3401978503,"calendarDate":"2023-01-12","timestamp":"2023-01-12T07:10:11.0","altitudeAcclimationTimestamp":"2023-01-12T07:10:11.0","previousAltitudeAcclimationTimestamp":"2023-01-12T07:10:11.0","heatAcclimationTimestamp":"2023-01-12T07:10:11.0","previousHeatAcclimationTimestamp":"2023-01-12T07:10:11.0","altitudeAcclimation":0,"previousAltitudeAcclimation":0,"heatAcclimationPercentage":0,"previousHeatAcclimationPercentage":0},{"userProfilePK":76018113,"deviceId":3401978503,"calendarDate":"2023-01-13","timestamp":"2023-01-12T23:01:30.0","altitudeAcclimationTimestamp":"2023-01-12T23:01:30.0","previousAltitudeAcclimationTimestamp":"2023-01-12T23:01:30.0","heatAcclimationTimestamp":"2023-01-12T23:01:30.0","previousHeatAcclimationTimestamp":"2023-01-12T23:01:30.0","altitudeAcclimation":0,"previousAltitudeAcclimation":0,"heatAcclimationPercentage":0,"previousHeatAcclimationPercentage":0},{"userProfilePK":76018113,"deviceId":3401978503,"calendarDate":"2023-01-13","timestamp":"2023-01-13T07:09:40.0","altitudeAcclimationTimestamp":"2023-01-13T07:09:40.0","previousAltitudeAcclimationTimestamp":"2023-01-13T07:09:40.0","heatAcclimationTimestamp":"2023-01-13T07:09:40.0","previousHeatAcclimationTimestamp":"2023-01-13T07:09:40.0","altitudeAcclimation":0,"previousAltitudeAcclimation":0,"heatAcclimationPercentage":0,"previousHeatAcclimationPercentage":0},{"userProfilePK":76018113,"deviceId":3401978503,"calendarDate":"2023-01-14","timestamp":"2023-01-13T23:01:35.0","altitudeAcclimationTimestamp":"2023-01-13T23:01:35.0","previousAltitudeAcclimationTimestamp":"2023-01-13T23:01:35.0","heatAcclimationTimestamp":"2023-01-13T23:01:35.0","previousHeatAcclimationTimestamp":"2023-01-13T23:01:35.0","altitudeAcclimation":0,"previousAltitudeAcclimation":0,"heatAcclimationPercentage":0,"previousHeatAcclimationPercentage":0},{"userProfilePK":76018113,"deviceId":3401978503,"calendarDate":"2023-01-14","timestamp":"2023-01-14T12:43:22.0","altitudeAcclimationTimestamp":"2023-01-14T12:43:22.0","previousAltitudeAcclimationTimestamp":"2023-01-14T12:43:22.0","heatAcclimationTimestamp":"2023-01-14T12:43:22.0","previousHeatAcclimationTimestamp":"2023-01-14T12:43:22.0","altitudeAcclimation":0,"previousAltitudeAcclimation":0,"heatAcclimationPercentage":0,"previousHeatAcclimationPercentage":0},{"userProfilePK":76018113,"deviceId":3401978503,"calendarDate":"2023-01-15","timestamp":"2023-01-14T23:01:38.0","altitudeAcclimationTimestamp":"2023-01-14T23:01:38.0","previousAltitudeAcclimationTimestamp":"2023-01-14T23:01:38.0","heatAcclimationTimestamp":"2023-01-14T23:01:38.0","previousHeatAcclimationTimestamp":"2023-01-14T23:01:38.0","altitudeAcclimation":0,"previousAltitudeAcclimation":0,"heatAcclimationPercentage":0,"previousHeatAcclimationPercentage":0},{"userProfilePK":76018113,"deviceId":3401978503,"calendarDate":"2023-01-16","timestamp":"2023-01-15T23:01:41.0","altitudeAcclimationTimestamp":"2023-01-15T23:01:41.0","previousAltitudeAcclimationTimestamp":"2023-01-15T23:01:41.0","heatAcclimationTimestamp":"2023-01-15T23:01:41.0","previousHeatAcclimationTimestamp":"2023-01-15T23:01:41.0","altitudeAcclimation":0,"previousAltitudeAcclimation":0,"heatAcclimationPercentage":0,"previousHeatAcclimationPercentage":0},{"userProfilePK":76018113,"deviceId":3401978503,"calendarDate":"2023-01-17","timestamp":"2023-01-16T23:01:45.0","altitudeAcclimationTimestamp":"2023-01-16T23:01:45.0","previousAltitudeAcclimationTimestamp":"2023-01-16T23:01:45.0","heatAcclimationTimestamp":"2023-01-16T23:01:45.0","previousHeatAcclimationTimestamp":"2023-01-16T23:01:45.0","altitudeAcclimation":0,"previousAltitudeAcclimation":0,"heatAcclimationPercentage":0,"previousHeatAcclimationPercentage":0},{"userProfilePK":76018113,"deviceId":3401978503,"calendarDate":"2023-01-17","timestamp":"2023-01-17T06:51:18.0","altitudeAcclimationTimestamp":"2023-01-17T06:51:18.0","previousAltitudeAcclimationTimestamp":"2023-01-17T06:51:18.0","heatAcclimationTimestamp":"2023-01-17T06:51:18.0","previousHeatAcclimationTimestamp":"2023-01-17T06:51:18.0","altitudeAcclimation":0,"previousAltitudeAcclimation":0,"heatAcclimationPercentage":0,"previousHeatAcclimationPercentage":0},{"userProfilePK":76018113,"deviceId":3401978503,"calendarDate":"2023-01-18","timestamp":"2023-01-17T23:01:51.0","altitudeAcclimationTimestamp":"2023-01-17T23:01:51.0","previousAltitudeAcclimationTimestamp":"2023-01-17T23:01:51.0","heatAcclimationTimestamp":"2023-01-17T23:01:51.0","previousHeatAcclimationTimestamp":"2023-01-17T23:01:51.0","altitudeAcclimation":0,"previousAltitudeAcclimation":0,"heatAcclimationPercentage":0,"previousHeatAcclimationPercentage":0},{"userProfilePK":76018113,"deviceId":3401978503,"calendarDate":"2023-01-18","timestamp":"2023-01-18T06:09:29.0","altitudeAcclimationTimestamp":"2023-01-18T06:09:29.0","previousAltitudeAcclimationTimestamp":"2023-01-18T06:09:29.0","heatAcclimationTimestamp":"2023-01-18T06:09:29.0","previousHeatAcclimationTimestamp":"2023-01-18T06:09:29.0","altitudeAcclimation":0,"previousAltitudeAcclimation":0,"heatAcclimationPercentage":0,"previousHeatAcclimationPercentage":0},{"userProfilePK":76018113,"deviceId":3401978503,"calendarDate":"2023-01-19","timestamp":"2023-01-18T23:01:54.0","altitudeAcclimationTimestamp":"2023-01-18T23:01:54.0","previousAltitudeAcclimationTimestamp":"2023-01-18T23:01:54.0","heatAcclimationTimestamp":"2023-01-18T23:01:54.0","previousHeatAcclimationTimestamp":"2023-01-18T23:01:54.0","altitudeAcclimation":0,"previousAltitudeAcclimation":0,"heatAcclimationPercentage":0,"previousHeatAcclimationPercentage":0},{"userProfilePK":76018113,"deviceId":3401978503,"calendarDate":"2023-01-20","timestamp":"2023-01-19T23:01:57.0","altitudeAcclimationTimestamp":"2023-01-19T23:01:57.0","previousAltitudeAcclimationTimestamp":"2023-01-19T23:01:57.0","heatAcclimationTimestamp":"2023-01-19T23:01:57.0","previousHeatAcclimationTimestamp":"2023-01-19T23:01:57.0","altitudeAcclimation":0,"previousAltitudeAcclimation":0,"heatAcclimationPercentage":0,"previousHeatAcclimationPercentage":0},{"userProfilePK":76018113,"deviceId":3401978503,"calendarDate":"2023-01-20","timestamp":"2023-01-20T07:19:04.0","altitudeAcclimationTimestamp":"2023-01-20T07:19:04.0","previousAltitudeAcclimationTimestamp":"2023-01-20T07:19:04.0","heatAcclimationTimestamp":"2023-01-20T07:19:04.0","previousHeatAcclimationTimestamp":"2023-01-20T07:19:04.0","altitudeAcclimation":0,"previousAltitudeAcclimation":0,"heatAcclimationPercentage":0,"previousHeatAcclimationPercentage":0},{"userProfilePK":76018113,"deviceId":3401978503,"calendarDate":"2023-01-21","timestamp":"2023-01-20T23:02:01.0","altitudeAcclimationTimestamp":"2023-01-20T23:02:01.0","previousAltitudeAcclimationTimestamp":"2023-01-20T23:02:01.0","heatAcclimationTimestamp":"2023-01-20T23:02:01.0","previousHeatAcclimationTimestamp":"2023-01-20T23:02:01.0","altitudeAcclimation":0,"previousAltitudeAcclimation":0,"heatAcclimationPercentage":0,"previousHeatAcclimationPercentage":0},{"userProfilePK":76018113,"deviceId":3401978503,"calendarDate":"2023-01-22","timestamp":"2023-01-21T23:02:04.0","altitudeAcclimationTimestamp":"2023-01-21T23:02:04.0","previousAltitudeAcclimationTimestamp":"2023-01-21T23:02:04.0","heatAcclimationTimestamp":"2023-01-21T23:02:04.0","previousHeatAcclimationTimestamp":"2023-01-21T23:02:04.0","altitudeAcclimation":0,"previousAltitudeAcclimation":0,"heatAcclimationPercentage":0,"previousHeatAcclimationPercentage":0},{"userProfilePK":76018113,"deviceId":3401978503,"calendarDate":"2023-01-22","timestamp":"2023-01-22T09:25:28.0","altitudeAcclimationTimestamp":"2023-01-22T09:25:28.0","previousAltitudeAcclimationTimestamp":"2023-01-22T09:25:28.0","heatAcclimationTimestamp":"2023-01-22T09:25:28.0","previousHeatAcclimationTimestamp":"2023-01-22T09:25:28.0","altitudeAcclimation":0,"previousAltitudeAcclimation":0,"heatAcclimationPercentage":0,"previousHeatAcclimationPercentage":0},{"userProfilePK":76018113,"deviceId":3401978503,"calendarDate":"2023-01-23","timestamp":"2023-01-22T23:02:08.0","altitudeAcclimationTimestamp":"2023-01-22T23:02:08.0","previousAltitudeAcclimationTimestamp":"2023-01-22T23:02:08.0","heatAcclimationTimestamp":"2023-01-22T23:02:08.0","previousHeatAcclimationTimestamp":"2023-01-22T23:02:08.0","altitudeAcclimation":0,"previousAltitudeAcclimation":0,"heatAcclimationPercentage":0,"previousHeatAcclimationPercentage":0},{"userProfilePK":76018113,"deviceId":3401978503,"calendarDate":"2023-01-23","timestamp":"2023-01-23T16:50:31.0","altitudeAcclimationTimestamp":"2023-01-23T16:50:31.0","previousAltitudeAcclimationTimestamp":"2023-01-23T16:50:31.0","heatAcclimationTimestamp":"2023-01-23T16:50:31.0","previousHeatAcclimationTimestamp":"2023-01-23T16:50:31.0","altitudeAcclimation":0,"previousAltitudeAcclimation":0,"heatAcclimationPercentage":0,"previousHeatAcclimationPercentage":0},{"userProfilePK":76018113,"deviceId":3401978503,"calendarDate":"2023-01-24","timestamp":"2023-01-23T23:02:13.0","altitudeAcclimationTimestamp":"2023-01-23T23:02:13.0","previousAltitudeAcclimationTimestamp":"2023-01-23T23:02:13.0","heatAcclimationTimestamp":"2023-01-23T23:02:13.0","previousHeatAcclimationTimestamp":"2023-01-23T23:02:13.0","altitudeAcclimation":0,"previousAltitudeAcclimation":0,"heatAcclimationPercentage":0,"previousHeatAcclimationPercentage":0},{"userProfilePK":76018113,"deviceId":3401978503,"calendarDate":"2023-01-25","timestamp":"2023-01-24T23:02:17.0","altitudeAcclimationTimestamp":"2023-01-24T23:02:17.0","previousAltitudeAcclimationTimestamp":"2023-01-24T23:02:17.0","heatAcclimationTimestamp":"2023-01-24T23:02:17.0","previousHeatAcclimationTimestamp":"2023-01-24T23:02:17.0","altitudeAcclimation":0,"previousAltitudeAcclimation":0,"heatAcclimationPercentage":0,"previousHeatAcclimationPercentage":0},{"userProfilePK":76018113,"deviceId":3401978503,"calendarDate":"2023-01-25","timestamp":"2023-01-25T06:35:28.0","altitudeAcclimationTimestamp":"2023-01-25T06:35:28.0","previousAltitudeAcclimationTimestamp":"2023-01-25T06:35:28.0","heatAcclimationTimestamp":"2023-01-25T06:35:28.0","previousHeatAcclimationTimestamp":"2023-01-25T06:35:28.0","altitudeAcclimation":0,"previousAltitudeAcclimation":0,"heatAcclimationPercentage":0,"previousHeatAcclimationPercentage":0},{"userProfilePK":76018113,"deviceId":3401978503,"calendarDate":"2023-01-25","timestamp":"2023-01-25T07:47:04.0","altitudeAcclimationTimestamp":"2023-01-25T07:47:04.0","previousAltitudeAcclimationTimestamp":"2023-01-25T07:47:04.0","heatAcclimationTimestamp":"2023-01-25T07:47:04.0","previousHeatAcclimationTimestamp":"2023-01-25T07:47:04.0","altitudeAcclimation":0,"previousAltitudeAcclimation":0,"heatAcclimationPercentage":0,"previousHeatAcclimationPercentage":0},{"userProfilePK":76018113,"deviceId":3401978503,"calendarDate":"2023-01-26","timestamp":"2023-01-25T23:02:22.0","altitudeAcclimationTimestamp":"2023-01-25T23:02:22.0","previousAltitudeAcclimationTimestamp":"2023-01-25T23:02:22.0","heatAcclimationTimestamp":"2023-01-25T23:02:22.0","previousHeatAcclimationTimestamp":"2023-01-25T23:02:22.0","altitudeAcclimation":0,"previousAltitudeAcclimation":0,"heatAcclimationPercentage":0,"previousHeatAcclimationPercentage":0},{"userProfilePK":76018113,"deviceId":3401978503,"calendarDate":"2023-01-27","timestamp":"2023-01-26T23:02:25.0","altitudeAcclimationTimestamp":"2023-01-26T23:02:25.0","previousAltitudeAcclimationTimestamp":"2023-01-26T23:02:25.0","heatAcclimationTimestamp":"2023-01-26T23:02:25.0","previousHeatAcclimationTimestamp":"2023-01-26T23:02:25.0","altitudeAcclimation":0,"previousAltitudeAcclimation":0,"heatAcclimationPercentage":0,"previousHeatAcclimationPercentage":0},{"userProfilePK":76018113,"deviceId":3401978503,"calendarDate":"2023-01-27","timestamp":"2023-01-27T07:06:44.0","altitudeAcclimationTimestamp":"2023-01-27T07:06:44.0","previousAltitudeAcclimationTimestamp":"2023-01-27T07:06:44.0","heatAcclimationTimestamp":"2023-01-27T07:06:44.0","previousHeatAcclimationTimestamp":"2023-01-27T07:06:44.0","altitudeAcclimation":0,"previousAltitudeAcclimation":0,"heatAcclimationPercentage":0,"previousHeatAcclimationPercentage":0},{"userProfilePK":76018113,"deviceId":3401978503,"calendarDate":"2023-01-28","timestamp":"2023-01-27T23:02:29.0","altitudeAcclimationTimestamp":"2023-01-27T23:02:29.0","previousAltitudeAcclimationTimestamp":"2023-01-27T23:02:29.0","heatAcclimationTimestamp":"2023-01-27T23:02:29.0","previousHeatAcclimationTimestamp":"2023-01-27T23:02:29.0","altitudeAcclimation":0,"previousAltitudeAcclimation":0,"heatAcclimationPercentage":0,"previousHeatAcclimationPercentage":0},{"userProfilePK":76018113,"deviceId":3401978503,"calendarDate":"2023-01-28","timestamp":"2023-01-28T10:10:00.0","altitudeAcclimationTimestamp":"2023-01-28T10:10:00.0","previousAltitudeAcclimationTimestamp":"2023-01-28T10:10:00.0","heatAcclimationTimestamp":"2023-01-28T10:10:00.0","previousHeatAcclimationTimestamp":"2023-01-28T10:10:00.0","altitudeAcclimation":0,"previousAltitudeAcclimation":0,"heatAcclimationPercentage":0,"previousHeatAcclimationPercentage":0},{"userProfilePK":76018113,"deviceId":3401978503,"calendarDate":"2023-01-29","timestamp":"2023-01-28T23:02:32.0","altitudeAcclimationTimestamp":"2023-01-28T23:02:32.0","previousAltitudeAcclimationTimestamp":"2023-01-28T23:02:32.0","heatAcclimationTimestamp":"2023-01-28T23:02:32.0","previousHeatAcclimationTimestamp":"2023-01-28T23:02:32.0","altitudeAcclimation":0,"previousAltitudeAcclimation":0,"heatAcclimationPercentage":0,"previousHeatAcclimationPercentage":0},{"userProfilePK":76018113,"deviceId":3401978503,"calendarDate":"2023-01-30","timestamp":"2023-01-29T23:02:35.0","altitudeAcclimationTimestamp":"2023-01-29T23:02:35.0","previousAltitudeAcclimationTimestamp":"2023-01-29T23:02:35.0","heatAcclimationTimestamp":"2023-01-29T23:02:35.0","previousHeatAcclimationTimestamp":"2023-01-29T23:02:35.0","altitudeAcclimation":0,"previousAltitudeAcclimation":0,"heatAcclimationPercentage":0,"previousHeatAcclimationPercentage":0},{"userProfilePK":76018113,"deviceId":3401978503,"calendarDate":"2023-01-30","timestamp":"2023-01-30T07:12:41.0","altitudeAcclimationTimestamp":"2023-01-30T07:12:41.0","previousAltitudeAcclimationTimestamp":"2023-01-30T07:12:41.0","heatAcclimationTimestamp":"2023-01-30T07:12:41.0","previousHeatAcclimationTimestamp":"2023-01-30T07:12:41.0","altitudeAcclimation":0,"previousAltitudeAcclimation":0,"heatAcclimationPercentage":0,"previousHeatAcclimationPercentage":0},{"userProfilePK":76018113,"deviceId":3401978503,"calendarDate":"2023-01-31","timestamp":"2023-01-30T23:02:38.0","altitudeAcclimationTimestamp":"2023-01-30T23:02:38.0","previousAltitudeAcclimationTimestamp":"2023-01-30T23:02:38.0","heatAcclimationTimestamp":"2023-01-30T23:02:38.0","previousHeatAcclimationTimestamp":"2023-01-30T23:02:38.0","altitudeAcclimation":0,"previousAltitudeAcclimation":0,"heatAcclimationPercentage":0,"previousHeatAcclimationPercentage":0},{"userProfilePK":76018113,"deviceId":3401978503,"calendarDate":"2023-02-01","timestamp":"2023-01-31T23:02:43.0","altitudeAcclimationTimestamp":"2023-01-31T23:02:43.0","previousAltitudeAcclimationTimestamp":"2023-01-31T23:02:43.0","heatAcclimationTimestamp":"2023-01-31T23:02:43.0","previousHeatAcclimationTimestamp":"2023-01-31T23:02:43.0","altitudeAcclimation":0,"previousAltitudeAcclimation":0,"heatAcclimationPercentage":0,"previousHeatAcclimationPercentage":0},{"userProfilePK":76018113,"deviceId":3401978503,"calendarDate":"2023-02-01","timestamp":"2023-02-01T06:38:29.0","altitudeAcclimationTimestamp":"2023-02-01T06:38:29.0","previousAltitudeAcclimationTimestamp":"2023-02-01T06:38:29.0","heatAcclimationTimestamp":"2023-02-01T06:38:29.0","previousHeatAcclimationTimestamp":"2023-02-01T06:38:29.0","altitudeAcclimation":0,"previousAltitudeAcclimation":0,"heatAcclimationPercentage":0,"previousHeatAcclimationPercentage":0},{"userProfilePK":76018113,"deviceId":3401978503,"calendarDate":"2023-02-02","timestamp":"2023-02-01T23:02:49.0","altitudeAcclimationTimestamp":"2023-02-01T23:02:49.0","previousAltitudeAcclimationTimestamp":"2023-02-01T23:02:49.0","heatAcclimationTimestamp":"2023-02-01T23:02:49.0","previousHeatAcclimationTimestamp":"2023-02-01T23:02:49.0","altitudeAcclimation":0,"previousAltitudeAcclimation":0,"heatAcclimationPercentage":0,"previousHeatAcclimationPercentage":0},{"userProfilePK":76018113,"deviceId":3401978503,"calendarDate":"2023-02-03","timestamp":"2023-02-02T23:02:53.0","altitudeAcclimationTimestamp":"2023-02-02T23:02:53.0","previousAltitudeAcclimationTimestamp":"2023-02-02T23:02:53.0","heatAcclimationTimestamp":"2023-02-02T23:02:53.0","previousHeatAcclimationTimestamp":"2023-02-02T23:02:53.0","altitudeAcclimation":0,"previousAltitudeAcclimation":0,"heatAcclimationPercentage":0,"previousHeatAcclimationPercentage":0},{"userProfilePK":76018113,"deviceId":3401978503,"calendarDate":"2023-02-03","timestamp":"2023-02-03T06:02:54.0","altitudeAcclimationTimestamp":"2023-02-03T06:02:54.0","previousAltitudeAcclimationTimestamp":"2023-02-03T06:02:54.0","heatAcclimationTimestamp":"2023-02-03T06:02:54.0","previousHeatAcclimationTimestamp":"2023-02-03T06:02:54.0","altitudeAcclimation":0,"previousAltitudeAcclimation":0,"heatAcclimationPercentage":0,"previousHeatAcclimationPercentage":0},{"userProfilePK":76018113,"deviceId":3401978503,"calendarDate":"2023-02-03","timestamp":"2023-02-03T07:13:29.0","altitudeAcclimationTimestamp":"2023-02-03T07:13:29.0","previousAltitudeAcclimationTimestamp":"2023-02-03T07:13:29.0","heatAcclimationTimestamp":"2023-02-03T07:13:29.0","previousHeatAcclimationTimestamp":"2023-02-03T07:13:29.0","altitudeAcclimation":0,"previousAltitudeAcclimation":0,"heatAcclimationPercentage":0,"previousHeatAcclimationPercentage":0},{"userProfilePK":76018113,"deviceId":3401978503,"calendarDate":"2023-02-04","timestamp":"2023-02-03T23:02:57.0","altitudeAcclimationTimestamp":"2023-02-03T23:02:57.0","previousAltitudeAcclimationTimestamp":"2023-02-03T23:02:57.0","heatAcclimationTimestamp":"2023-02-03T23:02:57.0","previousHeatAcclimationTimestamp":"2023-02-03T23:02:57.0","altitudeAcclimation":0,"previousAltitudeAcclimation":0,"heatAcclimationPercentage":0,"previousHeatAcclimationPercentage":0},{"userProfilePK":76018113,"deviceId":3401978503,"calendarDate":"2023-02-05","timestamp":"2023-02-04T23:02:59.0","altitudeAcclimationTimestamp":"2023-02-04T23:02:59.0","previousAltitudeAcclimationTimestamp":"2023-02-04T23:02:59.0","heatAcclimationTimestamp":"2023-02-04T23:02:59.0","previousHeatAcclimationTimestamp":"2023-02-04T23:02:59.0","altitudeAcclimation":0,"previousAltitudeAcclimation":0,"heatAcclimationPercentage":0,"previousHeatAcclimationPercentage":0},{"userProfilePK":76018113,"deviceId":3401978503,"calendarDate":"2023-02-05","timestamp":"2023-02-05T09:41:31.0","altitudeAcclimationTimestamp":"2023-02-05T09:41:31.0","previousAltitudeAcclimationTimestamp":"2023-02-05T09:41:31.0","heatAcclimationTimestamp":"2023-02-05T09:41:31.0","previousHeatAcclimationTimestamp":"2023-02-05T09:41:31.0","altitudeAcclimation":0,"previousAltitudeAcclimation":0,"heatAcclimationPercentage":0,"previousHeatAcclimationPercentage":0}]