[{"userProfilePK":76018113,"deviceId":3401978503,"calendarDate":"2022-07-20","timestamp":"2022-07-19T22:03:47.0","altitudeAcclimationTimestamp":"2022-07-19T22:03:47.0","previousAltitudeAcclimationTimestamp":"2022-07-19T22:03:47.0","heatAcclimationTimestamp":"2022-07-19T22:03:47.0","previousHeatAcclimationTimestamp":"2022-07-18T22:03:46.0","altitudeAcclimation":0,"previousAltitudeAcclimation":0,"heatAcclimationPercentage":35,"previousHeatAcclimationPercentage":35,"heatTrend":"ACCLIMATIZED"},{"userProfilePK":76018113,"deviceId":3401978503,"calendarDate":"2022-07-21","timestamp":"2022-07-20T22:03:48.0","altitudeAcclimationTimestamp":"2022-07-20T22:03:48.0","previousAltitudeAcclimationTimestamp":"2022-07-20T22:03:48.0","heatAcclimationTimestamp":"2022-07-20T22:03:48.0","previousHeatAcclimationTimestamp":"2022-07-19T22:03:47.0","altitudeAcclimation":0,"previousAltitudeAcclimation":0,"heatAcclimationPercentage":32,"previousHeatAcclimationPercentage":35,"heatTrend":"DEACCLIMATIZING"},{"userProfilePK":76018113,"deviceId":3401978503,"calendarDate":"2022-07-22","timestamp":"2022-07-21T22:03:49.0","altitudeAcclimationTimestamp":"2022-07-21T22:03:49.0","previousAltitudeAcclimationTimestamp":"2022-07-21T22:03:49.0","heatAcclimationTimestamp":"2022-07-21T22:03:49.0","previousHeatAcclimationTimestamp":"2022-07-20T22:03:48.0","altitudeAcclimation":0,"previousAltitudeAcclimation":0,"heatAcclimationPercentage":29,"previousHeatAcclimationPercentage":32,"heatTrend":"DEACCLIMATIZING"},{"userProfilePK":76018113,"deviceId":3401978503,"calendarDate":"2022-07-23","timestamp":"2022-07-22T22:03:50.0","altitudeAcclimationTimestamp":"2022-07-22T22:03:50.0","previousAltitudeAcclimationTimestamp":"2022-07-22T22:03:50.0","heatAcclimationTimestamp":"2022-07-22T22:03:50.0","previousHeatAcclimationTimestamp":"2022-07-21T22:03:49.0","altitudeAcclimation":0,"previousAltitudeAcclimation":0,"heatAcclimationPercentage":25,"previousHeatAcclimationPercentage":29,"heatTrend":"DEACCLIMATIZING"},{"userProfilePK":76018113,"deviceId":3401978503,"calendarDate":"2022-07-24","timestamp":"2022-07-23T22:03:52.0","altitudeAcclimationTimestamp":"2022-07-23T22:03:52.0","previousAltitudeAcclimationTimestamp":"2022-07-23T22:03:52.0","heatAcclimationTimestamp":"2022-07-23T22:03:52.0","previousHeatAcclimationTimestamp":"2022-07-22T22:03:50.0","altitudeAcclimation":0,"previousAltitudeAcclimation":0,"heatAcclimationPercentage":21,"previousHeatAcclimationPercentage":25,"heatTrend":"DEACCLIMATIZING"},{"userProfilePK":76018113,"deviceId":3401978503,"calendarDate":"2022-07-25","timestamp":"2022-07-24T22:03:53.0","altitudeAcclimationTimestamp":"2022-07-24T22:03:53.0","previousAltitudeAcclimationTimestamp":"2022-07-24T22:03:53.0","heatAcclimationTimestamp":"2022-07-24T22:03:53.0","previousHeatAcclimationTimestamp":"2022-07-23T22:03:52.0","altitudeAcclimation":0,"previousAltitudeAcclimation":0,"heatAcclimationPercentage":17,"previousHeatAcclimationPercentage":21,"heatTrend":"DEACCLIMATIZING"},{"userProfilePK":76018113,"deviceId":3401978503,"calendarDate":"2022-07-26","timestamp":"2022-07-25T22:03:54.0","altitudeAcclimationTimestamp":"2022-07-25T22:03:54.0","previousAltitudeAcclimationTimestamp":"2022-07-25T22:03:54.0","heatAcclimationTimestamp":"2022-07-25T22:03:54.0","previousHeatAcclimationTimestamp":"2022-07-24T22:03:53.0","altitudeAcclimation":0,"previousAltitudeAcclimation":0,"heatAcclimationPercentage":14,"previousHeatAcclimationPercentage":17,"heatTrend":"DEACCLIMATIZING"},{"userProfilePK":76018113,"deviceId":3401978503,"calendarDate":"2022-07-27","timestamp":"2022-07-27T05:21:46.0","altitudeAcclimationTimestamp":"2022-07-27T05:21:46.0","previousAltitudeAcclimationTimestamp":"2022-07-27T05:21:46.0","heatAcclimationTimestamp":"2022-07-27T05:21:46.0","previousHeatAcclimationTimestamp":"2022-07-25T22:03:54.0","altitudeAcclimation":0,"previousAltitudeAcclimation":0,"heatAcclimationPercentage":10,"previousHeatAcclimationPercentage":14,"heatTrend":"DEACCLIMATIZING"},{"userProfilePK":76018113,"deviceId":3401978503,"calendarDate":"2022-07-28","timestamp":"2022-07-27T22:02:48.0","altitudeAcclimationTimestamp":"2022-07-27T22:02:48.0","previousAltitudeAcclimationTimestamp":"2022-07-27T22:02:48.0","heatAcclimationTimestamp":"2022-07-27T22:02:48.0","previousHeatAcclimationTimestamp":"2022-07-27T05:21:46.0","altitudeAcclimation":0,"previousAltitudeAcclimation":0,"heatAcclimationPercentage":7,"previousHeatAcclimationPercentage":10,"heatTrend":"DEACCLIMATIZING"},{"userProfilePK":76018113,"deviceId":3401978503,"calendarDate":"2022-07-29","timestamp":"2022-07-28T22:02:48.0","altitudeAcclimationTimestamp":"2022-07-28T22:02:48.0","previousAltitudeAcclimationTimestamp":"2022-07-28T22:02:48.0","heatAcclimationTimestamp":"2022-07-28T22:02:48.0","previousHeatAcclimationTimestamp":"2022-07-27T22:02:48.0","altitudeAcclimation":0,"previousAltitudeAcclimation":0,"heatAcclimationPercentage":4,"previousHeatAcclimationPercentage":7,"heatTrend":"DEACCLIMATIZING"},{"userProfilePK":76018113,"deviceId":3401978503,"calendarDate":"2022-07-30","timestamp":"2022-07-29T22:02:49.0","altitudeAcclimationTimestamp":"2022-07-29T22:02:49.0","previousAltitudeAcclimationTimestamp":"2022-07-29T22:02:49.0","heatAcclimationTimestamp":"2022-07-29T22:02:49.0","previousHeatAcclimationTimestamp":"2022-07-28T22:02:48.0","altitudeAcclimation":0,"previousAltitudeAcclimation":0,"heatAcclimationPercentage":2,"previousHeatAcclimationPercentage":4,"heatTrend":"DEACCLIMATIZING"},{"userProfilePK":76018113,"deviceId":3401978503,"calendarDate":"2022-07-31","timestamp":"2022-07-30T22:02:51.0","altitudeAcclimationTimestamp":"2022-07-30T22:02:51.0","previousAltitudeAcclimationTimestamp":"2022-07-30T22:02:51.0","heatAcclimationTimestamp":"2022-07-30T22:02:51.0","previousHeatAcclimationTimestamp":"2022-07-29T22:02:49.0","altitudeAcclimation":0,"previousAltitudeAcclimation":0,"heatAcclimationPercentage":1,"previousHeatAcclimationPercentage":2,"heatTrend":"DEACCLIMATIZING"},{"userProfilePK":76018113,"deviceId":3401978503,"calendarDate":"2022-08-01","timestamp":"2022-07-31T22:02:51.0","altitudeAcclimationTimestamp":"2022-07-31T22:02:51.0","previousAltitudeAcclimationTimestamp":"2022-07-31T22:02:51.0","heatAcclimationTimestamp":"2022-07-31T22:02:51.0","previousHeatAcclimationTimestamp":"2022-07-31T22:02:51.0","altitudeAcclimation":0,"previousAltitudeAcclimation":0,"heatAcclimationPercentage":0,"previousHeatAcclimationPercentage":0},{"userProfilePK":76018113,"deviceId":3401978503,"calendarDate":"2022-08-02","timestamp":"2022-08-01T22:02:53.0","altitudeAcclimationTimestamp":"2022-08-01T22:02:53.0","previousAltitudeAcclimationTimestamp":"2022-08-01T22:02:53.0","heatAcclimationTimestamp":"2022-08-01T22:02:53.0","previousHeatAcclimationTimestamp":"2022-08-01T22:02:53.0","altitudeAcclimation":0,"previousAltitudeAcclimation":0,"heatAcclimationPercentage":0,"previousHeatAcclimationPercentage":0},{"userProfilePK":76018113,"deviceId":3401978503,"calendarDate":"2022-08-03","timestamp":"2022-08-02T22:02:54.0","altitudeAcclimationTimestamp":"2022-08-02T22:02:54.0","previousAltitudeAcclimationTimestamp":"2022-08-02T22:02:54.0","heatAcclimationTimestamp":"2022-08-02T22:02:54.0","previousHeatAcclimationTimestamp":"2022-08-02T22:02:54.0","altitudeAcclimation":0,"previousAltitudeAcclimation":0,"heatAcclimationPercentage":0,"previousHeatAcclimationPercentage":0},{"userProfilePK":76018113,"deviceId":3401978503,"calendarDate":"2022-08-04","timestamp":"2022-08-03T22:02:55.0","altitudeAcclimationTimestamp":"2022-08-03T22:02:55.0","previousAltitudeAcclimationTimestamp":"2022-08-03T22:02:55.0","heatAcclimationTimestamp":"2022-08-03T22:02:55.0","previousHeatAcclimationTimestamp":"2022-08-03T22:02:55.0","altitudeAcclimation":0,"previousAltitudeAcclimation":0,"heatAcclimationPercentage":0,"previousHeatAcclimationPercentage":0},{"userProfilePK":76018113,"deviceId":3401978503,"calendarDate":"2022-08-05","timestamp":"2022-08-04T22:02:55.0","altitudeAcclimationTimestamp":"2022-08-04T22:02:55.0","previousAltitudeAcclimationTimestamp":"2022-08-04T22:02:55.0","heatAcclimationTimestamp":"2022-08-04T22:02:55.0","previousHeatAcclimationTimestamp":"2022-08-04T22:02:55.0","altitudeAcclimation":0,"previousAltitudeAcclimation":0,"heatAcclimationPercentage":0,"previousHeatAcclimationPercentage":0},{"userProfilePK":76018113,"deviceId":3401978503,"calendarDate":"2022-08-06","timestamp":"2022-08-05T22:02:56.0","altitudeAcclimationTimestamp":"2022-08-05T22:02:56.0","previousAltitudeAcclimationTimestamp":"2022-08-05T22:02:56.0","heatAcclimationTimestamp":"2022-08-05T22:02:56.0","previousHeatAcclimationTimestamp":"2022-08-05T22:02:56.0","altitudeAcclimation":0,"previousAltitudeAcclimation":0,"heatAcclimationPercentage":0,"previousHeatAcclimationPercentage":0},{"userProfilePK":76018113,"deviceId":3401978503,"calendarDate":"2022-08-06","timestamp":"2022-08-06T07:39:35.0","altitudeAcclimationTimestamp":"2022-08-06T07:39:35.0","previousAltitudeAcclimationTimestamp":"2022-08-06T07:39:35.0","heatAcclimationTimestamp":"2022-08-06T07:39:35.0","previousHeatAcclimationTimestamp":"2022-08-06T07:39:35.0","altitudeAcclimation":0,"previousAltitudeAcclimation":0,"heatAcclimationPercentage":12,"previousHeatAcclimationPercentage":0},{"userProfilePK":76018113,"deviceId":3401978503,"calendarDate":"2022-08-07","timestamp":"2022-08-06T22:03:07.0","altitudeAcclimationTimestamp":"2022-08-06T22:03:07.0","previousAltitudeAcclimationTimestamp":"2022-08-06T22:03:07.0","heatAcclimationTimestamp":"2022-08-06T22:03:07.0","previousHeatAcclimationTimestamp":"2022-08-06T07:39:35.0","altitudeAcclimation":0,"previousAltitudeAcclimation":0,"heatAcclimationPercentage":12,"previousHeatAcclimationPercentage":12,"heatTrend":"ACCLIMATIZED"},{"userProfilePK":76018113,"deviceId":3401978503,"calendarDate":"2022-08-08","timestamp":"2022-08-07T22:03:08.0","altitudeAcclimationTimestamp":"2022-08-07T22:03:08.0","previousAltitudeAcclimationTimestamp":"2022-08-07T22:03:08.0","heatAcclimationTimestamp":"2022-08-07T22:03:08.0","previousHeatAcclimationTimestamp":"2022-08-06T22:03:07.0","altitudeAcclimation":0,"previousAltitudeAcclimation":0,"heatAcclimationPercentage":12,"previousHeatAcclimationPercentage":12,"heatTrend":"ACCLIMATIZED"},{"userProfilePK":76018113,"deviceId":3401978503,"calendarDate":"2022-08-08","timestamp":"2022-08-08T06:26:09.0","altitudeAcclimationTimestamp":"2022-08-08T06:26:09.0","previousAltitudeAcclimationTimestamp":"2022-08-08T06:26:09.0","heatAcclimationTimestamp":"2022-08-08T06:26:09.0","previousHeatAcclimationTimestamp":"2022-08-06T22:03:07.0","altitudeAcclimation":0,"previousAltitudeAcclimation":0,"heatAcclimationPercentage":12,"previousHeatAcclimationPercentage":12,"heatTrend":"ACCLIMATIZED"},{"userProfilePK":76018113,"deviceId":3401978503,"calendarDate":"2022-08-09","timestamp":"2022-08-08T22:03:10.0","altitudeAcclimationTimestamp":"2022-08-08T22:03:10.0","previousAltitudeAcclimationTimestamp":"2022-08-08T22:03:10.0","heatAcclimationTimestamp":"2022-08-08T22:03:10.0","previousHeatAcclimationTimestamp":"2022-08-08T06:26:09.0","altitudeAcclimation":0,"previousAltitudeAcclimation":0,"heatAcclimationPercentage":12,"previousHeatAcclimationPercentage":12,"heatTrend":"ACCLIMATIZED"},{"userProfilePK":76018113,"deviceId":3401978503,"calendarDate":"2022-08-09","timestamp":"2022-08-09T16:47:51.0","altitudeAcclimationTimestamp":"2022-08-09T16:47:51.0","previousAltitudeAcclimationTimestamp":"2022-08-09T16:47:51.0","heatAcclimationTimestamp":"2022-08-09T16:47:51.0","previousHeatAcclimationTimestamp":"2022-08-08T06:26:09.0","altitudeAcclimation":0,"previousAltitudeAcclimation":0,"heatAcclimationPercentage":37,"previousHeatAcclimationPercentage":12,"heatTrend":"ACCLIMATIZING"},{"userProfilePK":76018113,"deviceId":3401978503,"calendarDate":"2022-08-10","timestamp":"2022-08-09T22:03:12.0","altitudeAcclimationTimestamp":"2022-08-09T22:03:12.0","previousAltitudeAcclimationTimestamp":"2022-08-09T22:03:12.0","heatAcclimationTimestamp":"2022-08-09T22:03:12.0","previousHeatAcclimationTimestamp":"2022-08-09T16:47:51.0","altitudeAcclimation":0,"previousAltitudeAcclimation":0,"heatAcclimationPercentage":37,"previousHeatAcclimationPercentage":37,"heatTrend":"ACCLIMATIZED"},{"userProfilePK":76018113,"deviceId":3401978503,"calendarDate":"2022-08-11","timestamp":"2022-08-10T22:03:14.0","altitudeAcclimationTimestamp":"2022-08-10T22:03:14.0","previousAltitudeAcclimationTimestamp":"2022-08-10T22:03:14.0","heatAcclimationTimestamp":"2022-08-10T22:03:14.0","previousHeatAcclimationTimestamp":"2022-08-09T22:03:12.0","altitudeAcclimation":0,"previousAltitudeAcclimation":0,"heatAcclimationPercentage":37,"previousHeatAcclimationPercentage":37,"heatTrend":"ACCLIMATIZED"},{"userProfilePK":76018113,"deviceId":3401978503,"calendarDate":"2022-08-12","timestamp":"2022-08-11T22:03:17.0","altitudeAcclimationTimestamp":"2022-08-11T22:03:17.0","previousAltitudeAcclimationTimestamp":"2022-08-11T22:03:17.0","heatAcclimationTimestamp":"2022-08-11T22:03:17.0","previousHeatAcclimationTimestamp":"2022-08-10T22:03:14.0","altitudeAcclimation":0,"previousAltitudeAcclimation":0,"heatAcclimationPercentage":37,"previousHeatAcclimationPercentage":37,"heatTrend":"ACCLIMATIZED"},{"userProfilePK":76018113,"deviceId":3401978503,"calendarDate":"2022-08-12","timestamp":"2022-08-12T06:51:48.0","altitudeAcclimationTimestamp":"2022-08-12T06:51:48.0","previousAltitudeAcclimationTimestamp":"2022-08-12T06:51:48.0","heatAcclimationTimestamp":"2022-08-12T06:51:48.0","previousHeatAcclimationTimestamp":"2022-08-10T22:03:14.0","altitudeAcclimation":0,"previousAltitudeAcclimation":0,"heatAcclimationPercentage":53,"previousHeatAcclimationPercentage":37,"heatTrend":"ACCLIMATIZING"},{"userProfilePK":76018113,"deviceId":3401978503,"calendarDate":"2022-08-13","timestamp":"2022-08-12T22:03:21.0","altitudeAcclimationTimestamp":"2022-08-12T22:03:21.0","previousAltitudeAcclimationTimestamp":"2022-08-12T22:03:21.0","heatAcclimationTimestamp":"2022-08-12T22:03:21.0","previousHeatAcclimationTimestamp":"2022-08-12T06:51:48.0","altitudeAcclimation":0,"previousAltitudeAcclimation":0,"heatAcclimationPercentage":53,"previousHeatAcclimationPercentage":53,"heatTrend":"ACCLIMATIZED"},{"userProfilePK":76018113,"deviceId":3401978503,"calendarDate":"2022-08-14","timestamp":"2022-08-13T22:03:23.0","altitudeAcclimationTimestamp":"2022-08-13T22:03:23.0","previousAltitudeAcclimationTimestamp":"2022-08-13T22:03:23.0","heatAcclimationTimestamp":"2022-08-13T22:03:23.0","previousHeatAcclimationTimestamp":"2022-08-12T22:03:21.0","altitudeAcclimation":0,"previousAltitudeAcclimation":0,"heatAcclimationPercentage":53,"previousHeatAcclimationPercentage":53,"heatTrend":"ACCLIMATIZED"},{"userProfilePK":76018113,"deviceId":3401978503,"calendarDate":"2022-08-14","timestamp":"2022-08-14T07:00:37.0","altitudeAcclimationTimestamp":"2022-08-14T07:00:37.0","previousAltitudeAcclimationTimestamp":"2022-08-14T07:00:37.0","heatAcclimationTimestamp":"2022-08-14T07:00:37.0","previousHeatAcclimationTimestamp":"2022-08-12T22:03:21.0","altitudeAcclimation":0,"previousAltitudeAcclimation":0,"heatAcclimationPercentage":78,"previousHeatAcclimationPercentage":53,"heatTrend":"ACCLIMATIZING"},{"userProfilePK":76018113,"deviceId":3401978503,"calendarDate":"2022-08-15","timestamp":"2022-08-14T22:03:25.0","altitudeAcclimationTimestamp":"2022-08-14T22:03:25.0","previousAltitudeAcclimationTimestamp":"2022-08-14T22:03:25.0","heatAcclimationTimestamp":"2022-08-14T22:03:25.0","previousHeatAcclimationTimestamp":"2022-08-14T07:00:37.0","altitudeAcclimation":0,"previousAltitudeAcclimation":0,"heatAcclimationPercentage":78,"previousHeatAcclimationPercentage":78,"heatTrend":"ACCLIMATIZED"},{"userProfilePK":76018113,"deviceId":3401978503,"calendarDate":"2022-08-16","timestamp":"2022-08-15T22:03:28.0","altitudeAcclimationTimestamp":"2022-08-15T22:03:28.0","previousAltitudeAcclimationTimestamp":"2022-08-15T22:03:28.0","heatAcclimationTimestamp":"2022-08-15T22:03:28.0","previousHeatAcclimationTimestamp":"2022-08-14T22:03:25.0","altitudeAcclimation":0,"previousAltitudeAcclimation":0,"heatAcclimationPercentage":77,"previousHeatAcclimationPercentage":78,"heatTrend":"DEACCLIMATIZING"},{"userProfilePK":76018113,"deviceId":3401978503,"calendarDate":"2022-08-16","timestamp":"2022-08-16T06:35:51.0","altitudeAcclimationTimestamp":"2022-08-16T06:35:51.0","previousAltitudeAcclimationTimestamp":"2022-08-16T06:35:51.0","heatAcclimationTimestamp":"2022-08-16T06:35:51.0","previousHeatAcclimationTimestamp":"2022-08-14T22:03:25.0","altitudeAcclimation":0,"previousAltitudeAcclimation":0,"heatAcclimationPercentage":77,"previousHeatAcclimationPercentage":78,"heatTrend":"DEACCLIMATIZING"},{"userProfilePK":76018113,"deviceId":3401978503,"calendarDate":"2022-08-17","timestamp":"2022-08-16T22:03:32.0","altitudeAcclimationTimestamp":"2022-08-16T22:03:32.0","previousAltitudeAcclimationTimestamp":"2022-08-16T22:03:32.0","heatAcclimationTimestamp":"2022-08-16T22:03:32.0","previousHeatAcclimationTimestamp":"2022-08-16T06:35:51.0","altitudeAcclimation":0,"previousAltitudeAcclimation":0,"heatAcclimationPercentage":76,"previousHeatAcclimationPercentage":77,"heatTrend":"DEACCLIMATIZING"},{"userProfilePK":76018113,"deviceId":3401978503,"calendarDate":"2022-08-17","timestamp":"2022-08-17T14:25:01.0","altitudeAcclimationTimestamp":"2022-08-17T14:25:01.0","previousAltitudeAcclimationTimestamp":"2022-08-17T14:25:01.0","heatAcclimationTimestamp":"2022-08-17T14:25:01.0","previousHeatAcclimationTimestamp":"2022-08-16T22:03:32.0","altitudeAcclimation":0,"previousAltitudeAcclimation":0,"heatAcclimationPercentage":76,"previousHeatAcclimationPercentage":76,"heatTrend":"ACCLIMATIZED"},{"userProfilePK":76018113,"deviceId":3401978503,"calendarDate":"2022-08-17","timestamp":"2022-08-17T16:26:45.0","altitudeAcclimationTimestamp":"2022-08-17T16:26:45.0","previousAltitudeAcclimationTimestamp":"2022-08-17T16:26:45.0","heatAcclimationTimestamp":"2022-08-17T16:26:45.0","previousHeatAcclimationTimestamp":"2022-08-16T22:03:32.0","altitudeAcclimation":0,"previousAltitudeAcclimation":0,"heatAcclimationPercentage":76,"previousHeatAcclimationPercentage":76,"heatTrend":"ACCLIMATIZED"},{"userProfilePK":76018113,"deviceId":3401978503,"calendarDate":"2022-08-18","timestamp":"2022-08-18T05:01:04.0","altitudeAcclimationTimestamp":"2022-08-18T05:01:04.0","previousAltitudeAcclimationTimestamp":"2022-08-18T05:01:04.0","heatAcclimationTimestamp":"2022-08-18T05:01:04.0","previousHeatAcclimationTimestamp":"2022-08-17T16:26:45.0","altitudeAcclimation":0,"previousAltitudeAcclimation":0,"heatAcclimationPercentage":73,"previousHeatAcclimationPercentage":76,"heatTrend":"DEACCLIMATIZING"},{"userProfilePK":76018113,"deviceId":3401978503,"calendarDate":"2022-08-19","timestamp":"2022-08-19T05:01:08.0","altitudeAcclimationTimestamp":"2022-08-19T05:01:08.0","previousAltitudeAcclimationTimestamp":"2022-08-19T05:01:08.0","heatAcclimationTimestamp":"2022-08-19T05:01:08.0","previousHeatAcclimationTimestamp":"2022-08-18T05:01:04.0","altitudeAcclimation":0,"previousAltitudeAcclimation":0,"heatAcclimationPercentage":68,"previousHeatAcclimationPercentage":73,"heatTrend":"DEACCLIMATIZING"},{"userProfilePK":76018113,"deviceId":3401978503,"calendarDate":"2022-08-19","timestamp":"2022-08-19T14:29:29.0","altitudeAcclimationTimestamp":"2022-08-19T14:29:29.0","previousAltitudeAcclimationTimestamp":"2022-08-19T14:29:29.0","heatAcclimationTimestamp":"2022-08-19T14:29:29.0","previousHeatAcclimationTimestamp":"2022-08-18T05:01:04.0","altitudeAcclimation":0,"previousAltitudeAcclimation":0,"heatAcclimationPercentage":68,"previousHeatAcclimationPercentage":73,"heatTrend":"DEACCLIMATIZING"},{"userProfilePK":76018113,"deviceId":3401978503,"calendarDate":"2022-08-19","timestamp":"2022-08-19T15:23:38.0","altitudeAcclimationTimestamp":"2022-08-19T15:23:38.0","previousAltitudeAcclimationTimestamp":"2022-08-19T15:23:38.0","heatAcclimationTimestamp":"2022-08-19T15:23:38.0","previousHeatAcclimationTimestamp":"2022-08-18T05:01:04.0","altitudeAcclimation":0,"previousAltitudeAcclimation":0,"heatAcclimationPercentage":68,"previousHeatAcclimationPercentage":73,"heatTrend":"DEACCLIMATIZING"},{"userProfilePK":76018113,"deviceId":3401978503,"calendarDate":"2022-08-20","timestamp":"2022-08-20T05:01:15.0","altitudeAcclimationTimestamp":"2022-08-20T05:01:15.0","previousAltitudeAcclimationTimestamp":"2022-08-20T05:01:15.0","heatAcclimationTimestamp":"2022-08-20T05:01:15.0","previousHeatAcclimationTimestamp":"2022-08-19T15:23:38.0","altitudeAcclimation":0,"previousAltitudeAcclimation":0,"heatAcclimationPercentage":59,"previousHeatAcclimationPercentage":68,"heatTrend":"DEACCLIMATIZING"},{"userProfilePK":76018113,"deviceId":3401978503,"calendarDate":"2022-08-21","timestamp":"2022-08-21T05:01:19.0","altitudeAcclimationTimestamp":"2022-08-21T05:01:19.0","previousAltitudeAcclimationTimestamp":"2022-08-21T05:01:19.0","heatAcclimationTimestamp":"2022-08-21T05:01:19.0","previousHeatAcclimationTimestamp":"2022-08-20T05:01:15.0","altitudeAcclimation":0,"previousAltitudeAcclimation":0,"heatAcclimationPercentage":50,"previousHeatAcclimationPercentage":59,"heatTrend":"DEACCLIMATIZING"},{"userProfilePK":76018113,"deviceId":3401978503,"calendarDate":"2022-08-21","timestamp":"2022-08-21T15:37:11.0","altitudeAcclimationTimestamp":"2022-08-21T15:37:11.0","previousAltitudeAcclimationTimestamp":"2022-08-21T15:37:11.0","heatAcclimationTimestamp":"2022-08-21T15:37:11.0","previousHeatAcclimationTimestamp":"2022-08-20T05:01:15.0","altitudeAcclimation":0,"previousAltitudeAcclimation":0,"heatAcclimationPercentage":50,"previousHeatAcclimationPercentage":59,"heatTrend":"DEACCLIMATIZING"},{"userProfilePK":76018113,"deviceId":3401978503,"calendarDate":"2022-08-22","timestamp":"2022-08-22T05:01:25.0","altitudeAcclimationTimestamp":"2022-08-22T05:01:25.0","previousAltitudeAcclimationTimestamp":"2022-08-22T05:01:25.0","heatAcclimationTimestamp":"2022-08-22T05:01:25.0","previousHeatAcclimationTimestamp":"2022-08-21T15:37:11.0","altitudeAcclimation":950,"previousAltitudeAcclimation":0,"heatAcclimationPercentage":40,"previousHeatAcclimationPercentage":50,"heatTrend":"DEACCLIMATIZING"},{"userProfilePK":76018113,"deviceId":3401978503,"calendarDate":"2022-08-23","timestamp":"2022-08-22T22:01:27.0","altitudeAcclimationTimestamp":"2022-08-22T22:01:27.0","previousAltitudeAcclimationTimestamp":"2022-08-22T05:01:25.0","heatAcclimationTimestamp":"2022-08-22T22:01:27.0","previousHeatAcclimationTimestamp":"2022-08-22T05:01:25.0","altitudeAcclimation":950,"previousAltitudeAcclimation":950,"heatAcclimationPercentage":31,"previousHeatAcclimationPercentage":40,"heatTrend":"DEACCLIMATIZING","altitudeTrend":"ACCLIMATIZED"},{"userProfilePK":76018113,"deviceId":3401978503,"calendarDate":"2022-08-23","timestamp":"2022-08-23T06:23:13.0","altitudeAcclimationTimestamp":"2022-08-23T06:23:13.0","previousAltitudeAcclimationTimestamp":"2022-08-22T05:01:25.0","heatAcclimationTimestamp":"2022-08-23T06:23:13.0","previousHeatAcclimationTimestamp":"2022-08-22T05:01:25.0","altitudeAcclimation":950,"previousAltitudeAcclimation":950,"heatAcclimationPercentage":31,"previousHeatAcclimationPercentage":40,"heatTrend":"DEACCLIMATIZING","altitudeTrend":"ACCLIMATIZED"},{"userProfilePK":76018113,"deviceId":3401978503,"calendarDate":"2022-08-24","timestamp":"2022-08-23T22:01:32.0","altitudeAcclimationTimestamp":"2022-08-23T22:01:32.0","previousAltitudeAcclimationTimestamp":"2022-08-23T06:23:13.0","heatAcclimationTimestamp":"2022-08-23T22:01:32.0","previousHeatAcclimationTimestamp":"2022-08-23T06:23:13.0","altitudeAcclimation":900,"previousAltitudeAcclimation":950,"heatAcclimationPercentage":22,"previousHeatAcclimationPercentage":31,"heatTrend":"DEACCLIMATIZING","altitudeTrend":"DEACCLIMATIZING"},{"userProfilePK":76018113,"deviceId":3401978503,"calendarDate":"2022-08-24","timestamp":"2022-08-24T05:07:52.0","altitudeAcclimationTimestamp":"2022-08-24T05:07:52.0","previousAltitudeAcclimationTimestamp":"2022-08-23T06:23:13.0","heatAcclimationTimestamp":"2022-08-24T05:07:52.0","previousHeatAcclimationTimestamp":"2022-08-23T06:23:13.0","altitudeAcclimation":900,"previousAltitudeAcclimation":950,"heatAcclimationPercentage":22,"previousHeatAcclimationPercentage":31,"heatTrend":"DEACCLIMATIZING","altitudeTrend":"DEACCLIMATIZING"},{"userProfilePK":76018113,"deviceId":3401978503,"calendarDate":"2022-08-24","timestamp":"2022-08-24T05:58:25.0","altitudeAcclimationTimestamp":"2022-08-24T05:58:25.0","previousAltitudeAcclimationTimestamp":"2022-08-23T06:23:13.0","heatAcclimationTimestamp":"2022-08-24T05:58:25.0","previousHeatAcclimationTimestamp":"2022-08-23T06:23:13.0","altitudeAcclimation":900,"previousAltitudeAcclimation":950,"heatAcclimationPercentage":32,"previousHeatAcclimationPercentage":31,"heatTrend":"ACCLIMATIZING","altitudeTrend":"DEACCLIMATIZING"},{"userProfilePK":76018113,"deviceId":3401978503,"calendarDate":"2022-08-25","timestamp":"2022-08-24T22:01:35.0","altitudeAcclimationTimestamp":"2022-08-24T22:01:35.0","previousAltitudeAcclimationTimestamp":"2022-08-24T05:58:25.0","heatAcclimationTimestamp":"2022-08-24T22:01:35.0","previousHeatAcclimationTimestamp":"2022-08-24T05:58:25.0","altitudeAcclimation":900,"previousAltitudeAcclimation":900,"heatAcclimationPercentage":32,"previousHeatAcclimationPercentage":32,"heatTrend":"ACCLIMATIZED","altitudeTrend":"ACCLIMATIZED"},{"userProfilePK":76018113,"deviceId":3401978503,"calendarDate":"2022-08-26","timestamp":"2022-08-25T22:01:41.0","altitudeAcclimationTimestamp":"2022-08-25T22:01:41.0","previousAltitudeAcclimationTimestamp":"2022-08-24T22:01:35.0","heatAcclimationTimestamp":"2022-08-25T22:01:41.0","previousHeatAcclimationTimestamp":"2022-08-24T22:01:35.0","altitudeAcclimation":900,"previousAltitudeAcclimation":900,"heatAcclimationPercentage":25,"previousHeatAcclimationPercentage":32,"heatTrend":"DEACCLIMATIZING","altitudeTrend":"ACCLIMATIZED"},{"userProfilePK":76018113,"deviceId":3401978503,"calendarDate":"2022-08-26","timestamp":"2022-08-26T06:01:13.0","altitudeAcclimationTimestamp":"2022-08-26T06:01:13.0","previousAltitudeAcclimationTimestamp":"2022-08-24T22:01:35.0","heatAcclimationTimestamp":"2022-08-26T06:01:13.0","previousHeatAcclimationTimestamp":"2022-08-24T22:01:35.0","altitudeAcclimation":900,"previousAltitudeAcclimation":900,"heatAcclimationPercentage":33,"previousHeatAcclimationPercentage":32,"heatTrend":"ACCLIMATIZING","altitudeTrend":"ACCLIMATIZED"},{"userProfilePK":76018113,"deviceId":3401978503,"calendarDate":"2022-08-27","timestamp":"2022-08-26T22:01:47.0","altitudeAcclimationTimestamp":"2022-08-26T22:01:47.0","previousAltitudeAcclimationTimestamp":"2022-08-26T06:01:13.0","heatAcclimationTimestamp":"2022-08-26T22:01:47.0","previousHeatAcclimationTimestamp":"2022-08-26T06:01:13.0","altitudeAcclimation":850,"previousAltitudeAcclimation":900,"heatAcclimationPercentage":33,"previousHeatAcclimationPercentage":33,"heatTrend":"ACCLIMATIZED","altitudeTrend":"DEACCLIMATIZING"},{"userProfilePK":76018113,"deviceId":3401978503,"calendarDate":"2022-08-28","timestamp":"2022-08-27T22:01:52.0","altitudeAcclimationTimestamp":"2022-08-27T22:01:52.0","previousAltitudeAcclimationTimestamp":"2022-08-26T22:01:47.0","heatAcclimationTimestamp":"2022-08-27T22:01:52.0","previousHeatAcclimationTimestamp":"2022-08-26T22:01:47.0","altitudeAcclimation":850,"previousAltitudeAcclimation":850,"heatAcclimationPercentage":26,"previousHeatAcclimationPercentage":33,"heatTrend":"DEACCLIMATIZING","altitudeTrend":"ACCLIMATIZED"},{"userProfilePK":76018113,"deviceId":3401978503,"calendarDate":"2022-08-28","timestamp":"2022-08-28T11:36:39.0","altitudeAcclimationTimestamp":"2022-08-28T11:36:39.0","previousAltitudeAcclimationTimestamp":"2022-08-26T22:01:47.0","heatAcclimationTimestamp":"2022-08-28T11:36:39.0","previousHeatAcclimationTimestamp":"2022-08-26T22:01:47.0","altitudeAcclimation":850,"previousAltitudeAcclimation":850,"heatAcclimationPercentage":51,"previousHeatAcclimationPercentage":33,"heatTrend":"ACCLIMATIZING","altitudeTrend":"ACCLIMATIZED"},{"userProfilePK":76018113,"deviceId":3401978503,"calendarDate":"2022-08-29","timestamp":"2022-08-28T22:01:57.0","altitudeAcclimationTimestamp":"2022-08-28T22:01:57.0","previousAltitudeAcclimationTimestamp":"2022-08-28T11:36:39.0","heatAcclimationTimestamp":"2022-08-28T22:01:57.0","previousHeatAcclimationTimestamp":"2022-08-28T11:36:39.0","altitudeAcclimation":850,"previousAltitudeAcclimation":850,"heatAcclimationPercentage":51,"previousHeatAcclimationPercentage":51,"heatTrend":"ACCLIMATIZED","altitudeTrend":"ACCLIMATIZED"},{"userProfilePK":76018113,"deviceId":3401978503,"calendarDate":"2022-08-30","timestamp":"2022-08-29T22:02:01.0","altitudeAcclimationTimestamp":"2022-08-29T22:02:01.0","previousAltitudeAcclimationTimestamp":"2022-08-29T22:02:01.0","heatAcclimationTimestamp":"2022-08-29T22:02:01.0","previousHeatAcclimationTimestamp":"2022-08-28T22:01:57.0","altitudeAcclimation":0,"previousAltitudeAcclimation":0,"heatAcclimationPercentage":47,"previousHeatAcclimationPercentage":51,"heatTrend":"DEACCLIMATIZING"},{"userProfilePK":76018113,"deviceId":3401978503,"calendarDate":"2022-08-30","timestamp":"2022-08-30T06:21:57.0","altitudeAcclimationTimestamp":"2022-08-30T06:21:57.0","previousAltitudeAcclimationTimestamp":"2022-08-30T06:21:57.0","heatAcclimationTimestamp":"2022-08-30T06:21:57.0","previousHeatAcclimationTimestamp":"2022-08-28T22:01:57.0","altitudeAcclimation":0,"previousAltitudeAcclimation":0,"heatAcclimationPercentage":47,"previousHeatAcclimationPercentage":51,"heatTrend":"DEACCLIMATIZING"},{"userProfilePK":76018113,"deviceId":3401978503,"calendarDate":"2022-08-31","timestamp":"2022-08-30T22:02:07.0","altitudeAcclimationTimestamp":"2022-08-30T22:02:07.0","previousAltitudeAcclimationTimestamp":"2022-08-30T22:02:07.0","heatAcclimationTimestamp":"2022-08-30T22:02:07.0","previousHeatAcclimationTimestamp":"2022-08-30T06:21:57.0","altitudeAcclimation":0,"previousAltitudeAcclimation":0,"heatAcclimationPercentage":45,"previousHeatAcclimationPercentage":47,"heatTrend":"DEACCLIMATIZING"},{"userProfilePK":76018113,"deviceId":3401978503,"calendarDate":"2022-08-31","timestamp":"2022-08-31T05:57:02.0","altitudeAcclimationTimestamp":"2022-08-31T05:57:02.0","previousAltitudeAcclimationTimestamp":"2022-08-31T05:57:02.0","heatAcclimationTimestamp":"2022-08-31T05:57:02.0","previousHeatAcclimationTimestamp":"2022-08-30T06:21:57.0","altitudeAcclimation":0,"previousAltitudeAcclimation":0,"heatAcclimationPercentage":53,"previousHeatAcclimationPercentage":47,"heatTrend":"ACCLIMATIZING"},{"userProfilePK":76018113,"deviceId":3401978503,"calendarDate":"2022-09-01","timestamp":"2022-08-31T22:02:14.0","altitudeAcclimationTimestamp":"2022-08-31T22:02:14.0","previousAltitudeAcclimationTimestamp":"2022-08-31T22:02:14.0","heatAcclimationTimestamp":"2022-08-31T22:02:14.0","previousHeatAcclimationTimestamp":"2022-08-31T05:57:02.0","altitudeAcclimation":0,"previousAltitudeAcclimation":0,"heatAcclimationPercentage":53,"previousHeatAcclimationPercentage":53,"heatTrend":"ACCLIMATIZED"},{"userProfilePK":76018113,"deviceId":3401978503,"calendarDate":"2022-09-02","timestamp":"2022-09-01T22:02:19.0","altitudeAcclimationTimestamp":"2022-09-01T22:02:19.0","previousAltitudeAcclimationTimestamp":"2022-09-01T22:02:19.0","heatAcclimationTimestamp":"2022-09-01T22:02:19.0","previousHeatAcclimationTimestamp":"2022-08-31T22:02:14.0","altitudeAcclimation":0,"previousAltitudeAcclimation":0,"heatAcclimationPercentage":51,"previousHeatAcclimationPercentage":53,"heatTrend":"DEACCLIMATIZING"},{"userProfilePK":76018113,"deviceId":3401978503,"calendarDate":"2022-09-02","timestamp":"2022-09-02T05:50:33.0","altitudeAcclimationTimestamp":"2022-09-02T05:50:33.0","previousAltitudeAcclimationTimestamp":"2022-09-02T05:50:33.0","heatAcclimationTimestamp":"2022-09-02T05:50:33.0","previousHeatAcclimationTimestamp":"2022-08-31T22:02:14.0","altitudeAcclimation":0,"previousAltitudeAcclimation":0,"heatAcclimationPercentage":51,"previousHeatAcclimationPercentage":53,"heatTrend":"DEACCLIMATIZING"},{"userProfilePK":76018113,"deviceId":3401978503,"calendarDate":"2022-09-03","timestamp":"2022-09-02T22:02:23.0","altitudeAcclimationTimestamp":"2022-09-02T22:02:23.0","previousAltitudeAcclimationTimestamp":"2022-09-02T22:02:23.0","heatAcclimationTimestamp":"2022-09-02T22:02:23.0","previousHeatAcclimationTimestamp":"2022-09-02T05:50:33.0","altitudeAcclimation":850,"previousAltitudeAcclimation":0,"heatAcclimationPercentage":50,"previousHeatAcclimationPercentage":51,"heatTrend":"DEACCLIMATIZING"},{"userProfilePK":76018113,"deviceId":3401978503,"calendarDate":"2022-09-03","timestamp":"2022-09-03T09:23:11.0","altitudeAcclimationTimestamp":"2022-09-03T09:23:11.0","previousAltitudeAcclimationTimestamp":"2022-09-03T09:23:11.0","heatAcclimationTimestamp":"2022-09-03T09:23:11.0","previousHeatAcclimationTimestamp":"2022-09-02T05:50:33.0","altitudeAcclimation":850,"previousAltitudeAcclimation":0,"heatAcclimationPercentage":50,"previousHeatAcclimationPercentage":51,"heatTrend":"DEACCLIMATIZING"},{"userProfilePK":76018113,"deviceId":3401978503,"calendarDate":"2022-09-04","timestamp":"2022-09-03T22:02:30.0","altitudeAcclimationTimestamp":"2022-09-03T22:02:30.0","previousAltitudeAcclimationTimestamp":"2022-09-03T09:23:11.0","heatAcclimationTimestamp":"2022-09-03T22:02:30.0","previousHeatAcclimationTimestamp":"2022-09-03T09:23:11.0","altitudeAcclimation":850,"previousAltitudeAcclimation":850,"heatAcclimationPercentage":47,"previousHeatAcclimationPercentage":50,"heatTrend":"DEACCLIMATIZING","altitudeTrend":"ACCLIMATIZED"},{"userProfilePK":76018113,"deviceId":3401978503,"calendarDate":"2022-09-05","timestamp":"2022-09-04T22:02:37.0","altitudeAcclimationTimestamp":"2022-09-04T22:02:37.0","previousAltitudeAcclimationTimestamp":"2022-09-03T22:02:30.0","heatAcclimationTimestamp":"2022-09-04T22:02:37.0","previousHeatAcclimationTimestamp":"2022-09-03T22:02:30.0","altitudeAcclimation":850,"previousAltitudeAcclimation":850,"heatAcclimationPercentage":43,"previousHeatAcclimationPercentage":47,"heatTrend":"DEACCLIMATIZING","altitudeTrend":"ACCLIMATIZED"},{"userProfilePK":76018113,"deviceId":3401978503,"calendarDate":"2022-09-06","timestamp":"2022-09-05T22:02:43.0","altitudeAcclimationTimestamp":"2022-09-05T22:02:43.0","previousAltitudeAcclimationTimestamp":"2022-09-04T22:02:37.0","heatAcclimationTimestamp":"2022-09-05T22:02:43.0","previousHeatAcclimationTimestamp":"2022-09-04T22:02:37.0","altitudeAcclimation":850,"previousAltitudeAcclimation":850,"heatAcclimationPercentage":37,"previousHeatAcclimationPercentage":43,"heatTrend":"DEACCLIMATIZING","altitudeTrend":"ACCLIMATIZED"},{"userProfilePK":76018113,"deviceId":3401978503,"calendarDate":"2022-09-06","timestamp":"2022-09-06T06:01:25.0","altitudeAcclimationTimestamp":"2022-09-06T06:01:25.0","previousAltitudeAcclimationTimestamp":"2022-09-04T22:02:37.0","heatAcclimationTimestamp":"2022-09-06T06:01:25.0","previousHeatAcclimationTimestamp":"2022-09-04T22:02:37.0","altitudeAcclimation":850,"previousAltitudeAcclimation":850,"heatAcclimationPercentage":37,"previousHeatAcclimationPercentage":43,"heatTrend":"DEACCLIMATIZING","altitudeTrend":"ACCLIMATIZED"},{"userProfilePK":76018113,"deviceId":3401978503,"calendarDate":"2022-09-07","timestamp":"2022-09-06T22:02:47.0","altitudeAcclimationTimestamp":"2022-09-06T22:02:47.0","previousAltitudeAcclimationTimestamp":"2022-09-06T22:02:47.0","heatAcclimationTimestamp":"2022-09-06T22:02:47.0","previousHeatAcclimationTimestamp":"2022-09-06T06:01:25.0","altitudeAcclimation":0,"previousAltitudeAcclimation":0,"heatAcclimationPercentage":30,"previousHeatAcclimationPercentage":37,"heatTrend":"DEACCLIMATIZING"},{"userProfilePK":76018113,"deviceId":3401978503,"calendarDate":"2022-09-07","timestamp":"2022-09-07T05:58:12.0","altitudeAcclimationTimestamp":"2022-09-07T05:58:12.0","previousAltitudeAcclimationTimestamp":"2022-09-07T05:58:12.0","heatAcclimationTimestamp":"2022-09-07T05:58:12.0","previousHeatAcclimationTimestamp":"2022-09-06T06:01:25.0","altitudeAcclimation":0,"previousAltitudeAcclimation":0,"heatAcclimationPercentage":30,"previousHeatAcclimationPercentage":37,"heatTrend":"DEACCLIMATIZING"},{"userProfilePK":76018113,"deviceId":3401978503,"calendarDate":"2022-09-08","timestamp":"2022-09-07T22:02:51.0","altitudeAcclimationTimestamp":"2022-09-07T22:02:51.0","previousAltitudeAcclimationTimestamp":"2022-09-07T22:02:51.0","heatAcclimationTimestamp":"2022-09-07T22:02:51.0","previousHeatAcclimationTimestamp":"2022-09-07T05:58:12.0","altitudeAcclimation":0,"previousAltitudeAcclimation":0,"heatAcclimationPercentage":24,"previousHeatAcclimationPercentage":30,"heatTrend":"DEACCLIMATIZING"},{"userProfilePK":76018113,"deviceId":3401978503,"calendarDate":"2022-09-09","timestamp":"2022-09-08T22:02:57.0","altitudeAcclimationTimestamp":"2022-09-08T22:02:57.0","previousAltitudeAcclimationTimestamp":"2022-09-08T22:02:57.0","heatAcclimationTimestamp":"2022-09-08T22:02:57.0","previousHeatAcclimationTimestamp":"2022-09-07T22:02:51.0","altitudeAcclimation":0,"previousAltitudeAcclimation":0,"heatAcclimationPercentage":18,"previousHeatAcclimationPercentage":24,"heatTrend":"DEACCLIMATIZING"},{"userProfilePK":76018113,"deviceId":3401978503,"calendarDate":"2022-09-10","timestamp":"2022-09-09T22:03:01.0","altitudeAcclimationTimestamp":"2022-09-09T22:03:01.0","previousAltitudeAcclimationTimestamp":"2022-09-09T22:03:01.0","heatAcclimationTimestamp":"2022-09-09T22:03:01.0","previousHeatAcclimationTimestamp":"2022-09-08T22:02:57.0","altitudeAcclimation":0,"previousAltitudeAcclimation":0,"heatAcclimationPercentage":13,"previousHeatAcclimationPercentage":18,"heatTrend":"DEACCLIMATIZING"},{"userProfilePK":76018113,"deviceId":3401978503,"calendarDate":"2022-09-10","timestamp":"2022-09-10T09:35:34.0","altitudeAcclimationTimestamp":"2022-09-10T09:35:34.0","previousAltitudeAcclimationTimestamp":"2022-09-10T09:35:34.0","heatAcclimationTimestamp":"2022-09-10T09:35:34.0","previousHeatAcclimationTimestamp":"2022-09-08T22:02:57.0","altitudeAcclimation":0,"previousAltitudeAcclimation":0,"heatAcclimationPercentage":13,"previousHeatAcclimationPercentage":18,"heatTrend":"DEACCLIMATIZING"},{"userProfilePK":76018113,"deviceId":3401978503,"calendarDate":"2022-09-11","timestamp":"2022-09-10T22:03:06.0","altitudeAcclimationTimestamp":"2022-09-10T22:03:06.0","previousAltitudeAcclimationTimestamp":"2022-09-10T22:03:06.0","heatAcclimationTimestamp":"2022-09-10T22:03:06.0","previousHeatAcclimationTimestamp":"2022-09-10T09:35:34.0","altitudeAcclimation":0,"previousAltitudeAcclimation":0,"heatAcclimationPercentage":8,"previousHeatAcclimationPercentage":13,"heatTrend":"DEACCLIMATIZING"},{"userProfilePK":76018113,"deviceId":3401978503,"calendarDate":"2022-09-11","timestamp":"2022-09-11T10:18:04.0","altitudeAcclimationTimestamp":"2022-09-11T10:18:04.0","previousAltitudeAcclimationTimestamp":"2022-09-11T10:18:04.0","heatAcclimationTimestamp":"2022-09-11T10:18:04.0","previousHeatAcclimationTimestamp":"2022-09-10T09:35:34.0","altitudeAcclimation":0,"previousAltitudeAcclimation":0,"heatAcclimationPercentage":18,"previousHeatAcclimationPercentage":13,"heatTrend":"ACCLIMATIZING"},{"userProfilePK":76018113,"deviceId":3401978503,"calendarDate":"2022-09-12","timestamp":"2022-09-11T22:03:09.0","altitudeAcclimationTimestamp":"2022-09-11T22:03:09.0","previousAltitudeAcclimationTimestamp":"2022-09-11T22:03:09.0","heatAcclimationTimestamp":"2022-09-11T22:03:09.0","previousHeatAcclimationTimestamp":"2022-09-11T10:18:04.0","altitudeAcclimation":0,"previousAltitudeAcclimation":0,"heatAcclimationPercentage":18,"previousHeatAcclimationPercentage":18,"heatTrend":"ACCLIMATIZED"},{"userProfilePK":76018113,"deviceId":3401978503,"calendarDate":"2022-09-13","timestamp":"2022-09-12T22:03:12.0","altitudeAcclimationTimestamp":"2022-09-12T22:03:12.0","previousAltitudeAcclimationTimestamp":"2022-09-12T22:03:12.0","heatAcclimationTimestamp":"2022-09-12T22:03:12.0","previousHeatAcclimationTimestamp":"2022-09-11T22:03:09.0","altitudeAcclimation":0,"previousAltitudeAcclimation":0,"heatAcclimationPercentage":15,"previousHeatAcclimationPercentage":18,"heatTrend":"DEACCLIMATIZING"},{"userProfilePK":76018113,"deviceId":3401978503,"calendarDate":"2022-09-13","timestamp":"2022-09-13T06:04:56.0","altitudeAcclimationTimestamp":"2022-09-13T06:04:56.0","previousAltitudeAcclimationTimestamp":"2022-09-13T06:04:56.0","heatAcclimationTimestamp":"2022-09-13T06:04:56.0","previousHeatAcclimationTimestamp":"2022-09-11T22:03:09.0","altitudeAcclimation":0,"previousAltitudeAcclimation":0,"heatAcclimationPercentage":15,"previousHeatAcclimationPercentage":18,"heatTrend":"DEACCLIMATIZING"},{"userProfilePK":76018113,"deviceId":3401978503,"calendarDate":"2022-09-14","timestamp":"2022-09-13T22:03:17.0","altitudeAcclimationTimestamp":"2022-09-13T22:03:17.0","previousAltitudeAcclimationTimestamp":"2022-09-13T22:03:17.0","heatAcclimationTimestamp":"2022-09-13T22:03:17.0","previousHeatAcclimationTimestamp":"2022-09-13T06:04:56.0","altitudeAcclimation":0,"previousAltitudeAcclimation":0,"heatAcclimationPercentage":13,"previousHeatAcclimationPercentage":15,"heatTrend":"DEACCLIMATIZING"},{"userProfilePK":76018113,"deviceId":3401978503,"calendarDate":"2022-09-15","timestamp":"2022-09-14T22:03:21.0","altitudeAcclimationTimestamp":"2022-09-14T22:03:21.0","previousAltitudeAcclimationTimestamp":"2022-09-14T22:03:21.0","heatAcclimationTimestamp":"2022-09-14T22:03:21.0","previousHeatAcclimationTimestamp":"2022-09-13T22:03:17.0","altitudeAcclimation":0,"previousAltitudeAcclimation":0,"heatAcclimationPercentage":11,"previousHeatAcclimationPercentage":13,"heatTrend":"DEACCLIMATIZING"},{"userProfilePK":76018113,"deviceId":3401978503,"calendarDate":"2022-09-15","timestamp":"2022-09-15T05:59:52.0","altitudeAcclimationTimestamp":"2022-09-15T05:59:52.0","previousAltitudeAcclimationTimestamp":"2022-09-15T05:59:52.0","heatAcclimationTimestamp":"2022-09-15T05:59:52.0","previousHeatAcclimationTimestamp":"2022-09-13T22:03:17.0","altitudeAcclimation":0,"previousAltitudeAcclimation":0,"heatAcclimationPercentage":11,"previousHeatAcclimationPercentage":13,"heatTrend":"DEACCLIMATIZING"},{"userProfilePK":76018113,"deviceId":3401978503,"calendarDate":"2022-09-16","timestamp":"2022-09-15T22:03:24.0","altitudeAcclimationTimestamp":"2022-09-15T22:03:24.0","previousAltitudeAcclimationTimestamp":"2022-09-15T22:03:24.0","heatAcclimationTimestamp":"2022-09-15T22:03:24.0","previousHeatAcclimationTimestamp":"2022-09-15T05:59:52.0","altitudeAcclimation":0,"previousAltitudeAcclimation":0,"heatAcclimationPercentage":9,"previousHeatAcclimationPercentage":11,"heatTrend":"DEACCLIMATIZING"},{"userProfilePK":76018113,"deviceId":3401978503,"calendarDate":"2022-09-17","timestamp":"2022-09-16T22:03:26.0","altitudeAcclimationTimestamp":"2022-09-16T22:03:26.0","previousAltitudeAcclimationTimestamp":"2022-09-16T22:03:26.0","heatAcclimationTimestamp":"2022-09-16T22:03:26.0","previousHeatAcclimationTimestamp":"2022-09-15T22:03:24.0","altitudeAcclimation":0,"previousAltitudeAcclimation":0,"heatAcclimationPercentage":8,"previousHeatAcclimationPercentage":9,"heatTrend":"DEACCLIMATIZING"},{"userProfilePK":76018113,"deviceId":3401978503,"calendarDate":"2022-09-17","timestamp":"2022-09-17T07:21:06.0","altitudeAcclimationTimestamp":"2022-09-17T07:21:06.0","previousAltitudeAcclimationTimestamp":"2022-09-17T07:21:06.0","heatAcclimationTimestamp":"2022-09-17T07:21:06.0","previousHeatAcclimationTimestamp":"2022-09-15T22:03:24.0","altitudeAcclimation":0,"previousAltitudeAcclimation":0,"heatAcclimationPercentage":8,"previousHeatAcclimationPercentage":9,"heatTrend":"DEACCLIMATIZING"},{"userProfilePK":76018113,"deviceId":3401978503,"calendarDate":"2022-09-18","timestamp":"2022-09-17T22:03:31.0","altitudeAcclimationTimestamp":"2022-09-17T22:03:31.0","previousAltitudeAcclimationTimestamp":"2022-09-17T22:03:31.0","heatAcclimationTimestamp":"2022-09-17T22:03:31.0","previousHeatAcclimationTimestamp":"2022-09-17T07:21:06.0","altitudeAcclimation":0,"previousAltitudeAcclimation":0,"heatAcclimationPercentage":7,"previousHeatAcclimationPercentage":8,"heatTrend":"DEACCLIMATIZING"},{"userProfilePK":76018113,"deviceId":3401978503,"calendarDate":"2022-09-18","timestamp":"2022-09-18T06:14:01.0","altitudeAcclimationTimestamp":"2022-09-18T06:14:01.0","previousAltitudeAcclimationTimestamp":"2022-09-18T06:14:01.0","heatAcclimationTimestamp":"2022-09-18T06:14:01.0","previousHeatAcclimationTimestamp":"2022-09-17T07:21:06.0","altitudeAcclimation":0,"previousAltitudeAcclimation":0,"heatAcclimationPercentage":7,"previousHeatAcclimationPercentage":8,"heatTrend":"DEACCLIMATIZING"},{"userProfilePK":76018113,"deviceId":3401978503,"calendarDate":"2022-09-19","timestamp":"2022-09-18T22:03:35.0","altitudeAcclimationTimestamp":"2022-09-18T22:03:35.0","previousAltitudeAcclimationTimestamp":"2022-09-18T22:03:35.0","heatAcclimationTimestamp":"2022-09-18T22:03:35.0","previousHeatAcclimationTimestamp":"2022-09-18T06:14:01.0","altitudeAcclimation":0,"previousAltitudeAcclimation":0,"heatAcclimationPercentage":6,"previousHeatAcclimationPercentage":7,"heatTrend":"DEACCLIMATIZING"},{"userProfilePK":76018113,"deviceId":3401978503,"calendarDate":"2022-09-20","timestamp":"2022-09-19T22:03:38.0","altitudeAcclimationTimestamp":"2022-09-19T22:03:38.0","previousAltitudeAcclimationTimestamp":"2022-09-19T22:03:38.0","heatAcclimationTimestamp":"2022-09-19T22:03:38.0","previousHeatAcclimationTimestamp":"2022-09-18T22:03:35.0","altitudeAcclimation":0,"previousAltitudeAcclimation":0,"heatAcclimationPercentage":5,"previousHeatAcclimationPercentage":6,"heatTrend":"DEACCLIMATIZING"},{"userProfilePK":76018113,"deviceId":3401978503,"calendarDate":"2022-09-21","timestamp":"2022-09-20T22:04:31.0","altitudeAcclimationTimestamp":"2022-09-20T22:04:31.0","previousAltitudeAcclimationTimestamp":"2022-09-20T22:04:31.0","heatAcclimationTimestamp":"2022-09-20T22:04:31.0","previousHeatAcclimationTimestamp":"2022-09-19T22:03:38.0","altitudeAcclimation":0,"previousAltitudeAcclimation":0,"heatAcclimationPercentage":4,"previousHeatAcclimationPercentage":5,"heatTrend":"DEACCLIMATIZING"},{"userProfilePK":76018113,"deviceId":3401978503,"calendarDate":"2022-09-21","timestamp":"2022-09-21T05:53:52.0","altitudeAcclimationTimestamp":"2022-09-21T05:53:52.0","previousAltitudeAcclimationTimestamp":"2022-09-21T05:53:52.0","heatAcclimationTimestamp":"2022-09-21T05:53:52.0","previousHeatAcclimationTimestamp":"2022-09-19T22:03:38.0","altitudeAcclimation":0,"previousAltitudeAcclimation":0,"heatAcclimationPercentage":4,"previousHeatAcclimationPercentage":5,"heatTrend":"DEACCLIMATIZING"},{"userProfilePK":76018113,"deviceId":3401978503,"calendarDate":"2022-09-22","timestamp":"2022-09-21T22:04:36.0","altitudeAcclimationTimestamp":"2022-09-21T22:04:36.0","previousAltitudeAcclimationTimestamp":"2022-09-21T22:04:36.0","heatAcclimationTimestamp":"2022-09-21T22:04:36.0","previousHeatAcclimationTimestamp":"2022-09-21T05:53:52.0","altitudeAcclimation":0,"previousAltitudeAcclimation":0,"heatAcclimationPercentage":3,"previousHeatAcclimationPercentage":4,"heatTrend":"DEACCLIMATIZING"},{"userProfilePK":76018113,"deviceId":3401978503,"calendarDate":"2022-09-22","timestamp":"2022-09-22T05:52:00.0","altitudeAcclimationTimestamp":"2022-09-22T05:52:00.0","previousAltitudeAcclimationTimestamp":"2022-09-22T05:52:00.0","heatAcclimationTimestamp":"2022-09-22T05:52:00.0","previousHeatAcclimationTimestamp":"2022-09-21T05:53:52.0","altitudeAcclimation":0,"previousAltitudeAcclimation":0,"heatAcclimationPercentage":3,"previousHeatAcclimationPercentage":4,"heatTrend":"DEACCLIMATIZING"},{"userProfilePK":76018113,"deviceId":3401978503,"calendarDate":"2022-09-23","timestamp":"2022-09-22T22:02:01.0","altitudeAcclimationTimestamp":"2022-09-22T22:02:01.0","previousAltitudeAcclimationTimestamp":"2022-09-22T22:02:01.0","heatAcclimationTimestamp":"2022-09-22T22:02:01.0","previousHeatAcclimationTimestamp":"2022-09-22T05:52:00.0","altitudeAcclimation":0,"previousAltitudeAcclimation":0,"heatAcclimationPercentage":2,"previousHeatAcclimationPercentage":3,"heatTrend":"DEACCLIMATIZING"},{"userProfilePK":76018113,"deviceId":3401978503,"calendarDate":"2022-09-23","timestamp":"2022-09-23T05:53:56.0","altitudeAcclimationTimestamp":"2022-09-23T05:53:56.0","previousAltitudeAcclimationTimestamp":"2022-09-23T05:53:56.0","heatAcclimationTimestamp":"2022-09-23T05:53:56.0","previousHeatAcclimationTimestamp":"2022-09-22T05:52:00.0","altitudeAcclimation":0,"previousAltitudeAcclimation":0,"heatAcclimationPercentage":2,"previousHeatAcclimationPercentage":3,"heatTrend":"DEACCLIMATIZING"},{"userProfilePK":76018113,"deviceId":3401978503,"calendarDate":"2022-09-24","timestamp":"2022-09-23T22:02:04.0","altitudeAcclimationTimestamp":"2022-09-23T22:02:04.0","previousAltitudeAcclimationTimestamp":"2022-09-23T22:02:04.0","heatAcclimationTimestamp":"2022-09-23T22:02:04.0","previousHeatAcclimationTimestamp":"2022-09-23T05:53:56.0","altitudeAcclimation":0,"previousAltitudeAcclimation":0,"heatAcclimationPercentage":1,"previousHeatAcclimationPercentage":2,"heatTrend":"DEACCLIMATIZING"},{"userProfilePK":76018113,"deviceId":3401978503,"calendarDate":"2022-09-25","timestamp":"2022-09-24T22:02:06.0","altitudeAcclimationTimestamp":"2022-09-24T22:02:06.0","previousAltitudeAcclimationTimestamp":"2022-09-24T22:02:06.0","heatAcclimationTimestamp":"2022-09-24T22:02:06.0","previousHeatAcclimationTimestamp":"2022-09-24T22:02:06.0","altitudeAcclimation":0,"previousAltitudeAcclimation":0,"heatAcclimationPercentage":0,"previousHeatAcclimationPercentage":0},{"userProfilePK":76018113,"deviceId":3401978503,"calendarDate":"2022-09-25","timestamp":"2022-09-25T10:21:12.0","altitudeAcclimationTimestamp":"2022-09-25T10:21:12.0","previousAltitudeAcclimationTimestamp":"2022-09-25T10:21:12.0","heatAcclimationTimestamp":"2022-09-25T10:21:12.0","previousHeatAcclimationTimestamp":"2022-09-25T10:21:12.0","altitudeAcclimation":0,"previousAltitudeAcclimation":0,"heatAcclimationPercentage":0,"previousHeatAcclimationPercentage":0},{"userProfilePK":76018113,"deviceId":3401978503,"calendarDate":"2022-09-26","timestamp":"2022-09-25T22:02:10.0","altitudeAcclimationTimestamp":"2022-09-25T22:02:10.0","previousAltitudeAcclimationTimestamp":"2022-09-25T22:02:10.0","heatAcclimationTimestamp":"2022-09-25T22:02:10.0","previousHeatAcclimationTimestamp":"2022-09-25T22:02:10.0","altitudeAcclimation":0,"previousAltitudeAcclimation":0,"heatAcclimationPercentage":0,"previousHeatAcclimationPercentage":0},{"userProfilePK":76018113,"deviceId":3401978503,"calendarDate":"2022-09-27","timestamp":"2022-09-26T22:02:14.0","altitudeAcclimationTimestamp":"2022-09-26T22:02:14.0","previousAltitudeAcclimationTimestamp":"2022-09-26T22:02:14.0","heatAcclimationTimestamp":"2022-09-26T22:02:14.0","previousHeatAcclimationTimestamp":"2022-09-26T22:02:14.0","altitudeAcclimation":0,"previousAltitudeAcclimation":0,"heatAcclimationPercentage":0,"previousHeatAcclimationPercentage":0},{"userProfilePK":76018113,"deviceId":3401978503,"calendarDate":"2022-09-28","timestamp":"2022-09-27T22:02:14.0","altitudeAcclimationTimestamp":"2022-09-27T22:02:14.0","previousAltitudeAcclimationTimestamp":"2022-09-27T22:02:14.0","heatAcclimationTimestamp":"2022-09-27T22:02:14.0","previousHeatAcclimationTimestamp":"2022-09-27T22:02:14.0","altitudeAcclimation":0,"previousAltitudeAcclimation":0,"heatAcclimationPercentage":0,"previousHeatAcclimationPercentage":0},{"userProfilePK":76018113,"deviceId":3401978503,"calendarDate":"2022-09-28","timestamp":"2022-09-28T05:47:15.0","altitudeAcclimationTimestamp":"2022-09-28T05:47:15.0","previousAltitudeAcclimationTimestamp":"2022-09-28T05:47:15.0","heatAcclimationTimestamp":"2022-09-28T05:47:15.0","previousHeatAcclimationTimestamp":"2022-09-28T05:47:15.0","altitudeAcclimation":0,"previousAltitudeAcclimation":0,"heatAcclimationPercentage":0,"previousHeatAcclimationPercentage":0},{"userProfilePK":76018113,"deviceId":3401978503,"calendarDate":"2022-09-29","timestamp":"2022-09-28T22:02:19.0","altitudeAcclimationTimestamp":"2022-09-28T22:02:19.0","previousAltitudeAcclimationTimestamp":"2022-09-28T22:02:19.0","heatAcclimationTimestamp":"2022-09-28T22:02:19.0","previousHeatAcclimationTimestamp":"2022-09-28T22:02:19.0","altitudeAcclimation":0,"previousAltitudeAcclimation":0,"heatAcclimationPercentage":0,"previousHeatAcclimationPercentage":0},{"userProfilePK":76018113,"deviceId":3401978503,"calendarDate":"2022-09-29","timestamp":"2022-09-29T05:52:07.0","altitudeAcclimationTimestamp":"2022-09-29T05:52:07.0","previousAltitudeAcclimationTimestamp":"2022-09-29T05:52:07.0","heatAcclimationTimestamp":"2022-09-29T05:52:07.0","previousHeatAcclimationTimestamp":"2022-09-29T05:52:07.0","altitudeAcclimation":0,"previousAltitudeAcclimation":0,"heatAcclimationPercentage":0,"previousHeatAcclimationPercentage":0},{"userProfilePK":76018113,"deviceId":3401978503,"calendarDate":"2022-09-30","timestamp":"2022-09-29T22:02:24.0","altitudeAcclimationTimestamp":"2022-09-29T22:02:24.0","previousAltitudeAcclimationTimestamp":"2022-09-29T22:02:24.0","heatAcclimationTimestamp":"2022-09-29T22:02:24.0","previousHeatAcclimationTimestamp":"2022-09-29T22:02:24.0","altitudeAcclimation":0,"previousAltitudeAcclimation":0,"heatAcclimationPercentage":0,"previousHeatAcclimationPercentage":0},{"userProfilePK":76018113,"deviceId":3401978503,"calendarDate":"2022-09-30","timestamp":"2022-09-30T06:03:09.0","altitudeAcclimationTimestamp":"2022-09-30T06:03:09.0","previousAltitudeAcclimationTimestamp":"2022-09-30T06:03:09.0","heatAcclimationTimestamp":"2022-09-30T06:03:09.0","previousHeatAcclimationTimestamp":"2022-09-30T06:03:09.0","altitudeAcclimation":0,"previousAltitudeAcclimation":0,"heatAcclimationPercentage":0,"previousHeatAcclimationPercentage":0},{"userProfilePK":76018113,"deviceId":3401978503,"calendarDate":"2022-10-01","timestamp":"2022-09-30T22:02:28.0","altitudeAcclimationTimestamp":"2022-09-30T22:02:28.0","previousAltitudeAcclimationTimestamp":"2022-09-30T22:02:28.0","heatAcclimationTimestamp":"2022-09-30T22:02:28.0","previousHeatAcclimationTimestamp":"2022-09-30T22:02:28.0","altitudeAcclimation":0,"previousAltitudeAcclimation":0,"heatAcclimationPercentage":0,"previousHeatAcclimationPercentage":0},{"userProfilePK":76018113,"deviceId":3401978503,"calendarDate":"2022-10-01","timestamp":"2022-10-01T07:03:54.0","altitudeAcclimationTimestamp":"2022-10-01T07:03:54.0","previousAltitudeAcclimationTimestamp":"2022-10-01T07:03:54.0","heatAcclimationTimestamp":"2022-10-01T07:03:54.0","previousHeatAcclimationTimestamp":"2022-10-01T07:03:54.0","altitudeAcclimation":0,"previousAltitudeAcclimation":0,"heatAcclimationPercentage":0,"previousHeatAcclimationPercentage":0},{"userProfilePK":76018113,"deviceId":3401978503,"calendarDate":"2022-10-02","timestamp":"2022-10-01T22:02:32.0","altitudeAcclimationTimestamp":"2022-10-01T22:02:32.0","previousAltitudeAcclimationTimestamp":"2022-10-01T22:02:32.0","heatAcclimationTimestamp":"2022-10-01T22:02:32.0","previousHeatAcclimationTimestamp":"2022-10-01T22:02:32.0","altitudeAcclimation":0,"previousAltitudeAcclimation":0,"heatAcclimationPercentage":0,"previousHeatAcclimationPercentage":0},{"userProfilePK":76018113,"deviceId":3401978503,"calendarDate":"2022-10-03","timestamp":"2022-10-02T22:02:36.0","altitudeAcclimationTimestamp":"2022-10-02T22:02:36.0","previousAltitudeAcclimationTimestamp":"2022-10-02T22:02:36.0","heatAcclimationTimestamp":"2022-10-02T22:02:36.0","previousHeatAcclimationTimestamp":"2022-10-02T22:02:36.0","altitudeAcclimation":0,"previousAltitudeAcclimation":0,"heatAcclimationPercentage":0,"previousHeatAcclimationPercentage":0},{"userProfilePK":76018113,"deviceId":3401978503,"calendarDate":"2022-10-04","timestamp":"2022-10-03T22:02:40.0","altitudeAcclimationTimestamp":"2022-10-03T22:02:40.0","previousAltitudeAcclimationTimestamp":"2022-10-03T22:02:40.0","heatAcclimationTimestamp":"2022-10-03T22:02:40.0","previousHeatAcclimationTimestamp":"2022-10-03T22:02:40.0","altitudeAcclimation":0,"previousAltitudeAcclimation":0,"heatAcclimationPercentage":0,"previousHeatAcclimationPercentage":0},{"userProfilePK":76018113,"deviceId":3401978503,"calendarDate":"2022-10-04","timestamp":"2022-10-04T06:16:14.0","altitudeAcclimationTimestamp":"2022-10-04T06:16:14.0","previousAltitudeAcclimationTimestamp":"2022-10-04T06:16:14.0","heatAcclimationTimestamp":"2022-10-04T06:16:14.0","previousHeatAcclimationTimestamp":"2022-10-04T06:16:14.0","altitudeAcclimation":0,"previousAltitudeAcclimation":0,"heatAcclimationPercentage":0,"previousHeatAcclimationPercentage":0},{"userProfilePK":76018113,"deviceId":3401978503,"calendarDate":"2022-10-05","timestamp":"2022-10-04T22:02:45.0","altitudeAcclimationTimestamp":"2022-10-04T22:02:45.0","previousAltitudeAcclimationTimestamp":"2022-10-04T22:02:45.0","heatAcclimationTimestamp":"2022-10-04T22:02:45.0","previousHeatAcclimationTimestamp":"2022-10-04T22:02:45.0","altitudeAcclimation":0,"previousAltitudeAcclimation":0,"heatAcclimationPercentage":0,"previousHeatAcclimationPercentage":0},{"userProfilePK":76018113,"deviceId":3401978503,"calendarDate":"2022-10-05","timestamp":"2022-10-05T05:56:48.0","altitudeAcclimationTimestamp":"2022-10-05T05:56:48.0","previousAltitudeAcclimationTimestamp":"2022-10-05T05:56:48.0","heatAcclimationTimestamp":"2022-10-05T05:56:48.0","previousHeatAcclimationTimestamp":"2022-10-05T05:56:48.0","altitudeAcclimation":0,"previousAltitudeAcclimation":0,"heatAcclimationPercentage":0,"previousHeatAcclimationPercentage":0},{"userProfilePK":76018113,"deviceId":3401978503,"calendarDate":"2022-10-06","timestamp":"2022-10-05T22:02:51.0","altitudeAcclimationTimestamp":"2022-10-05T22:02:51.0","previousAltitudeAcclimationTimestamp":"2022-10-05T22:02:51.0","heatAcclimationTimestamp":"2022-10-05T22:02:51.0","previousHeatAcclimationTimestamp":"2022-10-05T22:02:51.0","altitudeAcclimation":0,"previousAltitudeAcclimation":0,"heatAcclimationPercentage":0,"previousHeatAcclimationPercentage":0},{"userProfilePK":76018113,"deviceId":3401978503,"calendarDate":"2022-10-07","timestamp":"2022-10-06T22:02:52.0","altitudeAcclimationTimestamp":"2022-10-06T22:02:52.0","previousAltitudeAcclimationTimestamp":"2022-10-06T22:02:52.0","heatAcclimationTimestamp":"2022-10-06T22:02:52.0","previousHeatAcclimationTimestamp":"2022-10-06T22:02:52.0","altitudeAcclimation":0,"previousAltitudeAcclimation":0,"heatAcclimationPercentage":0,"previousHeatAcclimationPercentage":0},{"userProfilePK":76018113,"deviceId":3401978503,"calendarDate":"2022-10-08","timestamp":"2022-10-07T22:03:00.0","altitudeAcclimationTimestamp":"2022-10-07T22:03:00.0","previousAltitudeAcclimationTimestamp":"2022-10-07T22:03:00.0","heatAcclimationTimestamp":"2022-10-07T22:03:00.0","previousHeatAcclimationTimestamp":"2022-10-07T22:03:00.0","altitudeAcclimation":0,"previousAltitudeAcclimation":0,"heatAcclimationPercentage":0,"previousHeatAcclimationPercentage":0},{"userProfilePK":76018113,"deviceId":3401978503,"calendarDate":"2022-10-08","timestamp":"2022-10-08T08:10:16.0","altitudeAcclimationTimestamp":"2022-10-08T08:10:16.0","previousAltitudeAcclimationTimestamp":"2022-10-08T08:10:16.0","heatAcclimationTimestamp":"2022-10-08T08:10:16.0","previousHeatAcclimationTimestamp":"2022-10-08T08:10:16.0","altitudeAcclimation":0,"previousAltitudeAcclimation":0,"heatAcclimationPercentage":0,"previousHeatAcclimationPercentage":0},{"userProfilePK":76018113,"deviceId":3401978503,"calendarDate":"2022-10-09","timestamp":"2022-10-08T22:03:06.0","altitudeAcclimationTimestamp":"2022-10-08T22:03:06.0","previousAltitudeAcclimationTimestamp":"2022-10-08T22:03:06.0","heatAcclimationTimestamp":"2022-10-08T22:03:06.0","previousHeatAcclimationTimestamp":"2022-10-08T22:03:06.0","altitudeAcclimation":0,"previousAltitudeAcclimation":0,"heatAcclimationPercentage":0,"previousHeatAcclimationPercentage":0},{"userProfilePK":76018113,"deviceId":3401978503,"calendarDate":"2022-10-10","timestamp":"2022-10-09T22:03:12.0","altitudeAcclimationTimestamp":"2022-10-09T22:03:12.0","previousAltitudeAcclimationTimestamp":"2022-10-09T22:03:12.0","heatAcclimationTimestamp":"2022-10-09T22:03:12.0","previousHeatAcclimationTimestamp":"2022-10-09T22:03:12.0","altitudeAcclimation":0,"previousAltitudeAcclimation":0,"heatAcclimationPercentage":0,"previousHeatAcclimationPercentage":0},{"userProfilePK":76018113,"deviceId":3401978503,"calendarDate":"2022-10-11","timestamp":"2022-10-10T22:03:18.0","altitudeAcclimationTimestamp":"2022-10-10T22:03:18.0","previousAltitudeAcclimationTimestamp":"2022-10-10T22:03:18.0","heatAcclimationTimestamp":"2022-10-10T22:03:18.0","previousHeatAcclimationTimestamp":"2022-10-10T22:03:18.0","altitudeAcclimation":0,"previousAltitudeAcclimation":0,"heatAcclimationPercentage":0,"previousHeatAcclimationPercentage":0},{"userProfilePK":76018113,"deviceId":3401978503,"calendarDate":"2022-10-12","timestamp":"2022-10-11T22:03:24.0","altitudeAcclimationTimestamp":"2022-10-11T22:03:24.0","previousAltitudeAcclimationTimestamp":"2022-10-11T22:03:24.0","heatAcclimationTimestamp":"2022-10-11T22:03:24.0","previousHeatAcclimationTimestamp":"2022-10-11T22:03:24.0","altitudeAcclimation":0,"previousAltitudeAcclimation":0,"heatAcclimationPercentage":0,"previousHeatAcclimationPercentage":0},{"userProfilePK":76018113,"deviceId":3401978503,"calendarDate":"2022-10-13","timestamp":"2022-10-12T22:03:29.0","altitudeAcclimationTimestamp":"2022-10-12T22:03:29.0","previousAltitudeAcclimationTimestamp":"2022-10-12T22:03:29.0","heatAcclimationTimestamp":"2022-10-12T22:03:29.0","previousHeatAcclimationTimestamp":"2022-10-12T22:03:29.0","altitudeAcclimation":0,"previousAltitudeAcclimation":0,"heatAcclimationPercentage":0,"previousHeatAcclimationPercentage":0},{"userProfilePK":76018113,"deviceId":3401978503,"calendarDate":"2022-10-13","timestamp":"2022-10-13T05:42:03.0","altitudeAcclimationTimestamp":"2022-10-13T05:42:03.0","previousAltitudeAcclimationTimestamp":"2022-10-13T05:42:03.0","heatAcclimationTimestamp":"2022-10-13T05:42:03.0","previousHeatAcclimationTimestamp":"2022-10-13T05:42:03.0","altitudeAcclimation":0,"previousAltitudeAcclimation":0,"heatAcclimationPercentage":0,"previousHeatAcclimationPercentage":0},{"userProfilePK":76018113,"deviceId":3401978503,"calendarDate":"2022-10-14","timestamp":"2022-10-13T22:03:34.0","altitudeAcclimationTimestamp":"2022-10-13T22:03:34.0","previousAltitudeAcclimationTimestamp":"2022-10-13T22:03:34.0","heatAcclimationTimestamp":"2022-10-13T22:03:34.0","previousHeatAcclimationTimestamp":"2022-10-13T22:03:34.0","altitudeAcclimation":0,"previousAltitudeAcclimation":0,"heatAcclimationPercentage":0,"previousHeatAcclimationPercentage":0},{"userProfilePK":76018113,"deviceId":3401978503,"calendarDate":"2022-10-15","timestamp":"2022-10-14T22:03:39.0","altitudeAcclimationTimestamp":"2022-10-14T22:03:39.0","previousAltitudeAcclimationTimestamp":"2022-10-14T22:03:39.0","heatAcclimationTimestamp":"2022-10-14T22:03:39.0","previousHeatAcclimationTimestamp":"2022-10-14T22:03:39.0","altitudeAcclimation":0,"previousAltitudeAcclimation":0,"heatAcclimationPercentage":0,"previousHeatAcclimationPercentage":0},{"userProfilePK":76018113,"deviceId":3401978503,"calendarDate":"2022-10-16","timestamp":"2022-10-15T22:03:43.0","altitudeAcclimationTimestamp":"2022-10-15T22:03:43.0","previousAltitudeAcclimationTimestamp":"2022-10-15T22:03:43.0","heatAcclimationTimestamp":"2022-10-15T22:03:43.0","previousHeatAcclimationTimestamp":"2022-10-15T22:03:43.0","altitudeAcclimation":0,"previousAltitudeAcclimation":0,"heatAcclimationPercentage":0,"previousHeatAcclimationPercentage":0},{"userProfilePK":76018113,"deviceId":3401978503,"calendarDate":"2022-10-16","timestamp":"2022-10-16T09:48:23.0","altitudeAcclimationTimestamp":"2022-10-16T09:48:23.0","previousAltitudeAcclimationTimestamp":"2022-10-16T09:48:23.0","heatAcclimationTimestamp":"2022-10-16T09:48:23.0","previousHeatAcclimationTimestamp":"2022-10-16T09:48:23.0","altitudeAcclimation":0,"previousAltitudeAcclimation":0,"heatAcclimationPercentage":0,"previousHeatAcclimationPercentage":0},{"userProfilePK":76018113,"deviceId":3401978503,"calendarDate":"2022-10-17","timestamp":"2022-10-16T22:03:50.0","altitudeAcclimationTimestamp":"2022-10-16T22:03:50.0","previousAltitudeAcclimationTimestamp":"2022-10-16T22:03:50.0","heatAcclimationTimestamp":"2022-10-16T22:03:50.0","previousHeatAcclimationTimestamp":"2022-10-16T22:03:50.0","altitudeAcclimation":0,"previousAltitudeAcclimation":0,"heatAcclimationPercentage":0,"previousHeatAcclimationPercentage":0},{"userProfilePK":76018113,"deviceId":3401978503,"calendarDate":"2022-10-17","timestamp":"2022-10-17T06:08:28.0","altitudeAcclimationTimestamp":"2022-10-17T06:08:28.0","previousAltitudeAcclimationTimestamp":"2022-10-17T06:08:28.0","heatAcclimationTimestamp":"2022-10-17T06:08:28.0","previousHeatAcclimationTimestamp":"2022-10-17T06:08:28.0","altitudeAcclimation":0,"previousAltitudeAcclimation":0,"heatAcclimationPercentage":0,"previousHeatAcclimationPercentage":0},{"userProfilePK":76018113,"deviceId":3401978503,"calendarDate":"2022-10-18","timestamp":"2022-10-17T22:03:53.0","altitudeAcclimationTimestamp":"2022-10-17T22:03:53.0","previousAltitudeAcclimationTimestamp":"2022-10-17T22:03:53.0","heatAcclimationTimestamp":"2022-10-17T22:03:53.0","previousHeatAcclimationTimestamp":"2022-10-17T22:03:53.0","altitudeAcclimation":0,"previousAltitudeAcclimation":0,"heatAcclimationPercentage":0,"previousHeatAcclimationPercentage":0},{"userProfilePK":76018113,"deviceId":3401978503,"calendarDate":"2022-10-19","timestamp":"2022-10-18T22:03:56.0","altitudeAcclimationTimestamp":"2022-10-18T22:03:56.0","previousAltitudeAcclimationTimestamp":"2022-10-18T22:03:56.0","heatAcclimationTimestamp":"2022-10-18T22:03:56.0","previousHeatAcclimationTimestamp":"2022-10-18T22:03:56.0","altitudeAcclimation":0,"previousAltitudeAcclimation":0,"heatAcclimationPercentage":0,"previousHeatAcclimationPercentage":0},{"userProfilePK":76018113,"deviceId":3401978503,"calendarDate":"2022-10-20","timestamp":"2022-10-19T22:04:00.0","altitudeAcclimationTimestamp":"2022-10-19T22:04:00.0","previousAltitudeAcclimationTimestamp":"2022-10-19T22:04:00.0","heatAcclimationTimestamp":"2022-10-19T22:04:00.0","previousHeatAcclimationTimestamp":"2022-10-19T22:04:00.0","altitudeAcclimation":0,"previousAltitudeAcclimation":0,"heatAcclimationPercentage":0,"previousHeatAcclimationPercentage":0},{"userProfilePK":76018113,"deviceId":3401978503,"calendarDate":"2022-10-20","timestamp":"2022-10-20T06:10:22.0","altitudeAcclimationTimestamp":"2022-10-20T06:10:22.0","previousAltitudeAcclimationTimestamp":"2022-10-20T06:10:22.0","heatAcclimationTimestamp":"2022-10-20T06:10:22.0","previousHeatAcclimationTimestamp":"2022-10-20T06:10:22.0","altitudeAcclimation":0,"previousAltitudeAcclimation":0,"heatAcclimationPercentage":0,"previousHeatAcclimationPercentage":0},{"userProfilePK":76018113,"deviceId":3401978503,"calendarDate":"2022-10-21","timestamp":"2022-10-20T22:04:03.0","altitudeAcclimationTimestamp":"2022-10-20T22:04:03.0","previousAltitudeAcclimationTimestamp":"2022-10-20T22:04:03.0","heatAcclimationTimestamp":"2022-10-20T22:04:03.0","previousHeatAcclimationTimestamp":"2022-10-20T22:04:03.0","altitudeAcclimation":0,"previousAltitudeAcclimation":0,"heatAcclimationPercentage":0,"previousHeatAcclimationPercentage":0},{"userProfilePK":76018113,"deviceId":3401978503,"calendarDate":"2022-10-22","timestamp":"2022-10-21T22:04:07.0","altitudeAcclimationTimestamp":"2022-10-21T22:04:07.0","previousAltitudeAcclimationTimestamp":"2022-10-21T22:04:07.0","heatAcclimationTimestamp":"2022-10-21T22:04:07.0","previousHeatAcclimationTimestamp":"2022-10-21T22:04:07.0","altitudeAcclimation":0,"previousAltitudeAcclimation":0,"heatAcclimationPercentage":0,"previousHeatAcclimationPercentage":0},{"userProfilePK":76018113,"deviceId":3401978503,"calendarDate":"2022-10-22","timestamp":"2022-10-22T09:09:46.0","altitudeAcclimationTimestamp":"2022-10-22T09:09:46.0","previousAltitudeAcclimationTimestamp":"2022-10-22T09:09:46.0","heatAcclimationTimestamp":"2022-10-22T09:09:46.0","previousHeatAcclimationTimestamp":"2022-10-22T09:09:46.0","altitudeAcclimation":0,"previousAltitudeAcclimation":0,"heatAcclimationPercentage":0,"previousHeatAcclimationPercentage":0},{"userProfilePK":76018113,"deviceId":3401978503,"calendarDate":"2022-10-23","timestamp":"2022-10-22T22:04:12.0","altitudeAcclimationTimestamp":"2022-10-22T22:04:12.0","previousAltitudeAcclimationTimestamp":"2022-10-22T22:04:12.0","heatAcclimationTimestamp":"2022-10-22T22:04:12.0","previousHeatAcclimationTimestamp":"2022-10-22T22:04:12.0","altitudeAcclimation":0,"previousAltitudeAcclimation":0,"heatAcclimationPercentage":0,"previousHeatAcclimationPercentage":0},{"userProfilePK":76018113,"deviceId":3401978503,"calendarDate":"2022-10-24","timestamp":"2022-10-23T22:04:15.0","altitudeAcclimationTimestamp":"2022-10-23T22:04:15.0","previousAltitudeAcclimationTimestamp":"2022-10-23T22:04:15.0","heatAcclimationTimestamp":"2022-10-23T22:04:15.0","previousHeatAcclimationTimestamp":"2022-10-23T22:04:15.0","altitudeAcclimation":0,"previousAltitudeAcclimation":0,"heatAcclimationPercentage":0,"previousHeatAcclimationPercentage":0},{"userProfilePK":76018113,"deviceId":3401978503,"calendarDate":"2022-10-25","timestamp":"2022-10-24T22:04:19.0","altitudeAcclimationTimestamp":"2022-10-24T22:04:19.0","previousAltitudeAcclimationTimestamp":"2022-10-24T22:04:19.0","heatAcclimationTimestamp":"2022-10-24T22:04:19.0","previousHeatAcclimationTimestamp":"2022-10-24T22:04:19.0","altitudeAcclimation":0,"previousAltitudeAcclimation":0,"heatAcclimationPercentage":0,"previousHeatAcclimationPercentage":0},{"userProfilePK":76018113,"deviceId":3401978503,"calendarDate":"2022-10-26","timestamp":"2022-10-25T22:04:21.0","altitudeAcclimationTimestamp":"2022-10-25T22:04:21.0","previousAltitudeAcclimationTimestamp":"2022-10-25T22:04:21.0","heatAcclimationTimestamp":"2022-10-25T22:04:21.0","previousHeatAcclimationTimestamp":"2022-10-25T22:04:21.0","altitudeAcclimation":0,"previousAltitudeAcclimation":0,"heatAcclimationPercentage":0,"previousHeatAcclimationPercentage":0},{"userProfilePK":76018113,"deviceId":3401978503,"calendarDate":"2022-10-27","timestamp":"2022-10-26T22:04:24.0","altitudeAcclimationTimestamp":"2022-10-26T22:04:24.0","previousAltitudeAcclimationTimestamp":"2022-10-26T22:04:24.0","heatAcclimationTimestamp":"2022-10-26T22:04:24.0","previousHeatAcclimationTimestamp":"2022-10-26T22:04:24.0","altitudeAcclimation":0,"previousAltitudeAcclimation":0,"heatAcclimationPercentage":0,"previousHeatAcclimationPercentage":0},{"userProfilePK":76018113,"deviceId":3401978503,"calendarDate":"2022-10-28","timestamp":"2022-10-27T22:04:27.0","altitudeAcclimationTimestamp":"2022-10-27T22:04:27.0","previousAltitudeAcclimationTimestamp":"2022-10-27T22:04:27.0","heatAcclimationTimestamp":"2022-10-27T22:04:27.0","previousHeatAcclimationTimestamp":"2022-10-27T22:04:27.0","altitudeAcclimation":0,"previousAltitudeAcclimation":0,"heatAcclimationPercentage":0,"previousHeatAcclimationPercentage":0},{"userProfilePK":76018113,"deviceId":3401978503,"calendarDate":"2022-10-28","timestamp":"2022-10-28T04:49:20.0","altitudeAcclimationTimestamp":"2022-10-28T04:49:20.0","previousAltitudeAcclimationTimestamp":"2022-10-28T04:49:20.0","heatAcclimationTimestamp":"2022-10-28T04:49:20.0","previousHeatAcclimationTimestamp":"2022-10-28T04:49:20.0","altitudeAcclimation":0,"previousAltitudeAcclimation":0,"heatAcclimationPercentage":0,"previousHeatAcclimationPercentage":0},{"userProfilePK":76018113,"deviceId":3401978503,"calendarDate":"2022-10-28","timestamp":"2022-10-28T05:51:26.0","altitudeAcclimationTimestamp":"2022-10-28T05:51:26.0","previousAltitudeAcclimationTimestamp":"2022-10-28T05:51:26.0","heatAcclimationTimestamp":"2022-10-28T05:51:26.0","previousHeatAcclimationTimestamp":"2022-10-28T05:51:26.0","altitudeAcclimation":0,"previousAltitudeAcclimation":0,"heatAcclimationPercentage":0,"previousHeatAcclimationPercentage":0}]