[{"userProfilePK":76018113,"calendarDate":"2019-11-26","deviceId":3988162045,"updateTimestamp":"2019-11-26T07:41:04.0","vo2MaxValue":45.0,"fitnessAge":"20","fitnessAgeDescription":"0","analyzerMethod":5,"maxMet":12.85467529296875,"maxMetCategory":"GENERIC","calibratedData":0},{"userProfilePK":76018113,"calendarDate":"2019-12-26","deviceId":3988162045,"updateTimestamp":"2019-12-26T10:50:12.0","sport":"RUNNING","subSport":"GENERIC","vo2MaxValue":45.0,"fitnessAge":"20","fitnessAgeDescription":"0","analyzerMethod":5,"maxMet":12.907211303710938,"maxMetCategory":"GENERIC","calibratedData":1},{"userProfilePK":76018113,"calendarDate":"2019-12-26","deviceId":3988162045,"updateTimestamp":"2019-12-26T10:50:22.0","sport":"RUNNING","subSport":"GENERIC","vo2MaxValue":45.0,"fitnessAge":"20","fitnessAgeDescription":"0","analyzerMethod":5,"maxMet":12.907211303710938,"maxMetCategory":"GENERIC","calibratedData":1},{"userProfilePK":76018113,"calendarDate":"2019-12-27","deviceId":3988162045,"updateTimestamp":"2019-12-27T16:50:14.0","sport":"RUNNING","subSport":"GENERIC","vo2MaxValue":45.0,"fitnessAge":"20","fitnessAgeDescription":"0","analyzerMethod":5,"maxMet":12.934890747070312,"maxMetCategory":"GENERIC","calibratedData":1},{"userProfilePK":76018113,"calendarDate":"2019-12-27","deviceId":3988162045,"updateTimestamp":"2019-12-27T16:50:23.0","sport":"RUNNING","subSport":"GENERIC","vo2MaxValue":45.0,"fitnessAge":"20","fitnessAgeDescription":"0","analyzerMethod":5,"maxMet":12.934890747070312,"maxMetCategory":"GENERIC","calibratedData":1},{"userProfilePK":76018113,"calendarDate":"2020-01-01","deviceId":3988162045,"updateTimestamp":"2020-01-01T11:08:14.0","sport":"RUNNING","subSport":"GENERIC","vo2MaxValue":46.0,"fitnessAge":"20","fitnessAgeDescription":"0","analyzerMethod":5,"maxMet":13.02557373046875,"maxMetCategory":"GENERIC","calibratedData":1},{"userProfilePK":76018113,"calendarDate":"2020-01-01","deviceId":3988162045,"updateTimestamp":"2020-01-01T11:08:20.0","sport":"RUNNING","subSport":"GENERIC","vo2MaxValue":46.0,"fitnessAge":"20","fitnessAgeDescription":"0","analyzerMethod":5,"maxMet":13.02557373046875,"maxMetCategory":"GENERIC","calibratedData":1},{"userProfilePK":76018113,"calendarDate":"2020-01-13","deviceId":3988162045,"updateTimestamp":"2020-01-13T07:03:26.0","sport":"RUNNING","subSport":"GENERIC","vo2MaxValue":46.0,"fitnessAge":"20","fitnessAgeDescription":"0","analyzerMethod":5,"maxMet":13.10345458984375,"maxMetCategory":"GENERIC","calibratedData":1},{"userProfilePK":76018113,"calendarDate":"2020-01-13","deviceId":3988162045,"updateTimestamp":"2020-01-13T07:03:35.0","sport":"RUNNING","subSport":"GENERIC","vo2MaxValue":46.0,"fitnessAge":"20","fitnessAgeDescription":"0","analyzerMethod":5,"maxMet":13.10345458984375,"maxMetCategory":"GENERIC","calibratedData":1}]