[{"userProfilePK":76018113,"calendarDate":"2022-01-02","deviceId":3988162045,"updateTimestamp":"2022-01-02T16:31:23.0","sport":"RUNNING","subSport":"GENERIC","vo2MaxValue":50.0,"fitnessAge":"20","fitnessAgeDescription":"1","analyzerMethod":5,"maxMet":14.210678100585938,"maxMetCategory":"GENERIC","calibratedData":1},{"userProfilePK":76018113,"calendarDate":"2022-01-02","deviceId":3988162045,"updateTimestamp":"2022-01-02T16:31:31.0","sport":"RUNNING","subSport":"GENERIC","vo2MaxValue":50.0,"fitnessAge":"20","fitnessAgeDescription":"1","analyzerMethod":5,"maxMet":14.210678100585938,"maxMetCategory":"GENERIC","calibratedData":1},{"userProfilePK":76018113,"calendarDate":"2022-01-07","deviceId":3988162045,"updateTimestamp":"2022-01-07T08:28:55.0","sport":"RUNNING","subSport":"GENERIC","vo2MaxValue":50.0,"fitnessAge":"20","fitnessAgeDescription":"1","analyzerMethod":5,"maxMet":14.2144775390625,"maxMetCategory":"GENERIC","calibratedData":1},{"userProfilePK":76018113,"calendarDate":"2022-01-07","deviceId":3988162045,"updateTimestamp":"2022-01-07T08:29:04.0","sport":"RUNNING","subSport":"GENERIC","vo2MaxValue":50.0,"fitnessAge":"20","fitnessAgeDescription":"1","analyzerMethod":5,"maxMet":14.2144775390625,"maxMetCategory":"GENERIC","calibratedData":1},{"userProfilePK":76018113,"calendarDate":"2022-01-09","deviceId":3988162045,"updateTimestamp":"2022-01-09T12:24:15.0","sport":"RUNNING","subSport":"GENERIC","vo2MaxValue":50.0,"fitnessAge":"20","fitnessAgeDescription":"1","analyzerMethod":5,"maxMet":14.206298828125,"maxMetCategory":"GENERIC","calibratedData":1},{"userProfilePK":76018113,"calendarDate":"2022-01-09","deviceId":3988162045,"updateTimestamp":"2022-01-09T12:24:23.0","sport":"RUNNING","subSport":"GENERIC","vo2MaxValue":50.0,"fitnessAge":"20","fitnessAgeDescription":"1","analyzerMethod":5,"maxMet":14.206298828125,"maxMetCategory":"GENERIC","calibratedData":1},{"userProfilePK":76018113,"calendarDate":"2022-01-25","deviceId":3988162045,"updateTimestamp":"2022-01-25T07:27:26.0","sport":"RUNNING","subSport":"GENERIC","vo2MaxValue":50.0,"fitnessAge":"20","fitnessAgeDescription":"1","analyzerMethod":5,"maxMet":14.203445434570312,"maxMetCategory":"GENERIC","calibratedData":1},{"userProfilePK":76018113,"calendarDate":"2022-01-25","deviceId":3988162045,"updateTimestamp":"2022-01-25T07:27:33.0","sport":"RUNNING","subSport":"GENERIC","vo2MaxValue":50.0,"fitnessAge":"20","fitnessAgeDescription":"1","analyzerMethod":5,"maxMet":14.203445434570312,"maxMetCategory":"GENERIC","calibratedData":1},{"userProfilePK":76018113,"calendarDate":"2022-01-27","deviceId":3988162045,"updateTimestamp":"2022-01-27T07:14:04.0","sport":"RUNNING","subSport":"GENERIC","vo2MaxValue":49.0,"fitnessAge":"20","fitnessAgeDescription":"1","analyzerMethod":5,"maxMet":14.105453491210938,"maxMetCategory":"GENERIC","calibratedData":1},{"userProfilePK":76018113,"calendarDate":"2022-01-27","deviceId":3988162045,"updateTimestamp":"2022-01-27T07:14:11.0","sport":"RUNNING","subSport":"GENERIC","vo2MaxValue":49.0,"fitnessAge":"20","fitnessAgeDescription":"1","analyzerMethod":5,"maxMet":14.105453491210938,"maxMetCategory":"GENERIC","calibratedData":1},{"userProfilePK":76018113,"calendarDate":"2022-01-30","deviceId":3988162045,"updateTimestamp":"2022-01-30T12:48:59.0","sport":"RUNNING","subSport":"GENERIC","vo2MaxValue":50.0,"fitnessAge":"20","fitnessAgeDescription":"1","analyzerMethod":5,"maxMet":14.148178100585938,"maxMetCategory":"GENERIC","calibratedData":1},{"userProfilePK":76018113,"calendarDate":"2022-01-30","deviceId":3988162045,"updateTimestamp":"2022-01-30T12:49:07.0","sport":"RUNNING","subSport":"GENERIC","vo2MaxValue":50.0,"fitnessAge":"20","fitnessAgeDescription":"1","analyzerMethod":5,"maxMet":14.148178100585938,"maxMetCategory":"GENERIC","calibratedData":1},{"userProfilePK":76018113,"calendarDate":"2022-02-02","deviceId":3401978503,"updateTimestamp":"2022-02-02T07:04:37.0","sport":"RUNNING","subSport":"GENERIC","vo2MaxValue":50.0,"maxMet":14.238861083984375,"maxMetCategory":"GENERIC","calibratedData":1},{"userProfilePK":76018113,"calendarDate":"2022-02-03","deviceId":3401978503,"updateTimestamp":"2022-02-03T07:18:14.0","sport":"RUNNING","subSport":"GENERIC","vo2MaxValue":50.0,"maxMet":14.249679565429688,"maxMetCategory":"GENERIC","calibratedData":1},{"userProfilePK":76018113,"calendarDate":"2022-02-06","deviceId":3401978503,"updateTimestamp":"2022-02-06T12:20:47.0","sport":"RUNNING","subSport":"GENERIC","vo2MaxValue":50.0,"maxMet":14.232681274414062,"maxMetCategory":"GENERIC","calibratedData":1},{"userProfilePK":76018113,"calendarDate":"2022-02-08","deviceId":3401978503,"updateTimestamp":"2022-02-08T07:09:53.0","sport":"RUNNING","subSport":"GENERIC","vo2MaxValue":50.0,"maxMet":14.288726806640625,"maxMetCategory":"GENERIC","calibratedData":1},{"userProfilePK":76018113,"calendarDate":"2022-02-09","deviceId":3401978503,"updateTimestamp":"2022-02-09T07:22:59.0","sport":"RUNNING","subSport":"GENERIC","vo2MaxValue":50.0,"maxMet":14.312118530273438,"maxMetCategory":"GENERIC","calibratedData":1},{"userProfilePK":76018113,"calendarDate":"2022-02-13","deviceId":3401978503,"updateTimestamp":"2022-02-13T12:11:58.0","sport":"RUNNING","subSport":"GENERIC","vo2MaxValue":50.0,"maxMet":14.355194091796875,"maxMetCategory":"GENERIC","calibratedData":1},{"userProfilePK":76018113,"calendarDate":"2022-02-17","deviceId":3401978503,"updateTimestamp":"2022-02-17T06:58:25.0","sport":"RUNNING","subSport":"GENERIC","vo2MaxValue":50.0,"maxMet":14.275192260742188,"maxMetCategory":"GENERIC","calibratedData":1},{"userProfilePK":76018113,"calendarDate":"2022-02-19","deviceId":3401978503,"updateTimestamp":"2022-02-19T13:04:46.0","sport":"RUNNING","subSport":"GENERIC","vo2MaxValue":50.0,"maxMet":14.205612182617188,"maxMetCategory":"GENERIC","calibratedData":1},{"userProfilePK":76018113,"calendarDate":"2022-02-20","deviceId":3401978503,"updateTimestamp":"2022-02-20T17:30:00.0","sport":"RUNNING","subSport":"GENERIC","vo2MaxValue":50.0,"maxMet":14.233200073242188,"maxMetCategory":"GENERIC","calibratedData":1},{"userProfilePK":76018113,"calendarDate":"2022-02-23","deviceId":3401978503,"updateTimestamp":"2022-02-23T07:19:08.0","sport":"RUNNING","subSport":"GENERIC","vo2MaxValue":51.0,"maxMet":14.461029052734375,"maxMetCategory":"GENERIC","calibratedData":1},{"userProfilePK":76018113,"calendarDate":"2022-02-25","deviceId":3401978503,"updateTimestamp":"2022-02-25T07:04:52.0","sport":"RUNNING","subSport":"GENERIC","vo2MaxValue":51.0,"maxMet":14.50152587890625,"maxMetCategory":"GENERIC","calibratedData":1},{"userProfilePK":76018113,"calendarDate":"2022-02-27","deviceId":3401978503,"updateTimestamp":"2022-02-27T18:08:15.0","sport":"RUNNING","subSport":"GENERIC","vo2MaxValue":51.0,"maxMet":14.471435546875,"maxMetCategory":"GENERIC","calibratedData":1},{"userProfilePK":76018113,"calendarDate":"2022-03-02","deviceId":3401978503,"updateTimestamp":"2022-03-02T07:32:58.0","sport":"RUNNING","subSport":"GENERIC","vo2MaxValue":51.0,"maxMet":14.477005004882812,"maxMetCategory":"GENERIC","calibratedData":1},{"userProfilePK":76018113,"calendarDate":"2022-03-04","deviceId":3401978503,"updateTimestamp":"2022-03-04T07:02:13.0","sport":"RUNNING","subSport":"GENERIC","vo2MaxValue":51.0,"maxMet":14.6402587890625,"maxMetCategory":"GENERIC","calibratedData":1},{"userProfilePK":76018113,"calendarDate":"2022-03-06","deviceId":3401978503,"updateTimestamp":"2022-03-06T12:43:49.0","sport":"RUNNING","subSport":"GENERIC","vo2MaxValue":51.0,"maxMet":14.653717041015625,"maxMetCategory":"GENERIC","calibratedData":1},{"userProfilePK":76018113,"calendarDate":"2022-03-12","deviceId":3401978503,"updateTimestamp":"2022-03-12T16:37:36.0","sport":"RUNNING","subSport":"GENERIC","vo2MaxValue":51.0,"maxMet":14.680450439453125,"maxMetCategory":"GENERIC","calibratedData":1},{"userProfilePK":76018113,"calendarDate":"2022-03-13","deviceId":3401978503,"updateTimestamp":"2022-03-13T12:27:50.0","sport":"RUNNING","subSport":"GENERIC","vo2MaxValue":51.0,"maxMet":14.692306518554688,"maxMetCategory":"GENERIC","calibratedData":1},{"userProfilePK":76018113,"calendarDate":"2022-03-18","deviceId":3401978503,"updateTimestamp":"2022-03-18T07:15:45.0","sport":"RUNNING","subSport":"GENERIC","vo2MaxValue":52.0,"maxMet":14.716812133789062,"maxMetCategory":"GENERIC","calibratedData":1},{"userProfilePK":76018113,"calendarDate":"2022-03-20","deviceId":3401978503,"updateTimestamp":"2022-03-20T12:49:55.0","sport":"RUNNING","subSport":"GENERIC","vo2MaxValue":51.0,"maxMet":14.655899047851562,"maxMetCategory":"GENERIC","calibratedData":1},{"userProfilePK":76018113,"calendarDate":"2022-03-23","deviceId":3401978503,"updateTimestamp":"2022-03-23T06:57:35.0","sport":"RUNNING","subSport":"GENERIC","vo2MaxValue":52.0,"maxMet":14.750198364257812,"maxMetCategory":"GENERIC","calibratedData":1},{"userProfilePK":76018113,"calendarDate":"2022-03-24","deviceId":3401978503,"updateTimestamp":"2022-03-24T07:09:54.0","sport":"RUNNING","subSport":"GENERIC","vo2MaxValue":52.0,"maxMet":14.7618408203125,"maxMetCategory":"GENERIC","calibratedData":1},{"userProfilePK":76018113,"calendarDate":"2022-03-27","deviceId":3401978503,"updateTimestamp":"2022-03-27T11:32:22.0","sport":"RUNNING","subSport":"GENERIC","vo2MaxValue":52.0,"maxMet":14.794631958007812,"maxMetCategory":"GENERIC","calibratedData":1},{"userProfilePK":76018113,"calendarDate":"2022-03-30","deviceId":3401978503,"updateTimestamp":"2022-03-30T06:08:31.0","sport":"RUNNING","subSport":"GENERIC","vo2MaxValue":52.0,"maxMet":14.843978881835938,"maxMetCategory":"GENERIC","calibratedData":1},{"userProfilePK":76018113,"calendarDate":"2022-04-03","deviceId":3401978503,"updateTimestamp":"2022-04-03T12:06:26.0","sport":"RUNNING","subSport":"GENERIC","vo2MaxValue":52.0,"maxMet":14.776382446289062,"maxMetCategory":"GENERIC","calibratedData":1},{"userProfilePK":76018113,"calendarDate":"2022-04-05","deviceId":3401978503,"updateTimestamp":"2022-04-05T06:30:25.0","sport":"RUNNING","subSport":"GENERIC","vo2MaxValue":51.0,"maxMet":14.678543090820312,"maxMetCategory":"GENERIC","calibratedData":1},{"userProfilePK":76018113,"calendarDate":"2022-04-06","deviceId":3401978503,"updateTimestamp":"2022-04-06T06:13:33.0","sport":"RUNNING","subSport":"GENERIC","vo2MaxValue":51.0,"maxMet":14.668670654296875,"maxMetCategory":"GENERIC","calibratedData":1},{"userProfilePK":76018113,"calendarDate":"2022-04-10","deviceId":3401978503,"updateTimestamp":"2022-04-10T12:19:14.0","sport":"RUNNING","subSport":"GENERIC","vo2MaxValue":51.0,"maxMet":14.62115478515625,"maxMetCategory":"GENERIC","calibratedData":1}]