[{"userProfilePK":76018113,"deviceId":3401978503,"calendarDate":"2024-03-11","timestamp":"2024-03-10T23:02:50.0","altitudeAcclimationTimestamp":"2024-03-10T23:02:50.0","previousAltitudeAcclimationTimestamp":"2024-03-10T23:02:50.0","heatAcclimationTimestamp":"2024-03-10T23:02:50.0","previousHeatAcclimationTimestamp":"2024-03-10T23:02:50.0","altitudeAcclimation":0,"previousAltitudeAcclimation":0,"heatAcclimationPercentage":0,"previousHeatAcclimationPercentage":0,"altitudeAcclimationLocalTimestamp":"2024-03-11T00:02:50.0"},{"userProfilePK":76018113,"deviceId":3401978503,"calendarDate":"2024-03-12","timestamp":"2024-03-11T23:02:53.0","altitudeAcclimationTimestamp":"2024-03-11T23:02:53.0","previousAltitudeAcclimationTimestamp":"2024-03-11T23:02:53.0","heatAcclimationTimestamp":"2024-03-11T23:02:53.0","previousHeatAcclimationTimestamp":"2024-03-11T23:02:53.0","altitudeAcclimation":0,"previousAltitudeAcclimation":0,"heatAcclimationPercentage":0,"previousHeatAcclimationPercentage":0,"altitudeAcclimationLocalTimestamp":"2024-03-12T00:02:53.0"},{"userProfilePK":76018113,"deviceId":3401978503,"calendarDate":"2024-03-12","timestamp":"2024-03-12T06:57:11.0","altitudeAcclimationTimestamp":"2024-03-12T06:57:11.0","previousAltitudeAcclimationTimestamp":"2024-03-12T06:57:11.0","heatAcclimationTimestamp":"2024-03-12T06:57:11.0","previousHeatAcclimationTimestamp":"2024-03-12T06:57:11.0","altitudeAcclimation":0,"previousAltitudeAcclimation":0,"heatAcclimationPercentage":0,"previousHeatAcclimationPercentage":0,"altitudeAcclimationLocalTimestamp":"2024-03-12T07:57:11.0"},{"userProfilePK":76018113,"deviceId":3401978503,"calendarDate":"2024-03-13","timestamp":"2024-03-12T23:02:55.0","altitudeAcclimationTimestamp":"2024-03-12T23:02:55.0","previousAltitudeAcclimationTimestamp":"2024-03-12T23:02:55.0","heatAcclimationTimestamp":"2024-03-12T23:02:55.0","previousHeatAcclimationTimestamp":"2024-03-12T23:02:55.0","altitudeAcclimation":0,"previousAltitudeAcclimation":0,"heatAcclimationPercentage":0,"previousHeatAcclimationPercentage":0,"altitudeAcclimationLocalTimestamp":"2024-03-13T00:02:55.0"},{"userProfilePK":76018113,"deviceId":3401978503,"calendarDate":"2024-03-13","timestamp":"2024-03-13T06:28:36.0","altitudeAcclimationTimestamp":"2024-03-13T06:28:36.0","previousAltitudeAcclimationTimestamp":"2024-03-13T06:28:36.0","heatAcclimationTimestamp":"2024-03-13T06:28:36.0","previousHeatAcclimationTimestamp":"2024-03-13T06:28:36.0","altitudeAcclimation":0,"previousAltitudeAcclimation":0,"heatAcclimationPercentage":0,"previousHeatAcclimationPercentage":0,"altitudeAcclimationLocalTimestamp":"2024-03-13T07:28:36.0"},{"userProfilePK":76018113,"deviceId":3401978503,"calendarDate":"2024-03-14","timestamp":"2024-03-13T23:02:57.0","altitudeAcclimationTimestamp":"2024-03-13T23:02:57.0","previousAltitudeAcclimationTimestamp":"2024-03-13T23:02:57.0","heatAcclimationTimestamp":"2024-03-13T23:02:57.0","previousHeatAcclimationTimestamp":"2024-03-13T23:02:57.0","altitudeAcclimation":0,"previousAltitudeAcclimation":0,"heatAcclimationPercentage":0,"previousHeatAcclimationPercentage":0,"altitudeAcclimationLocalTimestamp":"2024-03-14T00:02:57.0"},{"userProfilePK":76018113,"deviceId":3401978503,"calendarDate":"2024-03-14","timestamp":"2024-03-14T06:57:37.0","altitudeAcclimationTimestamp":"2024-03-14T06:57:37.0","previousAltitudeAcclimationTimestamp":"2024-03-14T06:57:37.0","heatAcclimationTimestamp":"2024-03-14T06:57:37.0","previousHeatAcclimationTimestamp":"2024-03-14T06:57:37.0","altitudeAcclimation":0,"previousAltitudeAcclimation":0,"heatAcclimationPercentage":0,"previousHeatAcclimationPercentage":0,"altitudeAcclimationLocalTimestamp":"2024-03-14T07:57:37.0"},{"userProfilePK":76018113,"deviceId":3401978503,"calendarDate":"2024-03-15","timestamp":"2024-03-14T23:02:59.0","altitudeAcclimationTimestamp":"2024-03-14T23:02:59.0","previousAltitudeAcclimationTimestamp":"2024-03-14T23:02:59.0","heatAcclimationTimestamp":"2024-03-14T23:02:59.0","previousHeatAcclimationTimestamp":"2024-03-14T23:02:59.0","altitudeAcclimation":0,"previousAltitudeAcclimation":0,"heatAcclimationPercentage":0,"previousHeatAcclimationPercentage":0,"altitudeAcclimationLocalTimestamp":"2024-03-15T00:02:59.0"},{"userProfilePK":76018113,"deviceId":3401978503,"calendarDate":"2024-03-15","timestamp":"2024-03-15T06:21:30.0","altitudeAcclimationTimestamp":"2024-03-15T06:21:30.0","previousAltitudeAcclimationTimestamp":"2024-03-15T06:21:30.0","heatAcclimationTimestamp":"2024-03-15T06:21:30.0","previousHeatAcclimationTimestamp":"2024-03-15T06:21:30.0","altitudeAcclimation":0,"previousAltitudeAcclimation":0,"heatAcclimationPercentage":0,"previousHeatAcclimationPercentage":0,"altitudeAcclimationLocalTimestamp":"2024-03-15T07:21:30.0"},{"userProfilePK":76018113,"deviceId":3401978503,"calendarDate":"2024-03-16","timestamp":"2024-03-15T23:03:01.0","altitudeAcclimationTimestamp":"2024-03-15T23:03:01.0","previousAltitudeAcclimationTimestamp":"2024-03-15T23:03:01.0","heatAcclimationTimestamp":"2024-03-15T23:03:01.0","previousHeatAcclimationTimestamp":"2024-03-15T23:03:01.0","altitudeAcclimation":0,"previousAltitudeAcclimation":0,"heatAcclimationPercentage":0,"previousHeatAcclimationPercentage":0,"altitudeAcclimationLocalTimestamp":"2024-03-16T00:03:01.0"},{"userProfilePK":76018113,"deviceId":3401978503,"calendarDate":"2024-03-16","timestamp":"2024-03-16T10:23:51.0","altitudeAcclimationTimestamp":"2024-03-16T10:23:51.0","previousAltitudeAcclimationTimestamp":"2024-03-16T10:23:51.0","heatAcclimationTimestamp":"2024-03-16T10:23:51.0","previousHeatAcclimationTimestamp":"2024-03-16T10:23:51.0","altitudeAcclimation":0,"previousAltitudeAcclimation":0,"heatAcclimationPercentage":0,"previousHeatAcclimationPercentage":0,"altitudeAcclimationLocalTimestamp":"2024-03-16T11:23:51.0"},{"userProfilePK":76018113,"deviceId":3401978503,"calendarDate":"2024-03-16","timestamp":"2024-03-16T11:32:15.0","altitudeAcclimationTimestamp":"2024-03-16T11:32:15.0","previousAltitudeAcclimationTimestamp":"2024-03-16T11:32:15.0","heatAcclimationTimestamp":"2024-03-16T11:32:15.0","previousHeatAcclimationTimestamp":"2024-03-16T11:32:15.0","altitudeAcclimation":0,"previousAltitudeAcclimation":0,"heatAcclimationPercentage":0,"previousHeatAcclimationPercentage":0,"altitudeAcclimationLocalTimestamp":"2024-03-16T12:32:15.0"},{"userProfilePK":76018113,"deviceId":3401978503,"calendarDate":"2024-03-17","timestamp":"2024-03-16T23:03:10.0","altitudeAcclimationTimestamp":"2024-03-16T23:03:10.0","previousAltitudeAcclimationTimestamp":"2024-03-16T23:03:10.0","heatAcclimationTimestamp":"2024-03-16T23:03:10.0","previousHeatAcclimationTimestamp":"2024-03-16T23:03:10.0","altitudeAcclimation":0,"previousAltitudeAcclimation":0,"heatAcclimationPercentage":0,"previousHeatAcclimationPercentage":0,"altitudeAcclimationLocalTimestamp":"2024-03-17T00:03:10.0"},{"userProfilePK":76018113,"deviceId":3401978503,"calendarDate":"2024-03-17","timestamp":"2024-03-17T10:16:48.0","altitudeAcclimationTimestamp":"2024-03-17T10:16:48.0","previousAltitudeAcclimationTimestamp":"2024-03-17T10:16:48.0","heatAcclimationTimestamp":"2024-03-17T10:16:48.0","previousHeatAcclimationTimestamp":"2024-03-17T10:16:48.0","altitudeAcclimation":0,"previousAltitudeAcclimation":0,"heatAcclimationPercentage":0,"previousHeatAcclimationPercentage":0,"altitudeAcclimationLocalTimestamp":"2024-03-17T11:16:48.0"},{"userProfilePK":76018113,"deviceId":3401978503,"calendarDate":"2024-03-18","timestamp":"2024-03-17T23:03:12.0","altitudeAcclimationTimestamp":"2024-03-17T23:03:12.0","previousAltitudeAcclimationTimestamp":"2024-03-17T23:03:12.0","heatAcclimationTimestamp":"2024-03-17T23:03:12.0","previousHeatAcclimationTimestamp":"2024-03-17T23:03:12.0","altitudeAcclimation":0,"previousAltitudeAcclimation":0,"heatAcclimationPercentage":0,"previousHeatAcclimationPercentage":0,"altitudeAcclimationLocalTimestamp":"2024-03-18T00:03:12.0"},{"userProfilePK":76018113,"deviceId":3401978503,"calendarDate":"2024-03-19","timestamp":"2024-03-18T23:03:16.0","altitudeAcclimationTimestamp":"2024-03-18T23:03:16.0","previousAltitudeAcclimationTimestamp":"2024-03-18T23:03:16.0","heatAcclimationTimestamp":"2024-03-18T23:03:16.0","previousHeatAcclimationTimestamp":"2024-03-18T23:03:16.0","altitudeAcclimation":0,"previousAltitudeAcclimation":0,"heatAcclimationPercentage":0,"previousHeatAcclimationPercentage":0,"altitudeAcclimationLocalTimestamp":"2024-03-19T00:03:16.0"},{"userProfilePK":76018113,"deviceId":3401978503,"calendarDate":"2024-03-19","timestamp":"2024-03-19T06:46:58.0","altitudeAcclimationTimestamp":"2024-03-19T06:46:58.0","previousAltitudeAcclimationTimestamp":"2024-03-19T06:46:58.0","heatAcclimationTimestamp":"2024-03-19T06:46:58.0","previousHeatAcclimationTimestamp":"2024-03-19T06:46:58.0","altitudeAcclimation":0,"previousAltitudeAcclimation":0,"heatAcclimationPercentage":0,"previousHeatAcclimationPercentage":0,"altitudeAcclimationLocalTimestamp":"2024-03-19T07:46:58.0"},{"userProfilePK":76018113,"deviceId":3401978503,"calendarDate":"2024-03-20","timestamp":"2024-03-19T23:03:21.0","altitudeAcclimationTimestamp":"2024-03-19T23:03:21.0","previousAltitudeAcclimationTimestamp":"2024-03-19T23:03:21.0","heatAcclimationTimestamp":"2024-03-19T23:03:21.0","previousHeatAcclimationTimestamp":"2024-03-19T23:03:21.0","altitudeAcclimation":0,"previousAltitudeAcclimation":0,"heatAcclimationPercentage":0,"previousHeatAcclimationPercentage":0,"altitudeAcclimationLocalTimestamp":"2024-03-20T00:03:21.0"},{"userProfilePK":76018113,"deviceId":3401978503,"calendarDate":"2024-03-20","timestamp":"2024-03-20T06:47:03.0","altitudeAcclimationTimestamp":"2024-03-20T06:47:03.0","previousAltitudeAcclimationTimestamp":"2024-03-20T06:47:03.0","heatAcclimationTimestamp":"2024-03-20T06:47:03.0","previousHeatAcclimationTimestamp":"2024-03-20T06:47:03.0","altitudeAcclimation":0,"previousAltitudeAcclimation":0,"heatAcclimationPercentage":0,"previousHeatAcclimationPercentage":0,"altitudeAcclimationLocalTimestamp":"2024-03-20T07:47:03.0"},{"userProfilePK":76018113,"deviceId":3401978503,"calendarDate":"2024-03-21","timestamp":"2024-03-20T23:03:26.0","altitudeAcclimationTimestamp":"2024-03-20T23:03:26.0","previousAltitudeAcclimationTimestamp":"2024-03-20T23:03:26.0","heatAcclimationTimestamp":"2024-03-20T23:03:26.0","previousHeatAcclimationTimestamp":"2024-03-20T23:03:26.0","altitudeAcclimation":0,"previousAltitudeAcclimation":0,"heatAcclimationPercentage":0,"previousHeatAcclimationPercentage":0,"altitudeAcclimationLocalTimestamp":"2024-03-21T00:03:26.0"},{"userProfilePK":76018113,"deviceId":3401978503,"calendarDate":"2024-03-21","timestamp":"2024-03-21T06:28:45.0","altitudeAcclimationTimestamp":"2024-03-21T06:28:45.0","previousAltitudeAcclimationTimestamp":"2024-03-21T06:28:45.0","heatAcclimationTimestamp":"2024-03-21T06:28:45.0","previousHeatAcclimationTimestamp":"2024-03-21T06:28:45.0","altitudeAcclimation":0,"previousAltitudeAcclimation":0,"heatAcclimationPercentage":0,"previousHeatAcclimationPercentage":0,"altitudeAcclimationLocalTimestamp":"2024-03-21T07:28:45.0"},{"userProfilePK":76018113,"deviceId":3401978503,"calendarDate":"2024-03-22","timestamp":"2024-03-21T23:03:29.0","altitudeAcclimationTimestamp":"2024-03-21T23:03:29.0","previousAltitudeAcclimationTimestamp":"2024-03-21T23:03:29.0","heatAcclimationTimestamp":"2024-03-21T23:03:29.0","previousHeatAcclimationTimestamp":"2024-03-21T23:03:29.0","altitudeAcclimation":0,"previousAltitudeAcclimation":0,"heatAcclimationPercentage":0,"previousHeatAcclimationPercentage":0,"altitudeAcclimationLocalTimestamp":"2024-03-22T00:03:29.0"},{"userProfilePK":76018113,"deviceId":3401978503,"calendarDate":"2024-03-22","timestamp":"2024-03-22T06:58:02.0","altitudeAcclimationTimestamp":"2024-03-22T06:58:02.0","previousAltitudeAcclimationTimestamp":"2024-03-22T06:58:02.0","heatAcclimationTimestamp":"2024-03-22T06:58:02.0","previousHeatAcclimationTimestamp":"2024-03-22T06:58:02.0","altitudeAcclimation":0,"previousAltitudeAcclimation":0,"heatAcclimationPercentage":0,"previousHeatAcclimationPercentage":0,"altitudeAcclimationLocalTimestamp":"2024-03-22T07:58:02.0"},{"userProfilePK":76018113,"deviceId":3401978503,"calendarDate":"2024-03-23","timestamp":"2024-03-22T23:03:31.0","altitudeAcclimationTimestamp":"2024-03-22T23:03:31.0","previousAltitudeAcclimationTimestamp":"2024-03-22T23:03:31.0","heatAcclimationTimestamp":"2024-03-22T23:03:31.0","previousHeatAcclimationTimestamp":"2024-03-22T23:03:31.0","altitudeAcclimation":0,"previousAltitudeAcclimation":0,"heatAcclimationPercentage":0,"previousHeatAcclimationPercentage":0,"altitudeAcclimationLocalTimestamp":"2024-03-23T00:03:31.0"},{"userProfilePK":76018113,"deviceId":3401978503,"calendarDate":"2024-03-23","timestamp":"2024-03-23T09:22:25.0","altitudeAcclimationTimestamp":"2024-03-23T09:22:25.0","previousAltitudeAcclimationTimestamp":"2024-03-23T09:22:25.0","heatAcclimationTimestamp":"2024-03-23T09:22:25.0","previousHeatAcclimationTimestamp":"2024-03-23T09:22:25.0","altitudeAcclimation":0,"previousAltitudeAcclimation":0,"heatAcclimationPercentage":0,"previousHeatAcclimationPercentage":0,"altitudeAcclimationLocalTimestamp":"2024-03-23T10:22:25.0"},{"userProfilePK":76018113,"deviceId":3401978503,"calendarDate":"2024-03-24","timestamp":"2024-03-23T23:03:33.0","altitudeAcclimationTimestamp":"2024-03-23T23:03:33.0","previousAltitudeAcclimationTimestamp":"2024-03-23T23:03:33.0","heatAcclimationTimestamp":"2024-03-23T23:03:33.0","previousHeatAcclimationTimestamp":"2024-03-23T23:03:33.0","altitudeAcclimation":0,"previousAltitudeAcclimation":0,"heatAcclimationPercentage":0,"previousHeatAcclimationPercentage":0,"altitudeAcclimationLocalTimestamp":"2024-03-24T00:03:33.0"},{"userProfilePK":76018113,"deviceId":3401978503,"calendarDate":"2024-03-24","timestamp":"2024-03-24T11:25:14.0","altitudeAcclimationTimestamp":"2024-03-24T11:25:14.0","previousAltitudeAcclimationTimestamp":"2024-03-24T11:25:14.0","heatAcclimationTimestamp":"2024-03-24T11:25:14.0","previousHeatAcclimationTimestamp":"2024-03-24T11:25:14.0","altitudeAcclimation":0,"previousAltitudeAcclimation":0,"heatAcclimationPercentage":0,"previousHeatAcclimationPercentage":0,"altitudeAcclimationLocalTimestamp":"2024-03-24T12:25:14.0"},{"userProfilePK":76018113,"deviceId":3401978503,"calendarDate":"2024-03-25","timestamp":"2024-03-24T23:03:38.0","altitudeAcclimationTimestamp":"2024-03-24T23:03:38.0","previousAltitudeAcclimationTimestamp":"2024-03-24T23:03:38.0","heatAcclimationTimestamp":"2024-03-24T23:03:38.0","previousHeatAcclimationTimestamp":"2024-03-24T23:03:38.0","altitudeAcclimation":0,"previousAltitudeAcclimation":0,"heatAcclimationPercentage":0,"previousHeatAcclimationPercentage":0,"altitudeAcclimationLocalTimestamp":"2024-03-25T00:03:38.0"},{"userProfilePK":76018113,"deviceId":3401978503,"calendarDate":"2024-03-26","timestamp":"2024-03-25T23:03:40.0","altitudeAcclimationTimestamp":"2024-03-25T23:03:40.0","previousAltitudeAcclimationTimestamp":"2024-03-25T23:03:40.0","heatAcclimationTimestamp":"2024-03-25T23:03:40.0","previousHeatAcclimationTimestamp":"2024-03-25T23:03:40.0","altitudeAcclimation":0,"previousAltitudeAcclimation":0,"heatAcclimationPercentage":0,"previousHeatAcclimationPercentage":0,"altitudeAcclimationLocalTimestamp":"2024-03-26T00:03:40.0"},{"userProfilePK":76018113,"deviceId":3401978503,"calendarDate":"2024-03-26","timestamp":"2024-03-26T07:19:22.0","altitudeAcclimationTimestamp":"2024-03-26T07:19:22.0","previousAltitudeAcclimationTimestamp":"2024-03-26T07:19:22.0","heatAcclimationTimestamp":"2024-03-26T07:19:22.0","previousHeatAcclimationTimestamp":"2024-03-26T07:19:22.0","altitudeAcclimation":0,"previousAltitudeAcclimation":0,"heatAcclimationPercentage":0,"previousHeatAcclimationPercentage":0,"altitudeAcclimationLocalTimestamp":"2024-03-26T08:19:22.0"},{"userProfilePK":76018113,"deviceId":3401978503,"calendarDate":"2024-03-27","timestamp":"2024-03-26T23:03:44.0","altitudeAcclimationTimestamp":"2024-03-26T23:03:44.0","previousAltitudeAcclimationTimestamp":"2024-03-26T23:03:44.0","heatAcclimationTimestamp":"2024-03-26T23:03:44.0","previousHeatAcclimationTimestamp":"2024-03-26T23:03:44.0","altitudeAcclimation":0,"previousAltitudeAcclimation":0,"heatAcclimationPercentage":0,"previousHeatAcclimationPercentage":0,"altitudeAcclimationLocalTimestamp":"2024-03-27T00:03:44.0"},{"userProfilePK":76018113,"deviceId":3401978503,"calendarDate":"2024-03-27","timestamp":"2024-03-27T06:57:39.0","altitudeAcclimationTimestamp":"2024-03-27T06:57:39.0","previousAltitudeAcclimationTimestamp":"2024-03-27T06:57:39.0","heatAcclimationTimestamp":"2024-03-27T06:57:39.0","previousHeatAcclimationTimestamp":"2024-03-27T06:57:39.0","altitudeAcclimation":0,"previousAltitudeAcclimation":0,"heatAcclimationPercentage":0,"previousHeatAcclimationPercentage":0,"altitudeAcclimationLocalTimestamp":"2024-03-27T07:57:39.0"},{"userProfilePK":76018113,"deviceId":3401978503,"calendarDate":"2024-03-28","timestamp":"2024-03-27T23:03:52.0","altitudeAcclimationTimestamp":"2024-03-27T23:03:52.0","previousAltitudeAcclimationTimestamp":"2024-03-27T23:03:52.0","heatAcclimationTimestamp":"2024-03-27T23:03:52.0","previousHeatAcclimationTimestamp":"2024-03-27T23:03:52.0","altitudeAcclimation":0,"previousAltitudeAcclimation":0,"heatAcclimationPercentage":0,"previousHeatAcclimationPercentage":0,"altitudeAcclimationLocalTimestamp":"2024-03-28T00:03:52.0"},{"userProfilePK":76018113,"deviceId":3401978503,"calendarDate":"2024-03-29","timestamp":"2024-03-28T23:03:57.0","altitudeAcclimationTimestamp":"2024-03-28T23:03:57.0","previousAltitudeAcclimationTimestamp":"2024-03-28T23:03:57.0","heatAcclimationTimestamp":"2024-03-28T23:03:57.0","previousHeatAcclimationTimestamp":"2024-03-28T23:03:57.0","altitudeAcclimation":850,"previousAltitudeAcclimation":0,"heatAcclimationPercentage":0,"previousHeatAcclimationPercentage":0,"altitudeAcclimationLocalTimestamp":"2024-03-29T00:03:57.0"},{"userProfilePK":76018113,"deviceId":3401978503,"calendarDate":"2024-03-29","timestamp":"2024-03-29T11:24:07.0","altitudeAcclimationTimestamp":"2024-03-29T11:24:07.0","previousAltitudeAcclimationTimestamp":"2024-03-29T11:24:07.0","heatAcclimationTimestamp":"2024-03-29T11:24:07.0","previousHeatAcclimationTimestamp":"2024-03-29T11:24:07.0","altitudeAcclimation":850,"previousAltitudeAcclimation":0,"heatAcclimationPercentage":0,"previousHeatAcclimationPercentage":0,"altitudeAcclimationLocalTimestamp":"2024-03-29T12:24:07.0"},{"userProfilePK":76018113,"deviceId":3401978503,"calendarDate":"2024-03-30","timestamp":"2024-03-29T23:04:02.0","altitudeAcclimationTimestamp":"2024-03-29T23:04:02.0","previousAltitudeAcclimationTimestamp":"2024-03-29T11:24:07.0","heatAcclimationTimestamp":"2024-03-29T23:04:02.0","previousHeatAcclimationTimestamp":"2024-03-29T23:04:02.0","altitudeAcclimation":850,"previousAltitudeAcclimation":850,"heatAcclimationPercentage":0,"previousHeatAcclimationPercentage":0,"altitudeTrend":"ACCLIMATIZED","altitudeAcclimationLocalTimestamp":"2024-03-30T00:04:02.0"},{"userProfilePK":76018113,"deviceId":3401978503,"calendarDate":"2024-03-30","timestamp":"2024-03-30T19:25:20.0","altitudeAcclimationTimestamp":"2024-03-30T19:25:20.0","previousAltitudeAcclimationTimestamp":"2024-03-29T11:24:07.0","heatAcclimationTimestamp":"2024-03-30T19:25:20.0","previousHeatAcclimationTimestamp":"2024-03-30T19:25:20.0","altitudeAcclimation":850,"previousAltitudeAcclimation":850,"heatAcclimationPercentage":0,"previousHeatAcclimationPercentage":0,"altitudeTrend":"ACCLIMATIZED","altitudeAcclimationLocalTimestamp":"2024-03-30T20:25:20.0"},{"userProfilePK":76018113,"deviceId":3401978503,"calendarDate":"2024-03-30","timestamp":"2024-03-30T19:46:47.0","altitudeAcclimationTimestamp":"2024-03-30T19:46:47.0","previousAltitudeAcclimationTimestamp":"2024-03-29T11:24:07.0","heatAcclimationTimestamp":"2024-03-30T19:46:47.0","previousHeatAcclimationTimestamp":"2024-03-30T19:46:47.0","altitudeAcclimation":850,"previousAltitudeAcclimation":850,"heatAcclimationPercentage":0,"previousHeatAcclimationPercentage":0,"altitudeTrend":"ACCLIMATIZED","altitudeAcclimationLocalTimestamp":"2024-03-30T20:46:47.0"},{"userProfilePK":76018113,"deviceId":3401978503,"calendarDate":"2024-03-31","timestamp":"2024-03-30T23:04:05.0","altitudeAcclimationTimestamp":"2024-03-30T23:04:05.0","previousAltitudeAcclimationTimestamp":"2024-03-30T19:46:47.0","heatAcclimationTimestamp":"2024-03-30T23:04:05.0","previousHeatAcclimationTimestamp":"2024-03-30T23:04:05.0","altitudeAcclimation":850,"previousAltitudeAcclimation":850,"heatAcclimationPercentage":0,"previousHeatAcclimationPercentage":0,"altitudeTrend":"ACCLIMATIZED","altitudeAcclimationLocalTimestamp":"2024-03-31T00:04:05.0"},{"userProfilePK":76018113,"deviceId":3401978503,"calendarDate":"2024-03-31","timestamp":"2024-03-31T10:42:45.0","altitudeAcclimationTimestamp":"2024-03-31T10:42:45.0","previousAltitudeAcclimationTimestamp":"2024-03-30T19:46:47.0","heatAcclimationTimestamp":"2024-03-31T10:42:45.0","previousHeatAcclimationTimestamp":"2024-03-31T10:42:45.0","altitudeAcclimation":850,"previousAltitudeAcclimation":850,"heatAcclimationPercentage":0,"previousHeatAcclimationPercentage":0,"altitudeTrend":"ACCLIMATIZED","altitudeAcclimationLocalTimestamp":"2024-03-31T12:42:45.0"},{"userProfilePK":76018113,"deviceId":3401978503,"calendarDate":"2024-04-01","timestamp":"2024-03-31T22:04:09.0","altitudeAcclimationTimestamp":"2024-03-31T22:04:09.0","previousAltitudeAcclimationTimestamp":"2024-03-31T10:42:45.0","heatAcclimationTimestamp":"2024-03-31T22:04:09.0","previousHeatAcclimationTimestamp":"2024-03-31T22:04:09.0","altitudeAcclimation":1000,"previousAltitudeAcclimation":850,"heatAcclimationPercentage":0,"previousHeatAcclimationPercentage":0,"altitudeTrend":"ACCLIMATIZING","altitudeAcclimationLocalTimestamp":"2024-04-01T00:04:09.0"},{"userProfilePK":76018113,"deviceId":3401978503,"calendarDate":"2024-04-02","timestamp":"2024-04-01T21:04:12.0","altitudeAcclimationTimestamp":"2024-04-01T21:04:12.0","previousAltitudeAcclimationTimestamp":"2024-03-31T22:04:09.0","heatAcclimationTimestamp":"2024-04-01T21:04:12.0","previousHeatAcclimationTimestamp":"2024-04-01T21:04:12.0","altitudeAcclimation":1000,"previousAltitudeAcclimation":1000,"heatAcclimationPercentage":0,"previousHeatAcclimationPercentage":0,"altitudeTrend":"ACCLIMATIZED","altitudeAcclimationLocalTimestamp":"2024-04-02T00:04:12.0"},{"userProfilePK":76018113,"deviceId":3401978503,"calendarDate":"2024-04-02","timestamp":"2024-04-02T05:02:37.0","altitudeAcclimationTimestamp":"2024-04-02T05:02:37.0","previousAltitudeAcclimationTimestamp":"2024-03-31T22:04:09.0","heatAcclimationTimestamp":"2024-04-02T05:02:37.0","previousHeatAcclimationTimestamp":"2024-04-02T05:02:37.0","altitudeAcclimation":1000,"previousAltitudeAcclimation":1000,"heatAcclimationPercentage":0,"previousHeatAcclimationPercentage":0,"altitudeTrend":"ACCLIMATIZED","altitudeAcclimationLocalTimestamp":"2024-04-02T08:02:37.0"},{"userProfilePK":76018113,"deviceId":3401978503,"calendarDate":"2024-04-03","timestamp":"2024-04-02T21:04:14.0","altitudeAcclimationTimestamp":"2024-04-02T21:04:14.0","previousAltitudeAcclimationTimestamp":"2024-04-02T05:02:37.0","heatAcclimationTimestamp":"2024-04-02T21:04:14.0","previousHeatAcclimationTimestamp":"2024-04-02T21:04:14.0","altitudeAcclimation":950,"previousAltitudeAcclimation":1000,"heatAcclimationPercentage":0,"previousHeatAcclimationPercentage":0,"altitudeTrend":"DEACCLIMATIZING","altitudeAcclimationLocalTimestamp":"2024-04-03T00:04:14.0"},{"userProfilePK":76018113,"deviceId":3401978503,"calendarDate":"2024-04-03","timestamp":"2024-04-03T08:23:09.0","altitudeAcclimationTimestamp":"2024-04-03T08:23:09.0","previousAltitudeAcclimationTimestamp":"2024-04-02T21:04:14.0","heatAcclimationTimestamp":"2024-04-03T08:23:09.0","previousHeatAcclimationTimestamp":"2024-04-03T08:23:09.0","altitudeAcclimation":1100,"previousAltitudeAcclimation":950,"heatAcclimationPercentage":0,"previousHeatAcclimationPercentage":0,"altitudeTrend":"ACCLIMATIZING","altitudeAcclimationLocalTimestamp":"2024-04-03T10:23:09.0"}]