[{"userProfilePK":76018113,"calendarDate":"2021-09-25","deviceId":3988162045,"updateTimestamp":"2021-09-25T08:11:50.0","sport":"RUNNING","subSport":"GENERIC","vo2MaxValue":49.0,"fitnessAge":"20","fitnessAgeDescription":"1","analyzerMethod":5,"maxMet":13.997589111328125,"maxMetCategory":"GENERIC","calibratedData":1},{"userProfilePK":76018113,"calendarDate":"2021-09-25","deviceId":3988162045,"updateTimestamp":"2021-09-25T08:11:53.0","sport":"RUNNING","subSport":"GENERIC","vo2MaxValue":49.0,"fitnessAge":"20","fitnessAgeDescription":"1","analyzerMethod":5,"maxMet":13.997589111328125,"maxMetCategory":"GENERIC","calibratedData":1},{"userProfilePK":76018113,"calendarDate":"2021-09-29","deviceId":3988162045,"updateTimestamp":"2021-09-29T06:14:26.0","sport":"RUNNING","subSport":"GENERIC","vo2MaxValue":49.0,"fitnessAge":"20","fitnessAgeDescription":"1","analyzerMethod":5,"maxMet":13.972412109375,"maxMetCategory":"GENERIC","calibratedData":1},{"userProfilePK":76018113,"calendarDate":"2021-09-29","deviceId":3988162045,"updateTimestamp":"2021-09-29T06:14:31.0","sport":"RUNNING","subSport":"GENERIC","vo2MaxValue":49.0,"fitnessAge":"20","fitnessAgeDescription":"1","analyzerMethod":5,"maxMet":13.972412109375,"maxMetCategory":"GENERIC","calibratedData":1},{"userProfilePK":76018113,"calendarDate":"2021-10-02","deviceId":3988162045,"updateTimestamp":"2021-10-02T07:28:39.0","sport":"RUNNING","subSport":"GENERIC","vo2MaxValue":49.0,"fitnessAge":"20","fitnessAgeDescription":"1","analyzerMethod":5,"maxMet":13.8741455078125,"maxMetCategory":"GENERIC","calibratedData":1},{"userProfilePK":76018113,"calendarDate":"2021-10-02","deviceId":3988162045,"updateTimestamp":"2021-10-02T07:28:46.0","sport":"RUNNING","subSport":"GENERIC","vo2MaxValue":49.0,"fitnessAge":"20","fitnessAgeDescription":"1","analyzerMethod":5,"maxMet":13.874053955078125,"maxMetCategory":"GENERIC","calibratedData":1},{"userProfilePK":76018113,"calendarDate":"2021-10-02","deviceId":3988162045,"updateTimestamp":"2021-10-02T08:16:09.0","sport":"RUNNING","subSport":"GENERIC","vo2MaxValue":49.0,"fitnessAge":"20","fitnessAgeDescription":"1","analyzerMethod":5,"maxMet":13.988037109375,"maxMetCategory":"GENERIC","calibratedData":1},{"userProfilePK":76018113,"calendarDate":"2021-10-02","deviceId":3988162045,"updateTimestamp":"2021-10-02T08:16:13.0","sport":"RUNNING","subSport":"GENERIC","vo2MaxValue":49.0,"fitnessAge":"20","fitnessAgeDescription":"1","analyzerMethod":5,"maxMet":13.988037109375,"maxMetCategory":"GENERIC","calibratedData":1},{"userProfilePK":76018113,"calendarDate":"2021-10-09","deviceId":3988162045,"updateTimestamp":"2021-10-09T09:00:23.0","sport":"RUNNING","subSport":"GENERIC","vo2MaxValue":50.0,"fitnessAge":"20","fitnessAgeDescription":"1","analyzerMethod":5,"maxMet":14.156341552734375,"maxMetCategory":"GENERIC","calibratedData":1},{"userProfilePK":76018113,"calendarDate":"2021-10-09","deviceId":3988162045,"updateTimestamp":"2021-10-09T09:00:28.0","sport":"RUNNING","subSport":"GENERIC","vo2MaxValue":50.0,"fitnessAge":"20","fitnessAgeDescription":"1","analyzerMethod":5,"maxMet":14.156341552734375,"maxMetCategory":"GENERIC","calibratedData":1},{"userProfilePK":76018113,"calendarDate":"2021-10-16","deviceId":3988162045,"updateTimestamp":"2021-10-16T07:40:31.0","sport":"RUNNING","subSport":"GENERIC","vo2MaxValue":50.0,"fitnessAge":"20","fitnessAgeDescription":"1","analyzerMethod":5,"maxMet":14.223159790039062,"maxMetCategory":"GENERIC","calibratedData":1},{"userProfilePK":76018113,"calendarDate":"2021-10-16","deviceId":3988162045,"updateTimestamp":"2021-10-16T07:40:34.0","sport":"RUNNING","subSport":"GENERIC","vo2MaxValue":50.0,"fitnessAge":"20","fitnessAgeDescription":"1","analyzerMethod":5,"maxMet":14.223159790039062,"maxMetCategory":"GENERIC","calibratedData":1},{"userProfilePK":76018113,"calendarDate":"2021-10-17","deviceId":3988162045,"updateTimestamp":"2021-10-17T08:44:33.0","sport":"RUNNING","subSport":"GENERIC","vo2MaxValue":50.0,"fitnessAge":"20","fitnessAgeDescription":"1","analyzerMethod":5,"maxMet":14.318344116210938,"maxMetCategory":"GENERIC","calibratedData":1},{"userProfilePK":76018113,"calendarDate":"2021-10-17","deviceId":3988162045,"updateTimestamp":"2021-10-17T08:44:36.0","sport":"RUNNING","subSport":"GENERIC","vo2MaxValue":50.0,"fitnessAge":"20","fitnessAgeDescription":"1","analyzerMethod":5,"maxMet":14.318344116210938,"maxMetCategory":"GENERIC","calibratedData":1},{"userProfilePK":76018113,"calendarDate":"2021-10-22","deviceId":3988162045,"updateTimestamp":"2021-10-22T07:41:31.0","sport":"RUNNING","subSport":"GENERIC","vo2MaxValue":50.0,"fitnessAge":"20","fitnessAgeDescription":"1","analyzerMethod":5,"maxMet":14.293685913085938,"maxMetCategory":"GENERIC","calibratedData":1},{"userProfilePK":76018113,"calendarDate":"2021-10-22","deviceId":3988162045,"updateTimestamp":"2021-10-22T07:41:38.0","sport":"RUNNING","subSport":"GENERIC","vo2MaxValue":50.0,"fitnessAge":"20","fitnessAgeDescription":"1","analyzerMethod":5,"maxMet":14.293685913085938,"maxMetCategory":"GENERIC","calibratedData":1},{"userProfilePK":76018113,"calendarDate":"2021-10-23","deviceId":3988162045,"updateTimestamp":"2021-10-23T17:38:48.0","sport":"RUNNING","subSport":"GENERIC","vo2MaxValue":50.0,"fitnessAge":"20","fitnessAgeDescription":"1","analyzerMethod":5,"maxMet":14.418930053710938,"maxMetCategory":"GENERIC","calibratedData":1},{"userProfilePK":76018113,"calendarDate":"2021-10-23","deviceId":3988162045,"updateTimestamp":"2021-10-23T17:39:00.0","sport":"RUNNING","subSport":"GENERIC","vo2MaxValue":50.0,"fitnessAge":"20","fitnessAgeDescription":"1","analyzerMethod":5,"maxMet":14.418930053710938,"maxMetCategory":"GENERIC","calibratedData":1},{"userProfilePK":76018113,"calendarDate":"2021-10-29","deviceId":3988162045,"updateTimestamp":"2021-10-29T06:00:06.0","sport":"RUNNING","subSport":"GENERIC","vo2MaxValue":50.0,"fitnessAge":"20","fitnessAgeDescription":"1","analyzerMethod":5,"maxMet":14.384613037109375,"maxMetCategory":"GENERIC","calibratedData":1},{"userProfilePK":76018113,"calendarDate":"2021-10-29","deviceId":3988162045,"updateTimestamp":"2021-10-29T06:00:14.0","sport":"RUNNING","subSport":"GENERIC","vo2MaxValue":50.0,"fitnessAge":"20","fitnessAgeDescription":"1","analyzerMethod":5,"maxMet":14.384613037109375,"maxMetCategory":"GENERIC","calibratedData":1},{"userProfilePK":76018113,"calendarDate":"2021-11-02","deviceId":3988162045,"updateTimestamp":"2021-11-02T07:17:34.0","sport":"RUNNING","subSport":"GENERIC","vo2MaxValue":50.0,"fitnessAge":"20","fitnessAgeDescription":"1","analyzerMethod":5,"maxMet":14.383071899414062,"maxMetCategory":"GENERIC","calibratedData":1},{"userProfilePK":76018113,"calendarDate":"2021-11-02","deviceId":3988162045,"updateTimestamp":"2021-11-02T07:17:40.0","sport":"RUNNING","subSport":"GENERIC","vo2MaxValue":50.0,"fitnessAge":"20","fitnessAgeDescription":"1","analyzerMethod":5,"maxMet":14.383071899414062,"maxMetCategory":"GENERIC","calibratedData":1},{"userProfilePK":76018113,"calendarDate":"2021-11-04","deviceId":3988162045,"updateTimestamp":"2021-11-04T06:56:11.0","sport":"RUNNING","subSport":"GENERIC","vo2MaxValue":50.0,"fitnessAge":"20","fitnessAgeDescription":"1","analyzerMethod":5,"maxMet":14.387649536132812,"maxMetCategory":"GENERIC","calibratedData":1},{"userProfilePK":76018113,"calendarDate":"2021-11-04","deviceId":3988162045,"updateTimestamp":"2021-11-04T06:56:19.0","sport":"RUNNING","subSport":"GENERIC","vo2MaxValue":50.0,"fitnessAge":"20","fitnessAgeDescription":"1","analyzerMethod":5,"maxMet":14.387649536132812,"maxMetCategory":"GENERIC","calibratedData":1},{"userProfilePK":76018113,"calendarDate":"2021-11-05","deviceId":3988162045,"updateTimestamp":"2021-11-05T06:19:36.0","sport":"RUNNING","subSport":"GENERIC","vo2MaxValue":51.0,"fitnessAge":"20","fitnessAgeDescription":"1","analyzerMethod":5,"maxMet":14.457260131835938,"maxMetCategory":"GENERIC","calibratedData":1},{"userProfilePK":76018113,"calendarDate":"2021-11-05","deviceId":3988162045,"updateTimestamp":"2021-11-05T06:19:44.0","sport":"RUNNING","subSport":"GENERIC","vo2MaxValue":51.0,"fitnessAge":"20","fitnessAgeDescription":"1","analyzerMethod":5,"maxMet":14.45709228515625,"maxMetCategory":"GENERIC","calibratedData":1},{"userProfilePK":76018113,"calendarDate":"2021-11-09","deviceId":3988162045,"updateTimestamp":"2021-11-09T07:13:43.0","sport":"RUNNING","subSport":"GENERIC","vo2MaxValue":51.0,"fitnessAge":"20","fitnessAgeDescription":"1","analyzerMethod":5,"maxMet":14.435302734375,"maxMetCategory":"GENERIC","calibratedData":1},{"userProfilePK":76018113,"calendarDate":"2021-11-09","deviceId":3988162045,"updateTimestamp":"2021-11-09T07:13:50.0","sport":"RUNNING","subSport":"GENERIC","vo2MaxValue":51.0,"fitnessAge":"20","fitnessAgeDescription":"1","analyzerMethod":5,"maxMet":14.435302734375,"maxMetCategory":"GENERIC","calibratedData":1},{"userProfilePK":76018113,"calendarDate":"2021-11-10","deviceId":3988162045,"updateTimestamp":"2021-11-10T07:01:26.0","sport":"RUNNING","subSport":"GENERIC","vo2MaxValue":51.0,"fitnessAge":"20","fitnessAgeDescription":"1","analyzerMethod":5,"maxMet":14.47235107421875,"maxMetCategory":"GENERIC","calibratedData":1},{"userProfilePK":76018113,"calendarDate":"2021-11-10","deviceId":3988162045,"updateTimestamp":"2021-11-10T07:01:34.0","sport":"RUNNING","subSport":"GENERIC","vo2MaxValue":51.0,"fitnessAge":"20","fitnessAgeDescription":"1","analyzerMethod":5,"maxMet":14.47235107421875,"maxMetCategory":"GENERIC","calibratedData":1},{"userProfilePK":76018113,"calendarDate":"2021-11-18","deviceId":3988162045,"updateTimestamp":"2021-11-18T06:51:51.0","sport":"RUNNING","subSport":"GENERIC","vo2MaxValue":50.0,"fitnessAge":"20","fitnessAgeDescription":"1","analyzerMethod":5,"maxMet":14.345382690429688,"maxMetCategory":"GENERIC","calibratedData":1},{"userProfilePK":76018113,"calendarDate":"2021-11-18","deviceId":3988162045,"updateTimestamp":"2021-11-18T06:51:58.0","sport":"RUNNING","subSport":"GENERIC","vo2MaxValue":50.0,"fitnessAge":"20","fitnessAgeDescription":"1","analyzerMethod":5,"maxMet":14.345382690429688,"maxMetCategory":"GENERIC","calibratedData":1},{"userProfilePK":76018113,"calendarDate":"2021-11-23","deviceId":3988162045,"updateTimestamp":"2021-11-23T06:42:46.0","sport":"RUNNING","subSport":"GENERIC","vo2MaxValue":50.0,"fitnessAge":"20","fitnessAgeDescription":"1","analyzerMethod":5,"maxMet":14.32623291015625,"maxMetCategory":"GENERIC","calibratedData":1},{"userProfilePK":76018113,"calendarDate":"2021-11-23","deviceId":3988162045,"updateTimestamp":"2021-11-23T06:42:52.0","sport":"RUNNING","subSport":"GENERIC","vo2MaxValue":50.0,"fitnessAge":"20","fitnessAgeDescription":"1","analyzerMethod":5,"maxMet":14.32623291015625,"maxMetCategory":"GENERIC","calibratedData":1},{"userProfilePK":76018113,"calendarDate":"2021-11-24","deviceId":3988162045,"updateTimestamp":"2021-11-24T06:53:56.0","sport":"RUNNING","subSport":"GENERIC","vo2MaxValue":50.0,"fitnessAge":"20","fitnessAgeDescription":"1","analyzerMethod":5,"maxMet":14.387054443359375,"maxMetCategory":"GENERIC","calibratedData":1},{"userProfilePK":76018113,"calendarDate":"2021-11-24","deviceId":3988162045,"updateTimestamp":"2021-11-24T06:54:02.0","sport":"RUNNING","subSport":"GENERIC","vo2MaxValue":50.0,"fitnessAge":"20","fitnessAgeDescription":"1","analyzerMethod":5,"maxMet":14.387054443359375,"maxMetCategory":"GENERIC","calibratedData":1},{"userProfilePK":76018113,"calendarDate":"2021-11-27","deviceId":3988162045,"updateTimestamp":"2021-11-27T18:51:43.0","sport":"RUNNING","subSport":"GENERIC","vo2MaxValue":50.0,"fitnessAge":"20","fitnessAgeDescription":"1","analyzerMethod":5,"maxMet":14.423446655273438,"maxMetCategory":"GENERIC","calibratedData":1},{"userProfilePK":76018113,"calendarDate":"2021-11-27","deviceId":3988162045,"updateTimestamp":"2021-11-27T18:51:50.0","sport":"RUNNING","subSport":"GENERIC","vo2MaxValue":50.0,"fitnessAge":"20","fitnessAgeDescription":"1","analyzerMethod":5,"maxMet":14.423446655273438,"maxMetCategory":"GENERIC","calibratedData":1},{"userProfilePK":76018113,"calendarDate":"2021-11-30","deviceId":3988162045,"updateTimestamp":"2021-11-30T07:19:51.0","sport":"RUNNING","subSport":"GENERIC","vo2MaxValue":50.0,"fitnessAge":"20","fitnessAgeDescription":"1","analyzerMethod":5,"maxMet":14.303741455078125,"maxMetCategory":"GENERIC","calibratedData":1},{"userProfilePK":76018113,"calendarDate":"2021-11-30","deviceId":3988162045,"updateTimestamp":"2021-11-30T07:19:59.0","sport":"RUNNING","subSport":"GENERIC","vo2MaxValue":50.0,"fitnessAge":"20","fitnessAgeDescription":"1","analyzerMethod":5,"maxMet":14.303741455078125,"maxMetCategory":"GENERIC","calibratedData":1},{"userProfilePK":76018113,"calendarDate":"2021-12-10","deviceId":3988162045,"updateTimestamp":"2021-12-10T07:19:45.0","sport":"RUNNING","subSport":"GENERIC","vo2MaxValue":50.0,"fitnessAge":"20","fitnessAgeDescription":"1","analyzerMethod":5,"maxMet":14.250442504882812,"maxMetCategory":"GENERIC","calibratedData":1},{"userProfilePK":76018113,"calendarDate":"2021-12-10","deviceId":3988162045,"updateTimestamp":"2021-12-10T07:19:58.0","sport":"RUNNING","subSport":"GENERIC","vo2MaxValue":50.0,"fitnessAge":"20","fitnessAgeDescription":"1","analyzerMethod":5,"maxMet":14.250167846679688,"maxMetCategory":"GENERIC","calibratedData":1},{"userProfilePK":76018113,"calendarDate":"2021-12-11","deviceId":3988162045,"updateTimestamp":"2021-12-11T17:12:43.0","sport":"RUNNING","subSport":"GENERIC","vo2MaxValue":50.0,"fitnessAge":"20","fitnessAgeDescription":"1","analyzerMethod":5,"maxMet":14.324676513671875,"maxMetCategory":"GENERIC","calibratedData":1},{"userProfilePK":76018113,"calendarDate":"2021-12-11","deviceId":3988162045,"updateTimestamp":"2021-12-11T17:14:40.0","sport":"RUNNING","subSport":"GENERIC","vo2MaxValue":50.0,"fitnessAge":"20","fitnessAgeDescription":"1","analyzerMethod":5,"maxMet":14.324676513671875,"maxMetCategory":"GENERIC","calibratedData":1},{"userProfilePK":76018113,"calendarDate":"2021-12-20","deviceId":3988162045,"updateTimestamp":"2021-12-20T15:58:06.0","sport":"RUNNING","subSport":"GENERIC","vo2MaxValue":50.0,"fitnessAge":"20","fitnessAgeDescription":"1","analyzerMethod":5,"maxMet":14.25811767578125,"maxMetCategory":"GENERIC","calibratedData":1},{"userProfilePK":76018113,"calendarDate":"2021-12-20","deviceId":3988162045,"updateTimestamp":"2021-12-20T15:58:15.0","sport":"RUNNING","subSport":"GENERIC","vo2MaxValue":50.0,"fitnessAge":"20","fitnessAgeDescription":"1","analyzerMethod":5,"maxMet":14.25811767578125,"maxMetCategory":"GENERIC","calibratedData":1},{"userProfilePK":76018113,"calendarDate":"2021-12-22","deviceId":3988162045,"updateTimestamp":"2021-12-22T16:30:56.0","sport":"RUNNING","subSport":"GENERIC","vo2MaxValue":50.0,"fitnessAge":"20","fitnessAgeDescription":"1","analyzerMethod":5,"maxMet":14.222808837890625,"maxMetCategory":"GENERIC","calibratedData":1},{"userProfilePK":76018113,"calendarDate":"2021-12-22","deviceId":3988162045,"updateTimestamp":"2021-12-22T16:31:05.0","sport":"RUNNING","subSport":"GENERIC","vo2MaxValue":50.0,"fitnessAge":"20","fitnessAgeDescription":"1","analyzerMethod":5,"maxMet":14.222808837890625,"maxMetCategory":"GENERIC","calibratedData":1},{"userProfilePK":76018113,"calendarDate":"2021-12-24","deviceId":3988162045,"updateTimestamp":"2021-12-24T18:37:29.0","sport":"RUNNING","subSport":"GENERIC","vo2MaxValue":50.0,"fitnessAge":"20","fitnessAgeDescription":"1","analyzerMethod":5,"maxMet":14.208847045898438,"maxMetCategory":"GENERIC","calibratedData":1},{"userProfilePK":76018113,"calendarDate":"2021-12-24","deviceId":3988162045,"updateTimestamp":"2021-12-24T18:37:56.0","sport":"RUNNING","subSport":"GENERIC","vo2MaxValue":50.0,"fitnessAge":"20","fitnessAgeDescription":"1","analyzerMethod":5,"maxMet":14.208847045898438,"maxMetCategory":"GENERIC","calibratedData":1},{"userProfilePK":76018113,"calendarDate":"2021-12-24","deviceId":3988162045,"updateTimestamp":"2021-12-24T18:38:13.0","sport":"RUNNING","subSport":"GENERIC","vo2MaxValue":50.0,"fitnessAge":"20","fitnessAgeDescription":"1","analyzerMethod":5,"maxMet":14.208847045898438,"maxMetCategory":"GENERIC","calibratedData":1},{"userProfilePK":76018113,"calendarDate":"2021-12-27","deviceId":3988162045,"updateTimestamp":"2021-12-27T19:24:33.0","sport":"RUNNING","subSport":"GENERIC","vo2MaxValue":49.0,"fitnessAge":"20","fitnessAgeDescription":"1","analyzerMethod":5,"maxMet":14.125274658203125,"maxMetCategory":"GENERIC","calibratedData":1},{"userProfilePK":76018113,"calendarDate":"2021-12-27","deviceId":3988162045,"updateTimestamp":"2021-12-27T19:24:41.0","sport":"RUNNING","subSport":"GENERIC","vo2MaxValue":49.0,"fitnessAge":"20","fitnessAgeDescription":"1","analyzerMethod":5,"maxMet":14.125274658203125,"maxMetCategory":"GENERIC","calibratedData":1}]