[{"userProfilePK":76018113,"calendarDate":"2023-02-05","deviceId":3401978503,"updateTimestamp":"2023-02-05T09:41:31.0","sport":"RUNNING","subSport":"GENERIC","vo2MaxValue":53.0,"maxMet":15.036209106445312,"maxMetCategory":"GENERIC","calibratedData":1},{"userProfilePK":76018113,"calendarDate":"2023-02-06","deviceId":3401978503,"updateTimestamp":"2023-02-06T07:29:13.0","sport":"RUNNING","subSport":"GENERIC","vo2MaxValue":53.0,"maxMet":15.04534912109375,"maxMetCategory":"GENERIC","calibratedData":1},{"userProfilePK":76018113,"calendarDate":"2023-02-08","deviceId":3401978503,"updateTimestamp":"2023-02-08T06:30:21.0","sport":"RUNNING","subSport":"GENERIC","vo2MaxValue":53.0,"maxMet":15.049301147460938,"maxMetCategory":"GENERIC","calibratedData":1},{"userProfilePK":76018113,"calendarDate":"2023-02-10","deviceId":3401978503,"updateTimestamp":"2023-02-10T07:20:53.0","sport":"RUNNING","subSport":"GENERIC","vo2MaxValue":53.0,"maxMet":15.071624755859375,"maxMetCategory":"GENERIC","calibratedData":1},{"userProfilePK":76018113,"calendarDate":"2023-02-12","deviceId":3401978503,"updateTimestamp":"2023-02-12T09:24:44.0","sport":"RUNNING","subSport":"GENERIC","vo2MaxValue":53.0,"maxMet":15.0888671875,"maxMetCategory":"GENERIC","calibratedData":1},{"userProfilePK":76018113,"calendarDate":"2023-02-14","deviceId":3401978503,"updateTimestamp":"2023-02-14T06:49:11.0","sport":"RUNNING","subSport":"GENERIC","vo2MaxValue":53.0,"maxMet":15.096435546875,"maxMetCategory":"GENERIC","calibratedData":1},{"userProfilePK":76018113,"calendarDate":"2023-02-16","deviceId":3401978503,"updateTimestamp":"2023-02-16T07:04:38.0","sport":"RUNNING","subSport":"GENERIC","vo2MaxValue":53.0,"maxMet":15.101821899414062,"maxMetCategory":"GENERIC","calibratedData":1},{"userProfilePK":76018113,"calendarDate":"2023-02-19","deviceId":3401978503,"updateTimestamp":"2023-02-19T11:31:29.0","sport":"RUNNING","subSport":"GENERIC","vo2MaxValue":53.0,"maxMet":15.108627319335938,"maxMetCategory":"GENERIC","calibratedData":1},{"userProfilePK":76018113,"calendarDate":"2023-02-28","deviceId":3401978503,"updateTimestamp":"2023-02-28T06:57:14.0","sport":"RUNNING","subSport":"GENERIC","vo2MaxValue":53.0,"maxMet":15.083740234375,"maxMetCategory":"GENERIC","calibratedData":1},{"userProfilePK":76018113,"calendarDate":"2023-03-02","deviceId":3401978503,"updateTimestamp":"2023-03-02T06:57:12.0","sport":"RUNNING","subSport":"GENERIC","vo2MaxValue":53.0,"maxMet":15.0780029296875,"maxMetCategory":"GENERIC","calibratedData":1},{"userProfilePK":76018113,"calendarDate":"2023-03-03","deviceId":3401978503,"updateTimestamp":"2023-03-03T07:11:02.0","sport":"RUNNING","subSport":"GENERIC","vo2MaxValue":53.0,"maxMet":15.06097412109375,"maxMetCategory":"GENERIC","calibratedData":1},{"userProfilePK":76018113,"calendarDate":"2023-03-05","deviceId":3401978503,"updateTimestamp":"2023-03-05T11:53:19.0","sport":"RUNNING","subSport":"GENERIC","vo2MaxValue":53.0,"maxMet":15.049545288085938,"maxMetCategory":"GENERIC","calibratedData":1},{"userProfilePK":76018113,"calendarDate":"2023-03-06","deviceId":3401978503,"updateTimestamp":"2023-03-06T22:28:54.0","sport":"RUNNING","subSport":"GENERIC","vo2MaxValue":53.0,"maxMet":15.0279541015625,"maxMetCategory":"GENERIC","calibratedData":1},{"userProfilePK":76018113,"calendarDate":"2023-03-10","deviceId":3401978503,"updateTimestamp":"2023-03-10T06:55:55.0","sport":"RUNNING","subSport":"GENERIC","vo2MaxValue":53.0,"maxMet":15.010986328125,"maxMetCategory":"GENERIC","calibratedData":1},{"userProfilePK":76018113,"calendarDate":"2023-03-12","deviceId":3401978503,"updateTimestamp":"2023-03-12T10:35:33.0","sport":"RUNNING","subSport":"GENERIC","vo2MaxValue":53.0,"maxMet":15.001922607421875,"maxMetCategory":"GENERIC","calibratedData":1},{"userProfilePK":76018113,"calendarDate":"2023-03-14","deviceId":3401978503,"updateTimestamp":"2023-03-14T06:08:11.0","sport":"RUNNING","subSport":"GENERIC","vo2MaxValue":53.0,"maxMet":15.0108642578125,"maxMetCategory":"GENERIC","calibratedData":1},{"userProfilePK":76018113,"calendarDate":"2023-03-17","deviceId":3401978503,"updateTimestamp":"2023-03-17T06:27:34.0","sport":"RUNNING","subSport":"GENERIC","vo2MaxValue":52.0,"maxMet":14.995880126953125,"maxMetCategory":"GENERIC","calibratedData":1},{"userProfilePK":76018113,"calendarDate":"2023-03-20","deviceId":3401978503,"updateTimestamp":"2023-03-20T18:35:28.0","sport":"RUNNING","subSport":"GENERIC","vo2MaxValue":52.0,"maxMet":14.995742797851562,"maxMetCategory":"GENERIC","calibratedData":1},{"userProfilePK":76018113,"calendarDate":"2023-03-22","deviceId":3401978503,"updateTimestamp":"2023-03-22T06:42:55.0","sport":"RUNNING","subSport":"GENERIC","vo2MaxValue":52.0,"maxMet":14.996551513671875,"maxMetCategory":"GENERIC","calibratedData":1},{"userProfilePK":76018113,"calendarDate":"2023-03-24","deviceId":3401978503,"updateTimestamp":"2023-03-24T06:37:13.0","sport":"RUNNING","subSport":"GENERIC","vo2MaxValue":52.0,"maxMet":14.983306884765625,"maxMetCategory":"GENERIC","calibratedData":1},{"userProfilePK":76018113,"calendarDate":"2023-03-26","deviceId":3401978503,"updateTimestamp":"2023-03-26T07:51:24.0","sport":"RUNNING","subSport":"GENERIC","vo2MaxValue":52.0,"maxMet":14.984130859375,"maxMetCategory":"GENERIC","calibratedData":1},{"userProfilePK":76018113,"calendarDate":"2023-03-27","deviceId":3401978503,"updateTimestamp":"2023-03-27T05:59:12.0","sport":"RUNNING","subSport":"GENERIC","vo2MaxValue":53.0,"maxMet":15.001678466796875,"maxMetCategory":"GENERIC","calibratedData":1},{"userProfilePK":76018113,"calendarDate":"2023-03-29","deviceId":3401978503,"updateTimestamp":"2023-03-29T05:57:14.0","sport":"RUNNING","subSport":"GENERIC","vo2MaxValue":52.0,"maxMet":14.99224853515625,"maxMetCategory":"GENERIC","calibratedData":1},{"userProfilePK":76018113,"calendarDate":"2023-04-01","deviceId":3401978503,"updateTimestamp":"2023-04-01T10:59:31.0","sport":"RUNNING","subSport":"GENERIC","vo2MaxValue":52.0,"maxMet":14.976058959960938,"maxMetCategory":"GENERIC","calibratedData":1},{"userProfilePK":76018113,"calendarDate":"2023-04-05","deviceId":3401978503,"updateTimestamp":"2023-04-05T09:08:42.0","sport":"RUNNING","subSport":"GENERIC","vo2MaxValue":52.0,"maxMet":14.807342529296875,"maxMetCategory":"GENERIC","calibratedData":1},{"userProfilePK":76018113,"calendarDate":"2023-04-07","deviceId":3401978503,"updateTimestamp":"2023-04-07T18:04:13.0","sport":"RUNNING","subSport":"GENERIC","vo2MaxValue":52.0,"maxMet":14.930618286132812,"maxMetCategory":"GENERIC","calibratedData":1},{"userProfilePK":76018113,"calendarDate":"2023-04-09","deviceId":3401978503,"updateTimestamp":"2023-04-09T19:01:56.0","sport":"RUNNING","subSport":"GENERIC","vo2MaxValue":52.0,"maxMet":14.959854125976562,"maxMetCategory":"GENERIC","calibratedData":1},{"userProfilePK":76018113,"calendarDate":"2023-04-11","deviceId":3401978503,"updateTimestamp":"2023-04-11T18:43:31.0","sport":"RUNNING","subSport":"GENERIC","vo2MaxValue":52.0,"maxMet":14.961807250976562,"maxMetCategory":"GENERIC","calibratedData":1},{"userProfilePK":76018113,"calendarDate":"2023-04-13","deviceId":3401978503,"updateTimestamp":"2023-04-13T06:11:01.0","sport":"RUNNING","subSport":"GENERIC","vo2MaxValue":52.0,"maxMet":14.961776733398438,"maxMetCategory":"GENERIC","calibratedData":1},{"userProfilePK":76018113,"calendarDate":"2023-04-15","deviceId":3401978503,"updateTimestamp":"2023-04-15T08:14:03.0","sport":"RUNNING","subSport":"GENERIC","vo2MaxValue":52.0,"maxMet":14.956695556640625,"maxMetCategory":"GENERIC","calibratedData":1},{"userProfilePK":76018113,"calendarDate":"2023-04-16","deviceId":3401978503,"updateTimestamp":"2023-04-16T09:31:43.0","sport":"RUNNING","subSport":"GENERIC","vo2MaxValue":52.0,"maxMet":14.9522705078125,"maxMetCategory":"GENERIC","calibratedData":1},{"userProfilePK":76018113,"calendarDate":"2023-04-20","deviceId":3401978503,"updateTimestamp":"2023-04-20T05:58:57.0","sport":"RUNNING","subSport":"GENERIC","vo2MaxValue":52.0,"maxMet":14.952590942382812,"maxMetCategory":"GENERIC","calibratedData":1},{"userProfilePK":76018113,"calendarDate":"2023-04-21","deviceId":3401978503,"updateTimestamp":"2023-04-21T05:46:28.0","sport":"RUNNING","subSport":"GENERIC","vo2MaxValue":52.0,"maxMet":14.951797485351562,"maxMetCategory":"GENERIC","calibratedData":1},{"userProfilePK":76018113,"calendarDate":"2023-04-23","deviceId":3401978503,"updateTimestamp":"2023-04-23T15:43:45.0","sport":"RUNNING","subSport":"GENERIC","vo2MaxValue":52.0,"maxMet":14.972366333007812,"maxMetCategory":"GENERIC","calibratedData":1},{"userProfilePK":76018113,"calendarDate":"2023-04-25","deviceId":3401978503,"updateTimestamp":"2023-04-25T05:49:36.0","sport":"RUNNING","subSport":"GENERIC","vo2MaxValue":52.0,"maxMet":14.984771728515625,"maxMetCategory":"GENERIC","calibratedData":1},{"userProfilePK":76018113,"calendarDate":"2023-04-26","deviceId":3401978503,"updateTimestamp":"2023-04-26T06:05:52.0","sport":"RUNNING","subSport":"GENERIC","vo2MaxValue":52.0,"maxMet":14.991058349609375,"maxMetCategory":"GENERIC","calibratedData":1},{"userProfilePK":76018113,"calendarDate":"2023-04-28","deviceId":3401978503,"updateTimestamp":"2023-04-28T05:57:03.0","sport":"RUNNING","subSport":"GENERIC","vo2MaxValue":52.0,"maxMet":14.994140625,"maxMetCategory":"GENERIC","calibratedData":1},{"userProfilePK":76018113,"calendarDate":"2023-04-30","deviceId":3401978503,"updateTimestamp":"2023-04-30T08:35:28.0","sport":"RUNNING","subSport":"GENERIC","vo2MaxValue":52.0,"maxMet":14.716018676757812,"maxMetCategory":"GENERIC","calibratedData":1},{"userProfilePK":76018113,"calendarDate":"2023-05-06","deviceId":3401978503,"updateTimestamp":"2023-05-06T09:35:20.0","sport":"RUNNING","subSport":"GENERIC","vo2MaxValue":52.0,"maxMet":14.897232055664062,"maxMetCategory":"GENERIC","calibratedData":1},{"userProfilePK":76018113,"calendarDate":"2023-05-08","deviceId":3401978503,"updateTimestamp":"2023-05-08T05:47:53.0","sport":"RUNNING","subSport":"GENERIC","vo2MaxValue":52.0,"maxMet":14.968536376953125,"maxMetCategory":"GENERIC","calibratedData":1},{"userProfilePK":76018113,"calendarDate":"2023-05-10","deviceId":3401978503,"updateTimestamp":"2023-05-10T05:50:12.0","sport":"RUNNING","subSport":"GENERIC","vo2MaxValue":52.0,"maxMet":14.990081787109375,"maxMetCategory":"GENERIC","calibratedData":1},{"userProfilePK":76018113,"calendarDate":"2023-05-12","deviceId":3401978503,"updateTimestamp":"2023-05-12T05:40:52.0","sport":"RUNNING","subSport":"GENERIC","vo2MaxValue":53.0,"maxMet":15.006393432617188,"maxMetCategory":"GENERIC","calibratedData":1},{"userProfilePK":76018113,"calendarDate":"2023-05-13","deviceId":3401978503,"updateTimestamp":"2023-05-13T08:28:36.0","sport":"RUNNING","subSport":"GENERIC","vo2MaxValue":53.0,"maxMet":15.034072875976562,"maxMetCategory":"GENERIC","calibratedData":1},{"userProfilePK":76018113,"calendarDate":"2023-05-15","deviceId":3401978503,"updateTimestamp":"2023-05-15T10:50:14.0","sport":"RUNNING","subSport":"GENERIC","vo2MaxValue":53.0,"maxMet":15.029571533203125,"maxMetCategory":"GENERIC","calibratedData":1}]