[{"userProfilePK":76018113,"deviceId":3401978503,"calendarDate":"2022-04-11","timestamp":"2022-04-10T22:01:30.0","altitudeAcclimationTimestamp":"2022-04-10T22:01:30.0","previousAltitudeAcclimationTimestamp":"2022-04-10T22:01:30.0","heatAcclimationTimestamp":"2022-04-10T22:01:30.0","previousHeatAcclimationTimestamp":"2022-04-10T22:01:30.0","altitudeAcclimation":0,"previousAltitudeAcclimation":0,"heatAcclimationPercentage":0,"previousHeatAcclimationPercentage":0},{"userProfilePK":76018113,"deviceId":3401978503,"calendarDate":"2022-04-12","timestamp":"2022-04-11T22:01:38.0","altitudeAcclimationTimestamp":"2022-04-11T22:01:38.0","previousAltitudeAcclimationTimestamp":"2022-04-11T22:01:38.0","heatAcclimationTimestamp":"2022-04-11T22:01:38.0","previousHeatAcclimationTimestamp":"2022-04-11T22:01:38.0","altitudeAcclimation":850,"previousAltitudeAcclimation":0,"heatAcclimationPercentage":0,"previousHeatAcclimationPercentage":0},{"userProfilePK":76018113,"deviceId":3401978503,"calendarDate":"2022-04-13","timestamp":"2022-04-12T22:01:46.0","altitudeAcclimationTimestamp":"2022-04-12T22:01:46.0","previousAltitudeAcclimationTimestamp":"2022-04-11T22:01:38.0","heatAcclimationTimestamp":"2022-04-12T22:01:46.0","previousHeatAcclimationTimestamp":"2022-04-12T22:01:46.0","altitudeAcclimation":850,"previousAltitudeAcclimation":850,"heatAcclimationPercentage":0,"previousHeatAcclimationPercentage":0,"altitudeTrend":"ACCLIMATIZED"},{"userProfilePK":76018113,"deviceId":3401978503,"calendarDate":"2022-04-13","timestamp":"2022-04-13T08:52:57.0","altitudeAcclimationTimestamp":"2022-04-13T08:52:57.0","previousAltitudeAcclimationTimestamp":"2022-04-11T22:01:38.0","heatAcclimationTimestamp":"2022-04-13T08:52:57.0","previousHeatAcclimationTimestamp":"2022-04-13T08:52:57.0","altitudeAcclimation":850,"previousAltitudeAcclimation":850,"heatAcclimationPercentage":0,"previousHeatAcclimationPercentage":0,"altitudeTrend":"ACCLIMATIZED"},{"userProfilePK":76018113,"deviceId":3401978503,"calendarDate":"2022-04-14","timestamp":"2022-04-13T22:01:55.0","altitudeAcclimationTimestamp":"2022-04-13T22:01:55.0","previousAltitudeAcclimationTimestamp":"2022-04-13T08:52:57.0","heatAcclimationTimestamp":"2022-04-13T22:01:55.0","previousHeatAcclimationTimestamp":"2022-04-13T22:01:55.0","altitudeAcclimation":900,"previousAltitudeAcclimation":850,"heatAcclimationPercentage":0,"previousHeatAcclimationPercentage":0,"altitudeTrend":"ACCLIMATIZING"},{"userProfilePK":76018113,"deviceId":3401978503,"calendarDate":"2022-04-14","timestamp":"2022-04-14T08:40:51.0","altitudeAcclimationTimestamp":"2022-04-14T08:40:51.0","previousAltitudeAcclimationTimestamp":"2022-04-13T08:52:57.0","heatAcclimationTimestamp":"2022-04-14T08:40:51.0","previousHeatAcclimationTimestamp":"2022-04-14T08:40:51.0","altitudeAcclimation":900,"previousAltitudeAcclimation":850,"heatAcclimationPercentage":0,"previousHeatAcclimationPercentage":0,"altitudeTrend":"ACCLIMATIZING"},{"userProfilePK":76018113,"deviceId":3401978503,"calendarDate":"2022-04-15","timestamp":"2022-04-14T22:02:03.0","altitudeAcclimationTimestamp":"2022-04-14T22:02:03.0","previousAltitudeAcclimationTimestamp":"2022-04-14T08:40:51.0","heatAcclimationTimestamp":"2022-04-14T22:02:03.0","previousHeatAcclimationTimestamp":"2022-04-14T22:02:03.0","altitudeAcclimation":900,"previousAltitudeAcclimation":900,"heatAcclimationPercentage":0,"previousHeatAcclimationPercentage":0,"altitudeTrend":"ACCLIMATIZED"},{"userProfilePK":76018113,"deviceId":3401978503,"calendarDate":"2022-04-16","timestamp":"2022-04-15T22:02:11.0","altitudeAcclimationTimestamp":"2022-04-15T22:02:11.0","previousAltitudeAcclimationTimestamp":"2022-04-14T22:02:03.0","heatAcclimationTimestamp":"2022-04-15T22:02:11.0","previousHeatAcclimationTimestamp":"2022-04-15T22:02:11.0","altitudeAcclimation":950,"previousAltitudeAcclimation":900,"heatAcclimationPercentage":0,"previousHeatAcclimationPercentage":0,"altitudeTrend":"ACCLIMATIZING"},{"userProfilePK":76018113,"deviceId":3401978503,"calendarDate":"2022-04-16","timestamp":"2022-04-16T08:17:42.0","altitudeAcclimationTimestamp":"2022-04-16T08:17:42.0","previousAltitudeAcclimationTimestamp":"2022-04-14T22:02:03.0","heatAcclimationTimestamp":"2022-04-16T08:17:42.0","previousHeatAcclimationTimestamp":"2022-04-16T08:17:42.0","altitudeAcclimation":950,"previousAltitudeAcclimation":900,"heatAcclimationPercentage":0,"previousHeatAcclimationPercentage":0,"altitudeTrend":"ACCLIMATIZING"},{"userProfilePK":76018113,"deviceId":3401978503,"calendarDate":"2022-04-17","timestamp":"2022-04-16T22:02:19.0","altitudeAcclimationTimestamp":"2022-04-16T22:02:19.0","previousAltitudeAcclimationTimestamp":"2022-04-16T08:17:42.0","heatAcclimationTimestamp":"2022-04-16T22:02:19.0","previousHeatAcclimationTimestamp":"2022-04-16T22:02:19.0","altitudeAcclimation":900,"previousAltitudeAcclimation":950,"heatAcclimationPercentage":0,"previousHeatAcclimationPercentage":0,"altitudeTrend":"DEACCLIMATIZING"},{"userProfilePK":76018113,"deviceId":3401978503,"calendarDate":"2022-04-17","timestamp":"2022-04-17T11:15:44.0","altitudeAcclimationTimestamp":"2022-04-17T11:15:44.0","previousAltitudeAcclimationTimestamp":"2022-04-16T08:17:42.0","heatAcclimationTimestamp":"2022-04-17T11:15:44.0","previousHeatAcclimationTimestamp":"2022-04-17T11:15:44.0","altitudeAcclimation":900,"previousAltitudeAcclimation":950,"heatAcclimationPercentage":0,"previousHeatAcclimationPercentage":0,"altitudeTrend":"DEACCLIMATIZING"},{"userProfilePK":76018113,"deviceId":3401978503,"calendarDate":"2022-04-18","timestamp":"2022-04-17T22:02:28.0","altitudeAcclimationTimestamp":"2022-04-17T22:02:28.0","previousAltitudeAcclimationTimestamp":"2022-04-17T11:15:44.0","heatAcclimationTimestamp":"2022-04-17T22:02:28.0","previousHeatAcclimationTimestamp":"2022-04-17T22:02:28.0","altitudeAcclimation":900,"previousAltitudeAcclimation":900,"heatAcclimationPercentage":0,"previousHeatAcclimationPercentage":0,"altitudeTrend":"ACCLIMATIZED"},{"userProfilePK":76018113,"deviceId":3401978503,"calendarDate":"2022-04-19","timestamp":"2022-04-18T22:02:35.0","altitudeAcclimationTimestamp":"2022-04-18T22:02:35.0","previousAltitudeAcclimationTimestamp":"2022-04-17T22:02:28.0","heatAcclimationTimestamp":"2022-04-18T22:02:35.0","previousHeatAcclimationTimestamp":"2022-04-18T22:02:35.0","altitudeAcclimation":850,"previousAltitudeAcclimation":900,"heatAcclimationPercentage":0,"previousHeatAcclimationPercentage":0,"altitudeTrend":"DEACCLIMATIZING"},{"userProfilePK":76018113,"deviceId":3401978503,"calendarDate":"2022-04-19","timestamp":"2022-04-19T06:21:43.0","altitudeAcclimationTimestamp":"2022-04-19T06:21:43.0","previousAltitudeAcclimationTimestamp":"2022-04-17T22:02:28.0","heatAcclimationTimestamp":"2022-04-19T06:21:43.0","previousHeatAcclimationTimestamp":"2022-04-19T06:21:43.0","altitudeAcclimation":850,"previousAltitudeAcclimation":900,"heatAcclimationPercentage":0,"previousHeatAcclimationPercentage":0,"altitudeTrend":"DEACCLIMATIZING"},{"userProfilePK":76018113,"deviceId":3401978503,"calendarDate":"2022-04-20","timestamp":"2022-04-19T22:02:44.0","altitudeAcclimationTimestamp":"2022-04-19T22:02:44.0","previousAltitudeAcclimationTimestamp":"2022-04-19T06:21:43.0","heatAcclimationTimestamp":"2022-04-19T22:02:44.0","previousHeatAcclimationTimestamp":"2022-04-19T22:02:44.0","altitudeAcclimation":850,"previousAltitudeAcclimation":850,"heatAcclimationPercentage":0,"previousHeatAcclimationPercentage":0,"altitudeTrend":"ACCLIMATIZED"},{"userProfilePK":76018113,"deviceId":3401978503,"calendarDate":"2022-04-21","timestamp":"2022-04-20T22:02:52.0","altitudeAcclimationTimestamp":"2022-04-20T22:02:52.0","previousAltitudeAcclimationTimestamp":"2022-04-19T22:02:44.0","heatAcclimationTimestamp":"2022-04-20T22:02:52.0","previousHeatAcclimationTimestamp":"2022-04-20T22:02:52.0","altitudeAcclimation":850,"previousAltitudeAcclimation":850,"heatAcclimationPercentage":0,"previousHeatAcclimationPercentage":0,"altitudeTrend":"ACCLIMATIZED"},{"userProfilePK":76018113,"deviceId":3401978503,"calendarDate":"2022-04-21","timestamp":"2022-04-21T05:30:46.0","altitudeAcclimationTimestamp":"2022-04-21T05:30:46.0","previousAltitudeAcclimationTimestamp":"2022-04-19T22:02:44.0","heatAcclimationTimestamp":"2022-04-21T05:30:46.0","previousHeatAcclimationTimestamp":"2022-04-21T05:30:46.0","altitudeAcclimation":850,"previousAltitudeAcclimation":850,"heatAcclimationPercentage":0,"previousHeatAcclimationPercentage":0,"altitudeTrend":"ACCLIMATIZED"},{"userProfilePK":76018113,"deviceId":3401978503,"calendarDate":"2022-04-22","timestamp":"2022-04-21T22:03:00.0","altitudeAcclimationTimestamp":"2022-04-21T22:03:00.0","previousAltitudeAcclimationTimestamp":"2022-04-21T22:03:00.0","heatAcclimationTimestamp":"2022-04-21T22:03:00.0","previousHeatAcclimationTimestamp":"2022-04-21T22:03:00.0","altitudeAcclimation":0,"previousAltitudeAcclimation":0,"heatAcclimationPercentage":0,"previousHeatAcclimationPercentage":0},{"userProfilePK":76018113,"deviceId":3401978503,"calendarDate":"2022-04-23","timestamp":"2022-04-22T22:03:07.0","altitudeAcclimationTimestamp":"2022-04-22T22:03:07.0","previousAltitudeAcclimationTimestamp":"2022-04-22T22:03:07.0","heatAcclimationTimestamp":"2022-04-22T22:03:07.0","previousHeatAcclimationTimestamp":"2022-04-22T22:03:07.0","altitudeAcclimation":850,"previousAltitudeAcclimation":0,"heatAcclimationPercentage":0,"previousHeatAcclimationPercentage":0},{"userProfilePK":76018113,"deviceId":3401978503,"calendarDate":"2022-04-23","timestamp":"2022-04-23T15:47:45.0","altitudeAcclimationTimestamp":"2022-04-23T15:47:45.0","previousAltitudeAcclimationTimestamp":"2022-04-23T15:47:45.0","heatAcclimationTimestamp":"2022-04-23T15:47:45.0","previousHeatAcclimationTimestamp":"2022-04-23T15:47:45.0","altitudeAcclimation":850,"previousAltitudeAcclimation":0,"heatAcclimationPercentage":0,"previousHeatAcclimationPercentage":0},{"userProfilePK":76018113,"deviceId":3401978503,"calendarDate":"2022-04-24","timestamp":"2022-04-23T22:03:16.0","altitudeAcclimationTimestamp":"2022-04-23T22:03:16.0","previousAltitudeAcclimationTimestamp":"2022-04-23T22:03:16.0","heatAcclimationTimestamp":"2022-04-23T22:03:16.0","previousHeatAcclimationTimestamp":"2022-04-23T22:03:16.0","altitudeAcclimation":0,"previousAltitudeAcclimation":0,"heatAcclimationPercentage":0,"previousHeatAcclimationPercentage":0},{"userProfilePK":76018113,"deviceId":3401978503,"calendarDate":"2022-04-24","timestamp":"2022-04-24T11:37:59.0","altitudeAcclimationTimestamp":"2022-04-24T11:37:59.0","previousAltitudeAcclimationTimestamp":"2022-04-24T11:37:59.0","heatAcclimationTimestamp":"2022-04-24T11:37:59.0","previousHeatAcclimationTimestamp":"2022-04-24T11:37:59.0","altitudeAcclimation":0,"previousAltitudeAcclimation":0,"heatAcclimationPercentage":0,"previousHeatAcclimationPercentage":0},{"userProfilePK":76018113,"deviceId":3401978503,"calendarDate":"2022-04-25","timestamp":"2022-04-24T22:03:25.0","altitudeAcclimationTimestamp":"2022-04-24T22:03:25.0","previousAltitudeAcclimationTimestamp":"2022-04-24T22:03:25.0","heatAcclimationTimestamp":"2022-04-24T22:03:25.0","previousHeatAcclimationTimestamp":"2022-04-24T22:03:25.0","altitudeAcclimation":0,"previousAltitudeAcclimation":0,"heatAcclimationPercentage":0,"previousHeatAcclimationPercentage":0},{"userProfilePK":76018113,"deviceId":3401978503,"calendarDate":"2022-04-26","timestamp":"2022-04-25T22:03:33.0","altitudeAcclimationTimestamp":"2022-04-25T22:03:33.0","previousAltitudeAcclimationTimestamp":"2022-04-25T22:03:33.0","heatAcclimationTimestamp":"2022-04-25T22:03:33.0","previousHeatAcclimationTimestamp":"2022-04-25T22:03:33.0","altitudeAcclimation":0,"previousAltitudeAcclimation":0,"heatAcclimationPercentage":0,"previousHeatAcclimationPercentage":0},{"userProfilePK":76018113,"deviceId":3401978503,"calendarDate":"2022-04-27","timestamp":"2022-04-26T22:03:37.0","altitudeAcclimationTimestamp":"2022-04-26T22:03:37.0","previousAltitudeAcclimationTimestamp":"2022-04-26T22:03:37.0","heatAcclimationTimestamp":"2022-04-26T22:03:37.0","previousHeatAcclimationTimestamp":"2022-04-26T22:03:37.0","altitudeAcclimation":0,"previousAltitudeAcclimation":0,"heatAcclimationPercentage":0,"previousHeatAcclimationPercentage":0},{"userProfilePK":76018113,"deviceId":3401978503,"calendarDate":"2022-04-27","timestamp":"2022-04-27T06:05:54.0","altitudeAcclimationTimestamp":"2022-04-27T06:05:54.0","previousAltitudeAcclimationTimestamp":"2022-04-27T06:05:54.0","heatAcclimationTimestamp":"2022-04-27T06:05:54.0","previousHeatAcclimationTimestamp":"2022-04-27T06:05:54.0","altitudeAcclimation":0,"previousAltitudeAcclimation":0,"heatAcclimationPercentage":0,"previousHeatAcclimationPercentage":0},{"userProfilePK":76018113,"deviceId":3401978503,"calendarDate":"2022-04-28","timestamp":"2022-04-27T22:03:41.0","altitudeAcclimationTimestamp":"2022-04-27T22:03:41.0","previousAltitudeAcclimationTimestamp":"2022-04-27T22:03:41.0","heatAcclimationTimestamp":"2022-04-27T22:03:41.0","previousHeatAcclimationTimestamp":"2022-04-27T22:03:41.0","altitudeAcclimation":0,"previousAltitudeAcclimation":0,"heatAcclimationPercentage":0,"previousHeatAcclimationPercentage":0},{"userProfilePK":76018113,"deviceId":3401978503,"calendarDate":"2022-04-28","timestamp":"2022-04-28T05:57:57.0","altitudeAcclimationTimestamp":"2022-04-28T05:57:57.0","previousAltitudeAcclimationTimestamp":"2022-04-28T05:57:57.0","heatAcclimationTimestamp":"2022-04-28T05:57:57.0","previousHeatAcclimationTimestamp":"2022-04-28T05:57:57.0","altitudeAcclimation":0,"previousAltitudeAcclimation":0,"heatAcclimationPercentage":0,"previousHeatAcclimationPercentage":0},{"userProfilePK":76018113,"deviceId":3401978503,"calendarDate":"2022-04-29","timestamp":"2022-04-28T22:03:45.0","altitudeAcclimationTimestamp":"2022-04-28T22:03:45.0","previousAltitudeAcclimationTimestamp":"2022-04-28T22:03:45.0","heatAcclimationTimestamp":"2022-04-28T22:03:45.0","previousHeatAcclimationTimestamp":"2022-04-28T22:03:45.0","altitudeAcclimation":0,"previousAltitudeAcclimation":0,"heatAcclimationPercentage":0,"previousHeatAcclimationPercentage":0},{"userProfilePK":76018113,"deviceId":3401978503,"calendarDate":"2022-04-30","timestamp":"2022-04-29T22:03:49.0","altitudeAcclimationTimestamp":"2022-04-29T22:03:49.0","previousAltitudeAcclimationTimestamp":"2022-04-29T22:03:49.0","heatAcclimationTimestamp":"2022-04-29T22:03:49.0","previousHeatAcclimationTimestamp":"2022-04-29T22:03:49.0","altitudeAcclimation":0,"previousAltitudeAcclimation":0,"heatAcclimationPercentage":0,"previousHeatAcclimationPercentage":0},{"userProfilePK":76018113,"deviceId":3401978503,"calendarDate":"2022-04-30","timestamp":"2022-04-30T11:36:30.0","altitudeAcclimationTimestamp":"2022-04-30T11:36:30.0","previousAltitudeAcclimationTimestamp":"2022-04-30T11:36:30.0","heatAcclimationTimestamp":"2022-04-30T11:36:30.0","previousHeatAcclimationTimestamp":"2022-04-30T11:36:30.0","altitudeAcclimation":0,"previousAltitudeAcclimation":0,"heatAcclimationPercentage":0,"previousHeatAcclimationPercentage":0},{"userProfilePK":76018113,"deviceId":3401978503,"calendarDate":"2022-05-01","timestamp":"2022-04-30T22:03:53.0","altitudeAcclimationTimestamp":"2022-04-30T22:03:53.0","previousAltitudeAcclimationTimestamp":"2022-04-30T22:03:53.0","heatAcclimationTimestamp":"2022-04-30T22:03:53.0","previousHeatAcclimationTimestamp":"2022-04-30T22:03:53.0","altitudeAcclimation":0,"previousAltitudeAcclimation":0,"heatAcclimationPercentage":0,"previousHeatAcclimationPercentage":0},{"userProfilePK":76018113,"deviceId":3401978503,"calendarDate":"2022-05-01","timestamp":"2022-05-01T11:25:31.0","altitudeAcclimationTimestamp":"2022-05-01T11:25:31.0","previousAltitudeAcclimationTimestamp":"2022-05-01T11:25:31.0","heatAcclimationTimestamp":"2022-05-01T11:25:31.0","previousHeatAcclimationTimestamp":"2022-05-01T11:25:31.0","altitudeAcclimation":0,"previousAltitudeAcclimation":0,"heatAcclimationPercentage":0,"previousHeatAcclimationPercentage":0},{"userProfilePK":76018113,"deviceId":3401978503,"calendarDate":"2022-05-02","timestamp":"2022-05-01T22:03:57.0","altitudeAcclimationTimestamp":"2022-05-01T22:03:57.0","previousAltitudeAcclimationTimestamp":"2022-05-01T22:03:57.0","heatAcclimationTimestamp":"2022-05-01T22:03:57.0","previousHeatAcclimationTimestamp":"2022-05-01T22:03:57.0","altitudeAcclimation":0,"previousAltitudeAcclimation":0,"heatAcclimationPercentage":0,"previousHeatAcclimationPercentage":0},{"userProfilePK":76018113,"deviceId":3401978503,"calendarDate":"2022-05-02","timestamp":"2022-05-02T11:17:46.0","altitudeAcclimationTimestamp":"2022-05-02T11:17:46.0","previousAltitudeAcclimationTimestamp":"2022-05-02T11:17:46.0","heatAcclimationTimestamp":"2022-05-02T11:17:46.0","previousHeatAcclimationTimestamp":"2022-05-02T11:17:46.0","altitudeAcclimation":0,"previousAltitudeAcclimation":0,"heatAcclimationPercentage":0,"previousHeatAcclimationPercentage":0},{"userProfilePK":76018113,"deviceId":3401978503,"calendarDate":"2022-05-03","timestamp":"2022-05-02T22:05:41.0","altitudeAcclimationTimestamp":"2022-05-02T22:05:41.0","previousAltitudeAcclimationTimestamp":"2022-05-02T22:05:41.0","heatAcclimationTimestamp":"2022-05-02T22:05:41.0","previousHeatAcclimationTimestamp":"2022-05-02T22:05:41.0","altitudeAcclimation":0,"previousAltitudeAcclimation":0,"heatAcclimationPercentage":0,"previousHeatAcclimationPercentage":0},{"userProfilePK":76018113,"deviceId":3401978503,"calendarDate":"2022-05-04","timestamp":"2022-05-03T22:05:44.0","altitudeAcclimationTimestamp":"2022-05-03T22:05:44.0","previousAltitudeAcclimationTimestamp":"2022-05-03T22:05:44.0","heatAcclimationTimestamp":"2022-05-03T22:05:44.0","previousHeatAcclimationTimestamp":"2022-05-03T22:05:44.0","altitudeAcclimation":0,"previousAltitudeAcclimation":0,"heatAcclimationPercentage":0,"previousHeatAcclimationPercentage":0},{"userProfilePK":76018113,"deviceId":3401978503,"calendarDate":"2022-05-04","timestamp":"2022-05-04T06:06:35.0","altitudeAcclimationTimestamp":"2022-05-04T06:06:35.0","previousAltitudeAcclimationTimestamp":"2022-05-04T06:06:35.0","heatAcclimationTimestamp":"2022-05-04T06:06:35.0","previousHeatAcclimationTimestamp":"2022-05-04T06:06:35.0","altitudeAcclimation":0,"previousAltitudeAcclimation":0,"heatAcclimationPercentage":0,"previousHeatAcclimationPercentage":0},{"userProfilePK":76018113,"deviceId":3401978503,"calendarDate":"2022-05-05","timestamp":"2022-05-04T22:05:48.0","altitudeAcclimationTimestamp":"2022-05-04T22:05:48.0","previousAltitudeAcclimationTimestamp":"2022-05-04T22:05:48.0","heatAcclimationTimestamp":"2022-05-04T22:05:48.0","previousHeatAcclimationTimestamp":"2022-05-04T22:05:48.0","altitudeAcclimation":0,"previousAltitudeAcclimation":0,"heatAcclimationPercentage":0,"previousHeatAcclimationPercentage":0},{"userProfilePK":76018113,"deviceId":3401978503,"calendarDate":"2022-05-06","timestamp":"2022-05-05T22:05:53.0","altitudeAcclimationTimestamp":"2022-05-05T22:05:53.0","previousAltitudeAcclimationTimestamp":"2022-05-05T22:05:53.0","heatAcclimationTimestamp":"2022-05-05T22:05:53.0","previousHeatAcclimationTimestamp":"2022-05-05T22:05:53.0","altitudeAcclimation":0,"previousAltitudeAcclimation":0,"heatAcclimationPercentage":0,"previousHeatAcclimationPercentage":0},{"userProfilePK":76018113,"deviceId":3401978503,"calendarDate":"2022-05-07","timestamp":"2022-05-06T22:05:55.0","altitudeAcclimationTimestamp":"2022-05-06T22:05:55.0","previousAltitudeAcclimationTimestamp":"2022-05-06T22:05:55.0","heatAcclimationTimestamp":"2022-05-06T22:05:55.0","previousHeatAcclimationTimestamp":"2022-05-06T22:05:55.0","altitudeAcclimation":0,"previousAltitudeAcclimation":0,"heatAcclimationPercentage":0,"previousHeatAcclimationPercentage":0},{"userProfilePK":76018113,"deviceId":3401978503,"calendarDate":"2022-05-07","timestamp":"2022-05-07T12:10:52.0","altitudeAcclimationTimestamp":"2022-05-07T12:10:52.0","previousAltitudeAcclimationTimestamp":"2022-05-07T12:10:52.0","heatAcclimationTimestamp":"2022-05-07T12:10:52.0","previousHeatAcclimationTimestamp":"2022-05-07T12:10:52.0","altitudeAcclimation":0,"previousAltitudeAcclimation":0,"heatAcclimationPercentage":0,"previousHeatAcclimationPercentage":0},{"userProfilePK":76018113,"deviceId":3401978503,"calendarDate":"2022-05-08","timestamp":"2022-05-07T22:05:59.0","altitudeAcclimationTimestamp":"2022-05-07T22:05:59.0","previousAltitudeAcclimationTimestamp":"2022-05-07T22:05:59.0","heatAcclimationTimestamp":"2022-05-07T22:05:59.0","previousHeatAcclimationTimestamp":"2022-05-07T22:05:59.0","altitudeAcclimation":0,"previousAltitudeAcclimation":0,"heatAcclimationPercentage":0,"previousHeatAcclimationPercentage":0},{"userProfilePK":76018113,"deviceId":3401978503,"calendarDate":"2022-05-08","timestamp":"2022-05-08T09:19:19.0","altitudeAcclimationTimestamp":"2022-05-08T09:19:19.0","previousAltitudeAcclimationTimestamp":"2022-05-08T09:19:19.0","heatAcclimationTimestamp":"2022-05-08T09:19:19.0","previousHeatAcclimationTimestamp":"2022-05-08T09:19:19.0","altitudeAcclimation":0,"previousAltitudeAcclimation":0,"heatAcclimationPercentage":0,"previousHeatAcclimationPercentage":0},{"userProfilePK":76018113,"deviceId":3401978503,"calendarDate":"2022-05-09","timestamp":"2022-05-08T22:01:02.0","altitudeAcclimationTimestamp":"2022-05-08T22:01:02.0","previousAltitudeAcclimationTimestamp":"2022-05-08T22:01:02.0","heatAcclimationTimestamp":"2022-05-08T22:01:02.0","previousHeatAcclimationTimestamp":"2022-05-08T22:01:02.0","altitudeAcclimation":0,"previousAltitudeAcclimation":0,"heatAcclimationPercentage":0,"previousHeatAcclimationPercentage":0},{"userProfilePK":76018113,"deviceId":3401978503,"calendarDate":"2022-05-10","timestamp":"2022-05-09T22:01:06.0","altitudeAcclimationTimestamp":"2022-05-09T22:01:06.0","previousAltitudeAcclimationTimestamp":"2022-05-09T22:01:06.0","heatAcclimationTimestamp":"2022-05-09T22:01:06.0","previousHeatAcclimationTimestamp":"2022-05-09T22:01:06.0","altitudeAcclimation":0,"previousAltitudeAcclimation":0,"heatAcclimationPercentage":0,"previousHeatAcclimationPercentage":0},{"userProfilePK":76018113,"deviceId":3401978503,"calendarDate":"2022-05-10","timestamp":"2022-05-10T06:22:21.0","altitudeAcclimationTimestamp":"2022-05-10T06:22:21.0","previousAltitudeAcclimationTimestamp":"2022-05-10T06:22:21.0","heatAcclimationTimestamp":"2022-05-10T06:22:21.0","previousHeatAcclimationTimestamp":"2022-05-10T06:22:21.0","altitudeAcclimation":0,"previousAltitudeAcclimation":0,"heatAcclimationPercentage":0,"previousHeatAcclimationPercentage":0},{"userProfilePK":76018113,"deviceId":3401978503,"calendarDate":"2022-05-11","timestamp":"2022-05-10T22:01:07.0","altitudeAcclimationTimestamp":"2022-05-10T22:01:07.0","previousAltitudeAcclimationTimestamp":"2022-05-10T22:01:07.0","heatAcclimationTimestamp":"2022-05-10T22:01:07.0","previousHeatAcclimationTimestamp":"2022-05-10T22:01:07.0","altitudeAcclimation":0,"previousAltitudeAcclimation":0,"heatAcclimationPercentage":0,"previousHeatAcclimationPercentage":0},{"userProfilePK":76018113,"deviceId":3401978503,"calendarDate":"2022-05-11","timestamp":"2022-05-11T06:17:00.0","altitudeAcclimationTimestamp":"2022-05-11T06:17:00.0","previousAltitudeAcclimationTimestamp":"2022-05-11T06:17:00.0","heatAcclimationTimestamp":"2022-05-11T06:17:00.0","previousHeatAcclimationTimestamp":"2022-05-11T06:17:00.0","altitudeAcclimation":0,"previousAltitudeAcclimation":0,"heatAcclimationPercentage":0,"previousHeatAcclimationPercentage":0},{"userProfilePK":76018113,"deviceId":3401978503,"calendarDate":"2022-05-12","timestamp":"2022-05-11T22:05:09.0","altitudeAcclimationTimestamp":"2022-05-11T22:05:09.0","previousAltitudeAcclimationTimestamp":"2022-05-11T22:05:09.0","heatAcclimationTimestamp":"2022-05-11T22:05:09.0","previousHeatAcclimationTimestamp":"2022-05-11T22:05:09.0","altitudeAcclimation":0,"previousAltitudeAcclimation":0,"heatAcclimationPercentage":0,"previousHeatAcclimationPercentage":0},{"userProfilePK":76018113,"deviceId":3401978503,"calendarDate":"2022-05-13","timestamp":"2022-05-12T22:05:11.0","altitudeAcclimationTimestamp":"2022-05-12T22:05:11.0","previousAltitudeAcclimationTimestamp":"2022-05-12T22:05:11.0","heatAcclimationTimestamp":"2022-05-12T22:05:11.0","previousHeatAcclimationTimestamp":"2022-05-12T22:05:11.0","altitudeAcclimation":0,"previousAltitudeAcclimation":0,"heatAcclimationPercentage":0,"previousHeatAcclimationPercentage":0},{"userProfilePK":76018113,"deviceId":3401978503,"calendarDate":"2022-05-13","timestamp":"2022-05-13T05:56:01.0","altitudeAcclimationTimestamp":"2022-05-13T05:56:01.0","previousAltitudeAcclimationTimestamp":"2022-05-13T05:56:01.0","heatAcclimationTimestamp":"2022-05-13T05:56:01.0","previousHeatAcclimationTimestamp":"2022-05-13T05:56:01.0","altitudeAcclimation":0,"previousAltitudeAcclimation":0,"heatAcclimationPercentage":0,"previousHeatAcclimationPercentage":0},{"userProfilePK":76018113,"deviceId":3401978503,"calendarDate":"2022-05-14","timestamp":"2022-05-13T22:05:15.0","altitudeAcclimationTimestamp":"2022-05-13T22:05:15.0","previousAltitudeAcclimationTimestamp":"2022-05-13T22:05:15.0","heatAcclimationTimestamp":"2022-05-13T22:05:15.0","previousHeatAcclimationTimestamp":"2022-05-13T22:05:15.0","altitudeAcclimation":0,"previousAltitudeAcclimation":0,"heatAcclimationPercentage":0,"previousHeatAcclimationPercentage":0},{"userProfilePK":76018113,"deviceId":3401978503,"calendarDate":"2022-05-14","timestamp":"2022-05-14T11:14:26.0","altitudeAcclimationTimestamp":"2022-05-14T11:14:26.0","previousAltitudeAcclimationTimestamp":"2022-05-14T11:14:26.0","heatAcclimationTimestamp":"2022-05-14T11:14:26.0","previousHeatAcclimationTimestamp":"2022-05-14T11:14:26.0","altitudeAcclimation":0,"previousAltitudeAcclimation":0,"heatAcclimationPercentage":0,"previousHeatAcclimationPercentage":0},{"userProfilePK":76018113,"deviceId":3401978503,"calendarDate":"2022-05-15","timestamp":"2022-05-14T22:05:18.0","altitudeAcclimationTimestamp":"2022-05-14T22:05:18.0","previousAltitudeAcclimationTimestamp":"2022-05-14T22:05:18.0","heatAcclimationTimestamp":"2022-05-14T22:05:18.0","previousHeatAcclimationTimestamp":"2022-05-14T22:05:18.0","altitudeAcclimation":0,"previousAltitudeAcclimation":0,"heatAcclimationPercentage":0,"previousHeatAcclimationPercentage":0},{"userProfilePK":76018113,"deviceId":3401978503,"calendarDate":"2022-05-16","timestamp":"2022-05-15T23:05:20.0","altitudeAcclimationTimestamp":"2022-05-15T23:05:20.0","previousAltitudeAcclimationTimestamp":"2022-05-15T23:05:20.0","heatAcclimationTimestamp":"2022-05-15T23:05:20.0","previousHeatAcclimationTimestamp":"2022-05-15T23:05:20.0","altitudeAcclimation":0,"previousAltitudeAcclimation":0,"heatAcclimationPercentage":0,"previousHeatAcclimationPercentage":0},{"userProfilePK":76018113,"deviceId":3401978503,"calendarDate":"2022-05-16","timestamp":"2022-05-16T10:18:56.0","altitudeAcclimationTimestamp":"2022-05-16T10:18:56.0","previousAltitudeAcclimationTimestamp":"2022-05-16T10:18:56.0","heatAcclimationTimestamp":"2022-05-16T10:18:56.0","previousHeatAcclimationTimestamp":"2022-05-16T10:18:56.0","altitudeAcclimation":0,"previousAltitudeAcclimation":0,"heatAcclimationPercentage":0,"previousHeatAcclimationPercentage":0},{"userProfilePK":76018113,"deviceId":3401978503,"calendarDate":"2022-05-16","timestamp":"2022-05-16T11:43:02.0","altitudeAcclimationTimestamp":"2022-05-16T11:43:02.0","previousAltitudeAcclimationTimestamp":"2022-05-16T11:43:02.0","heatAcclimationTimestamp":"2022-05-16T11:43:02.0","previousHeatAcclimationTimestamp":"2022-05-16T11:43:02.0","altitudeAcclimation":0,"previousAltitudeAcclimation":0,"heatAcclimationPercentage":0,"previousHeatAcclimationPercentage":0},{"userProfilePK":76018113,"deviceId":3401978503,"calendarDate":"2022-05-17","timestamp":"2022-05-16T22:05:22.0","altitudeAcclimationTimestamp":"2022-05-16T22:05:22.0","previousAltitudeAcclimationTimestamp":"2022-05-16T22:05:22.0","heatAcclimationTimestamp":"2022-05-16T22:05:22.0","previousHeatAcclimationTimestamp":"2022-05-16T22:05:22.0","altitudeAcclimation":0,"previousAltitudeAcclimation":0,"heatAcclimationPercentage":0,"previousHeatAcclimationPercentage":0},{"userProfilePK":76018113,"deviceId":3401978503,"calendarDate":"2022-05-18","timestamp":"2022-05-18T05:05:25.0","altitudeAcclimationTimestamp":"2022-05-18T05:05:25.0","previousAltitudeAcclimationTimestamp":"2022-05-18T05:05:25.0","heatAcclimationTimestamp":"2022-05-18T05:05:25.0","previousHeatAcclimationTimestamp":"2022-05-18T05:05:25.0","altitudeAcclimation":0,"previousAltitudeAcclimation":0,"heatAcclimationPercentage":0,"previousHeatAcclimationPercentage":0},{"userProfilePK":76018113,"deviceId":3401978503,"calendarDate":"2022-05-19","timestamp":"2022-05-19T05:05:27.0","altitudeAcclimationTimestamp":"2022-05-19T05:05:27.0","previousAltitudeAcclimationTimestamp":"2022-05-19T05:05:27.0","heatAcclimationTimestamp":"2022-05-19T05:05:27.0","previousHeatAcclimationTimestamp":"2022-05-19T05:05:27.0","altitudeAcclimation":0,"previousAltitudeAcclimation":0,"heatAcclimationPercentage":0,"previousHeatAcclimationPercentage":0},{"userProfilePK":76018113,"deviceId":3401978503,"calendarDate":"2022-05-20","timestamp":"2022-05-20T05:05:29.0","altitudeAcclimationTimestamp":"2022-05-20T05:05:29.0","previousAltitudeAcclimationTimestamp":"2022-05-20T05:05:29.0","heatAcclimationTimestamp":"2022-05-20T05:05:29.0","previousHeatAcclimationTimestamp":"2022-05-20T05:05:29.0","altitudeAcclimation":0,"previousAltitudeAcclimation":0,"heatAcclimationPercentage":0,"previousHeatAcclimationPercentage":0},{"userProfilePK":76018113,"deviceId":3401978503,"calendarDate":"2022-05-21","timestamp":"2022-05-21T05:05:31.0","altitudeAcclimationTimestamp":"2022-05-21T05:05:31.0","previousAltitudeAcclimationTimestamp":"2022-05-21T05:05:31.0","heatAcclimationTimestamp":"2022-05-21T05:05:31.0","previousHeatAcclimationTimestamp":"2022-05-21T05:05:31.0","altitudeAcclimation":0,"previousAltitudeAcclimation":0,"heatAcclimationPercentage":0,"previousHeatAcclimationPercentage":0},{"userProfilePK":76018113,"deviceId":3401978503,"calendarDate":"2022-05-21","timestamp":"2022-05-21T10:58:07.0","altitudeAcclimationTimestamp":"2022-05-21T10:58:07.0","previousAltitudeAcclimationTimestamp":"2022-05-21T10:58:07.0","heatAcclimationTimestamp":"2022-05-21T10:58:07.0","previousHeatAcclimationTimestamp":"2022-05-21T10:58:07.0","altitudeAcclimation":0,"previousAltitudeAcclimation":0,"heatAcclimationPercentage":0,"previousHeatAcclimationPercentage":0},{"userProfilePK":76018113,"deviceId":3401978503,"calendarDate":"2022-05-21","timestamp":"2022-05-21T11:02:42.0","altitudeAcclimationTimestamp":"2022-05-21T11:02:42.0","previousAltitudeAcclimationTimestamp":"2022-05-21T11:02:42.0","heatAcclimationTimestamp":"2022-05-21T11:02:42.0","previousHeatAcclimationTimestamp":"2022-05-21T11:02:42.0","altitudeAcclimation":0,"previousAltitudeAcclimation":0,"heatAcclimationPercentage":0,"previousHeatAcclimationPercentage":0},{"userProfilePK":76018113,"deviceId":3401978503,"calendarDate":"2022-05-21","timestamp":"2022-05-21T11:52:43.0","altitudeAcclimationTimestamp":"2022-05-21T11:52:43.0","previousAltitudeAcclimationTimestamp":"2022-05-21T11:52:43.0","heatAcclimationTimestamp":"2022-05-21T11:52:43.0","previousHeatAcclimationTimestamp":"2022-05-21T11:52:43.0","altitudeAcclimation":0,"previousAltitudeAcclimation":0,"heatAcclimationPercentage":25,"previousHeatAcclimationPercentage":0},{"userProfilePK":76018113,"deviceId":3401978503,"calendarDate":"2022-05-22","timestamp":"2022-05-21T22:05:35.0","altitudeAcclimationTimestamp":"2022-05-21T22:05:35.0","previousAltitudeAcclimationTimestamp":"2022-05-21T22:05:35.0","heatAcclimationTimestamp":"2022-05-21T22:05:35.0","previousHeatAcclimationTimestamp":"2022-05-21T11:52:43.0","altitudeAcclimation":0,"previousAltitudeAcclimation":0,"heatAcclimationPercentage":25,"previousHeatAcclimationPercentage":25,"heatTrend":"ACCLIMATIZED"},{"userProfilePK":76018113,"deviceId":3401978503,"calendarDate":"2022-05-22","timestamp":"2022-05-22T10:47:31.0","altitudeAcclimationTimestamp":"2022-05-22T10:47:31.0","previousAltitudeAcclimationTimestamp":"2022-05-22T10:47:31.0","heatAcclimationTimestamp":"2022-05-22T10:47:31.0","previousHeatAcclimationTimestamp":"2022-05-21T11:52:43.0","altitudeAcclimation":0,"previousAltitudeAcclimation":0,"heatAcclimationPercentage":34,"previousHeatAcclimationPercentage":25,"heatTrend":"ACCLIMATIZING"},{"userProfilePK":76018113,"deviceId":3401978503,"calendarDate":"2022-05-23","timestamp":"2022-05-22T22:05:39.0","altitudeAcclimationTimestamp":"2022-05-22T22:05:39.0","previousAltitudeAcclimationTimestamp":"2022-05-22T22:05:39.0","heatAcclimationTimestamp":"2022-05-22T22:05:39.0","previousHeatAcclimationTimestamp":"2022-05-22T10:47:31.0","altitudeAcclimation":0,"previousAltitudeAcclimation":0,"heatAcclimationPercentage":34,"previousHeatAcclimationPercentage":34,"heatTrend":"ACCLIMATIZED"},{"userProfilePK":76018113,"deviceId":3401978503,"calendarDate":"2022-05-24","timestamp":"2022-05-23T22:05:42.0","altitudeAcclimationTimestamp":"2022-05-23T22:05:42.0","previousAltitudeAcclimationTimestamp":"2022-05-23T22:05:42.0","heatAcclimationTimestamp":"2022-05-23T22:05:42.0","previousHeatAcclimationTimestamp":"2022-05-22T22:05:39.0","altitudeAcclimation":0,"previousAltitudeAcclimation":0,"heatAcclimationPercentage":34,"previousHeatAcclimationPercentage":34,"heatTrend":"ACCLIMATIZED"},{"userProfilePK":76018113,"deviceId":3401978503,"calendarDate":"2022-05-24","timestamp":"2022-05-24T05:56:37.0","altitudeAcclimationTimestamp":"2022-05-24T05:56:37.0","previousAltitudeAcclimationTimestamp":"2022-05-24T05:56:37.0","heatAcclimationTimestamp":"2022-05-24T05:56:37.0","previousHeatAcclimationTimestamp":"2022-05-22T22:05:39.0","altitudeAcclimation":0,"previousAltitudeAcclimation":0,"heatAcclimationPercentage":34,"previousHeatAcclimationPercentage":34,"heatTrend":"ACCLIMATIZED"},{"userProfilePK":76018113,"deviceId":3401978503,"calendarDate":"2022-05-25","timestamp":"2022-05-24T22:05:44.0","altitudeAcclimationTimestamp":"2022-05-24T22:05:44.0","previousAltitudeAcclimationTimestamp":"2022-05-24T22:05:44.0","heatAcclimationTimestamp":"2022-05-24T22:05:44.0","previousHeatAcclimationTimestamp":"2022-05-24T05:56:37.0","altitudeAcclimation":0,"previousAltitudeAcclimation":0,"heatAcclimationPercentage":34,"previousHeatAcclimationPercentage":34,"heatTrend":"ACCLIMATIZED"},{"userProfilePK":76018113,"deviceId":3401978503,"calendarDate":"2022-05-26","timestamp":"2022-05-25T22:05:48.0","altitudeAcclimationTimestamp":"2022-05-25T22:05:48.0","previousAltitudeAcclimationTimestamp":"2022-05-25T22:05:48.0","heatAcclimationTimestamp":"2022-05-25T22:05:48.0","previousHeatAcclimationTimestamp":"2022-05-24T22:05:44.0","altitudeAcclimation":0,"previousAltitudeAcclimation":0,"heatAcclimationPercentage":32,"previousHeatAcclimationPercentage":34,"heatTrend":"DEACCLIMATIZING"},{"userProfilePK":76018113,"deviceId":3401978503,"calendarDate":"2022-05-27","timestamp":"2022-05-26T22:05:50.0","altitudeAcclimationTimestamp":"2022-05-26T22:05:50.0","previousAltitudeAcclimationTimestamp":"2022-05-26T22:05:50.0","heatAcclimationTimestamp":"2022-05-26T22:05:50.0","previousHeatAcclimationTimestamp":"2022-05-25T22:05:48.0","altitudeAcclimation":0,"previousAltitudeAcclimation":0,"heatAcclimationPercentage":29,"previousHeatAcclimationPercentage":32,"heatTrend":"DEACCLIMATIZING"},{"userProfilePK":76018113,"deviceId":3401978503,"calendarDate":"2022-05-27","timestamp":"2022-05-27T05:52:31.0","altitudeAcclimationTimestamp":"2022-05-27T05:52:31.0","previousAltitudeAcclimationTimestamp":"2022-05-27T05:52:31.0","heatAcclimationTimestamp":"2022-05-27T05:52:31.0","previousHeatAcclimationTimestamp":"2022-05-25T22:05:48.0","altitudeAcclimation":0,"previousAltitudeAcclimation":0,"heatAcclimationPercentage":29,"previousHeatAcclimationPercentage":32,"heatTrend":"DEACCLIMATIZING"},{"userProfilePK":76018113,"deviceId":3401978503,"calendarDate":"2022-05-28","timestamp":"2022-05-27T22:05:52.0","altitudeAcclimationTimestamp":"2022-05-27T22:05:52.0","previousAltitudeAcclimationTimestamp":"2022-05-27T22:05:52.0","heatAcclimationTimestamp":"2022-05-27T22:05:52.0","previousHeatAcclimationTimestamp":"2022-05-27T05:52:31.0","altitudeAcclimation":0,"previousAltitudeAcclimation":0,"heatAcclimationPercentage":26,"previousHeatAcclimationPercentage":29,"heatTrend":"DEACCLIMATIZING"},{"userProfilePK":76018113,"deviceId":3401978503,"calendarDate":"2022-05-29","timestamp":"2022-05-28T22:05:55.0","altitudeAcclimationTimestamp":"2022-05-28T22:05:55.0","previousAltitudeAcclimationTimestamp":"2022-05-28T22:05:55.0","heatAcclimationTimestamp":"2022-05-28T22:05:55.0","previousHeatAcclimationTimestamp":"2022-05-27T22:05:52.0","altitudeAcclimation":0,"previousAltitudeAcclimation":0,"heatAcclimationPercentage":23,"previousHeatAcclimationPercentage":26,"heatTrend":"DEACCLIMATIZING"},{"userProfilePK":76018113,"deviceId":3401978503,"calendarDate":"2022-05-29","timestamp":"2022-05-29T06:49:24.0","altitudeAcclimationTimestamp":"2022-05-29T06:49:24.0","previousAltitudeAcclimationTimestamp":"2022-05-29T06:49:24.0","heatAcclimationTimestamp":"2022-05-29T06:49:24.0","previousHeatAcclimationTimestamp":"2022-05-27T22:05:52.0","altitudeAcclimation":0,"previousAltitudeAcclimation":0,"heatAcclimationPercentage":23,"previousHeatAcclimationPercentage":26,"heatTrend":"DEACCLIMATIZING"},{"userProfilePK":76018113,"deviceId":3401978503,"calendarDate":"2022-05-29","timestamp":"2022-05-29T07:50:27.0","altitudeAcclimationTimestamp":"2022-05-29T07:50:27.0","previousAltitudeAcclimationTimestamp":"2022-05-29T07:50:27.0","heatAcclimationTimestamp":"2022-05-29T07:50:27.0","previousHeatAcclimationTimestamp":"2022-05-27T22:05:52.0","altitudeAcclimation":0,"previousAltitudeAcclimation":0,"heatAcclimationPercentage":23,"previousHeatAcclimationPercentage":26,"heatTrend":"DEACCLIMATIZING"},{"userProfilePK":76018113,"deviceId":3401978503,"calendarDate":"2022-05-30","timestamp":"2022-05-29T22:05:58.0","altitudeAcclimationTimestamp":"2022-05-29T22:05:58.0","previousAltitudeAcclimationTimestamp":"2022-05-29T22:05:58.0","heatAcclimationTimestamp":"2022-05-29T22:05:58.0","previousHeatAcclimationTimestamp":"2022-05-29T07:50:27.0","altitudeAcclimation":0,"previousAltitudeAcclimation":0,"heatAcclimationPercentage":20,"previousHeatAcclimationPercentage":23,"heatTrend":"DEACCLIMATIZING"},{"userProfilePK":76018113,"deviceId":3401978503,"calendarDate":"2022-05-31","timestamp":"2022-05-30T22:05:59.0","altitudeAcclimationTimestamp":"2022-05-30T22:05:59.0","previousAltitudeAcclimationTimestamp":"2022-05-30T22:05:59.0","heatAcclimationTimestamp":"2022-05-30T22:05:59.0","previousHeatAcclimationTimestamp":"2022-05-29T22:05:58.0","altitudeAcclimation":0,"previousAltitudeAcclimation":0,"heatAcclimationPercentage":16,"previousHeatAcclimationPercentage":20,"heatTrend":"DEACCLIMATIZING"},{"userProfilePK":76018113,"deviceId":3401978503,"calendarDate":"2022-05-31","timestamp":"2022-05-31T05:58:15.0","altitudeAcclimationTimestamp":"2022-05-31T05:58:15.0","previousAltitudeAcclimationTimestamp":"2022-05-31T05:58:15.0","heatAcclimationTimestamp":"2022-05-31T05:58:15.0","previousHeatAcclimationTimestamp":"2022-05-29T22:05:58.0","altitudeAcclimation":0,"previousAltitudeAcclimation":0,"heatAcclimationPercentage":16,"previousHeatAcclimationPercentage":20,"heatTrend":"DEACCLIMATIZING"},{"userProfilePK":76018113,"deviceId":3401978503,"calendarDate":"2022-06-01","timestamp":"2022-05-31T22:01:02.0","altitudeAcclimationTimestamp":"2022-05-31T22:01:02.0","previousAltitudeAcclimationTimestamp":"2022-05-31T22:01:02.0","heatAcclimationTimestamp":"2022-05-31T22:01:02.0","previousHeatAcclimationTimestamp":"2022-05-31T05:58:15.0","altitudeAcclimation":0,"previousAltitudeAcclimation":0,"heatAcclimationPercentage":12,"previousHeatAcclimationPercentage":16,"heatTrend":"DEACCLIMATIZING"},{"userProfilePK":76018113,"deviceId":3401978503,"calendarDate":"2022-06-02","timestamp":"2022-06-01T22:01:04.0","altitudeAcclimationTimestamp":"2022-06-01T22:01:04.0","previousAltitudeAcclimationTimestamp":"2022-06-01T22:01:04.0","heatAcclimationTimestamp":"2022-06-01T22:01:04.0","previousHeatAcclimationTimestamp":"2022-05-31T22:01:02.0","altitudeAcclimation":0,"previousAltitudeAcclimation":0,"heatAcclimationPercentage":8,"previousHeatAcclimationPercentage":12,"heatTrend":"DEACCLIMATIZING"},{"userProfilePK":76018113,"deviceId":3401978503,"calendarDate":"2022-06-02","timestamp":"2022-06-02T06:10:50.0","altitudeAcclimationTimestamp":"2022-06-02T06:10:50.0","previousAltitudeAcclimationTimestamp":"2022-06-02T06:10:50.0","heatAcclimationTimestamp":"2022-06-02T06:10:50.0","previousHeatAcclimationTimestamp":"2022-05-31T22:01:02.0","altitudeAcclimation":0,"previousAltitudeAcclimation":0,"heatAcclimationPercentage":8,"previousHeatAcclimationPercentage":12,"heatTrend":"DEACCLIMATIZING"},{"userProfilePK":76018113,"deviceId":3401978503,"calendarDate":"2022-06-03","timestamp":"2022-06-02T22:01:07.0","altitudeAcclimationTimestamp":"2022-06-02T22:01:07.0","previousAltitudeAcclimationTimestamp":"2022-06-02T22:01:07.0","heatAcclimationTimestamp":"2022-06-02T22:01:07.0","previousHeatAcclimationTimestamp":"2022-06-02T06:10:50.0","altitudeAcclimation":0,"previousAltitudeAcclimation":0,"heatAcclimationPercentage":5,"previousHeatAcclimationPercentage":8,"heatTrend":"DEACCLIMATIZING"},{"userProfilePK":76018113,"deviceId":3401978503,"calendarDate":"2022-06-04","timestamp":"2022-06-03T22:01:09.0","altitudeAcclimationTimestamp":"2022-06-03T22:01:09.0","previousAltitudeAcclimationTimestamp":"2022-06-03T22:01:09.0","heatAcclimationTimestamp":"2022-06-03T22:01:09.0","previousHeatAcclimationTimestamp":"2022-06-02T22:01:07.0","altitudeAcclimation":0,"previousAltitudeAcclimation":0,"heatAcclimationPercentage":3,"previousHeatAcclimationPercentage":5,"heatTrend":"DEACCLIMATIZING"},{"userProfilePK":76018113,"deviceId":3401978503,"calendarDate":"2022-06-04","timestamp":"2022-06-04T07:40:02.0","altitudeAcclimationTimestamp":"2022-06-04T07:40:02.0","previousAltitudeAcclimationTimestamp":"2022-06-04T07:40:02.0","heatAcclimationTimestamp":"2022-06-04T07:40:02.0","previousHeatAcclimationTimestamp":"2022-06-02T22:01:07.0","altitudeAcclimation":0,"previousAltitudeAcclimation":0,"heatAcclimationPercentage":3,"previousHeatAcclimationPercentage":5,"heatTrend":"DEACCLIMATIZING"},{"userProfilePK":76018113,"deviceId":3401978503,"calendarDate":"2022-06-04","timestamp":"2022-06-04T09:09:17.0","altitudeAcclimationTimestamp":"2022-06-04T09:09:17.0","previousAltitudeAcclimationTimestamp":"2022-06-04T09:09:17.0","heatAcclimationTimestamp":"2022-06-04T09:09:17.0","previousHeatAcclimationTimestamp":"2022-06-02T22:01:07.0","altitudeAcclimation":0,"previousAltitudeAcclimation":0,"heatAcclimationPercentage":3,"previousHeatAcclimationPercentage":5,"heatTrend":"DEACCLIMATIZING"},{"userProfilePK":76018113,"deviceId":3401978503,"calendarDate":"2022-06-05","timestamp":"2022-06-04T22:01:12.0","altitudeAcclimationTimestamp":"2022-06-04T22:01:12.0","previousAltitudeAcclimationTimestamp":"2022-06-04T22:01:12.0","heatAcclimationTimestamp":"2022-06-04T22:01:12.0","previousHeatAcclimationTimestamp":"2022-06-04T09:09:17.0","altitudeAcclimation":0,"previousAltitudeAcclimation":0,"heatAcclimationPercentage":1,"previousHeatAcclimationPercentage":3,"heatTrend":"DEACCLIMATIZING"},{"userProfilePK":76018113,"deviceId":3401978503,"calendarDate":"2022-06-06","timestamp":"2022-06-05T22:01:14.0","altitudeAcclimationTimestamp":"2022-06-05T22:01:14.0","previousAltitudeAcclimationTimestamp":"2022-06-05T22:01:14.0","heatAcclimationTimestamp":"2022-06-05T22:01:14.0","previousHeatAcclimationTimestamp":"2022-06-05T22:01:14.0","altitudeAcclimation":0,"previousAltitudeAcclimation":0,"heatAcclimationPercentage":0,"previousHeatAcclimationPercentage":0},{"userProfilePK":76018113,"deviceId":3401978503,"calendarDate":"2022-06-07","timestamp":"2022-06-06T22:01:15.0","altitudeAcclimationTimestamp":"2022-06-06T22:01:15.0","previousAltitudeAcclimationTimestamp":"2022-06-06T22:01:15.0","heatAcclimationTimestamp":"2022-06-06T22:01:15.0","previousHeatAcclimationTimestamp":"2022-06-06T22:01:15.0","altitudeAcclimation":0,"previousAltitudeAcclimation":0,"heatAcclimationPercentage":0,"previousHeatAcclimationPercentage":0},{"userProfilePK":76018113,"deviceId":3401978503,"calendarDate":"2022-06-07","timestamp":"2022-06-07T06:08:04.0","altitudeAcclimationTimestamp":"2022-06-07T06:08:04.0","previousAltitudeAcclimationTimestamp":"2022-06-07T06:08:04.0","heatAcclimationTimestamp":"2022-06-07T06:08:04.0","previousHeatAcclimationTimestamp":"2022-06-07T06:08:04.0","altitudeAcclimation":0,"previousAltitudeAcclimation":0,"heatAcclimationPercentage":0,"previousHeatAcclimationPercentage":0},{"userProfilePK":76018113,"deviceId":3401978503,"calendarDate":"2022-06-08","timestamp":"2022-06-07T22:01:19.0","altitudeAcclimationTimestamp":"2022-06-07T22:01:19.0","previousAltitudeAcclimationTimestamp":"2022-06-07T22:01:19.0","heatAcclimationTimestamp":"2022-06-07T22:01:19.0","previousHeatAcclimationTimestamp":"2022-06-07T22:01:19.0","altitudeAcclimation":0,"previousAltitudeAcclimation":0,"heatAcclimationPercentage":0,"previousHeatAcclimationPercentage":0},{"userProfilePK":76018113,"deviceId":3401978503,"calendarDate":"2022-06-08","timestamp":"2022-06-08T06:03:22.0","altitudeAcclimationTimestamp":"2022-06-08T06:03:22.0","previousAltitudeAcclimationTimestamp":"2022-06-08T06:03:22.0","heatAcclimationTimestamp":"2022-06-08T06:03:22.0","previousHeatAcclimationTimestamp":"2022-06-08T06:03:22.0","altitudeAcclimation":0,"previousAltitudeAcclimation":0,"heatAcclimationPercentage":0,"previousHeatAcclimationPercentage":0},{"userProfilePK":76018113,"deviceId":3401978503,"calendarDate":"2022-06-09","timestamp":"2022-06-08T22:04:08.0","altitudeAcclimationTimestamp":"2022-06-08T22:04:08.0","previousAltitudeAcclimationTimestamp":"2022-06-08T22:04:08.0","heatAcclimationTimestamp":"2022-06-08T22:04:08.0","previousHeatAcclimationTimestamp":"2022-06-08T22:04:08.0","altitudeAcclimation":0,"previousAltitudeAcclimation":0,"heatAcclimationPercentage":0,"previousHeatAcclimationPercentage":0},{"userProfilePK":76018113,"deviceId":3401978503,"calendarDate":"2022-06-10","timestamp":"2022-06-09T22:04:09.0","altitudeAcclimationTimestamp":"2022-06-09T22:04:09.0","previousAltitudeAcclimationTimestamp":"2022-06-09T22:04:09.0","heatAcclimationTimestamp":"2022-06-09T22:04:09.0","previousHeatAcclimationTimestamp":"2022-06-09T22:04:09.0","altitudeAcclimation":0,"previousAltitudeAcclimation":0,"heatAcclimationPercentage":0,"previousHeatAcclimationPercentage":0},{"userProfilePK":76018113,"deviceId":3401978503,"calendarDate":"2022-06-11","timestamp":"2022-06-10T22:04:10.0","altitudeAcclimationTimestamp":"2022-06-10T22:04:10.0","previousAltitudeAcclimationTimestamp":"2022-06-10T22:04:10.0","heatAcclimationTimestamp":"2022-06-10T22:04:10.0","previousHeatAcclimationTimestamp":"2022-06-10T22:04:10.0","altitudeAcclimation":0,"previousAltitudeAcclimation":0,"heatAcclimationPercentage":0,"previousHeatAcclimationPercentage":0},{"userProfilePK":76018113,"deviceId":3401978503,"calendarDate":"2022-06-11","timestamp":"2022-06-11T07:52:00.0","altitudeAcclimationTimestamp":"2022-06-11T07:52:00.0","previousAltitudeAcclimationTimestamp":"2022-06-11T07:52:00.0","heatAcclimationTimestamp":"2022-06-11T07:52:00.0","previousHeatAcclimationTimestamp":"2022-06-11T07:52:00.0","altitudeAcclimation":0,"previousAltitudeAcclimation":0,"heatAcclimationPercentage":11,"previousHeatAcclimationPercentage":0},{"userProfilePK":76018113,"deviceId":3401978503,"calendarDate":"2022-06-12","timestamp":"2022-06-11T22:04:13.0","altitudeAcclimationTimestamp":"2022-06-11T22:04:13.0","previousAltitudeAcclimationTimestamp":"2022-06-11T22:04:13.0","heatAcclimationTimestamp":"2022-06-11T22:04:13.0","previousHeatAcclimationTimestamp":"2022-06-11T07:52:00.0","altitudeAcclimation":0,"previousAltitudeAcclimation":0,"heatAcclimationPercentage":11,"previousHeatAcclimationPercentage":11,"heatTrend":"ACCLIMATIZED"},{"userProfilePK":76018113,"deviceId":3401978503,"calendarDate":"2022-06-13","timestamp":"2022-06-12T22:04:14.0","altitudeAcclimationTimestamp":"2022-06-12T22:04:14.0","previousAltitudeAcclimationTimestamp":"2022-06-12T22:04:14.0","heatAcclimationTimestamp":"2022-06-12T22:04:14.0","previousHeatAcclimationTimestamp":"2022-06-11T22:04:13.0","altitudeAcclimation":0,"previousAltitudeAcclimation":0,"heatAcclimationPercentage":11,"previousHeatAcclimationPercentage":11,"heatTrend":"ACCLIMATIZED"},{"userProfilePK":76018113,"deviceId":3401978503,"calendarDate":"2022-06-14","timestamp":"2022-06-13T22:04:15.0","altitudeAcclimationTimestamp":"2022-06-13T22:04:15.0","previousAltitudeAcclimationTimestamp":"2022-06-13T22:04:15.0","heatAcclimationTimestamp":"2022-06-13T22:04:15.0","previousHeatAcclimationTimestamp":"2022-06-12T22:04:14.0","altitudeAcclimation":0,"previousAltitudeAcclimation":0,"heatAcclimationPercentage":11,"previousHeatAcclimationPercentage":11,"heatTrend":"ACCLIMATIZED"},{"userProfilePK":76018113,"deviceId":3401978503,"calendarDate":"2022-06-14","timestamp":"2022-06-14T04:56:57.0","altitudeAcclimationTimestamp":"2022-06-14T04:56:57.0","previousAltitudeAcclimationTimestamp":"2022-06-14T04:56:57.0","heatAcclimationTimestamp":"2022-06-14T04:56:57.0","previousHeatAcclimationTimestamp":"2022-06-12T22:04:14.0","altitudeAcclimation":0,"previousAltitudeAcclimation":0,"heatAcclimationPercentage":11,"previousHeatAcclimationPercentage":11,"heatTrend":"ACCLIMATIZED"},{"userProfilePK":76018113,"deviceId":3401978503,"calendarDate":"2022-06-14","timestamp":"2022-06-14T05:55:14.0","altitudeAcclimationTimestamp":"2022-06-14T05:55:14.0","previousAltitudeAcclimationTimestamp":"2022-06-14T05:55:14.0","heatAcclimationTimestamp":"2022-06-14T05:55:14.0","previousHeatAcclimationTimestamp":"2022-06-12T22:04:14.0","altitudeAcclimation":0,"previousAltitudeAcclimation":0,"heatAcclimationPercentage":21,"previousHeatAcclimationPercentage":11,"heatTrend":"ACCLIMATIZING"},{"userProfilePK":76018113,"deviceId":3401978503,"calendarDate":"2022-06-15","timestamp":"2022-06-14T22:02:06.0","altitudeAcclimationTimestamp":"2022-06-14T22:02:06.0","previousAltitudeAcclimationTimestamp":"2022-06-14T22:02:06.0","heatAcclimationTimestamp":"2022-06-14T22:02:06.0","previousHeatAcclimationTimestamp":"2022-06-14T05:55:14.0","altitudeAcclimation":0,"previousAltitudeAcclimation":0,"heatAcclimationPercentage":21,"previousHeatAcclimationPercentage":21,"heatTrend":"ACCLIMATIZED"},{"userProfilePK":76018113,"deviceId":3401978503,"calendarDate":"2022-06-15","timestamp":"2022-06-15T06:37:08.0","altitudeAcclimationTimestamp":"2022-06-15T06:37:08.0","previousAltitudeAcclimationTimestamp":"2022-06-15T06:37:08.0","heatAcclimationTimestamp":"2022-06-15T06:37:08.0","previousHeatAcclimationTimestamp":"2022-06-14T05:55:14.0","altitudeAcclimation":0,"previousAltitudeAcclimation":0,"heatAcclimationPercentage":33,"previousHeatAcclimationPercentage":21,"heatTrend":"ACCLIMATIZING"},{"userProfilePK":76018113,"deviceId":3401978503,"calendarDate":"2022-06-16","timestamp":"2022-06-15T22:02:07.0","altitudeAcclimationTimestamp":"2022-06-15T22:02:07.0","previousAltitudeAcclimationTimestamp":"2022-06-15T22:02:07.0","heatAcclimationTimestamp":"2022-06-15T22:02:07.0","previousHeatAcclimationTimestamp":"2022-06-15T06:37:08.0","altitudeAcclimation":0,"previousAltitudeAcclimation":0,"heatAcclimationPercentage":33,"previousHeatAcclimationPercentage":33,"heatTrend":"ACCLIMATIZED"},{"userProfilePK":76018113,"deviceId":3401978503,"calendarDate":"2022-06-17","timestamp":"2022-06-16T22:02:09.0","altitudeAcclimationTimestamp":"2022-06-16T22:02:09.0","previousAltitudeAcclimationTimestamp":"2022-06-16T22:02:09.0","heatAcclimationTimestamp":"2022-06-16T22:02:09.0","previousHeatAcclimationTimestamp":"2022-06-15T22:02:07.0","altitudeAcclimation":0,"previousAltitudeAcclimation":0,"heatAcclimationPercentage":33,"previousHeatAcclimationPercentage":33,"heatTrend":"ACCLIMATIZED"},{"userProfilePK":76018113,"deviceId":3401978503,"calendarDate":"2022-06-17","timestamp":"2022-06-17T05:39:17.0","altitudeAcclimationTimestamp":"2022-06-17T05:39:17.0","previousAltitudeAcclimationTimestamp":"2022-06-17T05:39:17.0","heatAcclimationTimestamp":"2022-06-17T05:39:17.0","previousHeatAcclimationTimestamp":"2022-06-15T22:02:07.0","altitudeAcclimation":0,"previousAltitudeAcclimation":0,"heatAcclimationPercentage":37,"previousHeatAcclimationPercentage":33,"heatTrend":"ACCLIMATIZING"},{"userProfilePK":76018113,"deviceId":3401978503,"calendarDate":"2022-06-17","timestamp":"2022-06-17T06:04:19.0","altitudeAcclimationTimestamp":"2022-06-17T06:04:19.0","previousAltitudeAcclimationTimestamp":"2022-06-17T06:04:19.0","heatAcclimationTimestamp":"2022-06-17T06:04:19.0","previousHeatAcclimationTimestamp":"2022-06-15T22:02:07.0","altitudeAcclimation":0,"previousAltitudeAcclimation":0,"heatAcclimationPercentage":43,"previousHeatAcclimationPercentage":33,"heatTrend":"ACCLIMATIZING"},{"userProfilePK":76018113,"deviceId":3401978503,"calendarDate":"2022-06-18","timestamp":"2022-06-17T22:02:12.0","altitudeAcclimationTimestamp":"2022-06-17T22:02:12.0","previousAltitudeAcclimationTimestamp":"2022-06-17T22:02:12.0","heatAcclimationTimestamp":"2022-06-17T22:02:12.0","previousHeatAcclimationTimestamp":"2022-06-17T06:04:19.0","altitudeAcclimation":0,"previousAltitudeAcclimation":0,"heatAcclimationPercentage":43,"previousHeatAcclimationPercentage":43,"heatTrend":"ACCLIMATIZED"},{"userProfilePK":76018113,"deviceId":3401978503,"calendarDate":"2022-06-19","timestamp":"2022-06-18T22:02:13.0","altitudeAcclimationTimestamp":"2022-06-18T22:02:13.0","previousAltitudeAcclimationTimestamp":"2022-06-18T22:02:13.0","heatAcclimationTimestamp":"2022-06-18T22:02:13.0","previousHeatAcclimationTimestamp":"2022-06-17T22:02:12.0","altitudeAcclimation":0,"previousAltitudeAcclimation":0,"heatAcclimationPercentage":43,"previousHeatAcclimationPercentage":43,"heatTrend":"ACCLIMATIZED"},{"userProfilePK":76018113,"deviceId":3401978503,"calendarDate":"2022-06-20","timestamp":"2022-06-19T22:02:14.0","altitudeAcclimationTimestamp":"2022-06-19T22:02:14.0","previousAltitudeAcclimationTimestamp":"2022-06-19T22:02:14.0","heatAcclimationTimestamp":"2022-06-19T22:02:14.0","previousHeatAcclimationTimestamp":"2022-06-18T22:02:13.0","altitudeAcclimation":0,"previousAltitudeAcclimation":0,"heatAcclimationPercentage":43,"previousHeatAcclimationPercentage":43,"heatTrend":"ACCLIMATIZED"},{"userProfilePK":76018113,"deviceId":3401978503,"calendarDate":"2022-06-21","timestamp":"2022-06-20T22:02:16.0","altitudeAcclimationTimestamp":"2022-06-20T22:02:16.0","previousAltitudeAcclimationTimestamp":"2022-06-20T22:02:16.0","heatAcclimationTimestamp":"2022-06-20T22:02:16.0","previousHeatAcclimationTimestamp":"2022-06-19T22:02:14.0","altitudeAcclimation":0,"previousAltitudeAcclimation":0,"heatAcclimationPercentage":38,"previousHeatAcclimationPercentage":43,"heatTrend":"DEACCLIMATIZING"},{"userProfilePK":76018113,"deviceId":3401978503,"calendarDate":"2022-06-21","timestamp":"2022-06-21T06:05:57.0","altitudeAcclimationTimestamp":"2022-06-21T06:05:57.0","previousAltitudeAcclimationTimestamp":"2022-06-21T06:05:57.0","heatAcclimationTimestamp":"2022-06-21T06:05:57.0","previousHeatAcclimationTimestamp":"2022-06-19T22:02:14.0","altitudeAcclimation":0,"previousAltitudeAcclimation":0,"heatAcclimationPercentage":38,"previousHeatAcclimationPercentage":43,"heatTrend":"DEACCLIMATIZING"},{"userProfilePK":76018113,"deviceId":3401978503,"calendarDate":"2022-06-22","timestamp":"2022-06-21T22:02:19.0","altitudeAcclimationTimestamp":"2022-06-21T22:02:19.0","previousAltitudeAcclimationTimestamp":"2022-06-21T22:02:19.0","heatAcclimationTimestamp":"2022-06-21T22:02:19.0","previousHeatAcclimationTimestamp":"2022-06-21T06:05:57.0","altitudeAcclimation":0,"previousAltitudeAcclimation":0,"heatAcclimationPercentage":34,"previousHeatAcclimationPercentage":38,"heatTrend":"DEACCLIMATIZING"},{"userProfilePK":76018113,"deviceId":3401978503,"calendarDate":"2022-06-22","timestamp":"2022-06-22T05:30:55.0","altitudeAcclimationTimestamp":"2022-06-22T05:30:55.0","previousAltitudeAcclimationTimestamp":"2022-06-22T05:30:55.0","heatAcclimationTimestamp":"2022-06-22T05:30:55.0","previousHeatAcclimationTimestamp":"2022-06-21T06:05:57.0","altitudeAcclimation":0,"previousAltitudeAcclimation":0,"heatAcclimationPercentage":34,"previousHeatAcclimationPercentage":38,"heatTrend":"DEACCLIMATIZING"},{"userProfilePK":76018113,"deviceId":3401978503,"calendarDate":"2022-06-23","timestamp":"2022-06-22T22:02:20.0","altitudeAcclimationTimestamp":"2022-06-22T22:02:20.0","previousAltitudeAcclimationTimestamp":"2022-06-22T22:02:20.0","heatAcclimationTimestamp":"2022-06-22T22:02:20.0","previousHeatAcclimationTimestamp":"2022-06-22T05:30:55.0","altitudeAcclimation":0,"previousAltitudeAcclimation":0,"heatAcclimationPercentage":30,"previousHeatAcclimationPercentage":34,"heatTrend":"DEACCLIMATIZING"},{"userProfilePK":76018113,"deviceId":3401978503,"calendarDate":"2022-06-24","timestamp":"2022-06-23T22:02:22.0","altitudeAcclimationTimestamp":"2022-06-23T22:02:22.0","previousAltitudeAcclimationTimestamp":"2022-06-23T22:02:22.0","heatAcclimationTimestamp":"2022-06-23T22:02:22.0","previousHeatAcclimationTimestamp":"2022-06-22T22:02:20.0","altitudeAcclimation":0,"previousAltitudeAcclimation":0,"heatAcclimationPercentage":25,"previousHeatAcclimationPercentage":30,"heatTrend":"DEACCLIMATIZING"},{"userProfilePK":76018113,"deviceId":3401978503,"calendarDate":"2022-06-25","timestamp":"2022-06-24T22:02:26.0","altitudeAcclimationTimestamp":"2022-06-24T22:02:26.0","previousAltitudeAcclimationTimestamp":"2022-06-24T22:02:26.0","heatAcclimationTimestamp":"2022-06-24T22:02:26.0","previousHeatAcclimationTimestamp":"2022-06-23T22:02:22.0","altitudeAcclimation":0,"previousAltitudeAcclimation":0,"heatAcclimationPercentage":20,"previousHeatAcclimationPercentage":25,"heatTrend":"DEACCLIMATIZING"},{"userProfilePK":76018113,"deviceId":3401978503,"calendarDate":"2022-06-25","timestamp":"2022-06-25T09:22:55.0","altitudeAcclimationTimestamp":"2022-06-25T09:22:55.0","previousAltitudeAcclimationTimestamp":"2022-06-25T09:22:55.0","heatAcclimationTimestamp":"2022-06-25T09:22:55.0","previousHeatAcclimationTimestamp":"2022-06-23T22:02:22.0","altitudeAcclimation":0,"previousAltitudeAcclimation":0,"heatAcclimationPercentage":20,"previousHeatAcclimationPercentage":25,"heatTrend":"DEACCLIMATIZING"},{"userProfilePK":76018113,"deviceId":3401978503,"calendarDate":"2022-06-26","timestamp":"2022-06-25T22:02:36.0","altitudeAcclimationTimestamp":"2022-06-25T22:02:36.0","previousAltitudeAcclimationTimestamp":"2022-06-25T22:02:36.0","heatAcclimationTimestamp":"2022-06-25T22:02:36.0","previousHeatAcclimationTimestamp":"2022-06-25T09:22:55.0","altitudeAcclimation":0,"previousAltitudeAcclimation":0,"heatAcclimationPercentage":15,"previousHeatAcclimationPercentage":20,"heatTrend":"DEACCLIMATIZING"},{"userProfilePK":76018113,"deviceId":3401978503,"calendarDate":"2022-06-27","timestamp":"2022-06-26T22:02:43.0","altitudeAcclimationTimestamp":"2022-06-26T22:02:43.0","previousAltitudeAcclimationTimestamp":"2022-06-26T22:02:43.0","heatAcclimationTimestamp":"2022-06-26T22:02:43.0","previousHeatAcclimationTimestamp":"2022-06-25T22:02:36.0","altitudeAcclimation":0,"previousAltitudeAcclimation":0,"heatAcclimationPercentage":11,"previousHeatAcclimationPercentage":15,"heatTrend":"DEACCLIMATIZING"},{"userProfilePK":76018113,"deviceId":3401978503,"calendarDate":"2022-06-28","timestamp":"2022-06-27T22:02:51.0","altitudeAcclimationTimestamp":"2022-06-27T22:02:51.0","previousAltitudeAcclimationTimestamp":"2022-06-27T22:02:51.0","heatAcclimationTimestamp":"2022-06-27T22:02:51.0","previousHeatAcclimationTimestamp":"2022-06-26T22:02:43.0","altitudeAcclimation":0,"previousAltitudeAcclimation":0,"heatAcclimationPercentage":7,"previousHeatAcclimationPercentage":11,"heatTrend":"DEACCLIMATIZING"},{"userProfilePK":76018113,"deviceId":3401978503,"calendarDate":"2022-06-28","timestamp":"2022-06-28T05:58:09.0","altitudeAcclimationTimestamp":"2022-06-28T05:58:09.0","previousAltitudeAcclimationTimestamp":"2022-06-28T05:58:09.0","heatAcclimationTimestamp":"2022-06-28T05:58:09.0","previousHeatAcclimationTimestamp":"2022-06-26T22:02:43.0","altitudeAcclimation":0,"previousAltitudeAcclimation":0,"heatAcclimationPercentage":7,"previousHeatAcclimationPercentage":11,"heatTrend":"DEACCLIMATIZING"},{"userProfilePK":76018113,"deviceId":3401978503,"calendarDate":"2022-06-29","timestamp":"2022-06-28T22:03:00.0","altitudeAcclimationTimestamp":"2022-06-28T22:03:00.0","previousAltitudeAcclimationTimestamp":"2022-06-28T22:03:00.0","heatAcclimationTimestamp":"2022-06-28T22:03:00.0","previousHeatAcclimationTimestamp":"2022-06-28T05:58:09.0","altitudeAcclimation":0,"previousAltitudeAcclimation":0,"heatAcclimationPercentage":4,"previousHeatAcclimationPercentage":7,"heatTrend":"DEACCLIMATIZING"},{"userProfilePK":76018113,"deviceId":3401978503,"calendarDate":"2022-06-30","timestamp":"2022-06-29T22:03:08.0","altitudeAcclimationTimestamp":"2022-06-29T22:03:08.0","previousAltitudeAcclimationTimestamp":"2022-06-29T22:03:08.0","heatAcclimationTimestamp":"2022-06-29T22:03:08.0","previousHeatAcclimationTimestamp":"2022-06-28T22:03:00.0","altitudeAcclimation":0,"previousAltitudeAcclimation":0,"heatAcclimationPercentage":2,"previousHeatAcclimationPercentage":4,"heatTrend":"DEACCLIMATIZING"},{"userProfilePK":76018113,"deviceId":3401978503,"calendarDate":"2022-06-30","timestamp":"2022-06-30T05:55:44.0","altitudeAcclimationTimestamp":"2022-06-30T05:55:44.0","previousAltitudeAcclimationTimestamp":"2022-06-30T05:55:44.0","heatAcclimationTimestamp":"2022-06-30T05:55:44.0","previousHeatAcclimationTimestamp":"2022-06-28T22:03:00.0","altitudeAcclimation":0,"previousAltitudeAcclimation":0,"heatAcclimationPercentage":2,"previousHeatAcclimationPercentage":4,"heatTrend":"DEACCLIMATIZING"},{"userProfilePK":76018113,"deviceId":3401978503,"calendarDate":"2022-07-01","timestamp":"2022-06-30T22:03:11.0","altitudeAcclimationTimestamp":"2022-06-30T22:03:11.0","previousAltitudeAcclimationTimestamp":"2022-06-30T22:03:11.0","heatAcclimationTimestamp":"2022-06-30T22:03:11.0","previousHeatAcclimationTimestamp":"2022-06-30T05:55:44.0","altitudeAcclimation":0,"previousAltitudeAcclimation":0,"heatAcclimationPercentage":1,"previousHeatAcclimationPercentage":2,"heatTrend":"DEACCLIMATIZING"},{"userProfilePK":76018113,"deviceId":3401978503,"calendarDate":"2022-07-01","timestamp":"2022-07-01T06:00:20.0","altitudeAcclimationTimestamp":"2022-07-01T06:00:20.0","previousAltitudeAcclimationTimestamp":"2022-07-01T06:00:20.0","heatAcclimationTimestamp":"2022-07-01T06:00:20.0","previousHeatAcclimationTimestamp":"2022-06-30T05:55:44.0","altitudeAcclimation":0,"previousAltitudeAcclimation":0,"heatAcclimationPercentage":1,"previousHeatAcclimationPercentage":2,"heatTrend":"DEACCLIMATIZING"},{"userProfilePK":76018113,"deviceId":3401978503,"calendarDate":"2022-07-02","timestamp":"2022-07-01T22:03:13.0","altitudeAcclimationTimestamp":"2022-07-01T22:03:13.0","previousAltitudeAcclimationTimestamp":"2022-07-01T22:03:13.0","heatAcclimationTimestamp":"2022-07-01T22:03:13.0","previousHeatAcclimationTimestamp":"2022-07-01T22:03:13.0","altitudeAcclimation":0,"previousAltitudeAcclimation":0,"heatAcclimationPercentage":0,"previousHeatAcclimationPercentage":0},{"userProfilePK":76018113,"deviceId":3401978503,"calendarDate":"2022-07-03","timestamp":"2022-07-02T22:03:14.0","altitudeAcclimationTimestamp":"2022-07-02T22:03:14.0","previousAltitudeAcclimationTimestamp":"2022-07-02T22:03:14.0","heatAcclimationTimestamp":"2022-07-02T22:03:14.0","previousHeatAcclimationTimestamp":"2022-07-02T22:03:14.0","altitudeAcclimation":0,"previousAltitudeAcclimation":0,"heatAcclimationPercentage":0,"previousHeatAcclimationPercentage":0},{"userProfilePK":76018113,"deviceId":3401978503,"calendarDate":"2022-07-03","timestamp":"2022-07-03T08:24:12.0","altitudeAcclimationTimestamp":"2022-07-03T08:24:12.0","previousAltitudeAcclimationTimestamp":"2022-07-03T08:24:12.0","heatAcclimationTimestamp":"2022-07-03T08:24:12.0","previousHeatAcclimationTimestamp":"2022-07-03T08:24:12.0","altitudeAcclimation":0,"previousAltitudeAcclimation":0,"heatAcclimationPercentage":0,"previousHeatAcclimationPercentage":0},{"userProfilePK":76018113,"deviceId":3401978503,"calendarDate":"2022-07-04","timestamp":"2022-07-03T22:03:16.0","altitudeAcclimationTimestamp":"2022-07-03T22:03:16.0","previousAltitudeAcclimationTimestamp":"2022-07-03T22:03:16.0","heatAcclimationTimestamp":"2022-07-03T22:03:16.0","previousHeatAcclimationTimestamp":"2022-07-03T22:03:16.0","altitudeAcclimation":0,"previousAltitudeAcclimation":0,"heatAcclimationPercentage":0,"previousHeatAcclimationPercentage":0},{"userProfilePK":76018113,"deviceId":3401978503,"calendarDate":"2022-07-05","timestamp":"2022-07-04T22:03:18.0","altitudeAcclimationTimestamp":"2022-07-04T22:03:18.0","previousAltitudeAcclimationTimestamp":"2022-07-04T22:03:18.0","heatAcclimationTimestamp":"2022-07-04T22:03:18.0","previousHeatAcclimationTimestamp":"2022-07-04T22:03:18.0","altitudeAcclimation":0,"previousAltitudeAcclimation":0,"heatAcclimationPercentage":0,"previousHeatAcclimationPercentage":0},{"userProfilePK":76018113,"deviceId":3401978503,"calendarDate":"2022-07-05","timestamp":"2022-07-05T04:45:57.0","altitudeAcclimationTimestamp":"2022-07-05T04:45:57.0","previousAltitudeAcclimationTimestamp":"2022-07-05T04:45:57.0","heatAcclimationTimestamp":"2022-07-05T04:45:57.0","previousHeatAcclimationTimestamp":"2022-07-05T04:45:57.0","altitudeAcclimation":0,"previousAltitudeAcclimation":0,"heatAcclimationPercentage":0,"previousHeatAcclimationPercentage":0},{"userProfilePK":76018113,"deviceId":3401978503,"calendarDate":"2022-07-05","timestamp":"2022-07-05T05:41:31.0","altitudeAcclimationTimestamp":"2022-07-05T05:41:31.0","previousAltitudeAcclimationTimestamp":"2022-07-05T05:41:31.0","heatAcclimationTimestamp":"2022-07-05T05:41:31.0","previousHeatAcclimationTimestamp":"2022-07-05T05:41:31.0","altitudeAcclimation":0,"previousAltitudeAcclimation":0,"heatAcclimationPercentage":0,"previousHeatAcclimationPercentage":0},{"userProfilePK":76018113,"deviceId":3401978503,"calendarDate":"2022-07-06","timestamp":"2022-07-05T22:03:20.0","altitudeAcclimationTimestamp":"2022-07-05T22:03:20.0","previousAltitudeAcclimationTimestamp":"2022-07-05T22:03:20.0","heatAcclimationTimestamp":"2022-07-05T22:03:20.0","previousHeatAcclimationTimestamp":"2022-07-05T22:03:20.0","altitudeAcclimation":0,"previousAltitudeAcclimation":0,"heatAcclimationPercentage":0,"previousHeatAcclimationPercentage":0},{"userProfilePK":76018113,"deviceId":3401978503,"calendarDate":"2022-07-06","timestamp":"2022-07-06T20:15:10.0","altitudeAcclimationTimestamp":"2022-07-06T20:15:10.0","previousAltitudeAcclimationTimestamp":"2022-07-06T20:15:10.0","heatAcclimationTimestamp":"2022-07-06T20:15:10.0","previousHeatAcclimationTimestamp":"2022-07-06T20:15:10.0","altitudeAcclimation":0,"previousAltitudeAcclimation":0,"heatAcclimationPercentage":0,"previousHeatAcclimationPercentage":0},{"userProfilePK":76018113,"deviceId":3401978503,"calendarDate":"2022-07-07","timestamp":"2022-07-06T22:03:22.0","altitudeAcclimationTimestamp":"2022-07-06T22:03:22.0","previousAltitudeAcclimationTimestamp":"2022-07-06T22:03:22.0","heatAcclimationTimestamp":"2022-07-06T22:03:22.0","previousHeatAcclimationTimestamp":"2022-07-06T22:03:22.0","altitudeAcclimation":0,"previousAltitudeAcclimation":0,"heatAcclimationPercentage":0,"previousHeatAcclimationPercentage":0},{"userProfilePK":76018113,"deviceId":3401978503,"calendarDate":"2022-07-08","timestamp":"2022-07-07T22:03:24.0","altitudeAcclimationTimestamp":"2022-07-07T22:03:24.0","previousAltitudeAcclimationTimestamp":"2022-07-07T22:03:24.0","heatAcclimationTimestamp":"2022-07-07T22:03:24.0","previousHeatAcclimationTimestamp":"2022-07-07T22:03:24.0","altitudeAcclimation":0,"previousAltitudeAcclimation":0,"heatAcclimationPercentage":0,"previousHeatAcclimationPercentage":0},{"userProfilePK":76018113,"deviceId":3401978503,"calendarDate":"2022-07-09","timestamp":"2022-07-08T22:03:26.0","altitudeAcclimationTimestamp":"2022-07-08T22:03:26.0","previousAltitudeAcclimationTimestamp":"2022-07-08T22:03:26.0","heatAcclimationTimestamp":"2022-07-08T22:03:26.0","previousHeatAcclimationTimestamp":"2022-07-08T22:03:26.0","altitudeAcclimation":0,"previousAltitudeAcclimation":0,"heatAcclimationPercentage":0,"previousHeatAcclimationPercentage":0},{"userProfilePK":76018113,"deviceId":3401978503,"calendarDate":"2022-07-10","timestamp":"2022-07-09T22:03:27.0","altitudeAcclimationTimestamp":"2022-07-09T22:03:27.0","previousAltitudeAcclimationTimestamp":"2022-07-09T22:03:27.0","heatAcclimationTimestamp":"2022-07-09T22:03:27.0","previousHeatAcclimationTimestamp":"2022-07-09T22:03:27.0","altitudeAcclimation":0,"previousAltitudeAcclimation":0,"heatAcclimationPercentage":0,"previousHeatAcclimationPercentage":0},{"userProfilePK":76018113,"deviceId":3401978503,"calendarDate":"2022-07-10","timestamp":"2022-07-10T07:56:35.0","altitudeAcclimationTimestamp":"2022-07-10T07:56:35.0","previousAltitudeAcclimationTimestamp":"2022-07-10T07:56:35.0","heatAcclimationTimestamp":"2022-07-10T07:56:35.0","previousHeatAcclimationTimestamp":"2022-07-10T07:56:35.0","altitudeAcclimation":0,"previousAltitudeAcclimation":0,"heatAcclimationPercentage":0,"previousHeatAcclimationPercentage":0},{"userProfilePK":76018113,"deviceId":3401978503,"calendarDate":"2022-07-11","timestamp":"2022-07-10T22:03:30.0","altitudeAcclimationTimestamp":"2022-07-10T22:03:30.0","previousAltitudeAcclimationTimestamp":"2022-07-10T22:03:30.0","heatAcclimationTimestamp":"2022-07-10T22:03:30.0","previousHeatAcclimationTimestamp":"2022-07-10T22:03:30.0","altitudeAcclimation":0,"previousAltitudeAcclimation":0,"heatAcclimationPercentage":0,"previousHeatAcclimationPercentage":0},{"userProfilePK":76018113,"deviceId":3401978503,"calendarDate":"2022-07-12","timestamp":"2022-07-11T22:03:32.0","altitudeAcclimationTimestamp":"2022-07-11T22:03:32.0","previousAltitudeAcclimationTimestamp":"2022-07-11T22:03:32.0","heatAcclimationTimestamp":"2022-07-11T22:03:32.0","previousHeatAcclimationTimestamp":"2022-07-11T22:03:32.0","altitudeAcclimation":0,"previousAltitudeAcclimation":0,"heatAcclimationPercentage":0,"previousHeatAcclimationPercentage":0},{"userProfilePK":76018113,"deviceId":3401978503,"calendarDate":"2022-07-13","timestamp":"2022-07-12T22:03:34.0","altitudeAcclimationTimestamp":"2022-07-12T22:03:34.0","previousAltitudeAcclimationTimestamp":"2022-07-12T22:03:34.0","heatAcclimationTimestamp":"2022-07-12T22:03:34.0","previousHeatAcclimationTimestamp":"2022-07-12T22:03:34.0","altitudeAcclimation":0,"previousAltitudeAcclimation":0,"heatAcclimationPercentage":0,"previousHeatAcclimationPercentage":0},{"userProfilePK":76018113,"deviceId":3401978503,"calendarDate":"2022-07-13","timestamp":"2022-07-13T05:54:54.0","altitudeAcclimationTimestamp":"2022-07-13T05:54:54.0","previousAltitudeAcclimationTimestamp":"2022-07-13T05:54:54.0","heatAcclimationTimestamp":"2022-07-13T05:54:54.0","previousHeatAcclimationTimestamp":"2022-07-13T05:54:54.0","altitudeAcclimation":0,"previousAltitudeAcclimation":0,"heatAcclimationPercentage":11,"previousHeatAcclimationPercentage":0},{"userProfilePK":76018113,"deviceId":3401978503,"calendarDate":"2022-07-14","timestamp":"2022-07-13T22:03:37.0","altitudeAcclimationTimestamp":"2022-07-13T22:03:37.0","previousAltitudeAcclimationTimestamp":"2022-07-13T22:03:37.0","heatAcclimationTimestamp":"2022-07-13T22:03:37.0","previousHeatAcclimationTimestamp":"2022-07-13T05:54:54.0","altitudeAcclimation":0,"previousAltitudeAcclimation":0,"heatAcclimationPercentage":11,"previousHeatAcclimationPercentage":11,"heatTrend":"ACCLIMATIZED"},{"userProfilePK":76018113,"deviceId":3401978503,"calendarDate":"2022-07-14","timestamp":"2022-07-14T05:22:50.0","altitudeAcclimationTimestamp":"2022-07-14T05:22:50.0","previousAltitudeAcclimationTimestamp":"2022-07-14T05:22:50.0","heatAcclimationTimestamp":"2022-07-14T05:22:50.0","previousHeatAcclimationTimestamp":"2022-07-13T05:54:54.0","altitudeAcclimation":0,"previousAltitudeAcclimation":0,"heatAcclimationPercentage":20,"previousHeatAcclimationPercentage":11,"heatTrend":"ACCLIMATIZING"},{"userProfilePK":76018113,"deviceId":3401978503,"calendarDate":"2022-07-15","timestamp":"2022-07-14T22:03:39.0","altitudeAcclimationTimestamp":"2022-07-14T22:03:39.0","previousAltitudeAcclimationTimestamp":"2022-07-14T22:03:39.0","heatAcclimationTimestamp":"2022-07-14T22:03:39.0","previousHeatAcclimationTimestamp":"2022-07-14T05:22:50.0","altitudeAcclimation":0,"previousAltitudeAcclimation":0,"heatAcclimationPercentage":20,"previousHeatAcclimationPercentage":20,"heatTrend":"ACCLIMATIZED"},{"userProfilePK":76018113,"deviceId":3401978503,"calendarDate":"2022-07-16","timestamp":"2022-07-15T22:03:41.0","altitudeAcclimationTimestamp":"2022-07-15T22:03:41.0","previousAltitudeAcclimationTimestamp":"2022-07-15T22:03:41.0","heatAcclimationTimestamp":"2022-07-15T22:03:41.0","previousHeatAcclimationTimestamp":"2022-07-14T22:03:39.0","altitudeAcclimation":0,"previousAltitudeAcclimation":0,"heatAcclimationPercentage":20,"previousHeatAcclimationPercentage":20,"heatTrend":"ACCLIMATIZED"},{"userProfilePK":76018113,"deviceId":3401978503,"calendarDate":"2022-07-17","timestamp":"2022-07-16T22:03:42.0","altitudeAcclimationTimestamp":"2022-07-16T22:03:42.0","previousAltitudeAcclimationTimestamp":"2022-07-16T22:03:42.0","heatAcclimationTimestamp":"2022-07-16T22:03:42.0","previousHeatAcclimationTimestamp":"2022-07-15T22:03:41.0","altitudeAcclimation":0,"previousAltitudeAcclimation":0,"heatAcclimationPercentage":20,"previousHeatAcclimationPercentage":20,"heatTrend":"ACCLIMATIZED"},{"userProfilePK":76018113,"deviceId":3401978503,"calendarDate":"2022-07-17","timestamp":"2022-07-17T05:44:18.0","altitudeAcclimationTimestamp":"2022-07-17T05:44:18.0","previousAltitudeAcclimationTimestamp":"2022-07-17T05:44:18.0","heatAcclimationTimestamp":"2022-07-17T05:44:18.0","previousHeatAcclimationTimestamp":"2022-07-15T22:03:41.0","altitudeAcclimation":0,"previousAltitudeAcclimation":0,"heatAcclimationPercentage":20,"previousHeatAcclimationPercentage":20,"heatTrend":"ACCLIMATIZED"},{"userProfilePK":76018113,"deviceId":3401978503,"calendarDate":"2022-07-17","timestamp":"2022-07-17T07:22:51.0","altitudeAcclimationTimestamp":"2022-07-17T07:22:51.0","previousAltitudeAcclimationTimestamp":"2022-07-17T07:22:51.0","heatAcclimationTimestamp":"2022-07-17T07:22:51.0","previousHeatAcclimationTimestamp":"2022-07-15T22:03:41.0","altitudeAcclimation":0,"previousAltitudeAcclimation":0,"heatAcclimationPercentage":35,"previousHeatAcclimationPercentage":20,"heatTrend":"ACCLIMATIZING"},{"userProfilePK":76018113,"deviceId":3401978503,"calendarDate":"2022-07-18","timestamp":"2022-07-17T22:03:45.0","altitudeAcclimationTimestamp":"2022-07-17T22:03:45.0","previousAltitudeAcclimationTimestamp":"2022-07-17T22:03:45.0","heatAcclimationTimestamp":"2022-07-17T22:03:45.0","previousHeatAcclimationTimestamp":"2022-07-17T07:22:51.0","altitudeAcclimation":0,"previousAltitudeAcclimation":0,"heatAcclimationPercentage":35,"previousHeatAcclimationPercentage":35,"heatTrend":"ACCLIMATIZED"},{"userProfilePK":76018113,"deviceId":3401978503,"calendarDate":"2022-07-19","timestamp":"2022-07-18T22:03:46.0","altitudeAcclimationTimestamp":"2022-07-18T22:03:46.0","previousAltitudeAcclimationTimestamp":"2022-07-18T22:03:46.0","heatAcclimationTimestamp":"2022-07-18T22:03:46.0","previousHeatAcclimationTimestamp":"2022-07-17T22:03:45.0","altitudeAcclimation":0,"previousAltitudeAcclimation":0,"heatAcclimationPercentage":35,"previousHeatAcclimationPercentage":35,"heatTrend":"ACCLIMATIZED"},{"userProfilePK":76018113,"deviceId":3401978503,"calendarDate":"2022-07-20","timestamp":"2022-07-19T22:03:47.0","altitudeAcclimationTimestamp":"2022-07-19T22:03:47.0","previousAltitudeAcclimationTimestamp":"2022-07-19T22:03:47.0","heatAcclimationTimestamp":"2022-07-19T22:03:47.0","previousHeatAcclimationTimestamp":"2022-07-18T22:03:46.0","altitudeAcclimation":0,"previousAltitudeAcclimation":0,"heatAcclimationPercentage":35,"previousHeatAcclimationPercentage":35,"heatTrend":"ACCLIMATIZED"}]