[{"userProfilePK":76018113,"deviceId":3401978503,"calendarDate":"2023-05-16","timestamp":"2023-05-15T22:04:44.0","altitudeAcclimationTimestamp":"2023-05-15T22:04:44.0","previousAltitudeAcclimationTimestamp":"2023-05-15T22:04:44.0","heatAcclimationTimestamp":"2023-05-15T22:04:44.0","previousHeatAcclimationTimestamp":"2023-05-15T22:04:44.0","altitudeAcclimation":0,"previousAltitudeAcclimation":0,"heatAcclimationPercentage":0,"previousHeatAcclimationPercentage":0,"altitudeAcclimationLocalTimestamp":"2023-05-16T00:04:44.0"},{"userProfilePK":76018113,"deviceId":3401978503,"calendarDate":"2023-05-17","timestamp":"2023-05-16T22:04:48.0","altitudeAcclimationTimestamp":"2023-05-16T22:04:48.0","previousAltitudeAcclimationTimestamp":"2023-05-16T22:04:48.0","heatAcclimationTimestamp":"2023-05-16T22:04:48.0","previousHeatAcclimationTimestamp":"2023-05-16T22:04:48.0","altitudeAcclimation":0,"previousAltitudeAcclimation":0,"heatAcclimationPercentage":0,"previousHeatAcclimationPercentage":0,"altitudeAcclimationLocalTimestamp":"2023-05-17T00:04:48.0"},{"userProfilePK":76018113,"deviceId":3401978503,"calendarDate":"2023-05-17","timestamp":"2023-05-17T05:32:24.0","altitudeAcclimationTimestamp":"2023-05-17T05:32:24.0","previousAltitudeAcclimationTimestamp":"2023-05-17T05:32:24.0","heatAcclimationTimestamp":"2023-05-17T05:32:24.0","previousHeatAcclimationTimestamp":"2023-05-17T05:32:24.0","altitudeAcclimation":0,"previousAltitudeAcclimation":0,"heatAcclimationPercentage":0,"previousHeatAcclimationPercentage":0,"altitudeAcclimationLocalTimestamp":"2023-05-17T07:32:24.0"},{"userProfilePK":76018113,"deviceId":3401978503,"calendarDate":"2023-05-18","timestamp":"2023-05-17T22:04:51.0","altitudeAcclimationTimestamp":"2023-05-17T22:04:51.0","previousAltitudeAcclimationTimestamp":"2023-05-17T22:04:51.0","heatAcclimationTimestamp":"2023-05-17T22:04:51.0","previousHeatAcclimationTimestamp":"2023-05-17T22:04:51.0","altitudeAcclimation":0,"previousAltitudeAcclimation":0,"heatAcclimationPercentage":0,"previousHeatAcclimationPercentage":0,"altitudeAcclimationLocalTimestamp":"2023-05-18T00:04:51.0"},{"userProfilePK":76018113,"deviceId":3401978503,"calendarDate":"2023-05-18","timestamp":"2023-05-18T05:24:56.0","altitudeAcclimationTimestamp":"2023-05-18T05:24:56.0","previousAltitudeAcclimationTimestamp":"2023-05-18T05:24:56.0","heatAcclimationTimestamp":"2023-05-18T05:24:56.0","previousHeatAcclimationTimestamp":"2023-05-18T05:24:56.0","altitudeAcclimation":0,"previousAltitudeAcclimation":0,"heatAcclimationPercentage":0,"previousHeatAcclimationPercentage":0,"altitudeAcclimationLocalTimestamp":"2023-05-18T07:24:56.0"},{"userProfilePK":76018113,"deviceId":3401978503,"calendarDate":"2023-05-19","timestamp":"2023-05-18T22:04:56.0","altitudeAcclimationTimestamp":"2023-05-18T22:04:56.0","previousAltitudeAcclimationTimestamp":"2023-05-18T22:04:56.0","heatAcclimationTimestamp":"2023-05-18T22:04:56.0","previousHeatAcclimationTimestamp":"2023-05-18T22:04:56.0","altitudeAcclimation":0,"previousAltitudeAcclimation":0,"heatAcclimationPercentage":0,"previousHeatAcclimationPercentage":0,"altitudeAcclimationLocalTimestamp":"2023-05-19T00:04:56.0"},{"userProfilePK":76018113,"deviceId":3401978503,"calendarDate":"2023-05-19","timestamp":"2023-05-19T05:53:01.0","altitudeAcclimationTimestamp":"2023-05-19T05:53:01.0","previousAltitudeAcclimationTimestamp":"2023-05-19T05:53:01.0","heatAcclimationTimestamp":"2023-05-19T05:53:01.0","previousHeatAcclimationTimestamp":"2023-05-19T05:53:01.0","altitudeAcclimation":0,"previousAltitudeAcclimation":0,"heatAcclimationPercentage":0,"previousHeatAcclimationPercentage":0,"altitudeAcclimationLocalTimestamp":"2023-05-19T07:53:01.0"},{"userProfilePK":76018113,"deviceId":3401978503,"calendarDate":"2023-05-20","timestamp":"2023-05-19T22:05:00.0","altitudeAcclimationTimestamp":"2023-05-19T22:05:00.0","previousAltitudeAcclimationTimestamp":"2023-05-19T22:05:00.0","heatAcclimationTimestamp":"2023-05-19T22:05:00.0","previousHeatAcclimationTimestamp":"2023-05-19T22:05:00.0","altitudeAcclimation":0,"previousAltitudeAcclimation":0,"heatAcclimationPercentage":0,"previousHeatAcclimationPercentage":0,"altitudeAcclimationLocalTimestamp":"2023-05-20T00:05:00.0"},{"userProfilePK":76018113,"deviceId":3401978503,"calendarDate":"2023-05-20","timestamp":"2023-05-20T08:53:57.0","altitudeAcclimationTimestamp":"2023-05-20T08:53:57.0","previousAltitudeAcclimationTimestamp":"2023-05-20T08:53:57.0","heatAcclimationTimestamp":"2023-05-20T08:53:57.0","previousHeatAcclimationTimestamp":"2023-05-20T08:53:57.0","altitudeAcclimation":0,"previousAltitudeAcclimation":0,"heatAcclimationPercentage":0,"previousHeatAcclimationPercentage":0,"altitudeAcclimationLocalTimestamp":"2023-05-20T10:53:57.0"},{"userProfilePK":76018113,"deviceId":3401978503,"calendarDate":"2023-05-21","timestamp":"2023-05-20T22:05:03.0","altitudeAcclimationTimestamp":"2023-05-20T22:05:03.0","previousAltitudeAcclimationTimestamp":"2023-05-20T22:05:03.0","heatAcclimationTimestamp":"2023-05-20T22:05:03.0","previousHeatAcclimationTimestamp":"2023-05-20T22:05:03.0","altitudeAcclimation":0,"previousAltitudeAcclimation":0,"heatAcclimationPercentage":0,"previousHeatAcclimationPercentage":0,"altitudeAcclimationLocalTimestamp":"2023-05-21T00:05:03.0"},{"userProfilePK":76018113,"deviceId":3401978503,"calendarDate":"2023-05-21","timestamp":"2023-05-21T11:32:37.0","altitudeAcclimationTimestamp":"2023-05-21T11:32:37.0","previousAltitudeAcclimationTimestamp":"2023-05-21T11:32:37.0","heatAcclimationTimestamp":"2023-05-21T11:32:37.0","previousHeatAcclimationTimestamp":"2023-05-21T11:32:37.0","altitudeAcclimation":0,"previousAltitudeAcclimation":0,"heatAcclimationPercentage":0,"previousHeatAcclimationPercentage":0,"altitudeAcclimationLocalTimestamp":"2023-05-21T13:32:37.0"},{"userProfilePK":76018113,"deviceId":3401978503,"calendarDate":"2023-05-22","timestamp":"2023-05-21T22:05:07.0","altitudeAcclimationTimestamp":"2023-05-21T22:05:07.0","previousAltitudeAcclimationTimestamp":"2023-05-21T22:05:07.0","heatAcclimationTimestamp":"2023-05-21T22:05:07.0","previousHeatAcclimationTimestamp":"2023-05-21T22:05:07.0","altitudeAcclimation":0,"previousAltitudeAcclimation":0,"heatAcclimationPercentage":0,"previousHeatAcclimationPercentage":0,"altitudeAcclimationLocalTimestamp":"2023-05-22T00:05:07.0"},{"userProfilePK":76018113,"deviceId":3401978503,"calendarDate":"2023-05-22","timestamp":"2023-05-22T05:29:54.0","altitudeAcclimationTimestamp":"2023-05-22T05:29:54.0","previousAltitudeAcclimationTimestamp":"2023-05-22T05:29:54.0","heatAcclimationTimestamp":"2023-05-22T05:29:54.0","previousHeatAcclimationTimestamp":"2023-05-22T05:29:54.0","altitudeAcclimation":0,"previousAltitudeAcclimation":0,"heatAcclimationPercentage":0,"previousHeatAcclimationPercentage":0,"altitudeAcclimationLocalTimestamp":"2023-05-22T07:29:54.0"},{"userProfilePK":76018113,"deviceId":3401978503,"calendarDate":"2023-05-23","timestamp":"2023-05-22T22:05:10.0","altitudeAcclimationTimestamp":"2023-05-22T22:05:10.0","previousAltitudeAcclimationTimestamp":"2023-05-22T22:05:10.0","heatAcclimationTimestamp":"2023-05-22T22:05:10.0","previousHeatAcclimationTimestamp":"2023-05-22T22:05:10.0","altitudeAcclimation":0,"previousAltitudeAcclimation":0,"heatAcclimationPercentage":0,"previousHeatAcclimationPercentage":0,"altitudeAcclimationLocalTimestamp":"2023-05-23T00:05:10.0"},{"userProfilePK":76018113,"deviceId":3401978503,"calendarDate":"2023-05-24","timestamp":"2023-05-23T22:05:14.0","altitudeAcclimationTimestamp":"2023-05-23T22:05:14.0","previousAltitudeAcclimationTimestamp":"2023-05-23T22:05:14.0","heatAcclimationTimestamp":"2023-05-23T22:05:14.0","previousHeatAcclimationTimestamp":"2023-05-23T22:05:14.0","altitudeAcclimation":0,"previousAltitudeAcclimation":0,"heatAcclimationPercentage":0,"previousHeatAcclimationPercentage":0,"altitudeAcclimationLocalTimestamp":"2023-05-24T00:05:14.0"},{"userProfilePK":76018113,"deviceId":3401978503,"calendarDate":"2023-05-24","timestamp":"2023-05-24T05:34:19.0","altitudeAcclimationTimestamp":"2023-05-24T05:34:19.0","previousAltitudeAcclimationTimestamp":"2023-05-24T05:34:19.0","heatAcclimationTimestamp":"2023-05-24T05:34:19.0","previousHeatAcclimationTimestamp":"2023-05-24T05:34:19.0","altitudeAcclimation":0,"previousAltitudeAcclimation":0,"heatAcclimationPercentage":0,"previousHeatAcclimationPercentage":0,"altitudeAcclimationLocalTimestamp":"2023-05-24T07:34:19.0"},{"userProfilePK":76018113,"deviceId":3401978503,"calendarDate":"2023-05-25","timestamp":"2023-05-24T22:05:20.0","altitudeAcclimationTimestamp":"2023-05-24T22:05:20.0","previousAltitudeAcclimationTimestamp":"2023-05-24T22:05:20.0","heatAcclimationTimestamp":"2023-05-24T22:05:20.0","previousHeatAcclimationTimestamp":"2023-05-24T22:05:20.0","altitudeAcclimation":0,"previousAltitudeAcclimation":0,"heatAcclimationPercentage":0,"previousHeatAcclimationPercentage":0,"altitudeAcclimationLocalTimestamp":"2023-05-25T00:05:20.0"},{"userProfilePK":76018113,"deviceId":3401978503,"calendarDate":"2023-05-26","timestamp":"2023-05-25T22:51:59.0","altitudeAcclimationTimestamp":"2023-05-25T22:51:59.0","previousAltitudeAcclimationTimestamp":"2023-05-25T22:51:59.0","heatAcclimationTimestamp":"2023-05-25T22:51:59.0","previousHeatAcclimationTimestamp":"2023-05-25T22:51:59.0","altitudeAcclimation":0,"previousAltitudeAcclimation":0,"heatAcclimationPercentage":0,"previousHeatAcclimationPercentage":0,"altitudeAcclimationLocalTimestamp":"2023-05-26T00:51:59.0"},{"userProfilePK":76018113,"deviceId":3401978503,"calendarDate":"2023-05-27","timestamp":"2023-05-26T22:05:26.0","altitudeAcclimationTimestamp":"2023-05-26T22:05:26.0","previousAltitudeAcclimationTimestamp":"2023-05-26T22:05:26.0","heatAcclimationTimestamp":"2023-05-26T22:05:26.0","previousHeatAcclimationTimestamp":"2023-05-26T22:05:26.0","altitudeAcclimation":0,"previousAltitudeAcclimation":0,"heatAcclimationPercentage":0,"previousHeatAcclimationPercentage":0,"altitudeAcclimationLocalTimestamp":"2023-05-27T00:05:26.0"},{"userProfilePK":76018113,"deviceId":3401978503,"calendarDate":"2023-05-27","timestamp":"2023-05-27T08:21:26.0","altitudeAcclimationTimestamp":"2023-05-27T08:21:26.0","previousAltitudeAcclimationTimestamp":"2023-05-27T08:21:26.0","heatAcclimationTimestamp":"2023-05-27T08:21:26.0","previousHeatAcclimationTimestamp":"2023-05-27T08:21:26.0","altitudeAcclimation":0,"previousAltitudeAcclimation":0,"heatAcclimationPercentage":0,"previousHeatAcclimationPercentage":0,"altitudeAcclimationLocalTimestamp":"2023-05-27T10:21:26.0"},{"userProfilePK":76018113,"deviceId":3401978503,"calendarDate":"2023-05-28","timestamp":"2023-05-27T22:05:30.0","altitudeAcclimationTimestamp":"2023-05-27T22:05:30.0","previousAltitudeAcclimationTimestamp":"2023-05-27T22:05:30.0","heatAcclimationTimestamp":"2023-05-27T22:05:30.0","previousHeatAcclimationTimestamp":"2023-05-27T22:05:30.0","altitudeAcclimation":0,"previousAltitudeAcclimation":0,"heatAcclimationPercentage":0,"previousHeatAcclimationPercentage":0,"altitudeAcclimationLocalTimestamp":"2023-05-28T00:05:30.0"},{"userProfilePK":76018113,"deviceId":3401978503,"calendarDate":"2023-05-28","timestamp":"2023-05-28T19:43:21.0","altitudeAcclimationTimestamp":"2023-05-28T19:43:21.0","previousAltitudeAcclimationTimestamp":"2023-05-28T19:43:21.0","heatAcclimationTimestamp":"2023-05-28T19:43:21.0","previousHeatAcclimationTimestamp":"2023-05-28T19:43:21.0","altitudeAcclimation":0,"previousAltitudeAcclimation":0,"heatAcclimationPercentage":0,"previousHeatAcclimationPercentage":0,"altitudeAcclimationLocalTimestamp":"2023-05-28T21:43:21.0"},{"userProfilePK":76018113,"deviceId":3401978503,"calendarDate":"2023-05-29","timestamp":"2023-05-28T22:05:35.0","altitudeAcclimationTimestamp":"2023-05-28T22:05:35.0","previousAltitudeAcclimationTimestamp":"2023-05-28T22:05:35.0","heatAcclimationTimestamp":"2023-05-28T22:05:35.0","previousHeatAcclimationTimestamp":"2023-05-28T22:05:35.0","altitudeAcclimation":0,"previousAltitudeAcclimation":0,"heatAcclimationPercentage":0,"previousHeatAcclimationPercentage":0,"altitudeAcclimationLocalTimestamp":"2023-05-29T00:05:35.0"},{"userProfilePK":76018113,"deviceId":3401978503,"calendarDate":"2023-05-29","timestamp":"2023-05-29T17:17:36.0","altitudeAcclimationTimestamp":"2023-05-29T17:17:36.0","previousAltitudeAcclimationTimestamp":"2023-05-29T17:17:36.0","heatAcclimationTimestamp":"2023-05-29T17:17:36.0","previousHeatAcclimationTimestamp":"2023-05-29T17:17:36.0","altitudeAcclimation":0,"previousAltitudeAcclimation":0,"heatAcclimationPercentage":0,"previousHeatAcclimationPercentage":0,"altitudeAcclimationLocalTimestamp":"2023-05-29T19:17:36.0"},{"userProfilePK":76018113,"deviceId":3401978503,"calendarDate":"2023-05-30","timestamp":"2023-05-29T22:05:38.0","altitudeAcclimationTimestamp":"2023-05-29T22:05:38.0","previousAltitudeAcclimationTimestamp":"2023-05-29T22:05:38.0","heatAcclimationTimestamp":"2023-05-29T22:05:38.0","previousHeatAcclimationTimestamp":"2023-05-29T22:05:38.0","altitudeAcclimation":0,"previousAltitudeAcclimation":0,"heatAcclimationPercentage":0,"previousHeatAcclimationPercentage":0,"altitudeAcclimationLocalTimestamp":"2023-05-30T00:05:38.0"},{"userProfilePK":76018113,"deviceId":3401978503,"calendarDate":"2023-05-31","timestamp":"2023-05-30T22:05:42.0","altitudeAcclimationTimestamp":"2023-05-30T22:05:42.0","previousAltitudeAcclimationTimestamp":"2023-05-30T22:05:42.0","heatAcclimationTimestamp":"2023-05-30T22:05:42.0","previousHeatAcclimationTimestamp":"2023-05-30T22:05:42.0","altitudeAcclimation":0,"previousAltitudeAcclimation":0,"heatAcclimationPercentage":0,"previousHeatAcclimationPercentage":0,"altitudeAcclimationLocalTimestamp":"2023-05-31T00:05:42.0"},{"userProfilePK":76018113,"deviceId":3401978503,"calendarDate":"2023-05-31","timestamp":"2023-05-31T05:50:09.0","altitudeAcclimationTimestamp":"2023-05-31T05:50:09.0","previousAltitudeAcclimationTimestamp":"2023-05-31T05:50:09.0","heatAcclimationTimestamp":"2023-05-31T05:50:09.0","previousHeatAcclimationTimestamp":"2023-05-31T05:50:09.0","altitudeAcclimation":0,"previousAltitudeAcclimation":0,"heatAcclimationPercentage":0,"previousHeatAcclimationPercentage":0,"altitudeAcclimationLocalTimestamp":"2023-05-31T07:50:09.0"},{"userProfilePK":76018113,"deviceId":3401978503,"calendarDate":"2023-06-01","timestamp":"2023-05-31T22:05:47.0","altitudeAcclimationTimestamp":"2023-05-31T22:05:47.0","previousAltitudeAcclimationTimestamp":"2023-05-31T22:05:47.0","heatAcclimationTimestamp":"2023-05-31T22:05:47.0","previousHeatAcclimationTimestamp":"2023-05-31T22:05:47.0","altitudeAcclimation":0,"previousAltitudeAcclimation":0,"heatAcclimationPercentage":0,"previousHeatAcclimationPercentage":0,"altitudeAcclimationLocalTimestamp":"2023-06-01T00:05:47.0"},{"userProfilePK":76018113,"deviceId":3401978503,"calendarDate":"2023-06-01","timestamp":"2023-06-01T05:54:28.0","altitudeAcclimationTimestamp":"2023-06-01T05:54:28.0","previousAltitudeAcclimationTimestamp":"2023-06-01T05:54:28.0","heatAcclimationTimestamp":"2023-06-01T05:54:28.0","previousHeatAcclimationTimestamp":"2023-06-01T05:54:28.0","altitudeAcclimation":0,"previousAltitudeAcclimation":0,"heatAcclimationPercentage":0,"previousHeatAcclimationPercentage":0,"altitudeAcclimationLocalTimestamp":"2023-06-01T07:54:28.0"},{"userProfilePK":76018113,"deviceId":3401978503,"calendarDate":"2023-06-02","timestamp":"2023-06-01T22:05:50.0","altitudeAcclimationTimestamp":"2023-06-01T22:05:50.0","previousAltitudeAcclimationTimestamp":"2023-06-01T22:05:50.0","heatAcclimationTimestamp":"2023-06-01T22:05:50.0","previousHeatAcclimationTimestamp":"2023-06-01T22:05:50.0","altitudeAcclimation":0,"previousAltitudeAcclimation":0,"heatAcclimationPercentage":0,"previousHeatAcclimationPercentage":0,"altitudeAcclimationLocalTimestamp":"2023-06-02T00:05:50.0"},{"userProfilePK":76018113,"deviceId":3401978503,"calendarDate":"2023-06-03","timestamp":"2023-06-02T22:05:52.0","altitudeAcclimationTimestamp":"2023-06-02T22:05:52.0","previousAltitudeAcclimationTimestamp":"2023-06-02T22:05:52.0","heatAcclimationTimestamp":"2023-06-02T22:05:52.0","previousHeatAcclimationTimestamp":"2023-06-02T22:05:52.0","altitudeAcclimation":0,"previousAltitudeAcclimation":0,"heatAcclimationPercentage":0,"previousHeatAcclimationPercentage":0,"altitudeAcclimationLocalTimestamp":"2023-06-03T00:05:52.0"},{"userProfilePK":76018113,"deviceId":3401978503,"calendarDate":"2023-06-03","timestamp":"2023-06-03T19:29:25.0","altitudeAcclimationTimestamp":"2023-06-03T19:29:25.0","previousAltitudeAcclimationTimestamp":"2023-06-03T19:29:25.0","heatAcclimationTimestamp":"2023-06-03T19:29:25.0","previousHeatAcclimationTimestamp":"2023-06-03T19:29:25.0","altitudeAcclimation":0,"previousAltitudeAcclimation":0,"heatAcclimationPercentage":0,"previousHeatAcclimationPercentage":0,"altitudeAcclimationLocalTimestamp":"2023-06-03T21:29:25.0"},{"userProfilePK":76018113,"deviceId":3401978503,"calendarDate":"2023-06-03","timestamp":"2023-06-03T19:59:56.0","altitudeAcclimationTimestamp":"2023-06-03T19:59:56.0","previousAltitudeAcclimationTimestamp":"2023-06-03T19:59:56.0","heatAcclimationTimestamp":"2023-06-03T19:59:56.0","previousHeatAcclimationTimestamp":"2023-06-03T19:59:56.0","altitudeAcclimation":0,"previousAltitudeAcclimation":0,"heatAcclimationPercentage":0,"previousHeatAcclimationPercentage":0,"altitudeAcclimationLocalTimestamp":"2023-06-03T21:59:56.0"},{"userProfilePK":76018113,"deviceId":3401978503,"calendarDate":"2023-06-04","timestamp":"2023-06-03T22:05:58.0","altitudeAcclimationTimestamp":"2023-06-03T22:05:58.0","previousAltitudeAcclimationTimestamp":"2023-06-03T22:05:58.0","heatAcclimationTimestamp":"2023-06-03T22:05:58.0","previousHeatAcclimationTimestamp":"2023-06-03T22:05:58.0","altitudeAcclimation":0,"previousAltitudeAcclimation":0,"heatAcclimationPercentage":0,"previousHeatAcclimationPercentage":0,"altitudeAcclimationLocalTimestamp":"2023-06-04T00:05:58.0"},{"userProfilePK":76018113,"deviceId":3401978503,"calendarDate":"2023-06-05","timestamp":"2023-06-04T22:01:01.0","altitudeAcclimationTimestamp":"2023-06-04T22:01:01.0","previousAltitudeAcclimationTimestamp":"2023-06-04T22:01:01.0","heatAcclimationTimestamp":"2023-06-04T22:01:01.0","previousHeatAcclimationTimestamp":"2023-06-04T22:01:01.0","altitudeAcclimation":0,"previousAltitudeAcclimation":0,"heatAcclimationPercentage":0,"previousHeatAcclimationPercentage":0,"altitudeAcclimationLocalTimestamp":"2023-06-05T00:01:01.0"},{"userProfilePK":76018113,"deviceId":3401978503,"calendarDate":"2023-06-06","timestamp":"2023-06-05T22:01:05.0","altitudeAcclimationTimestamp":"2023-06-05T22:01:05.0","previousAltitudeAcclimationTimestamp":"2023-06-05T22:01:05.0","heatAcclimationTimestamp":"2023-06-05T22:01:05.0","previousHeatAcclimationTimestamp":"2023-06-05T22:01:05.0","altitudeAcclimation":0,"previousAltitudeAcclimation":0,"heatAcclimationPercentage":0,"previousHeatAcclimationPercentage":0,"altitudeAcclimationLocalTimestamp":"2023-06-06T00:01:05.0"},{"userProfilePK":76018113,"deviceId":3401978503,"calendarDate":"2023-06-07","timestamp":"2023-06-06T22:01:10.0","altitudeAcclimationTimestamp":"2023-06-06T22:01:10.0","previousAltitudeAcclimationTimestamp":"2023-06-06T22:01:10.0","heatAcclimationTimestamp":"2023-06-06T22:01:10.0","previousHeatAcclimationTimestamp":"2023-06-06T22:01:10.0","altitudeAcclimation":0,"previousAltitudeAcclimation":0,"heatAcclimationPercentage":0,"previousHeatAcclimationPercentage":0,"altitudeAcclimationLocalTimestamp":"2023-06-07T00:01:10.0"},{"userProfilePK":76018113,"deviceId":3401978503,"calendarDate":"2023-06-07","timestamp":"2023-06-07T05:59:09.0","altitudeAcclimationTimestamp":"2023-06-07T05:59:09.0","previousAltitudeAcclimationTimestamp":"2023-06-07T05:59:09.0","heatAcclimationTimestamp":"2023-06-07T05:59:09.0","previousHeatAcclimationTimestamp":"2023-06-07T05:59:09.0","altitudeAcclimation":0,"previousAltitudeAcclimation":0,"heatAcclimationPercentage":0,"previousHeatAcclimationPercentage":0,"altitudeAcclimationLocalTimestamp":"2023-06-07T07:59:09.0"},{"userProfilePK":76018113,"deviceId":3401978503,"calendarDate":"2023-06-07","timestamp":"2023-06-07T19:11:20.0","altitudeAcclimationTimestamp":"2023-06-07T19:11:20.0","previousAltitudeAcclimationTimestamp":"2023-06-07T19:11:20.0","heatAcclimationTimestamp":"2023-06-07T19:11:20.0","previousHeatAcclimationTimestamp":"2023-06-07T19:11:20.0","altitudeAcclimation":0,"previousAltitudeAcclimation":0,"heatAcclimationPercentage":0,"previousHeatAcclimationPercentage":0,"altitudeAcclimationLocalTimestamp":"2023-06-07T21:11:20.0"},{"userProfilePK":76018113,"deviceId":3401978503,"calendarDate":"2023-06-08","timestamp":"2023-06-07T22:01:13.0","altitudeAcclimationTimestamp":"2023-06-07T22:01:13.0","previousAltitudeAcclimationTimestamp":"2023-06-07T22:01:13.0","heatAcclimationTimestamp":"2023-06-07T22:01:13.0","previousHeatAcclimationTimestamp":"2023-06-07T22:01:13.0","altitudeAcclimation":0,"previousAltitudeAcclimation":0,"heatAcclimationPercentage":0,"previousHeatAcclimationPercentage":0,"altitudeAcclimationLocalTimestamp":"2023-06-08T00:01:13.0"},{"userProfilePK":76018113,"deviceId":3401978503,"calendarDate":"2023-06-09","timestamp":"2023-06-08T22:01:18.0","altitudeAcclimationTimestamp":"2023-06-08T22:01:18.0","previousAltitudeAcclimationTimestamp":"2023-06-08T22:01:18.0","heatAcclimationTimestamp":"2023-06-08T22:01:18.0","previousHeatAcclimationTimestamp":"2023-06-08T22:01:18.0","altitudeAcclimation":0,"previousAltitudeAcclimation":0,"heatAcclimationPercentage":0,"previousHeatAcclimationPercentage":0,"altitudeAcclimationLocalTimestamp":"2023-06-09T00:01:18.0"},{"userProfilePK":76018113,"deviceId":3401978503,"calendarDate":"2023-06-09","timestamp":"2023-06-09T04:52:38.0","altitudeAcclimationTimestamp":"2023-06-09T04:52:38.0","previousAltitudeAcclimationTimestamp":"2023-06-09T04:52:38.0","heatAcclimationTimestamp":"2023-06-09T04:52:38.0","previousHeatAcclimationTimestamp":"2023-06-09T04:52:38.0","altitudeAcclimation":0,"previousAltitudeAcclimation":0,"heatAcclimationPercentage":0,"previousHeatAcclimationPercentage":0,"altitudeAcclimationLocalTimestamp":"2023-06-09T06:52:38.0"},{"userProfilePK":76018113,"deviceId":3401978503,"calendarDate":"2023-06-09","timestamp":"2023-06-09T05:44:15.0","altitudeAcclimationTimestamp":"2023-06-09T05:44:15.0","previousAltitudeAcclimationTimestamp":"2023-06-09T05:44:15.0","heatAcclimationTimestamp":"2023-06-09T05:44:15.0","previousHeatAcclimationTimestamp":"2023-06-09T05:44:15.0","altitudeAcclimation":0,"previousAltitudeAcclimation":0,"heatAcclimationPercentage":0,"previousHeatAcclimationPercentage":0,"altitudeAcclimationLocalTimestamp":"2023-06-09T07:44:15.0"},{"userProfilePK":76018113,"deviceId":3401978503,"calendarDate":"2023-06-10","timestamp":"2023-06-09T22:01:23.0","altitudeAcclimationTimestamp":"2023-06-09T22:01:23.0","previousAltitudeAcclimationTimestamp":"2023-06-09T22:01:23.0","heatAcclimationTimestamp":"2023-06-09T22:01:23.0","previousHeatAcclimationTimestamp":"2023-06-09T22:01:23.0","altitudeAcclimation":0,"previousAltitudeAcclimation":0,"heatAcclimationPercentage":0,"previousHeatAcclimationPercentage":0,"altitudeAcclimationLocalTimestamp":"2023-06-10T00:01:23.0"},{"userProfilePK":76018113,"deviceId":3401978503,"calendarDate":"2023-06-10","timestamp":"2023-06-10T09:57:12.0","altitudeAcclimationTimestamp":"2023-06-10T09:57:12.0","previousAltitudeAcclimationTimestamp":"2023-06-10T09:57:12.0","heatAcclimationTimestamp":"2023-06-10T09:57:12.0","previousHeatAcclimationTimestamp":"2023-06-10T09:57:12.0","altitudeAcclimation":0,"previousAltitudeAcclimation":0,"heatAcclimationPercentage":0,"previousHeatAcclimationPercentage":0,"altitudeAcclimationLocalTimestamp":"2023-06-10T11:57:12.0"},{"userProfilePK":76018113,"deviceId":3401978503,"calendarDate":"2023-06-10","timestamp":"2023-06-10T11:21:51.0","altitudeAcclimationTimestamp":"2023-06-10T11:21:51.0","previousAltitudeAcclimationTimestamp":"2023-06-10T11:21:51.0","heatAcclimationTimestamp":"2023-06-10T11:21:51.0","previousHeatAcclimationTimestamp":"2023-06-10T11:21:51.0","altitudeAcclimation":0,"previousAltitudeAcclimation":0,"heatAcclimationPercentage":19,"previousHeatAcclimationPercentage":0,"altitudeAcclimationLocalTimestamp":"2023-06-10T13:21:51.0"},{"userProfilePK":76018113,"deviceId":3401978503,"calendarDate":"2023-06-11","timestamp":"2023-06-10T22:01:28.0","altitudeAcclimationTimestamp":"2023-06-10T22:01:28.0","previousAltitudeAcclimationTimestamp":"2023-06-10T22:01:28.0","heatAcclimationTimestamp":"2023-06-10T22:01:28.0","previousHeatAcclimationTimestamp":"2023-06-10T11:21:51.0","altitudeAcclimation":0,"previousAltitudeAcclimation":0,"heatAcclimationPercentage":19,"previousHeatAcclimationPercentage":19,"heatTrend":"ACCLIMATIZED","altitudeAcclimationLocalTimestamp":"2023-06-11T00:01:28.0"},{"userProfilePK":76018113,"deviceId":3401978503,"calendarDate":"2023-06-11","timestamp":"2023-06-11T09:56:27.0","altitudeAcclimationTimestamp":"2023-06-11T09:56:27.0","previousAltitudeAcclimationTimestamp":"2023-06-11T09:56:27.0","heatAcclimationTimestamp":"2023-06-11T09:56:27.0","previousHeatAcclimationTimestamp":"2023-06-10T11:21:51.0","altitudeAcclimation":0,"previousAltitudeAcclimation":0,"heatAcclimationPercentage":19,"previousHeatAcclimationPercentage":19,"heatTrend":"ACCLIMATIZED","altitudeAcclimationLocalTimestamp":"2023-06-11T11:56:27.0"},{"userProfilePK":76018113,"deviceId":3401978503,"calendarDate":"2023-06-11","timestamp":"2023-06-11T17:40:23.0","altitudeAcclimationTimestamp":"2023-06-11T17:40:23.0","previousAltitudeAcclimationTimestamp":"2023-06-11T17:40:23.0","heatAcclimationTimestamp":"2023-06-11T17:40:23.0","previousHeatAcclimationTimestamp":"2023-06-10T11:21:51.0","altitudeAcclimation":0,"previousAltitudeAcclimation":0,"heatAcclimationPercentage":30,"previousHeatAcclimationPercentage":19,"heatTrend":"ACCLIMATIZING","altitudeAcclimationLocalTimestamp":"2023-06-11T19:40:23.0"},{"userProfilePK":76018113,"deviceId":3401978503,"calendarDate":"2023-06-12","timestamp":"2023-06-11T22:01:33.0","altitudeAcclimationTimestamp":"2023-06-11T22:01:33.0","previousAltitudeAcclimationTimestamp":"2023-06-11T22:01:33.0","heatAcclimationTimestamp":"2023-06-11T22:01:33.0","previousHeatAcclimationTimestamp":"2023-06-11T17:40:23.0","altitudeAcclimation":0,"previousAltitudeAcclimation":0,"heatAcclimationPercentage":30,"previousHeatAcclimationPercentage":30,"heatTrend":"ACCLIMATIZED","altitudeAcclimationLocalTimestamp":"2023-06-12T00:01:33.0"},{"userProfilePK":76018113,"deviceId":3401978503,"calendarDate":"2023-06-13","timestamp":"2023-06-12T22:01:36.0","altitudeAcclimationTimestamp":"2023-06-12T22:01:36.0","previousAltitudeAcclimationTimestamp":"2023-06-12T22:01:36.0","heatAcclimationTimestamp":"2023-06-12T22:01:36.0","previousHeatAcclimationTimestamp":"2023-06-11T22:01:33.0","altitudeAcclimation":0,"previousAltitudeAcclimation":0,"heatAcclimationPercentage":30,"previousHeatAcclimationPercentage":30,"heatTrend":"ACCLIMATIZED","altitudeAcclimationLocalTimestamp":"2023-06-13T00:01:36.0"},{"userProfilePK":76018113,"deviceId":3401978503,"calendarDate":"2023-06-13","timestamp":"2023-06-13T05:42:46.0","altitudeAcclimationTimestamp":"2023-06-13T05:42:46.0","previousAltitudeAcclimationTimestamp":"2023-06-13T05:42:46.0","heatAcclimationTimestamp":"2023-06-13T05:42:46.0","previousHeatAcclimationTimestamp":"2023-06-11T22:01:33.0","altitudeAcclimation":0,"previousAltitudeAcclimation":0,"heatAcclimationPercentage":30,"previousHeatAcclimationPercentage":30,"heatTrend":"ACCLIMATIZED","altitudeAcclimationLocalTimestamp":"2023-06-13T07:42:46.0"},{"userProfilePK":76018113,"deviceId":3401978503,"calendarDate":"2023-06-14","timestamp":"2023-06-13T22:01:41.0","altitudeAcclimationTimestamp":"2023-06-13T22:01:41.0","previousAltitudeAcclimationTimestamp":"2023-06-13T22:01:41.0","heatAcclimationTimestamp":"2023-06-13T22:01:41.0","previousHeatAcclimationTimestamp":"2023-06-13T05:42:46.0","altitudeAcclimation":0,"previousAltitudeAcclimation":0,"heatAcclimationPercentage":30,"previousHeatAcclimationPercentage":30,"heatTrend":"ACCLIMATIZED","altitudeAcclimationLocalTimestamp":"2023-06-14T00:01:41.0"},{"userProfilePK":76018113,"deviceId":3401978503,"calendarDate":"2023-06-14","timestamp":"2023-06-14T05:54:25.0","altitudeAcclimationTimestamp":"2023-06-14T05:54:25.0","previousAltitudeAcclimationTimestamp":"2023-06-14T05:54:25.0","heatAcclimationTimestamp":"2023-06-14T05:54:25.0","previousHeatAcclimationTimestamp":"2023-06-13T05:42:46.0","altitudeAcclimation":0,"previousAltitudeAcclimation":0,"heatAcclimationPercentage":30,"previousHeatAcclimationPercentage":30,"heatTrend":"ACCLIMATIZED","altitudeAcclimationLocalTimestamp":"2023-06-14T07:54:25.0"},{"userProfilePK":76018113,"deviceId":3401978503,"calendarDate":"2023-06-15","timestamp":"2023-06-14T22:01:45.0","altitudeAcclimationTimestamp":"2023-06-14T22:01:45.0","previousAltitudeAcclimationTimestamp":"2023-06-14T22:01:45.0","heatAcclimationTimestamp":"2023-06-14T22:01:45.0","previousHeatAcclimationTimestamp":"2023-06-14T05:54:25.0","altitudeAcclimation":0,"previousAltitudeAcclimation":0,"heatAcclimationPercentage":27,"previousHeatAcclimationPercentage":30,"heatTrend":"DEACCLIMATIZING","altitudeAcclimationLocalTimestamp":"2023-06-15T00:01:45.0"},{"userProfilePK":76018113,"deviceId":3401978503,"calendarDate":"2023-06-15","timestamp":"2023-06-15T05:41:47.0","altitudeAcclimationTimestamp":"2023-06-15T05:41:47.0","previousAltitudeAcclimationTimestamp":"2023-06-15T05:41:47.0","heatAcclimationTimestamp":"2023-06-15T05:41:47.0","previousHeatAcclimationTimestamp":"2023-06-14T05:54:25.0","altitudeAcclimation":0,"previousAltitudeAcclimation":0,"heatAcclimationPercentage":27,"previousHeatAcclimationPercentage":30,"heatTrend":"DEACCLIMATIZING","altitudeAcclimationLocalTimestamp":"2023-06-15T07:41:47.0"},{"userProfilePK":76018113,"deviceId":3401978503,"calendarDate":"2023-06-16","timestamp":"2023-06-15T22:01:51.0","altitudeAcclimationTimestamp":"2023-06-15T22:01:51.0","previousAltitudeAcclimationTimestamp":"2023-06-15T22:01:51.0","heatAcclimationTimestamp":"2023-06-15T22:01:51.0","previousHeatAcclimationTimestamp":"2023-06-15T05:41:47.0","altitudeAcclimation":0,"previousAltitudeAcclimation":0,"heatAcclimationPercentage":25,"previousHeatAcclimationPercentage":27,"heatTrend":"DEACCLIMATIZING","altitudeAcclimationLocalTimestamp":"2023-06-16T00:01:51.0"},{"userProfilePK":76018113,"deviceId":3401978503,"calendarDate":"2023-06-16","timestamp":"2023-06-16T05:27:43.0","altitudeAcclimationTimestamp":"2023-06-16T05:27:43.0","previousAltitudeAcclimationTimestamp":"2023-06-16T05:27:43.0","heatAcclimationTimestamp":"2023-06-16T05:27:43.0","previousHeatAcclimationTimestamp":"2023-06-15T05:41:47.0","altitudeAcclimation":0,"previousAltitudeAcclimation":0,"heatAcclimationPercentage":25,"previousHeatAcclimationPercentage":27,"heatTrend":"DEACCLIMATIZING","altitudeAcclimationLocalTimestamp":"2023-06-16T07:27:43.0"},{"userProfilePK":76018113,"deviceId":3401978503,"calendarDate":"2023-06-17","timestamp":"2023-06-16T22:01:55.0","altitudeAcclimationTimestamp":"2023-06-16T22:01:55.0","previousAltitudeAcclimationTimestamp":"2023-06-16T22:01:55.0","heatAcclimationTimestamp":"2023-06-16T22:01:55.0","previousHeatAcclimationTimestamp":"2023-06-16T05:27:43.0","altitudeAcclimation":0,"previousAltitudeAcclimation":0,"heatAcclimationPercentage":22,"previousHeatAcclimationPercentage":25,"heatTrend":"DEACCLIMATIZING","altitudeAcclimationLocalTimestamp":"2023-06-17T00:01:55.0"},{"userProfilePK":76018113,"deviceId":3401978503,"calendarDate":"2023-06-18","timestamp":"2023-06-17T22:01:58.0","altitudeAcclimationTimestamp":"2023-06-17T22:01:58.0","previousAltitudeAcclimationTimestamp":"2023-06-17T22:01:58.0","heatAcclimationTimestamp":"2023-06-17T22:01:58.0","previousHeatAcclimationTimestamp":"2023-06-16T22:01:55.0","altitudeAcclimation":0,"previousAltitudeAcclimation":0,"heatAcclimationPercentage":20,"previousHeatAcclimationPercentage":22,"heatTrend":"DEACCLIMATIZING","altitudeAcclimationLocalTimestamp":"2023-06-18T00:01:58.0"},{"userProfilePK":76018113,"deviceId":3401978503,"calendarDate":"2023-06-19","timestamp":"2023-06-18T22:02:01.0","altitudeAcclimationTimestamp":"2023-06-18T22:02:01.0","previousAltitudeAcclimationTimestamp":"2023-06-18T22:02:01.0","heatAcclimationTimestamp":"2023-06-18T22:02:01.0","previousHeatAcclimationTimestamp":"2023-06-17T22:01:58.0","altitudeAcclimation":0,"previousAltitudeAcclimation":0,"heatAcclimationPercentage":17,"previousHeatAcclimationPercentage":20,"heatTrend":"DEACCLIMATIZING","altitudeAcclimationLocalTimestamp":"2023-06-19T00:02:01.0"},{"userProfilePK":76018113,"deviceId":3401978503,"calendarDate":"2023-06-20","timestamp":"2023-06-19T22:02:05.0","altitudeAcclimationTimestamp":"2023-06-19T22:02:05.0","previousAltitudeAcclimationTimestamp":"2023-06-19T22:02:05.0","heatAcclimationTimestamp":"2023-06-19T22:02:05.0","previousHeatAcclimationTimestamp":"2023-06-18T22:02:01.0","altitudeAcclimation":0,"previousAltitudeAcclimation":0,"heatAcclimationPercentage":14,"previousHeatAcclimationPercentage":17,"heatTrend":"DEACCLIMATIZING","altitudeAcclimationLocalTimestamp":"2023-06-20T00:02:05.0"},{"userProfilePK":76018113,"deviceId":3401978503,"calendarDate":"2023-06-21","timestamp":"2023-06-20T22:02:09.0","altitudeAcclimationTimestamp":"2023-06-20T22:02:09.0","previousAltitudeAcclimationTimestamp":"2023-06-20T22:02:09.0","heatAcclimationTimestamp":"2023-06-20T22:02:09.0","previousHeatAcclimationTimestamp":"2023-06-19T22:02:05.0","altitudeAcclimation":0,"previousAltitudeAcclimation":0,"heatAcclimationPercentage":10,"previousHeatAcclimationPercentage":14,"heatTrend":"DEACCLIMATIZING","altitudeAcclimationLocalTimestamp":"2023-06-21T00:02:09.0"},{"userProfilePK":76018113,"deviceId":3401978503,"calendarDate":"2023-06-22","timestamp":"2023-06-21T22:02:12.0","altitudeAcclimationTimestamp":"2023-06-21T22:02:12.0","previousAltitudeAcclimationTimestamp":"2023-06-21T22:02:12.0","heatAcclimationTimestamp":"2023-06-21T22:02:12.0","previousHeatAcclimationTimestamp":"2023-06-20T22:02:09.0","altitudeAcclimation":0,"previousAltitudeAcclimation":0,"heatAcclimationPercentage":7,"previousHeatAcclimationPercentage":10,"heatTrend":"DEACCLIMATIZING","altitudeAcclimationLocalTimestamp":"2023-06-22T00:02:12.0"},{"userProfilePK":76018113,"deviceId":3401978503,"calendarDate":"2023-06-23","timestamp":"2023-06-22T22:02:15.0","altitudeAcclimationTimestamp":"2023-06-22T22:02:15.0","previousAltitudeAcclimationTimestamp":"2023-06-22T22:02:15.0","heatAcclimationTimestamp":"2023-06-22T22:02:15.0","previousHeatAcclimationTimestamp":"2023-06-21T22:02:12.0","altitudeAcclimation":0,"previousAltitudeAcclimation":0,"heatAcclimationPercentage":5,"previousHeatAcclimationPercentage":7,"heatTrend":"DEACCLIMATIZING","altitudeAcclimationLocalTimestamp":"2023-06-23T00:02:15.0"},{"userProfilePK":76018113,"deviceId":3401978503,"calendarDate":"2023-06-24","timestamp":"2023-06-24T07:57:40.0","altitudeAcclimationTimestamp":"2023-06-24T07:57:40.0","previousAltitudeAcclimationTimestamp":"2023-06-24T07:57:40.0","heatAcclimationTimestamp":"2023-06-24T07:57:40.0","previousHeatAcclimationTimestamp":"2023-06-22T22:02:15.0","altitudeAcclimation":0,"previousAltitudeAcclimation":0,"heatAcclimationPercentage":3,"previousHeatAcclimationPercentage":5,"heatTrend":"DEACCLIMATIZING","altitudeAcclimationLocalTimestamp":"2023-06-24T09:57:40.0"},{"userProfilePK":76018113,"deviceId":3401978503,"calendarDate":"2023-06-24","timestamp":"2023-06-24T11:11:34.0","altitudeAcclimationTimestamp":"2023-06-24T11:11:34.0","previousAltitudeAcclimationTimestamp":"2023-06-24T11:11:34.0","heatAcclimationTimestamp":"2023-06-24T11:11:34.0","previousHeatAcclimationTimestamp":"2023-06-22T22:02:15.0","altitudeAcclimation":0,"previousAltitudeAcclimation":0,"heatAcclimationPercentage":28,"previousHeatAcclimationPercentage":5,"heatTrend":"ACCLIMATIZING","altitudeAcclimationLocalTimestamp":"2023-06-24T13:11:34.0"},{"userProfilePK":76018113,"deviceId":3401978503,"calendarDate":"2023-06-25","timestamp":"2023-06-24T22:03:48.0","altitudeAcclimationTimestamp":"2023-06-24T22:03:48.0","previousAltitudeAcclimationTimestamp":"2023-06-24T22:03:48.0","heatAcclimationTimestamp":"2023-06-24T22:03:48.0","previousHeatAcclimationTimestamp":"2023-06-24T11:11:34.0","altitudeAcclimation":0,"previousAltitudeAcclimation":0,"heatAcclimationPercentage":28,"previousHeatAcclimationPercentage":28,"heatTrend":"ACCLIMATIZED","altitudeAcclimationLocalTimestamp":"2023-06-25T00:03:48.0"},{"userProfilePK":76018113,"deviceId":3401978503,"calendarDate":"2023-06-25","timestamp":"2023-06-25T17:05:49.0","altitudeAcclimationTimestamp":"2023-06-25T17:05:49.0","previousAltitudeAcclimationTimestamp":"2023-06-25T17:05:49.0","heatAcclimationTimestamp":"2023-06-25T17:05:49.0","previousHeatAcclimationTimestamp":"2023-06-24T11:11:34.0","altitudeAcclimation":0,"previousAltitudeAcclimation":0,"heatAcclimationPercentage":52,"previousHeatAcclimationPercentage":28,"heatTrend":"ACCLIMATIZING","altitudeAcclimationLocalTimestamp":"2023-06-25T19:05:49.0"},{"userProfilePK":76018113,"deviceId":3401978503,"calendarDate":"2023-06-26","timestamp":"2023-06-25T22:03:53.0","altitudeAcclimationTimestamp":"2023-06-25T22:03:53.0","previousAltitudeAcclimationTimestamp":"2023-06-25T22:03:53.0","heatAcclimationTimestamp":"2023-06-25T22:03:53.0","previousHeatAcclimationTimestamp":"2023-06-25T17:05:49.0","altitudeAcclimation":0,"previousAltitudeAcclimation":0,"heatAcclimationPercentage":52,"previousHeatAcclimationPercentage":52,"heatTrend":"ACCLIMATIZED","altitudeAcclimationLocalTimestamp":"2023-06-26T00:03:53.0"},{"userProfilePK":76018113,"deviceId":3401978503,"calendarDate":"2023-06-27","timestamp":"2023-06-26T22:03:54.0","altitudeAcclimationTimestamp":"2023-06-26T22:03:54.0","previousAltitudeAcclimationTimestamp":"2023-06-26T22:03:54.0","heatAcclimationTimestamp":"2023-06-26T22:03:54.0","previousHeatAcclimationTimestamp":"2023-06-25T22:03:53.0","altitudeAcclimation":0,"previousAltitudeAcclimation":0,"heatAcclimationPercentage":51,"previousHeatAcclimationPercentage":52,"heatTrend":"DEACCLIMATIZING","altitudeAcclimationLocalTimestamp":"2023-06-27T00:03:54.0"},{"userProfilePK":76018113,"deviceId":3401978503,"calendarDate":"2023-06-27","timestamp":"2023-06-27T05:49:59.0","altitudeAcclimationTimestamp":"2023-06-27T05:49:59.0","previousAltitudeAcclimationTimestamp":"2023-06-27T05:49:59.0","heatAcclimationTimestamp":"2023-06-27T05:49:59.0","previousHeatAcclimationTimestamp":"2023-06-25T22:03:53.0","altitudeAcclimation":0,"previousAltitudeAcclimation":0,"heatAcclimationPercentage":57,"previousHeatAcclimationPercentage":52,"heatTrend":"ACCLIMATIZING","altitudeAcclimationLocalTimestamp":"2023-06-27T07:49:59.0"},{"userProfilePK":76018113,"deviceId":3401978503,"calendarDate":"2023-06-28","timestamp":"2023-06-27T22:03:58.0","altitudeAcclimationTimestamp":"2023-06-27T22:03:58.0","previousAltitudeAcclimationTimestamp":"2023-06-27T22:03:58.0","heatAcclimationTimestamp":"2023-06-27T22:03:58.0","previousHeatAcclimationTimestamp":"2023-06-27T05:49:59.0","altitudeAcclimation":0,"previousAltitudeAcclimation":0,"heatAcclimationPercentage":57,"previousHeatAcclimationPercentage":57,"heatTrend":"ACCLIMATIZED","altitudeAcclimationLocalTimestamp":"2023-06-28T00:03:58.0"},{"userProfilePK":76018113,"deviceId":3401978503,"calendarDate":"2023-06-28","timestamp":"2023-06-28T20:56:50.0","altitudeAcclimationTimestamp":"2023-06-28T20:56:50.0","previousAltitudeAcclimationTimestamp":"2023-06-28T20:56:50.0","heatAcclimationTimestamp":"2023-06-28T20:56:50.0","previousHeatAcclimationTimestamp":"2023-06-27T05:49:59.0","altitudeAcclimation":0,"previousAltitudeAcclimation":0,"heatAcclimationPercentage":81,"previousHeatAcclimationPercentage":57,"heatTrend":"ACCLIMATIZING","altitudeAcclimationLocalTimestamp":"2023-06-28T22:56:50.0"},{"userProfilePK":76018113,"deviceId":3401978503,"calendarDate":"2023-06-29","timestamp":"2023-06-28T22:04:01.0","altitudeAcclimationTimestamp":"2023-06-28T22:04:01.0","previousAltitudeAcclimationTimestamp":"2023-06-28T22:04:01.0","heatAcclimationTimestamp":"2023-06-28T22:04:01.0","previousHeatAcclimationTimestamp":"2023-06-28T20:56:50.0","altitudeAcclimation":0,"previousAltitudeAcclimation":0,"heatAcclimationPercentage":81,"previousHeatAcclimationPercentage":81,"heatTrend":"ACCLIMATIZED","altitudeAcclimationLocalTimestamp":"2023-06-29T00:04:01.0"},{"userProfilePK":76018113,"deviceId":3401978503,"calendarDate":"2023-06-30","timestamp":"2023-06-29T22:04:04.0","altitudeAcclimationTimestamp":"2023-06-29T22:04:04.0","previousAltitudeAcclimationTimestamp":"2023-06-29T22:04:04.0","heatAcclimationTimestamp":"2023-06-29T22:04:04.0","previousHeatAcclimationTimestamp":"2023-06-28T22:04:01.0","altitudeAcclimation":0,"previousAltitudeAcclimation":0,"heatAcclimationPercentage":81,"previousHeatAcclimationPercentage":81,"heatTrend":"ACCLIMATIZED","altitudeAcclimationLocalTimestamp":"2023-06-30T00:04:04.0"},{"userProfilePK":76018113,"deviceId":3401978503,"calendarDate":"2023-06-30","timestamp":"2023-06-30T05:47:38.0","altitudeAcclimationTimestamp":"2023-06-30T05:47:38.0","previousAltitudeAcclimationTimestamp":"2023-06-30T05:47:38.0","heatAcclimationTimestamp":"2023-06-30T05:47:38.0","previousHeatAcclimationTimestamp":"2023-06-28T22:04:01.0","altitudeAcclimation":0,"previousAltitudeAcclimation":0,"heatAcclimationPercentage":81,"previousHeatAcclimationPercentage":81,"heatTrend":"ACCLIMATIZED","altitudeAcclimationLocalTimestamp":"2023-06-30T07:47:38.0"},{"userProfilePK":76018113,"deviceId":3401978503,"calendarDate":"2023-07-01","timestamp":"2023-06-30T22:04:08.0","altitudeAcclimationTimestamp":"2023-06-30T22:04:08.0","previousAltitudeAcclimationTimestamp":"2023-06-30T22:04:08.0","heatAcclimationTimestamp":"2023-06-30T22:04:08.0","previousHeatAcclimationTimestamp":"2023-06-30T05:47:38.0","altitudeAcclimation":0,"previousAltitudeAcclimation":0,"heatAcclimationPercentage":81,"previousHeatAcclimationPercentage":81,"heatTrend":"ACCLIMATIZED","altitudeAcclimationLocalTimestamp":"2023-07-01T00:04:08.0"},{"userProfilePK":76018113,"deviceId":3401978503,"calendarDate":"2023-07-01","timestamp":"2023-07-01T16:04:52.0","altitudeAcclimationTimestamp":"2023-07-01T16:04:52.0","previousAltitudeAcclimationTimestamp":"2023-07-01T16:04:52.0","heatAcclimationTimestamp":"2023-07-01T16:04:52.0","previousHeatAcclimationTimestamp":"2023-07-01T16:04:52.0","altitudeAcclimation":0,"previousAltitudeAcclimation":0,"heatAcclimationPercentage":100,"previousHeatAcclimationPercentage":81,"heatTrend":"ACCLIMATIZING","altitudeAcclimationLocalTimestamp":"2023-07-01T18:04:52.0"},{"userProfilePK":76018113,"deviceId":3401978503,"calendarDate":"2023-07-02","timestamp":"2023-07-01T22:04:12.0","altitudeAcclimationTimestamp":"2023-07-01T22:04:12.0","previousAltitudeAcclimationTimestamp":"2023-07-01T22:04:12.0","heatAcclimationTimestamp":"2023-07-01T22:04:12.0","previousHeatAcclimationTimestamp":"2023-07-01T16:04:52.0","altitudeAcclimation":0,"previousAltitudeAcclimation":0,"heatAcclimationPercentage":100,"previousHeatAcclimationPercentage":100,"heatTrend":"ACCLIMATIZED","altitudeAcclimationLocalTimestamp":"2023-07-02T00:04:12.0"},{"userProfilePK":76018113,"deviceId":3401978503,"calendarDate":"2023-07-03","timestamp":"2023-07-02T22:04:17.0","altitudeAcclimationTimestamp":"2023-07-02T22:04:17.0","previousAltitudeAcclimationTimestamp":"2023-07-02T22:04:17.0","heatAcclimationTimestamp":"2023-07-02T22:04:17.0","previousHeatAcclimationTimestamp":"2023-07-01T16:04:52.0","altitudeAcclimation":0,"previousAltitudeAcclimation":0,"heatAcclimationPercentage":100,"previousHeatAcclimationPercentage":100,"heatTrend":"ACCLIMATIZED","altitudeAcclimationLocalTimestamp":"2023-07-03T00:04:17.0"},{"userProfilePK":76018113,"deviceId":3401978503,"calendarDate":"2023-07-04","timestamp":"2023-07-03T22:04:21.0","altitudeAcclimationTimestamp":"2023-07-03T22:04:21.0","previousAltitudeAcclimationTimestamp":"2023-07-03T22:04:21.0","heatAcclimationTimestamp":"2023-07-03T22:04:21.0","previousHeatAcclimationTimestamp":"2023-07-01T16:04:52.0","altitudeAcclimation":0,"previousAltitudeAcclimation":0,"heatAcclimationPercentage":100,"previousHeatAcclimationPercentage":100,"heatTrend":"ACCLIMATIZED","altitudeAcclimationLocalTimestamp":"2023-07-04T00:04:21.0"},{"userProfilePK":76018113,"deviceId":3401978503,"calendarDate":"2023-07-04","timestamp":"2023-07-04T05:55:35.0","altitudeAcclimationTimestamp":"2023-07-04T05:55:35.0","previousAltitudeAcclimationTimestamp":"2023-07-04T05:55:35.0","heatAcclimationTimestamp":"2023-07-04T05:55:35.0","previousHeatAcclimationTimestamp":"2023-07-01T16:04:52.0","altitudeAcclimation":0,"previousAltitudeAcclimation":0,"heatAcclimationPercentage":100,"previousHeatAcclimationPercentage":100,"heatTrend":"ACCLIMATIZED","altitudeAcclimationLocalTimestamp":"2023-07-04T07:55:35.0"},{"userProfilePK":76018113,"deviceId":3401978503,"calendarDate":"2023-07-05","timestamp":"2023-07-04T22:04:27.0","altitudeAcclimationTimestamp":"2023-07-04T22:04:27.0","previousAltitudeAcclimationTimestamp":"2023-07-04T22:04:27.0","heatAcclimationTimestamp":"2023-07-04T22:04:27.0","previousHeatAcclimationTimestamp":"2023-07-01T16:04:52.0","altitudeAcclimation":0,"previousAltitudeAcclimation":0,"heatAcclimationPercentage":100,"previousHeatAcclimationPercentage":100,"heatTrend":"ACCLIMATIZED","altitudeAcclimationLocalTimestamp":"2023-07-05T00:04:27.0"},{"userProfilePK":76018113,"deviceId":3401978503,"calendarDate":"2023-07-05","timestamp":"2023-07-05T21:15:14.0","altitudeAcclimationTimestamp":"2023-07-05T21:15:14.0","previousAltitudeAcclimationTimestamp":"2023-07-05T21:15:14.0","heatAcclimationTimestamp":"2023-07-05T21:15:14.0","previousHeatAcclimationTimestamp":"2023-07-01T16:04:52.0","altitudeAcclimation":0,"previousAltitudeAcclimation":0,"heatAcclimationPercentage":100,"previousHeatAcclimationPercentage":100,"heatTrend":"ACCLIMATIZED","altitudeAcclimationLocalTimestamp":"2023-07-05T23:15:14.0"},{"userProfilePK":76018113,"deviceId":3401978503,"calendarDate":"2023-07-06","timestamp":"2023-07-05T22:04:32.0","altitudeAcclimationTimestamp":"2023-07-05T22:04:32.0","previousAltitudeAcclimationTimestamp":"2023-07-05T22:04:32.0","heatAcclimationTimestamp":"2023-07-05T22:04:32.0","previousHeatAcclimationTimestamp":"2023-07-01T16:04:52.0","altitudeAcclimation":0,"previousAltitudeAcclimation":0,"heatAcclimationPercentage":100,"previousHeatAcclimationPercentage":100,"heatTrend":"ACCLIMATIZED","altitudeAcclimationLocalTimestamp":"2023-07-06T00:04:32.0"},{"userProfilePK":76018113,"deviceId":3401978503,"calendarDate":"2023-07-08","timestamp":"2023-07-08T09:37:48.0","altitudeAcclimationTimestamp":"2023-07-08T09:37:48.0","previousAltitudeAcclimationTimestamp":"2023-07-08T09:37:48.0","heatAcclimationTimestamp":"2023-07-08T09:37:48.0","previousHeatAcclimationTimestamp":"2023-07-05T22:04:32.0","altitudeAcclimation":0,"previousAltitudeAcclimation":0,"heatAcclimationPercentage":98,"previousHeatAcclimationPercentage":100,"heatTrend":"DEACCLIMATIZING","altitudeAcclimationLocalTimestamp":"2023-07-08T11:37:48.0"},{"userProfilePK":76018113,"deviceId":3401978503,"calendarDate":"2023-07-09","timestamp":"2023-07-08T22:03:50.0","altitudeAcclimationTimestamp":"2023-07-08T22:03:50.0","previousAltitudeAcclimationTimestamp":"2023-07-08T22:03:50.0","heatAcclimationTimestamp":"2023-07-08T22:03:50.0","previousHeatAcclimationTimestamp":"2023-07-08T09:37:48.0","altitudeAcclimation":0,"previousAltitudeAcclimation":0,"heatAcclimationPercentage":85,"previousHeatAcclimationPercentage":98,"heatTrend":"DEACCLIMATIZING","altitudeAcclimationLocalTimestamp":"2023-07-09T00:03:50.0"},{"userProfilePK":76018113,"deviceId":3401978503,"calendarDate":"2023-07-09","timestamp":"2023-07-09T09:51:07.0","altitudeAcclimationTimestamp":"2023-07-09T09:51:07.0","previousAltitudeAcclimationTimestamp":"2023-07-09T09:51:07.0","heatAcclimationTimestamp":"2023-07-09T09:51:07.0","previousHeatAcclimationTimestamp":"2023-07-08T09:37:48.0","altitudeAcclimation":0,"previousAltitudeAcclimation":0,"heatAcclimationPercentage":85,"previousHeatAcclimationPercentage":98,"heatTrend":"DEACCLIMATIZING","altitudeAcclimationLocalTimestamp":"2023-07-09T11:51:07.0"},{"userProfilePK":76018113,"deviceId":3401978503,"calendarDate":"2023-07-09","timestamp":"2023-07-09T11:12:03.0","altitudeAcclimationTimestamp":"2023-07-09T11:12:03.0","previousAltitudeAcclimationTimestamp":"2023-07-09T11:12:03.0","heatAcclimationTimestamp":"2023-07-09T11:12:03.0","previousHeatAcclimationTimestamp":"2023-07-09T11:12:03.0","altitudeAcclimation":0,"previousAltitudeAcclimation":0,"heatAcclimationPercentage":100,"previousHeatAcclimationPercentage":98,"heatTrend":"ACCLIMATIZING","altitudeAcclimationLocalTimestamp":"2023-07-09T13:12:03.0"},{"userProfilePK":76018113,"deviceId":3401978503,"calendarDate":"2023-07-10","timestamp":"2023-07-09T22:03:55.0","altitudeAcclimationTimestamp":"2023-07-09T22:03:55.0","previousAltitudeAcclimationTimestamp":"2023-07-09T22:03:55.0","heatAcclimationTimestamp":"2023-07-09T22:03:55.0","previousHeatAcclimationTimestamp":"2023-07-09T11:12:03.0","altitudeAcclimation":0,"previousAltitudeAcclimation":0,"heatAcclimationPercentage":100,"previousHeatAcclimationPercentage":100,"heatTrend":"ACCLIMATIZED","altitudeAcclimationLocalTimestamp":"2023-07-10T00:03:55.0"},{"userProfilePK":76018113,"deviceId":3401978503,"calendarDate":"2023-07-11","timestamp":"2023-07-10T22:03:57.0","altitudeAcclimationTimestamp":"2023-07-10T22:03:57.0","previousAltitudeAcclimationTimestamp":"2023-07-10T22:03:57.0","heatAcclimationTimestamp":"2023-07-10T22:03:57.0","previousHeatAcclimationTimestamp":"2023-07-09T22:03:55.0","altitudeAcclimation":0,"previousAltitudeAcclimation":0,"heatAcclimationPercentage":88,"previousHeatAcclimationPercentage":100,"heatTrend":"DEACCLIMATIZING","altitudeAcclimationLocalTimestamp":"2023-07-11T00:03:57.0"},{"userProfilePK":76018113,"deviceId":3401978503,"calendarDate":"2023-07-12","timestamp":"2023-07-11T22:01:16.0","altitudeAcclimationTimestamp":"2023-07-11T22:01:16.0","previousAltitudeAcclimationTimestamp":"2023-07-11T22:01:16.0","heatAcclimationTimestamp":"2023-07-11T22:01:16.0","previousHeatAcclimationTimestamp":"2023-07-10T22:03:57.0","altitudeAcclimation":0,"previousAltitudeAcclimation":0,"heatAcclimationPercentage":77,"previousHeatAcclimationPercentage":88,"heatTrend":"DEACCLIMATIZING","altitudeAcclimationLocalTimestamp":"2023-07-12T00:01:16.0"},{"userProfilePK":76018113,"deviceId":3401978503,"calendarDate":"2023-07-13","timestamp":"2023-07-12T22:01:19.0","altitudeAcclimationTimestamp":"2023-07-12T22:01:19.0","previousAltitudeAcclimationTimestamp":"2023-07-12T22:01:19.0","heatAcclimationTimestamp":"2023-07-12T22:01:19.0","previousHeatAcclimationTimestamp":"2023-07-11T22:01:16.0","altitudeAcclimation":0,"previousAltitudeAcclimation":0,"heatAcclimationPercentage":61,"previousHeatAcclimationPercentage":77,"heatTrend":"DEACCLIMATIZING","altitudeAcclimationLocalTimestamp":"2023-07-13T00:01:19.0"},{"userProfilePK":76018113,"deviceId":3401978503,"calendarDate":"2023-07-14","timestamp":"2023-07-13T22:01:23.0","altitudeAcclimationTimestamp":"2023-07-13T22:01:23.0","previousAltitudeAcclimationTimestamp":"2023-07-13T22:01:23.0","heatAcclimationTimestamp":"2023-07-13T22:01:23.0","previousHeatAcclimationTimestamp":"2023-07-12T22:01:19.0","altitudeAcclimation":0,"previousAltitudeAcclimation":0,"heatAcclimationPercentage":48,"previousHeatAcclimationPercentage":61,"heatTrend":"DEACCLIMATIZING","altitudeAcclimationLocalTimestamp":"2023-07-14T00:01:23.0"},{"userProfilePK":76018113,"deviceId":3401978503,"calendarDate":"2023-07-14","timestamp":"2023-07-14T19:05:55.0","altitudeAcclimationTimestamp":"2023-07-14T19:05:55.0","previousAltitudeAcclimationTimestamp":"2023-07-14T19:05:55.0","heatAcclimationTimestamp":"2023-07-14T19:05:55.0","previousHeatAcclimationTimestamp":"2023-07-12T22:01:19.0","altitudeAcclimation":0,"previousAltitudeAcclimation":0,"heatAcclimationPercentage":73,"previousHeatAcclimationPercentage":61,"heatTrend":"ACCLIMATIZING","altitudeAcclimationLocalTimestamp":"2023-07-14T21:05:55.0"},{"userProfilePK":76018113,"deviceId":3401978503,"calendarDate":"2023-07-15","timestamp":"2023-07-14T22:01:29.0","altitudeAcclimationTimestamp":"2023-07-14T22:01:29.0","previousAltitudeAcclimationTimestamp":"2023-07-14T22:01:29.0","heatAcclimationTimestamp":"2023-07-14T22:01:29.0","previousHeatAcclimationTimestamp":"2023-07-14T19:05:55.0","altitudeAcclimation":0,"previousAltitudeAcclimation":0,"heatAcclimationPercentage":73,"previousHeatAcclimationPercentage":73,"heatTrend":"ACCLIMATIZED","altitudeAcclimationLocalTimestamp":"2023-07-15T00:01:29.0"},{"userProfilePK":76018113,"deviceId":3401978503,"calendarDate":"2023-07-16","timestamp":"2023-07-15T22:01:32.0","altitudeAcclimationTimestamp":"2023-07-15T22:01:32.0","previousAltitudeAcclimationTimestamp":"2023-07-15T22:01:32.0","heatAcclimationTimestamp":"2023-07-15T22:01:32.0","previousHeatAcclimationTimestamp":"2023-07-14T22:01:29.0","altitudeAcclimation":0,"previousAltitudeAcclimation":0,"heatAcclimationPercentage":61,"previousHeatAcclimationPercentage":73,"heatTrend":"DEACCLIMATIZING","altitudeAcclimationLocalTimestamp":"2023-07-16T00:01:32.0"},{"userProfilePK":76018113,"deviceId":3401978503,"calendarDate":"2023-07-16","timestamp":"2023-07-16T06:37:03.0","altitudeAcclimationTimestamp":"2023-07-16T06:37:03.0","previousAltitudeAcclimationTimestamp":"2023-07-16T06:37:03.0","heatAcclimationTimestamp":"2023-07-16T06:37:03.0","previousHeatAcclimationTimestamp":"2023-07-14T22:01:29.0","altitudeAcclimation":0,"previousAltitudeAcclimation":0,"heatAcclimationPercentage":83,"previousHeatAcclimationPercentage":73,"heatTrend":"ACCLIMATIZING","altitudeAcclimationLocalTimestamp":"2023-07-16T08:37:03.0"},{"userProfilePK":76018113,"deviceId":3401978503,"calendarDate":"2023-07-17","timestamp":"2023-07-16T22:01:36.0","altitudeAcclimationTimestamp":"2023-07-16T22:01:36.0","previousAltitudeAcclimationTimestamp":"2023-07-16T22:01:36.0","heatAcclimationTimestamp":"2023-07-16T22:01:36.0","previousHeatAcclimationTimestamp":"2023-07-16T06:37:03.0","altitudeAcclimation":0,"previousAltitudeAcclimation":0,"heatAcclimationPercentage":83,"previousHeatAcclimationPercentage":83,"heatTrend":"ACCLIMATIZED","altitudeAcclimationLocalTimestamp":"2023-07-17T00:01:36.0"},{"userProfilePK":76018113,"deviceId":3401978503,"calendarDate":"2023-07-18","timestamp":"2023-07-17T22:01:40.0","altitudeAcclimationTimestamp":"2023-07-17T22:01:40.0","previousAltitudeAcclimationTimestamp":"2023-07-17T22:01:40.0","heatAcclimationTimestamp":"2023-07-17T22:01:40.0","previousHeatAcclimationTimestamp":"2023-07-16T22:01:36.0","altitudeAcclimation":0,"previousAltitudeAcclimation":0,"heatAcclimationPercentage":74,"previousHeatAcclimationPercentage":83,"heatTrend":"DEACCLIMATIZING","altitudeAcclimationLocalTimestamp":"2023-07-18T00:01:40.0"},{"userProfilePK":76018113,"deviceId":3401978503,"calendarDate":"2023-07-18","timestamp":"2023-07-18T05:52:20.0","altitudeAcclimationTimestamp":"2023-07-18T05:52:20.0","previousAltitudeAcclimationTimestamp":"2023-07-18T05:52:20.0","heatAcclimationTimestamp":"2023-07-18T05:52:20.0","previousHeatAcclimationTimestamp":"2023-07-16T22:01:36.0","altitudeAcclimation":0,"previousAltitudeAcclimation":0,"heatAcclimationPercentage":82,"previousHeatAcclimationPercentage":83,"heatTrend":"DEACCLIMATIZING","altitudeAcclimationLocalTimestamp":"2023-07-18T07:52:20.0"},{"userProfilePK":76018113,"deviceId":3401978503,"calendarDate":"2023-07-19","timestamp":"2023-07-18T22:01:46.0","altitudeAcclimationTimestamp":"2023-07-18T22:01:46.0","previousAltitudeAcclimationTimestamp":"2023-07-18T22:01:46.0","heatAcclimationTimestamp":"2023-07-18T22:01:46.0","previousHeatAcclimationTimestamp":"2023-07-18T05:52:20.0","altitudeAcclimation":0,"previousAltitudeAcclimation":0,"heatAcclimationPercentage":82,"previousHeatAcclimationPercentage":82,"heatTrend":"ACCLIMATIZED","altitudeAcclimationLocalTimestamp":"2023-07-19T00:01:46.0"},{"userProfilePK":76018113,"deviceId":3401978503,"calendarDate":"2023-07-20","timestamp":"2023-07-19T22:01:50.0","altitudeAcclimationTimestamp":"2023-07-19T22:01:50.0","previousAltitudeAcclimationTimestamp":"2023-07-19T22:01:50.0","heatAcclimationTimestamp":"2023-07-19T22:01:50.0","previousHeatAcclimationTimestamp":"2023-07-18T22:01:46.0","altitudeAcclimation":0,"previousAltitudeAcclimation":0,"heatAcclimationPercentage":72,"previousHeatAcclimationPercentage":82,"heatTrend":"DEACCLIMATIZING","altitudeAcclimationLocalTimestamp":"2023-07-20T00:01:50.0"},{"userProfilePK":76018113,"deviceId":3401978503,"calendarDate":"2023-07-21","timestamp":"2023-07-20T22:05:30.0","altitudeAcclimationTimestamp":"2023-07-20T22:05:30.0","previousAltitudeAcclimationTimestamp":"2023-07-20T22:05:30.0","heatAcclimationTimestamp":"2023-07-20T22:05:30.0","previousHeatAcclimationTimestamp":"2023-07-19T22:01:50.0","altitudeAcclimation":0,"previousAltitudeAcclimation":0,"heatAcclimationPercentage":69,"previousHeatAcclimationPercentage":72,"heatTrend":"DEACCLIMATIZING","altitudeAcclimationLocalTimestamp":"2023-07-21T00:05:30.0"},{"userProfilePK":76018113,"deviceId":3401978503,"calendarDate":"2023-07-21","timestamp":"2023-07-21T06:00:14.0","altitudeAcclimationTimestamp":"2023-07-21T06:00:14.0","previousAltitudeAcclimationTimestamp":"2023-07-21T06:00:14.0","heatAcclimationTimestamp":"2023-07-21T06:00:14.0","previousHeatAcclimationTimestamp":"2023-07-19T22:01:50.0","altitudeAcclimation":0,"previousAltitudeAcclimation":0,"heatAcclimationPercentage":69,"previousHeatAcclimationPercentage":72,"heatTrend":"DEACCLIMATIZING","altitudeAcclimationLocalTimestamp":"2023-07-21T08:00:14.0"},{"userProfilePK":76018113,"deviceId":3401978503,"calendarDate":"2023-07-22","timestamp":"2023-07-21T22:05:34.0","altitudeAcclimationTimestamp":"2023-07-21T22:05:34.0","previousAltitudeAcclimationTimestamp":"2023-07-21T22:05:34.0","heatAcclimationTimestamp":"2023-07-21T22:05:34.0","previousHeatAcclimationTimestamp":"2023-07-21T06:00:14.0","altitudeAcclimation":0,"previousAltitudeAcclimation":0,"heatAcclimationPercentage":61,"previousHeatAcclimationPercentage":69,"heatTrend":"DEACCLIMATIZING","altitudeAcclimationLocalTimestamp":"2023-07-22T00:05:34.0"},{"userProfilePK":76018113,"deviceId":3401978503,"calendarDate":"2023-07-22","timestamp":"2023-07-22T09:24:08.0","altitudeAcclimationTimestamp":"2023-07-22T09:24:08.0","previousAltitudeAcclimationTimestamp":"2023-07-22T09:24:08.0","heatAcclimationTimestamp":"2023-07-22T09:24:08.0","previousHeatAcclimationTimestamp":"2023-07-21T06:00:14.0","altitudeAcclimation":0,"previousAltitudeAcclimation":0,"heatAcclimationPercentage":61,"previousHeatAcclimationPercentage":69,"heatTrend":"DEACCLIMATIZING","altitudeAcclimationLocalTimestamp":"2023-07-22T11:24:08.0"},{"userProfilePK":76018113,"deviceId":3401978503,"calendarDate":"2023-07-23","timestamp":"2023-07-22T22:05:39.0","altitudeAcclimationTimestamp":"2023-07-22T22:05:39.0","previousAltitudeAcclimationTimestamp":"2023-07-22T22:05:39.0","heatAcclimationTimestamp":"2023-07-22T22:05:39.0","previousHeatAcclimationTimestamp":"2023-07-22T09:24:08.0","altitudeAcclimation":0,"previousAltitudeAcclimation":0,"heatAcclimationPercentage":53,"previousHeatAcclimationPercentage":61,"heatTrend":"DEACCLIMATIZING","altitudeAcclimationLocalTimestamp":"2023-07-23T00:05:39.0"},{"userProfilePK":76018113,"deviceId":3401978503,"calendarDate":"2023-07-24","timestamp":"2023-07-23T22:05:42.0","altitudeAcclimationTimestamp":"2023-07-23T22:05:42.0","previousAltitudeAcclimationTimestamp":"2023-07-23T22:05:42.0","heatAcclimationTimestamp":"2023-07-23T22:05:42.0","previousHeatAcclimationTimestamp":"2023-07-22T22:05:39.0","altitudeAcclimation":0,"previousAltitudeAcclimation":0,"heatAcclimationPercentage":44,"previousHeatAcclimationPercentage":53,"heatTrend":"DEACCLIMATIZING","altitudeAcclimationLocalTimestamp":"2023-07-24T00:05:42.0"},{"userProfilePK":76018113,"deviceId":3401978503,"calendarDate":"2023-07-24","timestamp":"2023-07-24T05:39:12.0","altitudeAcclimationTimestamp":"2023-07-24T05:39:12.0","previousAltitudeAcclimationTimestamp":"2023-07-24T05:39:12.0","heatAcclimationTimestamp":"2023-07-24T05:39:12.0","previousHeatAcclimationTimestamp":"2023-07-22T22:05:39.0","altitudeAcclimation":0,"previousAltitudeAcclimation":0,"heatAcclimationPercentage":44,"previousHeatAcclimationPercentage":53,"heatTrend":"DEACCLIMATIZING","altitudeAcclimationLocalTimestamp":"2023-07-24T07:39:12.0"},{"userProfilePK":76018113,"deviceId":3401978503,"calendarDate":"2023-07-25","timestamp":"2023-07-24T22:05:45.0","altitudeAcclimationTimestamp":"2023-07-24T22:05:45.0","previousAltitudeAcclimationTimestamp":"2023-07-24T22:05:45.0","heatAcclimationTimestamp":"2023-07-24T22:05:45.0","previousHeatAcclimationTimestamp":"2023-07-24T05:39:12.0","altitudeAcclimation":0,"previousAltitudeAcclimation":0,"heatAcclimationPercentage":36,"previousHeatAcclimationPercentage":44,"heatTrend":"DEACCLIMATIZING","altitudeAcclimationLocalTimestamp":"2023-07-25T00:05:45.0"},{"userProfilePK":76018113,"deviceId":3401978503,"calendarDate":"2023-07-25","timestamp":"2023-07-25T20:26:48.0","altitudeAcclimationTimestamp":"2023-07-25T20:26:48.0","previousAltitudeAcclimationTimestamp":"2023-07-25T20:26:48.0","heatAcclimationTimestamp":"2023-07-25T20:26:48.0","previousHeatAcclimationTimestamp":"2023-07-24T05:39:12.0","altitudeAcclimation":0,"previousAltitudeAcclimation":0,"heatAcclimationPercentage":54,"previousHeatAcclimationPercentage":44,"heatTrend":"ACCLIMATIZING","altitudeAcclimationLocalTimestamp":"2023-07-25T22:26:48.0"},{"userProfilePK":76018113,"deviceId":3401978503,"calendarDate":"2023-07-26","timestamp":"2023-07-25T22:05:50.0","altitudeAcclimationTimestamp":"2023-07-25T22:05:50.0","previousAltitudeAcclimationTimestamp":"2023-07-25T22:05:50.0","heatAcclimationTimestamp":"2023-07-25T22:05:50.0","previousHeatAcclimationTimestamp":"2023-07-25T20:26:48.0","altitudeAcclimation":0,"previousAltitudeAcclimation":0,"heatAcclimationPercentage":54,"previousHeatAcclimationPercentage":54,"heatTrend":"ACCLIMATIZED","altitudeAcclimationLocalTimestamp":"2023-07-26T00:05:50.0"},{"userProfilePK":76018113,"deviceId":3401978503,"calendarDate":"2023-07-27","timestamp":"2023-07-26T22:05:53.0","altitudeAcclimationTimestamp":"2023-07-26T22:05:53.0","previousAltitudeAcclimationTimestamp":"2023-07-26T22:05:53.0","heatAcclimationTimestamp":"2023-07-26T22:05:53.0","previousHeatAcclimationTimestamp":"2023-07-25T22:05:50.0","altitudeAcclimation":0,"previousAltitudeAcclimation":0,"heatAcclimationPercentage":45,"previousHeatAcclimationPercentage":54,"heatTrend":"DEACCLIMATIZING","altitudeAcclimationLocalTimestamp":"2023-07-27T00:05:53.0"},{"userProfilePK":76018113,"deviceId":3401978503,"calendarDate":"2023-07-27","timestamp":"2023-07-27T06:05:16.0","altitudeAcclimationTimestamp":"2023-07-27T06:05:16.0","previousAltitudeAcclimationTimestamp":"2023-07-27T06:05:16.0","heatAcclimationTimestamp":"2023-07-27T06:05:16.0","previousHeatAcclimationTimestamp":"2023-07-25T22:05:50.0","altitudeAcclimation":0,"previousAltitudeAcclimation":0,"heatAcclimationPercentage":45,"previousHeatAcclimationPercentage":54,"heatTrend":"DEACCLIMATIZING","altitudeAcclimationLocalTimestamp":"2023-07-27T08:05:16.0"},{"userProfilePK":76018113,"deviceId":3401978503,"calendarDate":"2023-07-28","timestamp":"2023-07-27T22:05:56.0","altitudeAcclimationTimestamp":"2023-07-27T22:05:56.0","previousAltitudeAcclimationTimestamp":"2023-07-27T22:05:56.0","heatAcclimationTimestamp":"2023-07-27T22:05:56.0","previousHeatAcclimationTimestamp":"2023-07-27T06:05:16.0","altitudeAcclimation":0,"previousAltitudeAcclimation":0,"heatAcclimationPercentage":40,"previousHeatAcclimationPercentage":45,"heatTrend":"DEACCLIMATIZING","altitudeAcclimationLocalTimestamp":"2023-07-28T00:05:56.0"},{"userProfilePK":76018113,"deviceId":3401978503,"calendarDate":"2023-07-28","timestamp":"2023-07-28T17:46:10.0","altitudeAcclimationTimestamp":"2023-07-28T17:46:10.0","previousAltitudeAcclimationTimestamp":"2023-07-28T17:46:10.0","heatAcclimationTimestamp":"2023-07-28T17:46:10.0","previousHeatAcclimationTimestamp":"2023-07-27T06:05:16.0","altitudeAcclimation":0,"previousAltitudeAcclimation":0,"heatAcclimationPercentage":65,"previousHeatAcclimationPercentage":45,"heatTrend":"ACCLIMATIZING","altitudeAcclimationLocalTimestamp":"2023-07-28T19:46:10.0"},{"userProfilePK":76018113,"deviceId":3401978503,"calendarDate":"2023-07-29","timestamp":"2023-07-28T22:01:02.0","altitudeAcclimationTimestamp":"2023-07-28T22:01:02.0","previousAltitudeAcclimationTimestamp":"2023-07-28T22:01:02.0","heatAcclimationTimestamp":"2023-07-28T22:01:02.0","previousHeatAcclimationTimestamp":"2023-07-28T17:46:10.0","altitudeAcclimation":0,"previousAltitudeAcclimation":0,"heatAcclimationPercentage":65,"previousHeatAcclimationPercentage":65,"heatTrend":"ACCLIMATIZED","altitudeAcclimationLocalTimestamp":"2023-07-29T00:01:02.0"},{"userProfilePK":76018113,"deviceId":3401978503,"calendarDate":"2023-07-29","timestamp":"2023-07-29T10:49:05.0","altitudeAcclimationTimestamp":"2023-07-29T10:49:05.0","previousAltitudeAcclimationTimestamp":"2023-07-29T10:49:05.0","heatAcclimationTimestamp":"2023-07-29T10:49:05.0","previousHeatAcclimationTimestamp":"2023-07-28T17:46:10.0","altitudeAcclimation":0,"previousAltitudeAcclimation":0,"heatAcclimationPercentage":65,"previousHeatAcclimationPercentage":65,"heatTrend":"ACCLIMATIZED","altitudeAcclimationLocalTimestamp":"2023-07-29T12:49:05.0"},{"userProfilePK":76018113,"deviceId":3401978503,"calendarDate":"2023-07-30","timestamp":"2023-07-29T22:01:06.0","altitudeAcclimationTimestamp":"2023-07-29T22:01:06.0","previousAltitudeAcclimationTimestamp":"2023-07-29T22:01:06.0","heatAcclimationTimestamp":"2023-07-29T22:01:06.0","previousHeatAcclimationTimestamp":"2023-07-29T10:49:05.0","altitudeAcclimation":0,"previousAltitudeAcclimation":0,"heatAcclimationPercentage":58,"previousHeatAcclimationPercentage":65,"heatTrend":"DEACCLIMATIZING","altitudeAcclimationLocalTimestamp":"2023-07-30T00:01:06.0"},{"userProfilePK":76018113,"deviceId":3401978503,"calendarDate":"2023-07-30","timestamp":"2023-07-30T10:15:18.0","altitudeAcclimationTimestamp":"2023-07-30T10:15:18.0","previousAltitudeAcclimationTimestamp":"2023-07-30T10:15:18.0","heatAcclimationTimestamp":"2023-07-30T10:15:18.0","previousHeatAcclimationTimestamp":"2023-07-29T10:49:05.0","altitudeAcclimation":0,"previousAltitudeAcclimation":0,"heatAcclimationPercentage":75,"previousHeatAcclimationPercentage":65,"heatTrend":"ACCLIMATIZING","altitudeAcclimationLocalTimestamp":"2023-07-30T12:15:18.0"},{"userProfilePK":76018113,"deviceId":3401978503,"calendarDate":"2023-07-31","timestamp":"2023-07-30T22:01:12.0","altitudeAcclimationTimestamp":"2023-07-30T22:01:12.0","previousAltitudeAcclimationTimestamp":"2023-07-30T22:01:12.0","heatAcclimationTimestamp":"2023-07-30T22:01:12.0","previousHeatAcclimationTimestamp":"2023-07-30T10:15:18.0","altitudeAcclimation":0,"previousAltitudeAcclimation":0,"heatAcclimationPercentage":75,"previousHeatAcclimationPercentage":75,"heatTrend":"ACCLIMATIZED","altitudeAcclimationLocalTimestamp":"2023-07-31T00:01:12.0"},{"userProfilePK":76018113,"deviceId":3401978503,"calendarDate":"2023-08-01","timestamp":"2023-08-01T16:39:00.0","altitudeAcclimationTimestamp":"2023-08-01T16:39:00.0","previousAltitudeAcclimationTimestamp":"2023-08-01T16:39:00.0","heatAcclimationTimestamp":"2023-08-01T16:39:00.0","previousHeatAcclimationTimestamp":"2023-07-30T22:01:12.0","altitudeAcclimation":0,"previousAltitudeAcclimation":0,"heatAcclimationPercentage":68,"previousHeatAcclimationPercentage":75,"heatTrend":"DEACCLIMATIZING","altitudeAcclimationLocalTimestamp":"2023-08-01T18:39:00.0"},{"userProfilePK":76018113,"deviceId":3401978503,"calendarDate":"2023-08-01","timestamp":"2023-08-01T18:48:18.0","altitudeAcclimationTimestamp":"2023-08-01T18:48:18.0","previousAltitudeAcclimationTimestamp":"2023-08-01T18:48:18.0","heatAcclimationTimestamp":"2023-08-01T18:48:18.0","previousHeatAcclimationTimestamp":"2023-07-30T22:01:12.0","altitudeAcclimation":0,"previousAltitudeAcclimation":0,"heatAcclimationPercentage":93,"previousHeatAcclimationPercentage":75,"heatTrend":"ACCLIMATIZING","altitudeAcclimationLocalTimestamp":"2023-08-01T20:48:18.0"},{"userProfilePK":76018113,"deviceId":3401978503,"calendarDate":"2023-08-02","timestamp":"2023-08-01T22:05:04.0","altitudeAcclimationTimestamp":"2023-08-01T22:05:04.0","previousAltitudeAcclimationTimestamp":"2023-08-01T22:05:04.0","heatAcclimationTimestamp":"2023-08-01T22:05:04.0","previousHeatAcclimationTimestamp":"2023-08-01T18:48:18.0","altitudeAcclimation":0,"previousAltitudeAcclimation":0,"heatAcclimationPercentage":93,"previousHeatAcclimationPercentage":93,"heatTrend":"ACCLIMATIZED","altitudeAcclimationLocalTimestamp":"2023-08-02T00:05:04.0"},{"userProfilePK":76018113,"deviceId":3401978503,"calendarDate":"2023-08-02","timestamp":"2023-08-02T18:40:51.0","altitudeAcclimationTimestamp":"2023-08-02T18:40:51.0","previousAltitudeAcclimationTimestamp":"2023-08-02T18:40:51.0","heatAcclimationTimestamp":"2023-08-02T18:40:51.0","previousHeatAcclimationTimestamp":"2023-08-02T18:40:51.0","altitudeAcclimation":0,"previousAltitudeAcclimation":0,"heatAcclimationPercentage":100,"previousHeatAcclimationPercentage":93,"heatTrend":"ACCLIMATIZING","altitudeAcclimationLocalTimestamp":"2023-08-02T20:40:51.0"},{"userProfilePK":76018113,"deviceId":3401978503,"calendarDate":"2023-08-03","timestamp":"2023-08-02T22:05:08.0","altitudeAcclimationTimestamp":"2023-08-02T22:05:08.0","previousAltitudeAcclimationTimestamp":"2023-08-02T22:05:08.0","heatAcclimationTimestamp":"2023-08-02T22:05:08.0","previousHeatAcclimationTimestamp":"2023-08-02T18:40:51.0","altitudeAcclimation":0,"previousAltitudeAcclimation":0,"heatAcclimationPercentage":100,"previousHeatAcclimationPercentage":100,"heatTrend":"ACCLIMATIZED","altitudeAcclimationLocalTimestamp":"2023-08-03T00:05:08.0"},{"userProfilePK":76018113,"deviceId":3401978503,"calendarDate":"2023-08-03","timestamp":"2023-08-03T08:01:51.0","altitudeAcclimationTimestamp":"2023-08-03T08:01:51.0","previousAltitudeAcclimationTimestamp":"2023-08-03T08:01:51.0","heatAcclimationTimestamp":"2023-08-03T08:01:51.0","previousHeatAcclimationTimestamp":"2023-08-02T18:40:51.0","altitudeAcclimation":0,"previousAltitudeAcclimation":0,"heatAcclimationPercentage":100,"previousHeatAcclimationPercentage":100,"heatTrend":"ACCLIMATIZED","altitudeAcclimationLocalTimestamp":"2023-08-03T10:01:51.0"},{"userProfilePK":76018113,"deviceId":3401978503,"calendarDate":"2023-08-04","timestamp":"2023-08-03T22:05:10.0","altitudeAcclimationTimestamp":"2023-08-03T22:05:10.0","previousAltitudeAcclimationTimestamp":"2023-08-03T22:05:10.0","heatAcclimationTimestamp":"2023-08-03T22:05:10.0","previousHeatAcclimationTimestamp":"2023-08-02T18:40:51.0","altitudeAcclimation":0,"previousAltitudeAcclimation":0,"heatAcclimationPercentage":100,"previousHeatAcclimationPercentage":100,"heatTrend":"ACCLIMATIZED","altitudeAcclimationLocalTimestamp":"2023-08-04T00:05:10.0"},{"userProfilePK":76018113,"deviceId":3401978503,"calendarDate":"2023-08-05","timestamp":"2023-08-04T22:05:13.0","altitudeAcclimationTimestamp":"2023-08-04T22:05:13.0","previousAltitudeAcclimationTimestamp":"2023-08-04T22:05:13.0","heatAcclimationTimestamp":"2023-08-04T22:05:13.0","previousHeatAcclimationTimestamp":"2023-08-02T18:40:51.0","altitudeAcclimation":0,"previousAltitudeAcclimation":0,"heatAcclimationPercentage":100,"previousHeatAcclimationPercentage":100,"heatTrend":"ACCLIMATIZED","altitudeAcclimationLocalTimestamp":"2023-08-05T00:05:13.0"},{"userProfilePK":76018113,"deviceId":3401978503,"calendarDate":"2023-08-05","timestamp":"2023-08-05T12:45:15.0","altitudeAcclimationTimestamp":"2023-08-05T12:45:15.0","previousAltitudeAcclimationTimestamp":"2023-08-05T12:45:15.0","heatAcclimationTimestamp":"2023-08-05T12:45:15.0","previousHeatAcclimationTimestamp":"2023-08-02T18:40:51.0","altitudeAcclimation":0,"previousAltitudeAcclimation":0,"heatAcclimationPercentage":100,"previousHeatAcclimationPercentage":100,"heatTrend":"ACCLIMATIZED","altitudeAcclimationLocalTimestamp":"2023-08-05T07:45:15.0"},{"userProfilePK":76018113,"deviceId":3401978503,"calendarDate":"2023-08-05","timestamp":"2023-08-05T12:57:01.0","altitudeAcclimationTimestamp":"2023-08-05T12:57:01.0","previousAltitudeAcclimationTimestamp":"2023-08-05T12:57:01.0","heatAcclimationTimestamp":"2023-08-05T12:57:01.0","previousHeatAcclimationTimestamp":"2023-08-02T18:40:51.0","altitudeAcclimation":0,"previousAltitudeAcclimation":0,"heatAcclimationPercentage":100,"previousHeatAcclimationPercentage":100,"heatTrend":"ACCLIMATIZED","altitudeAcclimationLocalTimestamp":"2023-08-05T07:57:01.0"},{"userProfilePK":76018113,"deviceId":3401978503,"calendarDate":"2023-08-06","timestamp":"2023-08-06T05:04:13.0","altitudeAcclimationTimestamp":"2023-08-06T05:04:13.0","previousAltitudeAcclimationTimestamp":"2023-08-06T05:04:13.0","heatAcclimationTimestamp":"2023-08-06T05:04:13.0","previousHeatAcclimationTimestamp":"2023-08-02T18:40:51.0","altitudeAcclimation":0,"previousAltitudeAcclimation":0,"heatAcclimationPercentage":100,"previousHeatAcclimationPercentage":100,"heatTrend":"ACCLIMATIZED","altitudeAcclimationLocalTimestamp":"2023-08-06T00:04:13.0"},{"userProfilePK":76018113,"deviceId":3401978503,"calendarDate":"2023-08-07","timestamp":"2023-08-07T12:41:59.0","altitudeAcclimationTimestamp":"2023-08-07T12:41:59.0","previousAltitudeAcclimationTimestamp":"2023-08-07T12:41:59.0","heatAcclimationTimestamp":"2023-08-07T12:41:59.0","previousHeatAcclimationTimestamp":"2023-08-02T18:40:51.0","altitudeAcclimation":0,"previousAltitudeAcclimation":0,"heatAcclimationPercentage":100,"previousHeatAcclimationPercentage":100,"heatTrend":"ACCLIMATIZED","altitudeAcclimationLocalTimestamp":"2023-08-07T07:41:59.0"},{"userProfilePK":76018113,"deviceId":3401978503,"calendarDate":"2023-08-07","timestamp":"2023-08-07T14:06:17.0","altitudeAcclimationTimestamp":"2023-08-07T14:06:17.0","previousAltitudeAcclimationTimestamp":"2023-08-07T14:06:17.0","heatAcclimationTimestamp":"2023-08-07T14:06:17.0","previousHeatAcclimationTimestamp":"2023-08-02T18:40:51.0","altitudeAcclimation":0,"previousAltitudeAcclimation":0,"heatAcclimationPercentage":100,"previousHeatAcclimationPercentage":100,"heatTrend":"ACCLIMATIZED","altitudeAcclimationLocalTimestamp":"2023-08-07T09:06:17.0"},{"userProfilePK":76018113,"deviceId":3401978503,"calendarDate":"2023-08-08","timestamp":"2023-08-08T05:04:17.0","altitudeAcclimationTimestamp":"2023-08-08T05:04:17.0","previousAltitudeAcclimationTimestamp":"2023-08-08T05:04:17.0","heatAcclimationTimestamp":"2023-08-08T05:04:17.0","previousHeatAcclimationTimestamp":"2023-08-02T18:40:51.0","altitudeAcclimation":0,"previousAltitudeAcclimation":0,"heatAcclimationPercentage":100,"previousHeatAcclimationPercentage":100,"heatTrend":"ACCLIMATIZED","altitudeAcclimationLocalTimestamp":"2023-08-08T00:04:17.0"},{"userProfilePK":76018113,"deviceId":3401978503,"calendarDate":"2023-08-09","timestamp":"2023-08-09T05:04:21.0","altitudeAcclimationTimestamp":"2023-08-09T05:04:21.0","previousAltitudeAcclimationTimestamp":"2023-08-09T05:04:21.0","heatAcclimationTimestamp":"2023-08-09T05:04:21.0","previousHeatAcclimationTimestamp":"2023-08-02T18:40:51.0","altitudeAcclimation":0,"previousAltitudeAcclimation":0,"heatAcclimationPercentage":100,"previousHeatAcclimationPercentage":100,"heatTrend":"ACCLIMATIZED","altitudeAcclimationLocalTimestamp":"2023-08-09T00:04:21.0"},{"userProfilePK":76018113,"deviceId":3401978503,"calendarDate":"2023-08-09","timestamp":"2023-08-09T13:26:30.0","altitudeAcclimationTimestamp":"2023-08-09T13:26:30.0","previousAltitudeAcclimationTimestamp":"2023-08-09T13:26:30.0","heatAcclimationTimestamp":"2023-08-09T13:26:30.0","previousHeatAcclimationTimestamp":"2023-08-02T18:40:51.0","altitudeAcclimation":0,"previousAltitudeAcclimation":0,"heatAcclimationPercentage":100,"previousHeatAcclimationPercentage":100,"heatTrend":"ACCLIMATIZED","altitudeAcclimationLocalTimestamp":"2023-08-09T08:26:30.0"},{"userProfilePK":76018113,"deviceId":3401978503,"calendarDate":"2023-08-10","timestamp":"2023-08-10T05:04:25.0","altitudeAcclimationTimestamp":"2023-08-10T05:04:25.0","previousAltitudeAcclimationTimestamp":"2023-08-10T05:04:25.0","heatAcclimationTimestamp":"2023-08-10T05:04:25.0","previousHeatAcclimationTimestamp":"2023-08-02T18:40:51.0","altitudeAcclimation":0,"previousAltitudeAcclimation":0,"heatAcclimationPercentage":100,"previousHeatAcclimationPercentage":100,"heatTrend":"ACCLIMATIZED","altitudeAcclimationLocalTimestamp":"2023-08-10T00:04:25.0"},{"userProfilePK":76018113,"deviceId":3401978503,"calendarDate":"2023-08-11","timestamp":"2023-08-11T05:04:28.0","altitudeAcclimationTimestamp":"2023-08-11T05:04:28.0","previousAltitudeAcclimationTimestamp":"2023-08-11T05:04:28.0","heatAcclimationTimestamp":"2023-08-11T05:04:28.0","previousHeatAcclimationTimestamp":"2023-08-02T18:40:51.0","altitudeAcclimation":0,"previousAltitudeAcclimation":0,"heatAcclimationPercentage":100,"previousHeatAcclimationPercentage":100,"heatTrend":"ACCLIMATIZED","altitudeAcclimationLocalTimestamp":"2023-08-11T00:04:28.0"},{"userProfilePK":76018113,"deviceId":3401978503,"calendarDate":"2023-08-11","timestamp":"2023-08-11T13:17:57.0","altitudeAcclimationTimestamp":"2023-08-11T13:17:57.0","previousAltitudeAcclimationTimestamp":"2023-08-11T13:17:57.0","heatAcclimationTimestamp":"2023-08-11T13:17:57.0","previousHeatAcclimationTimestamp":"2023-08-02T18:40:51.0","altitudeAcclimation":0,"previousAltitudeAcclimation":0,"heatAcclimationPercentage":100,"previousHeatAcclimationPercentage":100,"heatTrend":"ACCLIMATIZED","altitudeAcclimationLocalTimestamp":"2023-08-11T08:17:57.0"},{"userProfilePK":76018113,"deviceId":3401978503,"calendarDate":"2023-08-12","timestamp":"2023-08-12T05:04:32.0","altitudeAcclimationTimestamp":"2023-08-12T05:04:32.0","previousAltitudeAcclimationTimestamp":"2023-08-12T05:04:32.0","heatAcclimationTimestamp":"2023-08-12T05:04:32.0","previousHeatAcclimationTimestamp":"2023-08-02T18:40:51.0","altitudeAcclimation":0,"previousAltitudeAcclimation":0,"heatAcclimationPercentage":100,"previousHeatAcclimationPercentage":100,"heatTrend":"ACCLIMATIZED","altitudeAcclimationLocalTimestamp":"2023-08-12T00:04:32.0"},{"userProfilePK":76018113,"deviceId":3401978503,"calendarDate":"2023-08-13","timestamp":"2023-08-13T05:04:36.0","altitudeAcclimationTimestamp":"2023-08-13T05:04:36.0","previousAltitudeAcclimationTimestamp":"2023-08-13T05:04:36.0","heatAcclimationTimestamp":"2023-08-13T05:04:36.0","previousHeatAcclimationTimestamp":"2023-08-02T18:40:51.0","altitudeAcclimation":950,"previousAltitudeAcclimation":0,"heatAcclimationPercentage":100,"previousHeatAcclimationPercentage":100,"heatTrend":"ACCLIMATIZED","altitudeAcclimationLocalTimestamp":"2023-08-13T00:04:36.0"},{"userProfilePK":76018113,"deviceId":3401978503,"calendarDate":"2023-08-14","timestamp":"2023-08-13T22:04:39.0","altitudeAcclimationTimestamp":"2023-08-13T22:04:39.0","previousAltitudeAcclimationTimestamp":"2023-08-13T05:04:36.0","heatAcclimationTimestamp":"2023-08-13T22:04:39.0","previousHeatAcclimationTimestamp":"2023-08-02T18:40:51.0","altitudeAcclimation":950,"previousAltitudeAcclimation":950,"heatAcclimationPercentage":100,"previousHeatAcclimationPercentage":100,"heatTrend":"ACCLIMATIZED","altitudeTrend":"ACCLIMATIZED","altitudeAcclimationLocalTimestamp":"2023-08-14T00:04:39.0"},{"userProfilePK":76018113,"deviceId":3401978503,"calendarDate":"2023-08-14","timestamp":"2023-08-14T10:46:10.0","altitudeAcclimationTimestamp":"2023-08-14T10:46:10.0","previousAltitudeAcclimationTimestamp":"2023-08-13T05:04:36.0","heatAcclimationTimestamp":"2023-08-14T10:46:10.0","previousHeatAcclimationTimestamp":"2023-08-02T18:40:51.0","altitudeAcclimation":950,"previousAltitudeAcclimation":950,"heatAcclimationPercentage":100,"previousHeatAcclimationPercentage":100,"heatTrend":"ACCLIMATIZED","altitudeTrend":"ACCLIMATIZED","altitudeAcclimationLocalTimestamp":"2023-08-14T12:46:10.0"},{"userProfilePK":76018113,"deviceId":3401978503,"calendarDate":"2023-08-15","timestamp":"2023-08-14T22:04:41.0","altitudeAcclimationTimestamp":"2023-08-14T22:04:41.0","previousAltitudeAcclimationTimestamp":"2023-08-14T10:46:10.0","heatAcclimationTimestamp":"2023-08-14T22:04:41.0","previousHeatAcclimationTimestamp":"2023-08-02T18:40:51.0","altitudeAcclimation":950,"previousAltitudeAcclimation":950,"heatAcclimationPercentage":100,"previousHeatAcclimationPercentage":100,"heatTrend":"ACCLIMATIZED","altitudeTrend":"ACCLIMATIZED","altitudeAcclimationLocalTimestamp":"2023-08-15T00:04:41.0"},{"userProfilePK":76018113,"deviceId":3401978503,"calendarDate":"2023-08-16","timestamp":"2023-08-16T17:07:08.0","altitudeAcclimationTimestamp":"2023-08-16T17:07:08.0","previousAltitudeAcclimationTimestamp":"2023-08-14T22:04:41.0","heatAcclimationTimestamp":"2023-08-16T17:07:08.0","previousHeatAcclimationTimestamp":"2023-08-14T22:04:41.0","altitudeAcclimation":900,"previousAltitudeAcclimation":950,"heatAcclimationPercentage":96,"previousHeatAcclimationPercentage":100,"heatTrend":"DEACCLIMATIZING","altitudeTrend":"DEACCLIMATIZING","altitudeAcclimationLocalTimestamp":"2023-08-16T19:07:08.0"},{"userProfilePK":76018113,"deviceId":3401978503,"calendarDate":"2023-08-16","timestamp":"2023-08-16T18:08:49.0","altitudeAcclimationTimestamp":"2023-08-16T18:08:49.0","previousAltitudeAcclimationTimestamp":"2023-08-14T22:04:41.0","heatAcclimationTimestamp":"2023-08-16T18:08:49.0","previousHeatAcclimationTimestamp":"2023-08-14T22:04:41.0","altitudeAcclimation":900,"previousAltitudeAcclimation":950,"heatAcclimationPercentage":96,"previousHeatAcclimationPercentage":100,"heatTrend":"DEACCLIMATIZING","altitudeTrend":"DEACCLIMATIZING","altitudeAcclimationLocalTimestamp":"2023-08-16T20:08:49.0"},{"userProfilePK":76018113,"deviceId":3401978503,"calendarDate":"2023-08-17","timestamp":"2023-08-16T22:03:13.0","altitudeAcclimationTimestamp":"2023-08-16T22:03:13.0","previousAltitudeAcclimationTimestamp":"2023-08-16T18:08:49.0","heatAcclimationTimestamp":"2023-08-16T22:03:13.0","previousHeatAcclimationTimestamp":"2023-08-16T18:08:49.0","altitudeAcclimation":900,"previousAltitudeAcclimation":900,"heatAcclimationPercentage":79,"previousHeatAcclimationPercentage":96,"heatTrend":"DEACCLIMATIZING","altitudeTrend":"ACCLIMATIZED","altitudeAcclimationLocalTimestamp":"2023-08-17T00:03:13.0"},{"userProfilePK":76018113,"deviceId":3401978503,"calendarDate":"2023-08-18","timestamp":"2023-08-17T22:03:16.0","altitudeAcclimationTimestamp":"2023-08-17T22:03:16.0","previousAltitudeAcclimationTimestamp":"2023-08-16T22:03:13.0","heatAcclimationTimestamp":"2023-08-17T22:03:16.0","previousHeatAcclimationTimestamp":"2023-08-16T22:03:13.0","altitudeAcclimation":850,"previousAltitudeAcclimation":900,"heatAcclimationPercentage":63,"previousHeatAcclimationPercentage":79,"heatTrend":"DEACCLIMATIZING","altitudeTrend":"DEACCLIMATIZING","altitudeAcclimationLocalTimestamp":"2023-08-18T00:03:16.0"},{"userProfilePK":76018113,"deviceId":3401978503,"calendarDate":"2023-08-18","timestamp":"2023-08-18T16:45:29.0","altitudeAcclimationTimestamp":"2023-08-18T16:45:29.0","previousAltitudeAcclimationTimestamp":"2023-08-16T22:03:13.0","heatAcclimationTimestamp":"2023-08-18T16:45:29.0","previousHeatAcclimationTimestamp":"2023-08-16T22:03:13.0","altitudeAcclimation":850,"previousAltitudeAcclimation":900,"heatAcclimationPercentage":63,"previousHeatAcclimationPercentage":79,"heatTrend":"DEACCLIMATIZING","altitudeTrend":"DEACCLIMATIZING","altitudeAcclimationLocalTimestamp":"2023-08-18T18:45:29.0"},{"userProfilePK":76018113,"deviceId":3401978503,"calendarDate":"2023-08-19","timestamp":"2023-08-18T22:03:24.0","altitudeAcclimationTimestamp":"2023-08-18T22:03:24.0","previousAltitudeAcclimationTimestamp":"2023-08-18T16:45:29.0","heatAcclimationTimestamp":"2023-08-18T22:03:24.0","previousHeatAcclimationTimestamp":"2023-08-18T16:45:29.0","altitudeAcclimation":850,"previousAltitudeAcclimation":850,"heatAcclimationPercentage":48,"previousHeatAcclimationPercentage":63,"heatTrend":"DEACCLIMATIZING","altitudeTrend":"ACCLIMATIZED","altitudeAcclimationLocalTimestamp":"2023-08-19T00:03:24.0"},{"userProfilePK":76018113,"deviceId":3401978503,"calendarDate":"2023-08-20","timestamp":"2023-08-19T22:03:27.0","altitudeAcclimationTimestamp":"2023-08-19T22:03:27.0","previousAltitudeAcclimationTimestamp":"2023-08-18T22:03:24.0","heatAcclimationTimestamp":"2023-08-19T22:03:27.0","previousHeatAcclimationTimestamp":"2023-08-18T22:03:24.0","altitudeAcclimation":850,"previousAltitudeAcclimation":850,"heatAcclimationPercentage":35,"previousHeatAcclimationPercentage":48,"heatTrend":"DEACCLIMATIZING","altitudeTrend":"ACCLIMATIZED","altitudeAcclimationLocalTimestamp":"2023-08-20T00:03:27.0"},{"userProfilePK":76018113,"deviceId":3401978503,"calendarDate":"2023-08-21","timestamp":"2023-08-20T22:03:31.0","altitudeAcclimationTimestamp":"2023-08-20T22:03:31.0","previousAltitudeAcclimationTimestamp":"2023-08-19T22:03:27.0","heatAcclimationTimestamp":"2023-08-20T22:03:31.0","previousHeatAcclimationTimestamp":"2023-08-19T22:03:27.0","altitudeAcclimation":850,"previousAltitudeAcclimation":850,"heatAcclimationPercentage":24,"previousHeatAcclimationPercentage":35,"heatTrend":"DEACCLIMATIZING","altitudeTrend":"ACCLIMATIZED","altitudeAcclimationLocalTimestamp":"2023-08-21T00:03:31.0"},{"userProfilePK":76018113,"deviceId":3401978503,"calendarDate":"2023-08-21","timestamp":"2023-08-21T16:48:14.0","altitudeAcclimationTimestamp":"2023-08-21T16:48:14.0","previousAltitudeAcclimationTimestamp":"2023-08-19T22:03:27.0","heatAcclimationTimestamp":"2023-08-21T16:48:14.0","previousHeatAcclimationTimestamp":"2023-08-19T22:03:27.0","altitudeAcclimation":850,"previousAltitudeAcclimation":850,"heatAcclimationPercentage":24,"previousHeatAcclimationPercentage":35,"heatTrend":"DEACCLIMATIZING","altitudeTrend":"ACCLIMATIZED","altitudeAcclimationLocalTimestamp":"2023-08-21T18:48:14.0"},{"userProfilePK":76018113,"deviceId":3401978503,"calendarDate":"2023-08-22","timestamp":"2023-08-21T22:03:36.0","altitudeAcclimationTimestamp":"2023-08-21T22:03:36.0","previousAltitudeAcclimationTimestamp":"2023-08-21T22:03:36.0","heatAcclimationTimestamp":"2023-08-21T22:03:36.0","previousHeatAcclimationTimestamp":"2023-08-21T16:48:14.0","altitudeAcclimation":0,"previousAltitudeAcclimation":0,"heatAcclimationPercentage":16,"previousHeatAcclimationPercentage":24,"heatTrend":"DEACCLIMATIZING","altitudeAcclimationLocalTimestamp":"2023-08-22T00:03:36.0"},{"userProfilePK":76018113,"deviceId":3401978503,"calendarDate":"2023-08-23","timestamp":"2023-08-22T22:03:37.0","altitudeAcclimationTimestamp":"2023-08-22T22:03:37.0","previousAltitudeAcclimationTimestamp":"2023-08-22T22:03:37.0","heatAcclimationTimestamp":"2023-08-22T22:03:37.0","previousHeatAcclimationTimestamp":"2023-08-21T22:03:36.0","altitudeAcclimation":0,"previousAltitudeAcclimation":0,"heatAcclimationPercentage":10,"previousHeatAcclimationPercentage":16,"heatTrend":"DEACCLIMATIZING","altitudeAcclimationLocalTimestamp":"2023-08-23T00:03:37.0"},{"userProfilePK":76018113,"deviceId":3401978503,"calendarDate":"2023-08-24","timestamp":"2023-08-23T22:03:39.0","altitudeAcclimationTimestamp":"2023-08-23T22:03:39.0","previousAltitudeAcclimationTimestamp":"2023-08-23T22:03:39.0","heatAcclimationTimestamp":"2023-08-23T22:03:39.0","previousHeatAcclimationTimestamp":"2023-08-22T22:03:37.0","altitudeAcclimation":0,"previousAltitudeAcclimation":0,"heatAcclimationPercentage":5,"previousHeatAcclimationPercentage":10,"heatTrend":"DEACCLIMATIZING","altitudeAcclimationLocalTimestamp":"2023-08-24T00:03:39.0"},{"userProfilePK":76018113,"deviceId":3401978503,"calendarDate":"2023-08-24","timestamp":"2023-08-24T08:52:35.0","altitudeAcclimationTimestamp":"2023-08-24T08:52:35.0","previousAltitudeAcclimationTimestamp":"2023-08-24T08:52:35.0","heatAcclimationTimestamp":"2023-08-24T08:52:35.0","previousHeatAcclimationTimestamp":"2023-08-22T22:03:37.0","altitudeAcclimation":0,"previousAltitudeAcclimation":0,"heatAcclimationPercentage":5,"previousHeatAcclimationPercentage":10,"heatTrend":"DEACCLIMATIZING","altitudeAcclimationLocalTimestamp":"2023-08-24T10:52:35.0"}]