[{"userProfilePK":76018113,"deviceId":3401978503,"calendarDate":"2023-12-03","timestamp":"2023-12-03T07:09:17.0","altitudeAcclimationTimestamp":"2023-12-03T07:09:17.0","previousAltitudeAcclimationTimestamp":"2023-12-03T07:09:17.0","heatAcclimationTimestamp":"2023-12-03T07:09:17.0","previousHeatAcclimationTimestamp":"2023-12-03T07:09:17.0","altitudeAcclimation":0,"previousAltitudeAcclimation":0,"heatAcclimationPercentage":0,"previousHeatAcclimationPercentage":0,"altitudeAcclimationLocalTimestamp":"2023-12-03T08:09:17.0"},{"userProfilePK":76018113,"deviceId":3401978503,"calendarDate":"2023-12-03","timestamp":"2023-12-03T08:25:55.0","altitudeAcclimationTimestamp":"2023-12-03T08:25:55.0","previousAltitudeAcclimationTimestamp":"2023-12-03T08:25:55.0","heatAcclimationTimestamp":"2023-12-03T08:25:55.0","previousHeatAcclimationTimestamp":"2023-12-03T08:25:55.0","altitudeAcclimation":0,"previousAltitudeAcclimation":0,"heatAcclimationPercentage":0,"previousHeatAcclimationPercentage":0,"altitudeAcclimationLocalTimestamp":"2023-12-03T09:25:55.0"},{"userProfilePK":76018113,"deviceId":3401978503,"calendarDate":"2023-12-04","timestamp":"2023-12-03T23:05:25.0","altitudeAcclimationTimestamp":"2023-12-03T23:05:25.0","previousAltitudeAcclimationTimestamp":"2023-12-03T23:05:25.0","heatAcclimationTimestamp":"2023-12-03T23:05:25.0","previousHeatAcclimationTimestamp":"2023-12-03T23:05:25.0","altitudeAcclimation":0,"previousAltitudeAcclimation":0,"heatAcclimationPercentage":0,"previousHeatAcclimationPercentage":0,"altitudeAcclimationLocalTimestamp":"2023-12-04T00:05:25.0"},{"userProfilePK":76018113,"deviceId":3401978503,"calendarDate":"2023-12-05","timestamp":"2023-12-04T23:05:25.0","altitudeAcclimationTimestamp":"2023-12-04T23:05:25.0","previousAltitudeAcclimationTimestamp":"2023-12-04T23:05:25.0","heatAcclimationTimestamp":"2023-12-04T23:05:25.0","previousHeatAcclimationTimestamp":"2023-12-04T23:05:25.0","altitudeAcclimation":0,"previousAltitudeAcclimation":0,"heatAcclimationPercentage":0,"previousHeatAcclimationPercentage":0,"altitudeAcclimationLocalTimestamp":"2023-12-05T00:05:25.0"},{"userProfilePK":76018113,"deviceId":3401978503,"calendarDate":"2023-12-06","timestamp":"2023-12-05T23:05:26.0","altitudeAcclimationTimestamp":"2023-12-05T23:05:26.0","previousAltitudeAcclimationTimestamp":"2023-12-05T23:05:26.0","heatAcclimationTimestamp":"2023-12-05T23:05:26.0","previousHeatAcclimationTimestamp":"2023-12-05T23:05:26.0","altitudeAcclimation":0,"previousAltitudeAcclimation":0,"heatAcclimationPercentage":0,"previousHeatAcclimationPercentage":0,"altitudeAcclimationLocalTimestamp":"2023-12-06T00:05:26.0"},{"userProfilePK":76018113,"deviceId":3401978503,"calendarDate":"2023-12-07","timestamp":"2023-12-06T23:05:27.0","altitudeAcclimationTimestamp":"2023-12-06T23:05:27.0","previousAltitudeAcclimationTimestamp":"2023-12-06T23:05:27.0","heatAcclimationTimestamp":"2023-12-06T23:05:27.0","previousHeatAcclimationTimestamp":"2023-12-06T23:05:27.0","altitudeAcclimation":0,"previousAltitudeAcclimation":0,"heatAcclimationPercentage":0,"previousHeatAcclimationPercentage":0,"altitudeAcclimationLocalTimestamp":"2023-12-07T00:05:27.0"},{"userProfilePK":76018113,"deviceId":3401978503,"calendarDate":"2023-12-08","timestamp":"2023-12-07T23:05:28.0","altitudeAcclimationTimestamp":"2023-12-07T23:05:28.0","previousAltitudeAcclimationTimestamp":"2023-12-07T23:05:28.0","heatAcclimationTimestamp":"2023-12-07T23:05:28.0","previousHeatAcclimationTimestamp":"2023-12-07T23:05:28.0","altitudeAcclimation":0,"previousAltitudeAcclimation":0,"heatAcclimationPercentage":0,"previousHeatAcclimationPercentage":0,"altitudeAcclimationLocalTimestamp":"2023-12-08T00:05:28.0"},{"userProfilePK":76018113,"deviceId":3401978503,"calendarDate":"2023-12-09","timestamp":"2023-12-08T23:05:29.0","altitudeAcclimationTimestamp":"2023-12-08T23:05:29.0","previousAltitudeAcclimationTimestamp":"2023-12-08T23:05:29.0","heatAcclimationTimestamp":"2023-12-08T23:05:29.0","previousHeatAcclimationTimestamp":"2023-12-08T23:05:29.0","altitudeAcclimation":0,"previousAltitudeAcclimation":0,"heatAcclimationPercentage":0,"previousHeatAcclimationPercentage":0,"altitudeAcclimationLocalTimestamp":"2023-12-09T00:05:29.0"},{"userProfilePK":76018113,"deviceId":3401978503,"calendarDate":"2023-12-10","timestamp":"2023-12-09T23:05:30.0","altitudeAcclimationTimestamp":"2023-12-09T23:05:30.0","previousAltitudeAcclimationTimestamp":"2023-12-09T23:05:30.0","heatAcclimationTimestamp":"2023-12-09T23:05:30.0","previousHeatAcclimationTimestamp":"2023-12-09T23:05:30.0","altitudeAcclimation":0,"previousAltitudeAcclimation":0,"heatAcclimationPercentage":0,"previousHeatAcclimationPercentage":0,"altitudeAcclimationLocalTimestamp":"2023-12-10T00:05:30.0"},{"userProfilePK":76018113,"deviceId":3401978503,"calendarDate":"2023-12-11","timestamp":"2023-12-10T23:05:31.0","altitudeAcclimationTimestamp":"2023-12-10T23:05:31.0","previousAltitudeAcclimationTimestamp":"2023-12-10T23:05:31.0","heatAcclimationTimestamp":"2023-12-10T23:05:31.0","previousHeatAcclimationTimestamp":"2023-12-10T23:05:31.0","altitudeAcclimation":0,"previousAltitudeAcclimation":0,"heatAcclimationPercentage":0,"previousHeatAcclimationPercentage":0,"altitudeAcclimationLocalTimestamp":"2023-12-11T00:05:31.0"},{"userProfilePK":76018113,"deviceId":3401978503,"calendarDate":"2023-12-12","timestamp":"2023-12-11T23:05:34.0","altitudeAcclimationTimestamp":"2023-12-11T23:05:34.0","previousAltitudeAcclimationTimestamp":"2023-12-11T23:05:34.0","heatAcclimationTimestamp":"2023-12-11T23:05:34.0","previousHeatAcclimationTimestamp":"2023-12-11T23:05:34.0","altitudeAcclimation":0,"previousAltitudeAcclimation":0,"heatAcclimationPercentage":0,"previousHeatAcclimationPercentage":0,"altitudeAcclimationLocalTimestamp":"2023-12-12T00:05:34.0"},{"userProfilePK":76018113,"deviceId":3401978503,"calendarDate":"2023-12-13","timestamp":"2023-12-12T23:05:37.0","altitudeAcclimationTimestamp":"2023-12-12T23:05:37.0","previousAltitudeAcclimationTimestamp":"2023-12-12T23:05:37.0","heatAcclimationTimestamp":"2023-12-12T23:05:37.0","previousHeatAcclimationTimestamp":"2023-12-12T23:05:37.0","altitudeAcclimation":0,"previousAltitudeAcclimation":0,"heatAcclimationPercentage":0,"previousHeatAcclimationPercentage":0,"altitudeAcclimationLocalTimestamp":"2023-12-13T00:05:37.0"},{"userProfilePK":76018113,"deviceId":3401978503,"calendarDate":"2023-12-14","timestamp":"2023-12-13T23:05:40.0","altitudeAcclimationTimestamp":"2023-12-13T23:05:40.0","previousAltitudeAcclimationTimestamp":"2023-12-13T23:05:40.0","heatAcclimationTimestamp":"2023-12-13T23:05:40.0","previousHeatAcclimationTimestamp":"2023-12-13T23:05:40.0","altitudeAcclimation":0,"previousAltitudeAcclimation":0,"heatAcclimationPercentage":0,"previousHeatAcclimationPercentage":0,"altitudeAcclimationLocalTimestamp":"2023-12-14T00:05:40.0"},{"userProfilePK":76018113,"deviceId":3401978503,"calendarDate":"2023-12-15","timestamp":"2023-12-14T23:05:42.0","altitudeAcclimationTimestamp":"2023-12-14T23:05:42.0","previousAltitudeAcclimationTimestamp":"2023-12-14T23:05:42.0","heatAcclimationTimestamp":"2023-12-14T23:05:42.0","previousHeatAcclimationTimestamp":"2023-12-14T23:05:42.0","altitudeAcclimation":0,"previousAltitudeAcclimation":0,"heatAcclimationPercentage":0,"previousHeatAcclimationPercentage":0,"altitudeAcclimationLocalTimestamp":"2023-12-15T00:05:42.0"},{"userProfilePK":76018113,"deviceId":3401978503,"calendarDate":"2023-12-16","timestamp":"2023-12-15T23:05:46.0","altitudeAcclimationTimestamp":"2023-12-15T23:05:46.0","previousAltitudeAcclimationTimestamp":"2023-12-15T23:05:46.0","heatAcclimationTimestamp":"2023-12-15T23:05:46.0","previousHeatAcclimationTimestamp":"2023-12-15T23:05:46.0","altitudeAcclimation":0,"previousAltitudeAcclimation":0,"heatAcclimationPercentage":0,"previousHeatAcclimationPercentage":0,"altitudeAcclimationLocalTimestamp":"2023-12-16T00:05:46.0"},{"userProfilePK":76018113,"deviceId":3401978503,"calendarDate":"2023-12-16","timestamp":"2023-12-16T08:03:16.0","altitudeAcclimationTimestamp":"2023-12-16T08:03:16.0","previousAltitudeAcclimationTimestamp":"2023-12-16T08:03:16.0","heatAcclimationTimestamp":"2023-12-16T08:03:16.0","previousHeatAcclimationTimestamp":"2023-12-16T08:03:16.0","altitudeAcclimation":0,"previousAltitudeAcclimation":0,"heatAcclimationPercentage":0,"previousHeatAcclimationPercentage":0,"altitudeAcclimationLocalTimestamp":"2023-12-16T09:03:16.0"},{"userProfilePK":76018113,"deviceId":3401978503,"calendarDate":"2023-12-17","timestamp":"2023-12-16T23:05:55.0","altitudeAcclimationTimestamp":"2023-12-16T23:05:55.0","previousAltitudeAcclimationTimestamp":"2023-12-16T23:05:55.0","heatAcclimationTimestamp":"2023-12-16T23:05:55.0","previousHeatAcclimationTimestamp":"2023-12-16T23:05:55.0","altitudeAcclimation":0,"previousAltitudeAcclimation":0,"heatAcclimationPercentage":0,"previousHeatAcclimationPercentage":0,"altitudeAcclimationLocalTimestamp":"2023-12-17T00:05:55.0"},{"userProfilePK":76018113,"deviceId":3401978503,"calendarDate":"2023-12-17","timestamp":"2023-12-17T09:09:53.0","altitudeAcclimationTimestamp":"2023-12-17T09:09:53.0","previousAltitudeAcclimationTimestamp":"2023-12-17T09:09:53.0","heatAcclimationTimestamp":"2023-12-17T09:09:53.0","previousHeatAcclimationTimestamp":"2023-12-17T09:09:53.0","altitudeAcclimation":0,"previousAltitudeAcclimation":0,"heatAcclimationPercentage":0,"previousHeatAcclimationPercentage":0,"altitudeAcclimationLocalTimestamp":"2023-12-17T10:09:53.0"},{"userProfilePK":76018113,"deviceId":3401978503,"calendarDate":"2023-12-18","timestamp":"2023-12-17T23:05:57.0","altitudeAcclimationTimestamp":"2023-12-17T23:05:57.0","previousAltitudeAcclimationTimestamp":"2023-12-17T23:05:57.0","heatAcclimationTimestamp":"2023-12-17T23:05:57.0","previousHeatAcclimationTimestamp":"2023-12-17T23:05:57.0","altitudeAcclimation":0,"previousAltitudeAcclimation":0,"heatAcclimationPercentage":0,"previousHeatAcclimationPercentage":0,"altitudeAcclimationLocalTimestamp":"2023-12-18T00:05:57.0"},{"userProfilePK":76018113,"deviceId":3401978503,"calendarDate":"2023-12-19","timestamp":"2023-12-18T23:05:59.0","altitudeAcclimationTimestamp":"2023-12-18T23:05:59.0","previousAltitudeAcclimationTimestamp":"2023-12-18T23:05:59.0","heatAcclimationTimestamp":"2023-12-18T23:05:59.0","previousHeatAcclimationTimestamp":"2023-12-18T23:05:59.0","altitudeAcclimation":0,"previousAltitudeAcclimation":0,"heatAcclimationPercentage":0,"previousHeatAcclimationPercentage":0,"altitudeAcclimationLocalTimestamp":"2023-12-19T00:05:59.0"},{"userProfilePK":76018113,"deviceId":3401978503,"calendarDate":"2023-12-19","timestamp":"2023-12-19T05:59:19.0","altitudeAcclimationTimestamp":"2023-12-19T05:59:19.0","previousAltitudeAcclimationTimestamp":"2023-12-19T05:59:19.0","heatAcclimationTimestamp":"2023-12-19T05:59:19.0","previousHeatAcclimationTimestamp":"2023-12-19T05:59:19.0","altitudeAcclimation":0,"previousAltitudeAcclimation":0,"heatAcclimationPercentage":0,"previousHeatAcclimationPercentage":0,"altitudeAcclimationLocalTimestamp":"2023-12-19T06:59:19.0"},{"userProfilePK":76018113,"deviceId":3401978503,"calendarDate":"2023-12-20","timestamp":"2023-12-19T23:01:05.0","altitudeAcclimationTimestamp":"2023-12-19T23:01:05.0","previousAltitudeAcclimationTimestamp":"2023-12-19T23:01:05.0","heatAcclimationTimestamp":"2023-12-19T23:01:05.0","previousHeatAcclimationTimestamp":"2023-12-19T23:01:05.0","altitudeAcclimation":0,"previousAltitudeAcclimation":0,"heatAcclimationPercentage":0,"previousHeatAcclimationPercentage":0,"altitudeAcclimationLocalTimestamp":"2023-12-20T00:01:05.0"},{"userProfilePK":76018113,"deviceId":3401978503,"calendarDate":"2023-12-21","timestamp":"2023-12-20T23:01:09.0","altitudeAcclimationTimestamp":"2023-12-20T23:01:09.0","previousAltitudeAcclimationTimestamp":"2023-12-20T23:01:09.0","heatAcclimationTimestamp":"2023-12-20T23:01:09.0","previousHeatAcclimationTimestamp":"2023-12-20T23:01:09.0","altitudeAcclimation":0,"previousAltitudeAcclimation":0,"heatAcclimationPercentage":0,"previousHeatAcclimationPercentage":0,"altitudeAcclimationLocalTimestamp":"2023-12-21T00:01:09.0"},{"userProfilePK":76018113,"deviceId":3401978503,"calendarDate":"2023-12-22","timestamp":"2023-12-21T23:01:12.0","altitudeAcclimationTimestamp":"2023-12-21T23:01:12.0","previousAltitudeAcclimationTimestamp":"2023-12-21T23:01:12.0","heatAcclimationTimestamp":"2023-12-21T23:01:12.0","previousHeatAcclimationTimestamp":"2023-12-21T23:01:12.0","altitudeAcclimation":0,"previousAltitudeAcclimation":0,"heatAcclimationPercentage":0,"previousHeatAcclimationPercentage":0,"altitudeAcclimationLocalTimestamp":"2023-12-22T00:01:12.0"},{"userProfilePK":76018113,"deviceId":3401978503,"calendarDate":"2023-12-22","timestamp":"2023-12-22T15:29:14.0","altitudeAcclimationTimestamp":"2023-12-22T15:29:14.0","previousAltitudeAcclimationTimestamp":"2023-12-22T15:29:14.0","heatAcclimationTimestamp":"2023-12-22T15:29:14.0","previousHeatAcclimationTimestamp":"2023-12-22T15:29:14.0","altitudeAcclimation":0,"previousAltitudeAcclimation":0,"heatAcclimationPercentage":15,"previousHeatAcclimationPercentage":0,"altitudeAcclimationLocalTimestamp":"2023-12-22T10:29:14.0"},{"userProfilePK":76018113,"deviceId":3401978503,"calendarDate":"2023-12-23","timestamp":"2023-12-23T05:01:18.0","altitudeAcclimationTimestamp":"2023-12-23T05:01:18.0","previousAltitudeAcclimationTimestamp":"2023-12-23T05:01:18.0","heatAcclimationTimestamp":"2023-12-23T05:01:18.0","previousHeatAcclimationTimestamp":"2023-12-22T15:29:14.0","altitudeAcclimation":0,"previousAltitudeAcclimation":0,"heatAcclimationPercentage":15,"previousHeatAcclimationPercentage":15,"heatTrend":"ACCLIMATIZED","altitudeAcclimationLocalTimestamp":"2023-12-23T00:01:18.0"},{"userProfilePK":76018113,"deviceId":3401978503,"calendarDate":"2023-12-24","timestamp":"2023-12-24T05:01:20.0","altitudeAcclimationTimestamp":"2023-12-24T05:01:20.0","previousAltitudeAcclimationTimestamp":"2023-12-24T05:01:20.0","heatAcclimationTimestamp":"2023-12-24T05:01:20.0","previousHeatAcclimationTimestamp":"2023-12-23T05:01:18.0","altitudeAcclimation":0,"previousAltitudeAcclimation":0,"heatAcclimationPercentage":15,"previousHeatAcclimationPercentage":15,"heatTrend":"ACCLIMATIZED","altitudeAcclimationLocalTimestamp":"2023-12-24T00:01:20.0"},{"userProfilePK":76018113,"deviceId":3401978503,"calendarDate":"2023-12-24","timestamp":"2023-12-24T16:33:21.0","altitudeAcclimationTimestamp":"2023-12-24T16:33:21.0","previousAltitudeAcclimationTimestamp":"2023-12-24T16:33:21.0","heatAcclimationTimestamp":"2023-12-24T16:33:21.0","previousHeatAcclimationTimestamp":"2023-12-23T05:01:18.0","altitudeAcclimation":0,"previousAltitudeAcclimation":0,"heatAcclimationPercentage":34,"previousHeatAcclimationPercentage":15,"heatTrend":"ACCLIMATIZING","altitudeAcclimationLocalTimestamp":"2023-12-24T11:33:21.0"},{"userProfilePK":76018113,"deviceId":3401978503,"calendarDate":"2023-12-25","timestamp":"2023-12-25T05:01:24.0","altitudeAcclimationTimestamp":"2023-12-25T05:01:24.0","previousAltitudeAcclimationTimestamp":"2023-12-25T05:01:24.0","heatAcclimationTimestamp":"2023-12-25T05:01:24.0","previousHeatAcclimationTimestamp":"2023-12-24T16:33:21.0","altitudeAcclimation":0,"previousAltitudeAcclimation":0,"heatAcclimationPercentage":34,"previousHeatAcclimationPercentage":34,"heatTrend":"ACCLIMATIZED","altitudeAcclimationLocalTimestamp":"2023-12-25T00:01:24.0"},{"userProfilePK":76018113,"deviceId":3401978503,"calendarDate":"2023-12-25","timestamp":"2023-12-25T23:27:24.0","altitudeAcclimationTimestamp":"2023-12-25T23:27:24.0","previousAltitudeAcclimationTimestamp":"2023-12-25T23:27:24.0","heatAcclimationTimestamp":"2023-12-25T23:27:24.0","previousHeatAcclimationTimestamp":"2023-12-24T16:33:21.0","altitudeAcclimation":0,"previousAltitudeAcclimation":0,"heatAcclimationPercentage":46,"previousHeatAcclimationPercentage":34,"heatTrend":"ACCLIMATIZING","altitudeAcclimationLocalTimestamp":"2023-12-25T18:27:24.0"},{"userProfilePK":76018113,"deviceId":3401978503,"calendarDate":"2023-12-26","timestamp":"2023-12-26T05:01:28.0","altitudeAcclimationTimestamp":"2023-12-26T05:01:28.0","previousAltitudeAcclimationTimestamp":"2023-12-26T05:01:28.0","heatAcclimationTimestamp":"2023-12-26T05:01:28.0","previousHeatAcclimationTimestamp":"2023-12-25T23:27:24.0","altitudeAcclimation":0,"previousAltitudeAcclimation":0,"heatAcclimationPercentage":46,"previousHeatAcclimationPercentage":46,"heatTrend":"ACCLIMATIZED","altitudeAcclimationLocalTimestamp":"2023-12-26T00:01:28.0"},{"userProfilePK":76018113,"deviceId":3401978503,"calendarDate":"2023-12-27","timestamp":"2023-12-27T05:01:31.0","altitudeAcclimationTimestamp":"2023-12-27T05:01:31.0","previousAltitudeAcclimationTimestamp":"2023-12-27T05:01:31.0","heatAcclimationTimestamp":"2023-12-27T05:01:31.0","previousHeatAcclimationTimestamp":"2023-12-26T05:01:28.0","altitudeAcclimation":0,"previousAltitudeAcclimation":0,"heatAcclimationPercentage":46,"previousHeatAcclimationPercentage":46,"heatTrend":"ACCLIMATIZED","altitudeAcclimationLocalTimestamp":"2023-12-27T00:01:31.0"},{"userProfilePK":76018113,"deviceId":3401978503,"calendarDate":"2023-12-28","timestamp":"2023-12-28T05:01:34.0","altitudeAcclimationTimestamp":"2023-12-28T05:01:34.0","previousAltitudeAcclimationTimestamp":"2023-12-28T05:01:34.0","heatAcclimationTimestamp":"2023-12-28T05:01:34.0","previousHeatAcclimationTimestamp":"2023-12-27T05:01:31.0","altitudeAcclimation":0,"previousAltitudeAcclimation":0,"heatAcclimationPercentage":46,"previousHeatAcclimationPercentage":46,"heatTrend":"ACCLIMATIZED","altitudeAcclimationLocalTimestamp":"2023-12-28T00:01:34.0"},{"userProfilePK":76018113,"deviceId":3401978503,"calendarDate":"2023-12-29","timestamp":"2023-12-29T05:01:37.0","altitudeAcclimationTimestamp":"2023-12-29T05:01:37.0","previousAltitudeAcclimationTimestamp":"2023-12-29T05:01:37.0","heatAcclimationTimestamp":"2023-12-29T05:01:37.0","previousHeatAcclimationTimestamp":"2023-12-28T05:01:34.0","altitudeAcclimation":0,"previousAltitudeAcclimation":0,"heatAcclimationPercentage":43,"previousHeatAcclimationPercentage":46,"heatTrend":"DEACCLIMATIZING","altitudeAcclimationLocalTimestamp":"2023-12-29T00:01:37.0"},{"userProfilePK":76018113,"deviceId":3401978503,"calendarDate":"2023-12-30","timestamp":"2023-12-30T05:01:41.0","altitudeAcclimationTimestamp":"2023-12-30T05:01:41.0","previousAltitudeAcclimationTimestamp":"2023-12-30T05:01:41.0","heatAcclimationTimestamp":"2023-12-30T05:01:41.0","previousHeatAcclimationTimestamp":"2023-12-29T05:01:37.0","altitudeAcclimation":0,"previousAltitudeAcclimation":0,"heatAcclimationPercentage":39,"previousHeatAcclimationPercentage":43,"heatTrend":"DEACCLIMATIZING","altitudeAcclimationLocalTimestamp":"2023-12-30T00:01:41.0"},{"userProfilePK":76018113,"deviceId":3401978503,"calendarDate":"2023-12-31","timestamp":"2023-12-31T05:01:44.0","altitudeAcclimationTimestamp":"2023-12-31T05:01:44.0","previousAltitudeAcclimationTimestamp":"2023-12-31T05:01:44.0","heatAcclimationTimestamp":"2023-12-31T05:01:44.0","previousHeatAcclimationTimestamp":"2023-12-30T05:01:41.0","altitudeAcclimation":0,"previousAltitudeAcclimation":0,"heatAcclimationPercentage":35,"previousHeatAcclimationPercentage":39,"heatTrend":"DEACCLIMATIZING","altitudeAcclimationLocalTimestamp":"2023-12-31T00:01:44.0"},{"userProfilePK":76018113,"deviceId":3401978503,"calendarDate":"2023-12-31","timestamp":"2023-12-31T13:59:23.0","altitudeAcclimationTimestamp":"2023-12-31T13:59:23.0","previousAltitudeAcclimationTimestamp":"2023-12-31T13:59:23.0","heatAcclimationTimestamp":"2023-12-31T13:59:23.0","previousHeatAcclimationTimestamp":"2023-12-30T05:01:41.0","altitudeAcclimation":0,"previousAltitudeAcclimation":0,"heatAcclimationPercentage":35,"previousHeatAcclimationPercentage":39,"heatTrend":"DEACCLIMATIZING","altitudeAcclimationLocalTimestamp":"2023-12-31T08:59:23.0"},{"userProfilePK":76018113,"deviceId":3401978503,"calendarDate":"2024-01-01","timestamp":"2024-01-01T05:01:51.0","altitudeAcclimationTimestamp":"2024-01-01T05:01:51.0","previousAltitudeAcclimationTimestamp":"2024-01-01T05:01:51.0","heatAcclimationTimestamp":"2024-01-01T05:01:51.0","previousHeatAcclimationTimestamp":"2023-12-31T13:59:23.0","altitudeAcclimation":0,"previousAltitudeAcclimation":0,"heatAcclimationPercentage":30,"previousHeatAcclimationPercentage":35,"heatTrend":"DEACCLIMATIZING","altitudeAcclimationLocalTimestamp":"2024-01-01T00:01:51.0"},{"userProfilePK":76018113,"deviceId":3401978503,"calendarDate":"2024-01-01","timestamp":"2024-01-01T16:55:30.0","altitudeAcclimationTimestamp":"2024-01-01T16:55:30.0","previousAltitudeAcclimationTimestamp":"2024-01-01T16:55:30.0","heatAcclimationTimestamp":"2024-01-01T16:55:30.0","previousHeatAcclimationTimestamp":"2023-12-31T13:59:23.0","altitudeAcclimation":0,"previousAltitudeAcclimation":0,"heatAcclimationPercentage":30,"previousHeatAcclimationPercentage":35,"heatTrend":"DEACCLIMATIZING","altitudeAcclimationLocalTimestamp":"2024-01-01T11:55:30.0"},{"userProfilePK":76018113,"deviceId":3401978503,"calendarDate":"2024-01-02","timestamp":"2024-01-02T05:01:56.0","altitudeAcclimationTimestamp":"2024-01-02T05:01:56.0","previousAltitudeAcclimationTimestamp":"2024-01-02T05:01:56.0","heatAcclimationTimestamp":"2024-01-02T05:01:56.0","previousHeatAcclimationTimestamp":"2024-01-01T16:55:30.0","altitudeAcclimation":0,"previousAltitudeAcclimation":0,"heatAcclimationPercentage":25,"previousHeatAcclimationPercentage":30,"heatTrend":"DEACCLIMATIZING","altitudeAcclimationLocalTimestamp":"2024-01-02T00:01:56.0"},{"userProfilePK":76018113,"deviceId":3401978503,"calendarDate":"2024-01-03","timestamp":"2024-01-03T05:01:59.0","altitudeAcclimationTimestamp":"2024-01-03T05:01:59.0","previousAltitudeAcclimationTimestamp":"2024-01-03T05:01:59.0","heatAcclimationTimestamp":"2024-01-03T05:01:59.0","previousHeatAcclimationTimestamp":"2024-01-02T05:01:56.0","altitudeAcclimation":0,"previousAltitudeAcclimation":0,"heatAcclimationPercentage":20,"previousHeatAcclimationPercentage":25,"heatTrend":"DEACCLIMATIZING","altitudeAcclimationLocalTimestamp":"2024-01-03T00:01:59.0"},{"userProfilePK":76018113,"deviceId":3401978503,"calendarDate":"2024-01-03","timestamp":"2024-01-03T15:25:52.0","altitudeAcclimationTimestamp":"2024-01-03T15:25:52.0","previousAltitudeAcclimationTimestamp":"2024-01-03T15:25:52.0","heatAcclimationTimestamp":"2024-01-03T15:25:52.0","previousHeatAcclimationTimestamp":"2024-01-02T05:01:56.0","altitudeAcclimation":0,"previousAltitudeAcclimation":0,"heatAcclimationPercentage":20,"previousHeatAcclimationPercentage":25,"heatTrend":"DEACCLIMATIZING","altitudeAcclimationLocalTimestamp":"2024-01-03T10:25:52.0"},{"userProfilePK":76018113,"deviceId":3401978503,"calendarDate":"2024-01-04","timestamp":"2024-01-04T05:02:02.0","altitudeAcclimationTimestamp":"2024-01-04T05:02:02.0","previousAltitudeAcclimationTimestamp":"2024-01-04T05:02:02.0","heatAcclimationTimestamp":"2024-01-04T05:02:02.0","previousHeatAcclimationTimestamp":"2024-01-03T15:25:52.0","altitudeAcclimation":0,"previousAltitudeAcclimation":0,"heatAcclimationPercentage":15,"previousHeatAcclimationPercentage":20,"heatTrend":"DEACCLIMATIZING","altitudeAcclimationLocalTimestamp":"2024-01-04T00:02:02.0"},{"userProfilePK":76018113,"deviceId":3401978503,"calendarDate":"2024-01-05","timestamp":"2024-01-05T05:02:04.0","altitudeAcclimationTimestamp":"2024-01-05T05:02:04.0","previousAltitudeAcclimationTimestamp":"2024-01-05T05:02:04.0","heatAcclimationTimestamp":"2024-01-05T05:02:04.0","previousHeatAcclimationTimestamp":"2024-01-04T05:02:02.0","altitudeAcclimation":950,"previousAltitudeAcclimation":0,"heatAcclimationPercentage":10,"previousHeatAcclimationPercentage":15,"heatTrend":"DEACCLIMATIZING","altitudeAcclimationLocalTimestamp":"2024-01-05T00:02:04.0"},{"userProfilePK":76018113,"deviceId":3401978503,"calendarDate":"2024-01-05","timestamp":"2024-01-05T16:16:26.0","altitudeAcclimationTimestamp":"2024-01-05T16:16:26.0","previousAltitudeAcclimationTimestamp":"2024-01-05T16:16:26.0","heatAcclimationTimestamp":"2024-01-05T16:16:26.0","previousHeatAcclimationTimestamp":"2024-01-04T05:02:02.0","altitudeAcclimation":0,"previousAltitudeAcclimation":0,"heatAcclimationPercentage":13,"previousHeatAcclimationPercentage":15,"heatTrend":"DEACCLIMATIZING","altitudeAcclimationLocalTimestamp":"2024-01-05T17:16:26.0"},{"userProfilePK":76018113,"deviceId":3401978503,"calendarDate":"2024-01-06","timestamp":"2024-01-05T23:02:08.0","altitudeAcclimationTimestamp":"2024-01-05T23:02:08.0","previousAltitudeAcclimationTimestamp":"2024-01-05T23:02:08.0","heatAcclimationTimestamp":"2024-01-05T23:02:08.0","previousHeatAcclimationTimestamp":"2024-01-05T16:16:26.0","altitudeAcclimation":950,"previousAltitudeAcclimation":0,"heatAcclimationPercentage":9,"previousHeatAcclimationPercentage":13,"heatTrend":"DEACCLIMATIZING","altitudeAcclimationLocalTimestamp":"2024-01-06T00:02:08.0"},{"userProfilePK":76018113,"deviceId":3401978503,"calendarDate":"2024-01-07","timestamp":"2024-01-06T23:02:13.0","altitudeAcclimationTimestamp":"2024-01-06T23:02:13.0","previousAltitudeAcclimationTimestamp":"2024-01-05T23:02:08.0","heatAcclimationTimestamp":"2024-01-06T23:02:13.0","previousHeatAcclimationTimestamp":"2024-01-05T23:02:08.0","altitudeAcclimation":900,"previousAltitudeAcclimation":950,"heatAcclimationPercentage":6,"previousHeatAcclimationPercentage":9,"heatTrend":"DEACCLIMATIZING","altitudeTrend":"DEACCLIMATIZING","altitudeAcclimationLocalTimestamp":"2024-01-07T00:02:13.0"},{"userProfilePK":76018113,"deviceId":3401978503,"calendarDate":"2024-01-07","timestamp":"2024-01-07T10:22:33.0","altitudeAcclimationTimestamp":"2024-01-07T10:22:33.0","previousAltitudeAcclimationTimestamp":"2024-01-05T23:02:08.0","heatAcclimationTimestamp":"2024-01-07T10:22:33.0","previousHeatAcclimationTimestamp":"2024-01-05T23:02:08.0","altitudeAcclimation":900,"previousAltitudeAcclimation":950,"heatAcclimationPercentage":6,"previousHeatAcclimationPercentage":9,"heatTrend":"DEACCLIMATIZING","altitudeTrend":"DEACCLIMATIZING","altitudeAcclimationLocalTimestamp":"2024-01-07T11:22:33.0"},{"userProfilePK":76018113,"deviceId":3401978503,"calendarDate":"2024-01-08","timestamp":"2024-01-07T23:02:18.0","altitudeAcclimationTimestamp":"2024-01-07T23:02:18.0","previousAltitudeAcclimationTimestamp":"2024-01-07T10:22:33.0","heatAcclimationTimestamp":"2024-01-07T23:02:18.0","previousHeatAcclimationTimestamp":"2024-01-07T10:22:33.0","altitudeAcclimation":900,"previousAltitudeAcclimation":900,"heatAcclimationPercentage":3,"previousHeatAcclimationPercentage":6,"heatTrend":"DEACCLIMATIZING","altitudeTrend":"ACCLIMATIZED","altitudeAcclimationLocalTimestamp":"2024-01-08T00:02:18.0"},{"userProfilePK":76018113,"deviceId":3401978503,"calendarDate":"2024-01-09","timestamp":"2024-01-08T23:02:20.0","altitudeAcclimationTimestamp":"2024-01-08T23:02:20.0","previousAltitudeAcclimationTimestamp":"2024-01-07T23:02:18.0","heatAcclimationTimestamp":"2024-01-08T23:02:20.0","previousHeatAcclimationTimestamp":"2024-01-07T23:02:18.0","altitudeAcclimation":900,"previousAltitudeAcclimation":900,"heatAcclimationPercentage":1,"previousHeatAcclimationPercentage":3,"heatTrend":"DEACCLIMATIZING","altitudeTrend":"ACCLIMATIZED","altitudeAcclimationLocalTimestamp":"2024-01-09T00:02:20.0"},{"userProfilePK":76018113,"deviceId":3401978503,"calendarDate":"2024-01-09","timestamp":"2024-01-09T06:23:50.0","altitudeAcclimationTimestamp":"2024-01-09T06:23:50.0","previousAltitudeAcclimationTimestamp":"2024-01-07T23:02:18.0","heatAcclimationTimestamp":"2024-01-09T06:23:50.0","previousHeatAcclimationTimestamp":"2024-01-07T23:02:18.0","altitudeAcclimation":900,"previousAltitudeAcclimation":900,"heatAcclimationPercentage":1,"previousHeatAcclimationPercentage":3,"heatTrend":"DEACCLIMATIZING","altitudeTrend":"ACCLIMATIZED","altitudeAcclimationLocalTimestamp":"2024-01-09T07:23:50.0"},{"userProfilePK":76018113,"deviceId":3401978503,"calendarDate":"2024-01-10","timestamp":"2024-01-09T23:02:25.0","altitudeAcclimationTimestamp":"2024-01-09T23:02:25.0","previousAltitudeAcclimationTimestamp":"2024-01-09T06:23:50.0","heatAcclimationTimestamp":"2024-01-09T23:02:25.0","previousHeatAcclimationTimestamp":"2024-01-09T23:02:25.0","altitudeAcclimation":850,"previousAltitudeAcclimation":900,"heatAcclimationPercentage":0,"previousHeatAcclimationPercentage":0,"altitudeTrend":"DEACCLIMATIZING","altitudeAcclimationLocalTimestamp":"2024-01-10T00:02:25.0"},{"userProfilePK":76018113,"deviceId":3401978503,"calendarDate":"2024-01-10","timestamp":"2024-01-10T06:24:10.0","altitudeAcclimationTimestamp":"2024-01-10T06:24:10.0","previousAltitudeAcclimationTimestamp":"2024-01-09T06:23:50.0","heatAcclimationTimestamp":"2024-01-10T06:24:10.0","previousHeatAcclimationTimestamp":"2024-01-10T06:24:10.0","altitudeAcclimation":850,"previousAltitudeAcclimation":900,"heatAcclimationPercentage":0,"previousHeatAcclimationPercentage":0,"altitudeTrend":"DEACCLIMATIZING","altitudeAcclimationLocalTimestamp":"2024-01-10T07:24:10.0"},{"userProfilePK":76018113,"deviceId":3401978503,"calendarDate":"2024-01-11","timestamp":"2024-01-10T23:02:27.0","altitudeAcclimationTimestamp":"2024-01-10T23:02:27.0","previousAltitudeAcclimationTimestamp":"2024-01-10T06:24:10.0","heatAcclimationTimestamp":"2024-01-10T23:02:27.0","previousHeatAcclimationTimestamp":"2024-01-10T23:02:27.0","altitudeAcclimation":850,"previousAltitudeAcclimation":850,"heatAcclimationPercentage":0,"previousHeatAcclimationPercentage":0,"altitudeTrend":"ACCLIMATIZED","altitudeAcclimationLocalTimestamp":"2024-01-11T00:02:27.0"},{"userProfilePK":76018113,"deviceId":3401978503,"calendarDate":"2024-01-11","timestamp":"2024-01-11T06:42:16.0","altitudeAcclimationTimestamp":"2024-01-11T06:42:16.0","previousAltitudeAcclimationTimestamp":"2024-01-10T06:24:10.0","heatAcclimationTimestamp":"2024-01-11T06:42:16.0","previousHeatAcclimationTimestamp":"2024-01-11T06:42:16.0","altitudeAcclimation":850,"previousAltitudeAcclimation":850,"heatAcclimationPercentage":0,"previousHeatAcclimationPercentage":0,"altitudeTrend":"ACCLIMATIZED","altitudeAcclimationLocalTimestamp":"2024-01-11T07:42:16.0"},{"userProfilePK":76018113,"deviceId":3401978503,"calendarDate":"2024-01-12","timestamp":"2024-01-11T23:02:31.0","altitudeAcclimationTimestamp":"2024-01-11T23:02:31.0","previousAltitudeAcclimationTimestamp":"2024-01-11T06:42:16.0","heatAcclimationTimestamp":"2024-01-11T23:02:31.0","previousHeatAcclimationTimestamp":"2024-01-11T23:02:31.0","altitudeAcclimation":850,"previousAltitudeAcclimation":850,"heatAcclimationPercentage":0,"previousHeatAcclimationPercentage":0,"altitudeTrend":"ACCLIMATIZED","altitudeAcclimationLocalTimestamp":"2024-01-12T00:02:31.0"},{"userProfilePK":76018113,"deviceId":3401978503,"calendarDate":"2024-01-13","timestamp":"2024-01-12T23:02:35.0","altitudeAcclimationTimestamp":"2024-01-12T23:02:35.0","previousAltitudeAcclimationTimestamp":"2024-01-12T23:02:35.0","heatAcclimationTimestamp":"2024-01-12T23:02:35.0","previousHeatAcclimationTimestamp":"2024-01-12T23:02:35.0","altitudeAcclimation":0,"previousAltitudeAcclimation":0,"heatAcclimationPercentage":0,"previousHeatAcclimationPercentage":0,"altitudeAcclimationLocalTimestamp":"2024-01-13T00:02:35.0"},{"userProfilePK":76018113,"deviceId":3401978503,"calendarDate":"2024-01-13","timestamp":"2024-01-13T10:26:40.0","altitudeAcclimationTimestamp":"2024-01-13T10:26:40.0","previousAltitudeAcclimationTimestamp":"2024-01-13T10:26:40.0","heatAcclimationTimestamp":"2024-01-13T10:26:40.0","previousHeatAcclimationTimestamp":"2024-01-13T10:26:40.0","altitudeAcclimation":0,"previousAltitudeAcclimation":0,"heatAcclimationPercentage":0,"previousHeatAcclimationPercentage":0,"altitudeAcclimationLocalTimestamp":"2024-01-13T11:26:40.0"},{"userProfilePK":76018113,"deviceId":3401978503,"calendarDate":"2024-01-14","timestamp":"2024-01-13T23:02:36.0","altitudeAcclimationTimestamp":"2024-01-13T23:02:36.0","previousAltitudeAcclimationTimestamp":"2024-01-13T23:02:36.0","heatAcclimationTimestamp":"2024-01-13T23:02:36.0","previousHeatAcclimationTimestamp":"2024-01-13T23:02:36.0","altitudeAcclimation":0,"previousAltitudeAcclimation":0,"heatAcclimationPercentage":0,"previousHeatAcclimationPercentage":0,"altitudeAcclimationLocalTimestamp":"2024-01-14T00:02:36.0"},{"userProfilePK":76018113,"deviceId":3401978503,"calendarDate":"2024-01-14","timestamp":"2024-01-14T09:32:02.0","altitudeAcclimationTimestamp":"2024-01-14T09:32:02.0","previousAltitudeAcclimationTimestamp":"2024-01-14T09:32:02.0","heatAcclimationTimestamp":"2024-01-14T09:32:02.0","previousHeatAcclimationTimestamp":"2024-01-14T09:32:02.0","altitudeAcclimation":0,"previousAltitudeAcclimation":0,"heatAcclimationPercentage":0,"previousHeatAcclimationPercentage":0,"altitudeAcclimationLocalTimestamp":"2024-01-14T10:32:02.0"},{"userProfilePK":76018113,"deviceId":3401978503,"calendarDate":"2024-01-15","timestamp":"2024-01-14T23:02:39.0","altitudeAcclimationTimestamp":"2024-01-14T23:02:39.0","previousAltitudeAcclimationTimestamp":"2024-01-14T23:02:39.0","heatAcclimationTimestamp":"2024-01-14T23:02:39.0","previousHeatAcclimationTimestamp":"2024-01-14T23:02:39.0","altitudeAcclimation":0,"previousAltitudeAcclimation":0,"heatAcclimationPercentage":0,"previousHeatAcclimationPercentage":0,"altitudeAcclimationLocalTimestamp":"2024-01-15T00:02:39.0"},{"userProfilePK":76018113,"deviceId":3401978503,"calendarDate":"2024-01-15","timestamp":"2024-01-15T21:50:30.0","altitudeAcclimationTimestamp":"2024-01-15T21:50:30.0","previousAltitudeAcclimationTimestamp":"2024-01-15T21:50:30.0","heatAcclimationTimestamp":"2024-01-15T21:50:30.0","previousHeatAcclimationTimestamp":"2024-01-15T21:50:30.0","altitudeAcclimation":0,"previousAltitudeAcclimation":0,"heatAcclimationPercentage":0,"previousHeatAcclimationPercentage":0,"altitudeAcclimationLocalTimestamp":"2024-01-15T22:50:30.0"},{"userProfilePK":76018113,"deviceId":3401978503,"calendarDate":"2024-01-16","timestamp":"2024-01-15T23:02:43.0","altitudeAcclimationTimestamp":"2024-01-15T23:02:43.0","previousAltitudeAcclimationTimestamp":"2024-01-15T23:02:43.0","heatAcclimationTimestamp":"2024-01-15T23:02:43.0","previousHeatAcclimationTimestamp":"2024-01-15T23:02:43.0","altitudeAcclimation":0,"previousAltitudeAcclimation":0,"heatAcclimationPercentage":0,"previousHeatAcclimationPercentage":0,"altitudeAcclimationLocalTimestamp":"2024-01-16T00:02:43.0"},{"userProfilePK":76018113,"deviceId":3401978503,"calendarDate":"2024-01-16","timestamp":"2024-01-16T06:33:39.0","altitudeAcclimationTimestamp":"2024-01-16T06:33:39.0","previousAltitudeAcclimationTimestamp":"2024-01-16T06:33:39.0","heatAcclimationTimestamp":"2024-01-16T06:33:39.0","previousHeatAcclimationTimestamp":"2024-01-16T06:33:39.0","altitudeAcclimation":0,"previousAltitudeAcclimation":0,"heatAcclimationPercentage":0,"previousHeatAcclimationPercentage":0,"altitudeAcclimationLocalTimestamp":"2024-01-16T07:33:39.0"},{"userProfilePK":76018113,"deviceId":3401978503,"calendarDate":"2024-01-17","timestamp":"2024-01-16T23:02:45.0","altitudeAcclimationTimestamp":"2024-01-16T23:02:45.0","previousAltitudeAcclimationTimestamp":"2024-01-16T23:02:45.0","heatAcclimationTimestamp":"2024-01-16T23:02:45.0","previousHeatAcclimationTimestamp":"2024-01-16T23:02:45.0","altitudeAcclimation":0,"previousAltitudeAcclimation":0,"heatAcclimationPercentage":0,"previousHeatAcclimationPercentage":0,"altitudeAcclimationLocalTimestamp":"2024-01-17T00:02:45.0"},{"userProfilePK":76018113,"deviceId":3401978503,"calendarDate":"2024-01-18","timestamp":"2024-01-17T23:02:49.0","altitudeAcclimationTimestamp":"2024-01-17T23:02:49.0","previousAltitudeAcclimationTimestamp":"2024-01-17T23:02:49.0","heatAcclimationTimestamp":"2024-01-17T23:02:49.0","previousHeatAcclimationTimestamp":"2024-01-17T23:02:49.0","altitudeAcclimation":0,"previousAltitudeAcclimation":0,"heatAcclimationPercentage":0,"previousHeatAcclimationPercentage":0,"altitudeAcclimationLocalTimestamp":"2024-01-18T00:02:49.0"},{"userProfilePK":76018113,"deviceId":3401978503,"calendarDate":"2024-01-19","timestamp":"2024-01-18T23:02:51.0","altitudeAcclimationTimestamp":"2024-01-18T23:02:51.0","previousAltitudeAcclimationTimestamp":"2024-01-18T23:02:51.0","heatAcclimationTimestamp":"2024-01-18T23:02:51.0","previousHeatAcclimationTimestamp":"2024-01-18T23:02:51.0","altitudeAcclimation":0,"previousAltitudeAcclimation":0,"heatAcclimationPercentage":0,"previousHeatAcclimationPercentage":0,"altitudeAcclimationLocalTimestamp":"2024-01-19T00:02:51.0"},{"userProfilePK":76018113,"deviceId":3401978503,"calendarDate":"2024-01-19","timestamp":"2024-01-19T06:51:06.0","altitudeAcclimationTimestamp":"2024-01-19T06:51:06.0","previousAltitudeAcclimationTimestamp":"2024-01-19T06:51:06.0","heatAcclimationTimestamp":"2024-01-19T06:51:06.0","previousHeatAcclimationTimestamp":"2024-01-19T06:51:06.0","altitudeAcclimation":0,"previousAltitudeAcclimation":0,"heatAcclimationPercentage":0,"previousHeatAcclimationPercentage":0,"altitudeAcclimationLocalTimestamp":"2024-01-19T07:51:06.0"},{"userProfilePK":76018113,"deviceId":3401978503,"calendarDate":"2024-01-20","timestamp":"2024-01-19T23:02:56.0","altitudeAcclimationTimestamp":"2024-01-19T23:02:56.0","previousAltitudeAcclimationTimestamp":"2024-01-19T23:02:56.0","heatAcclimationTimestamp":"2024-01-19T23:02:56.0","previousHeatAcclimationTimestamp":"2024-01-19T23:02:56.0","altitudeAcclimation":0,"previousAltitudeAcclimation":0,"heatAcclimationPercentage":0,"previousHeatAcclimationPercentage":0,"altitudeAcclimationLocalTimestamp":"2024-01-20T00:02:56.0"},{"userProfilePK":76018113,"deviceId":3401978503,"calendarDate":"2024-01-21","timestamp":"2024-01-21T21:27:11.0","altitudeAcclimationTimestamp":"2024-01-21T21:27:11.0","previousAltitudeAcclimationTimestamp":"2024-01-21T21:27:11.0","heatAcclimationTimestamp":"2024-01-21T21:27:11.0","previousHeatAcclimationTimestamp":"2024-01-21T21:27:11.0","altitudeAcclimation":0,"previousAltitudeAcclimation":0,"heatAcclimationPercentage":0,"previousHeatAcclimationPercentage":0,"altitudeAcclimationLocalTimestamp":"2024-01-21T22:27:11.0"},{"userProfilePK":76018113,"deviceId":3401978503,"calendarDate":"2024-01-22","timestamp":"2024-01-21T23:02:58.0","altitudeAcclimationTimestamp":"2024-01-21T23:02:58.0","previousAltitudeAcclimationTimestamp":"2024-01-21T23:02:58.0","heatAcclimationTimestamp":"2024-01-21T23:02:58.0","previousHeatAcclimationTimestamp":"2024-01-21T23:02:58.0","altitudeAcclimation":0,"previousAltitudeAcclimation":0,"heatAcclimationPercentage":0,"previousHeatAcclimationPercentage":0,"altitudeAcclimationLocalTimestamp":"2024-01-22T00:02:58.0"},{"userProfilePK":76018113,"deviceId":3401978503,"calendarDate":"2024-01-23","timestamp":"2024-01-22T23:03:00.0","altitudeAcclimationTimestamp":"2024-01-22T23:03:00.0","previousAltitudeAcclimationTimestamp":"2024-01-22T23:03:00.0","heatAcclimationTimestamp":"2024-01-22T23:03:00.0","previousHeatAcclimationTimestamp":"2024-01-22T23:03:00.0","altitudeAcclimation":0,"previousAltitudeAcclimation":0,"heatAcclimationPercentage":0,"previousHeatAcclimationPercentage":0,"altitudeAcclimationLocalTimestamp":"2024-01-23T00:03:00.0"},{"userProfilePK":76018113,"deviceId":3401978503,"calendarDate":"2024-01-23","timestamp":"2024-01-23T06:46:29.0","altitudeAcclimationTimestamp":"2024-01-23T06:46:29.0","previousAltitudeAcclimationTimestamp":"2024-01-23T06:46:29.0","heatAcclimationTimestamp":"2024-01-23T06:46:29.0","previousHeatAcclimationTimestamp":"2024-01-23T06:46:29.0","altitudeAcclimation":0,"previousAltitudeAcclimation":0,"heatAcclimationPercentage":0,"previousHeatAcclimationPercentage":0,"altitudeAcclimationLocalTimestamp":"2024-01-23T07:46:29.0"},{"userProfilePK":76018113,"deviceId":3401978503,"calendarDate":"2024-01-24","timestamp":"2024-01-23T23:03:05.0","altitudeAcclimationTimestamp":"2024-01-23T23:03:05.0","previousAltitudeAcclimationTimestamp":"2024-01-23T23:03:05.0","heatAcclimationTimestamp":"2024-01-23T23:03:05.0","previousHeatAcclimationTimestamp":"2024-01-23T23:03:05.0","altitudeAcclimation":0,"previousAltitudeAcclimation":0,"heatAcclimationPercentage":0,"previousHeatAcclimationPercentage":0,"altitudeAcclimationLocalTimestamp":"2024-01-24T00:03:05.0"},{"userProfilePK":76018113,"deviceId":3401978503,"calendarDate":"2024-01-25","timestamp":"2024-01-24T23:03:07.0","altitudeAcclimationTimestamp":"2024-01-24T23:03:07.0","previousAltitudeAcclimationTimestamp":"2024-01-24T23:03:07.0","heatAcclimationTimestamp":"2024-01-24T23:03:07.0","previousHeatAcclimationTimestamp":"2024-01-24T23:03:07.0","altitudeAcclimation":0,"previousAltitudeAcclimation":0,"heatAcclimationPercentage":0,"previousHeatAcclimationPercentage":0,"altitudeAcclimationLocalTimestamp":"2024-01-25T00:03:07.0"},{"userProfilePK":76018113,"deviceId":3401978503,"calendarDate":"2024-01-25","timestamp":"2024-01-25T07:03:35.0","altitudeAcclimationTimestamp":"2024-01-25T07:03:35.0","previousAltitudeAcclimationTimestamp":"2024-01-25T07:03:35.0","heatAcclimationTimestamp":"2024-01-25T07:03:35.0","previousHeatAcclimationTimestamp":"2024-01-25T07:03:35.0","altitudeAcclimation":0,"previousAltitudeAcclimation":0,"heatAcclimationPercentage":0,"previousHeatAcclimationPercentage":0,"altitudeAcclimationLocalTimestamp":"2024-01-25T08:03:35.0"},{"userProfilePK":76018113,"deviceId":3401978503,"calendarDate":"2024-01-26","timestamp":"2024-01-25T23:03:09.0","altitudeAcclimationTimestamp":"2024-01-25T23:03:09.0","previousAltitudeAcclimationTimestamp":"2024-01-25T23:03:09.0","heatAcclimationTimestamp":"2024-01-25T23:03:09.0","previousHeatAcclimationTimestamp":"2024-01-25T23:03:09.0","altitudeAcclimation":0,"previousAltitudeAcclimation":0,"heatAcclimationPercentage":0,"previousHeatAcclimationPercentage":0,"altitudeAcclimationLocalTimestamp":"2024-01-26T00:03:09.0"},{"userProfilePK":76018113,"deviceId":3401978503,"calendarDate":"2024-01-26","timestamp":"2024-01-26T08:28:12.0","altitudeAcclimationTimestamp":"2024-01-26T08:28:12.0","previousAltitudeAcclimationTimestamp":"2024-01-26T08:28:12.0","heatAcclimationTimestamp":"2024-01-26T08:28:12.0","previousHeatAcclimationTimestamp":"2024-01-26T08:28:12.0","altitudeAcclimation":0,"previousAltitudeAcclimation":0,"heatAcclimationPercentage":0,"previousHeatAcclimationPercentage":0,"altitudeAcclimationLocalTimestamp":"2024-01-26T09:28:12.0"},{"userProfilePK":76018113,"deviceId":3401978503,"calendarDate":"2024-01-27","timestamp":"2024-01-26T23:03:11.0","altitudeAcclimationTimestamp":"2024-01-26T23:03:11.0","previousAltitudeAcclimationTimestamp":"2024-01-26T23:03:11.0","heatAcclimationTimestamp":"2024-01-26T23:03:11.0","previousHeatAcclimationTimestamp":"2024-01-26T23:03:11.0","altitudeAcclimation":0,"previousAltitudeAcclimation":0,"heatAcclimationPercentage":0,"previousHeatAcclimationPercentage":0,"altitudeAcclimationLocalTimestamp":"2024-01-27T00:03:11.0"},{"userProfilePK":76018113,"deviceId":3401978503,"calendarDate":"2024-01-27","timestamp":"2024-01-27T11:14:33.0","altitudeAcclimationTimestamp":"2024-01-27T11:14:33.0","previousAltitudeAcclimationTimestamp":"2024-01-27T11:14:33.0","heatAcclimationTimestamp":"2024-01-27T11:14:33.0","previousHeatAcclimationTimestamp":"2024-01-27T11:14:33.0","altitudeAcclimation":0,"previousAltitudeAcclimation":0,"heatAcclimationPercentage":0,"previousHeatAcclimationPercentage":0,"altitudeAcclimationLocalTimestamp":"2024-01-27T12:14:33.0"},{"userProfilePK":76018113,"deviceId":3401978503,"calendarDate":"2024-01-28","timestamp":"2024-01-27T23:03:13.0","altitudeAcclimationTimestamp":"2024-01-27T23:03:13.0","previousAltitudeAcclimationTimestamp":"2024-01-27T23:03:13.0","heatAcclimationTimestamp":"2024-01-27T23:03:13.0","previousHeatAcclimationTimestamp":"2024-01-27T23:03:13.0","altitudeAcclimation":0,"previousAltitudeAcclimation":0,"heatAcclimationPercentage":0,"previousHeatAcclimationPercentage":0,"altitudeAcclimationLocalTimestamp":"2024-01-28T00:03:13.0"},{"userProfilePK":76018113,"deviceId":3401978503,"calendarDate":"2024-01-28","timestamp":"2024-01-28T08:39:45.0","altitudeAcclimationTimestamp":"2024-01-28T08:39:45.0","previousAltitudeAcclimationTimestamp":"2024-01-28T08:39:45.0","heatAcclimationTimestamp":"2024-01-28T08:39:45.0","previousHeatAcclimationTimestamp":"2024-01-28T08:39:45.0","altitudeAcclimation":0,"previousAltitudeAcclimation":0,"heatAcclimationPercentage":0,"previousHeatAcclimationPercentage":0,"altitudeAcclimationLocalTimestamp":"2024-01-28T09:39:45.0"},{"userProfilePK":76018113,"deviceId":3401978503,"calendarDate":"2024-01-29","timestamp":"2024-01-28T23:03:16.0","altitudeAcclimationTimestamp":"2024-01-28T23:03:16.0","previousAltitudeAcclimationTimestamp":"2024-01-28T23:03:16.0","heatAcclimationTimestamp":"2024-01-28T23:03:16.0","previousHeatAcclimationTimestamp":"2024-01-28T23:03:16.0","altitudeAcclimation":0,"previousAltitudeAcclimation":0,"heatAcclimationPercentage":0,"previousHeatAcclimationPercentage":0,"altitudeAcclimationLocalTimestamp":"2024-01-29T00:03:16.0"},{"userProfilePK":76018113,"deviceId":3401978503,"calendarDate":"2024-01-30","timestamp":"2024-01-29T23:03:19.0","altitudeAcclimationTimestamp":"2024-01-29T23:03:19.0","previousAltitudeAcclimationTimestamp":"2024-01-29T23:03:19.0","heatAcclimationTimestamp":"2024-01-29T23:03:19.0","previousHeatAcclimationTimestamp":"2024-01-29T23:03:19.0","altitudeAcclimation":0,"previousAltitudeAcclimation":0,"heatAcclimationPercentage":0,"previousHeatAcclimationPercentage":0,"altitudeAcclimationLocalTimestamp":"2024-01-30T00:03:19.0"},{"userProfilePK":76018113,"deviceId":3401978503,"calendarDate":"2024-01-30","timestamp":"2024-01-30T06:51:10.0","altitudeAcclimationTimestamp":"2024-01-30T06:51:10.0","previousAltitudeAcclimationTimestamp":"2024-01-30T06:51:10.0","heatAcclimationTimestamp":"2024-01-30T06:51:10.0","previousHeatAcclimationTimestamp":"2024-01-30T06:51:10.0","altitudeAcclimation":0,"previousAltitudeAcclimation":0,"heatAcclimationPercentage":0,"previousHeatAcclimationPercentage":0,"altitudeAcclimationLocalTimestamp":"2024-01-30T07:51:10.0"},{"userProfilePK":76018113,"deviceId":3401978503,"calendarDate":"2024-01-31","timestamp":"2024-01-30T23:03:20.0","altitudeAcclimationTimestamp":"2024-01-30T23:03:20.0","previousAltitudeAcclimationTimestamp":"2024-01-30T23:03:20.0","heatAcclimationTimestamp":"2024-01-30T23:03:20.0","previousHeatAcclimationTimestamp":"2024-01-30T23:03:20.0","altitudeAcclimation":0,"previousAltitudeAcclimation":0,"heatAcclimationPercentage":0,"previousHeatAcclimationPercentage":0,"altitudeAcclimationLocalTimestamp":"2024-01-31T00:03:20.0"},{"userProfilePK":76018113,"deviceId":3401978503,"calendarDate":"2024-01-31","timestamp":"2024-01-31T07:02:00.0","altitudeAcclimationTimestamp":"2024-01-31T07:02:00.0","previousAltitudeAcclimationTimestamp":"2024-01-31T07:02:00.0","heatAcclimationTimestamp":"2024-01-31T07:02:00.0","previousHeatAcclimationTimestamp":"2024-01-31T07:02:00.0","altitudeAcclimation":0,"previousAltitudeAcclimation":0,"heatAcclimationPercentage":0,"previousHeatAcclimationPercentage":0,"altitudeAcclimationLocalTimestamp":"2024-01-31T08:02:00.0"},{"userProfilePK":76018113,"deviceId":3401978503,"calendarDate":"2024-02-01","timestamp":"2024-01-31T23:03:23.0","altitudeAcclimationTimestamp":"2024-01-31T23:03:23.0","previousAltitudeAcclimationTimestamp":"2024-01-31T23:03:23.0","heatAcclimationTimestamp":"2024-01-31T23:03:23.0","previousHeatAcclimationTimestamp":"2024-01-31T23:03:23.0","altitudeAcclimation":0,"previousAltitudeAcclimation":0,"heatAcclimationPercentage":0,"previousHeatAcclimationPercentage":0,"altitudeAcclimationLocalTimestamp":"2024-02-01T00:03:23.0"},{"userProfilePK":76018113,"deviceId":3401978503,"calendarDate":"2024-02-02","timestamp":"2024-02-01T23:02:32.0","altitudeAcclimationTimestamp":"2024-02-01T23:02:32.0","previousAltitudeAcclimationTimestamp":"2024-02-01T23:02:32.0","heatAcclimationTimestamp":"2024-02-01T23:02:32.0","previousHeatAcclimationTimestamp":"2024-02-01T23:02:32.0","altitudeAcclimation":0,"previousAltitudeAcclimation":0,"heatAcclimationPercentage":0,"previousHeatAcclimationPercentage":0,"altitudeAcclimationLocalTimestamp":"2024-02-02T00:02:32.0"},{"userProfilePK":76018113,"deviceId":3401978503,"calendarDate":"2024-02-02","timestamp":"2024-02-02T06:39:46.0","altitudeAcclimationTimestamp":"2024-02-02T06:39:46.0","previousAltitudeAcclimationTimestamp":"2024-02-02T06:39:46.0","heatAcclimationTimestamp":"2024-02-02T06:39:46.0","previousHeatAcclimationTimestamp":"2024-02-02T06:39:46.0","altitudeAcclimation":0,"previousAltitudeAcclimation":0,"heatAcclimationPercentage":0,"previousHeatAcclimationPercentage":0,"altitudeAcclimationLocalTimestamp":"2024-02-02T07:39:46.0"},{"userProfilePK":76018113,"deviceId":3401978503,"calendarDate":"2024-02-03","timestamp":"2024-02-02T23:02:36.0","altitudeAcclimationTimestamp":"2024-02-02T23:02:36.0","previousAltitudeAcclimationTimestamp":"2024-02-02T23:02:36.0","heatAcclimationTimestamp":"2024-02-02T23:02:36.0","previousHeatAcclimationTimestamp":"2024-02-02T23:02:36.0","altitudeAcclimation":0,"previousAltitudeAcclimation":0,"heatAcclimationPercentage":0,"previousHeatAcclimationPercentage":0,"altitudeAcclimationLocalTimestamp":"2024-02-03T00:02:36.0"},{"userProfilePK":76018113,"deviceId":3401978503,"calendarDate":"2024-02-04","timestamp":"2024-02-03T23:02:40.0","altitudeAcclimationTimestamp":"2024-02-03T23:02:40.0","previousAltitudeAcclimationTimestamp":"2024-02-03T23:02:40.0","heatAcclimationTimestamp":"2024-02-03T23:02:40.0","previousHeatAcclimationTimestamp":"2024-02-03T23:02:40.0","altitudeAcclimation":0,"previousAltitudeAcclimation":0,"heatAcclimationPercentage":0,"previousHeatAcclimationPercentage":0,"altitudeAcclimationLocalTimestamp":"2024-02-04T00:02:40.0"},{"userProfilePK":76018113,"deviceId":3401978503,"calendarDate":"2024-02-04","timestamp":"2024-02-04T09:24:12.0","altitudeAcclimationTimestamp":"2024-02-04T09:24:12.0","previousAltitudeAcclimationTimestamp":"2024-02-04T09:24:12.0","heatAcclimationTimestamp":"2024-02-04T09:24:12.0","previousHeatAcclimationTimestamp":"2024-02-04T09:24:12.0","altitudeAcclimation":0,"previousAltitudeAcclimation":0,"heatAcclimationPercentage":0,"previousHeatAcclimationPercentage":0,"altitudeAcclimationLocalTimestamp":"2024-02-04T10:24:12.0"},{"userProfilePK":76018113,"deviceId":3401978503,"calendarDate":"2024-02-05","timestamp":"2024-02-04T23:02:45.0","altitudeAcclimationTimestamp":"2024-02-04T23:02:45.0","previousAltitudeAcclimationTimestamp":"2024-02-04T23:02:45.0","heatAcclimationTimestamp":"2024-02-04T23:02:45.0","previousHeatAcclimationTimestamp":"2024-02-04T23:02:45.0","altitudeAcclimation":0,"previousAltitudeAcclimation":0,"heatAcclimationPercentage":0,"previousHeatAcclimationPercentage":0,"altitudeAcclimationLocalTimestamp":"2024-02-05T00:02:45.0"},{"userProfilePK":76018113,"deviceId":3401978503,"calendarDate":"2024-02-06","timestamp":"2024-02-05T23:02:47.0","altitudeAcclimationTimestamp":"2024-02-05T23:02:47.0","previousAltitudeAcclimationTimestamp":"2024-02-05T23:02:47.0","heatAcclimationTimestamp":"2024-02-05T23:02:47.0","previousHeatAcclimationTimestamp":"2024-02-05T23:02:47.0","altitudeAcclimation":0,"previousAltitudeAcclimation":0,"heatAcclimationPercentage":0,"previousHeatAcclimationPercentage":0,"altitudeAcclimationLocalTimestamp":"2024-02-06T00:02:47.0"},{"userProfilePK":76018113,"deviceId":3401978503,"calendarDate":"2024-02-06","timestamp":"2024-02-06T06:54:51.0","altitudeAcclimationTimestamp":"2024-02-06T06:54:51.0","previousAltitudeAcclimationTimestamp":"2024-02-06T06:54:51.0","heatAcclimationTimestamp":"2024-02-06T06:54:51.0","previousHeatAcclimationTimestamp":"2024-02-06T06:54:51.0","altitudeAcclimation":0,"previousAltitudeAcclimation":0,"heatAcclimationPercentage":0,"previousHeatAcclimationPercentage":0,"altitudeAcclimationLocalTimestamp":"2024-02-06T07:54:51.0"},{"userProfilePK":76018113,"deviceId":3401978503,"calendarDate":"2024-02-07","timestamp":"2024-02-06T23:02:50.0","altitudeAcclimationTimestamp":"2024-02-06T23:02:50.0","previousAltitudeAcclimationTimestamp":"2024-02-06T23:02:50.0","heatAcclimationTimestamp":"2024-02-06T23:02:50.0","previousHeatAcclimationTimestamp":"2024-02-06T23:02:50.0","altitudeAcclimation":0,"previousAltitudeAcclimation":0,"heatAcclimationPercentage":0,"previousHeatAcclimationPercentage":0,"altitudeAcclimationLocalTimestamp":"2024-02-07T00:02:50.0"},{"userProfilePK":76018113,"deviceId":3401978503,"calendarDate":"2024-02-07","timestamp":"2024-02-07T21:30:40.0","altitudeAcclimationTimestamp":"2024-02-07T21:30:40.0","previousAltitudeAcclimationTimestamp":"2024-02-07T21:30:40.0","heatAcclimationTimestamp":"2024-02-07T21:30:40.0","previousHeatAcclimationTimestamp":"2024-02-07T21:30:40.0","altitudeAcclimation":0,"previousAltitudeAcclimation":0,"heatAcclimationPercentage":0,"previousHeatAcclimationPercentage":0,"altitudeAcclimationLocalTimestamp":"2024-02-07T22:30:40.0"},{"userProfilePK":76018113,"deviceId":3401978503,"calendarDate":"2024-02-08","timestamp":"2024-02-07T23:02:51.0","altitudeAcclimationTimestamp":"2024-02-07T23:02:51.0","previousAltitudeAcclimationTimestamp":"2024-02-07T23:02:51.0","heatAcclimationTimestamp":"2024-02-07T23:02:51.0","previousHeatAcclimationTimestamp":"2024-02-07T23:02:51.0","altitudeAcclimation":0,"previousAltitudeAcclimation":0,"heatAcclimationPercentage":0,"previousHeatAcclimationPercentage":0,"altitudeAcclimationLocalTimestamp":"2024-02-08T00:02:51.0"},{"userProfilePK":76018113,"deviceId":3401978503,"calendarDate":"2024-02-08","timestamp":"2024-02-08T15:10:47.0","altitudeAcclimationTimestamp":"2024-02-08T15:10:47.0","previousAltitudeAcclimationTimestamp":"2024-02-08T15:10:47.0","heatAcclimationTimestamp":"2024-02-08T15:10:47.0","previousHeatAcclimationTimestamp":"2024-02-08T15:10:47.0","altitudeAcclimation":0,"previousAltitudeAcclimation":0,"heatAcclimationPercentage":0,"previousHeatAcclimationPercentage":0,"altitudeAcclimationLocalTimestamp":"2024-02-08T16:10:47.0"},{"userProfilePK":76018113,"deviceId":3401978503,"calendarDate":"2024-02-09","timestamp":"2024-02-09T05:45:25.0","altitudeAcclimationTimestamp":"2024-02-09T05:45:25.0","previousAltitudeAcclimationTimestamp":"2024-02-09T05:45:25.0","heatAcclimationTimestamp":"2024-02-09T05:45:25.0","previousHeatAcclimationTimestamp":"2024-02-09T05:45:25.0","altitudeAcclimation":0,"previousAltitudeAcclimation":0,"heatAcclimationPercentage":0,"previousHeatAcclimationPercentage":0,"altitudeAcclimationLocalTimestamp":"2024-02-09T06:45:25.0"},{"userProfilePK":76018113,"deviceId":3401978503,"calendarDate":"2024-02-09","timestamp":"2024-02-09T07:00:06.0","altitudeAcclimationTimestamp":"2024-02-09T07:00:06.0","previousAltitudeAcclimationTimestamp":"2024-02-09T07:00:06.0","heatAcclimationTimestamp":"2024-02-09T07:00:06.0","previousHeatAcclimationTimestamp":"2024-02-09T07:00:06.0","altitudeAcclimation":0,"previousAltitudeAcclimation":0,"heatAcclimationPercentage":0,"previousHeatAcclimationPercentage":0,"altitudeAcclimationLocalTimestamp":"2024-02-09T08:00:06.0"},{"userProfilePK":76018113,"deviceId":3401978503,"calendarDate":"2024-02-10","timestamp":"2024-02-09T23:01:28.0","altitudeAcclimationTimestamp":"2024-02-09T23:01:28.0","previousAltitudeAcclimationTimestamp":"2024-02-09T23:01:28.0","heatAcclimationTimestamp":"2024-02-09T23:01:28.0","previousHeatAcclimationTimestamp":"2024-02-09T23:01:28.0","altitudeAcclimation":0,"previousAltitudeAcclimation":0,"heatAcclimationPercentage":0,"previousHeatAcclimationPercentage":0,"altitudeAcclimationLocalTimestamp":"2024-02-10T00:01:28.0"},{"userProfilePK":76018113,"deviceId":3401978503,"calendarDate":"2024-02-11","timestamp":"2024-02-10T23:01:30.0","altitudeAcclimationTimestamp":"2024-02-10T23:01:30.0","previousAltitudeAcclimationTimestamp":"2024-02-10T23:01:30.0","heatAcclimationTimestamp":"2024-02-10T23:01:30.0","previousHeatAcclimationTimestamp":"2024-02-10T23:01:30.0","altitudeAcclimation":0,"previousAltitudeAcclimation":0,"heatAcclimationPercentage":0,"previousHeatAcclimationPercentage":0,"altitudeAcclimationLocalTimestamp":"2024-02-11T00:01:30.0"},{"userProfilePK":76018113,"deviceId":3401978503,"calendarDate":"2024-02-11","timestamp":"2024-02-11T09:45:43.0","altitudeAcclimationTimestamp":"2024-02-11T09:45:43.0","previousAltitudeAcclimationTimestamp":"2024-02-11T09:45:43.0","heatAcclimationTimestamp":"2024-02-11T09:45:43.0","previousHeatAcclimationTimestamp":"2024-02-11T09:45:43.0","altitudeAcclimation":0,"previousAltitudeAcclimation":0,"heatAcclimationPercentage":0,"previousHeatAcclimationPercentage":0,"altitudeAcclimationLocalTimestamp":"2024-02-11T10:45:43.0"},{"userProfilePK":76018113,"deviceId":3401978503,"calendarDate":"2024-02-12","timestamp":"2024-02-11T23:01:33.0","altitudeAcclimationTimestamp":"2024-02-11T23:01:33.0","previousAltitudeAcclimationTimestamp":"2024-02-11T23:01:33.0","heatAcclimationTimestamp":"2024-02-11T23:01:33.0","previousHeatAcclimationTimestamp":"2024-02-11T23:01:33.0","altitudeAcclimation":0,"previousAltitudeAcclimation":0,"heatAcclimationPercentage":0,"previousHeatAcclimationPercentage":0,"altitudeAcclimationLocalTimestamp":"2024-02-12T00:01:33.0"},{"userProfilePK":76018113,"deviceId":3401978503,"calendarDate":"2024-02-13","timestamp":"2024-02-12T23:01:35.0","altitudeAcclimationTimestamp":"2024-02-12T23:01:35.0","previousAltitudeAcclimationTimestamp":"2024-02-12T23:01:35.0","heatAcclimationTimestamp":"2024-02-12T23:01:35.0","previousHeatAcclimationTimestamp":"2024-02-12T23:01:35.0","altitudeAcclimation":0,"previousAltitudeAcclimation":0,"heatAcclimationPercentage":0,"previousHeatAcclimationPercentage":0,"altitudeAcclimationLocalTimestamp":"2024-02-13T00:01:35.0"},{"userProfilePK":76018113,"deviceId":3401978503,"calendarDate":"2024-02-13","timestamp":"2024-02-13T06:36:01.0","altitudeAcclimationTimestamp":"2024-02-13T06:36:01.0","previousAltitudeAcclimationTimestamp":"2024-02-13T06:36:01.0","heatAcclimationTimestamp":"2024-02-13T06:36:01.0","previousHeatAcclimationTimestamp":"2024-02-13T06:36:01.0","altitudeAcclimation":0,"previousAltitudeAcclimation":0,"heatAcclimationPercentage":0,"previousHeatAcclimationPercentage":0,"altitudeAcclimationLocalTimestamp":"2024-02-13T07:36:01.0"},{"userProfilePK":76018113,"deviceId":3401978503,"calendarDate":"2024-02-14","timestamp":"2024-02-13T23:01:38.0","altitudeAcclimationTimestamp":"2024-02-13T23:01:38.0","previousAltitudeAcclimationTimestamp":"2024-02-13T23:01:38.0","heatAcclimationTimestamp":"2024-02-13T23:01:38.0","previousHeatAcclimationTimestamp":"2024-02-13T23:01:38.0","altitudeAcclimation":0,"previousAltitudeAcclimation":0,"heatAcclimationPercentage":0,"previousHeatAcclimationPercentage":0,"altitudeAcclimationLocalTimestamp":"2024-02-14T00:01:38.0"},{"userProfilePK":76018113,"deviceId":3401978503,"calendarDate":"2024-02-14","timestamp":"2024-02-14T06:42:11.0","altitudeAcclimationTimestamp":"2024-02-14T06:42:11.0","previousAltitudeAcclimationTimestamp":"2024-02-14T06:42:11.0","heatAcclimationTimestamp":"2024-02-14T06:42:11.0","previousHeatAcclimationTimestamp":"2024-02-14T06:42:11.0","altitudeAcclimation":0,"previousAltitudeAcclimation":0,"heatAcclimationPercentage":0,"previousHeatAcclimationPercentage":0,"altitudeAcclimationLocalTimestamp":"2024-02-14T07:42:11.0"},{"userProfilePK":76018113,"deviceId":3401978503,"calendarDate":"2024-02-15","timestamp":"2024-02-14T23:01:40.0","altitudeAcclimationTimestamp":"2024-02-14T23:01:40.0","previousAltitudeAcclimationTimestamp":"2024-02-14T23:01:40.0","heatAcclimationTimestamp":"2024-02-14T23:01:40.0","previousHeatAcclimationTimestamp":"2024-02-14T23:01:40.0","altitudeAcclimation":0,"previousAltitudeAcclimation":0,"heatAcclimationPercentage":0,"previousHeatAcclimationPercentage":0,"altitudeAcclimationLocalTimestamp":"2024-02-15T00:01:40.0"},{"userProfilePK":76018113,"deviceId":3401978503,"calendarDate":"2024-02-16","timestamp":"2024-02-15T23:01:43.0","altitudeAcclimationTimestamp":"2024-02-15T23:01:43.0","previousAltitudeAcclimationTimestamp":"2024-02-15T23:01:43.0","heatAcclimationTimestamp":"2024-02-15T23:01:43.0","previousHeatAcclimationTimestamp":"2024-02-15T23:01:43.0","altitudeAcclimation":0,"previousAltitudeAcclimation":0,"heatAcclimationPercentage":0,"previousHeatAcclimationPercentage":0,"altitudeAcclimationLocalTimestamp":"2024-02-16T00:01:43.0"},{"userProfilePK":76018113,"deviceId":3401978503,"calendarDate":"2024-02-16","timestamp":"2024-02-16T07:08:59.0","altitudeAcclimationTimestamp":"2024-02-16T07:08:59.0","previousAltitudeAcclimationTimestamp":"2024-02-16T07:08:59.0","heatAcclimationTimestamp":"2024-02-16T07:08:59.0","previousHeatAcclimationTimestamp":"2024-02-16T07:08:59.0","altitudeAcclimation":0,"previousAltitudeAcclimation":0,"heatAcclimationPercentage":0,"previousHeatAcclimationPercentage":0,"altitudeAcclimationLocalTimestamp":"2024-02-16T08:08:59.0"},{"userProfilePK":76018113,"deviceId":3401978503,"calendarDate":"2024-02-17","timestamp":"2024-02-16T23:01:47.0","altitudeAcclimationTimestamp":"2024-02-16T23:01:47.0","previousAltitudeAcclimationTimestamp":"2024-02-16T23:01:47.0","heatAcclimationTimestamp":"2024-02-16T23:01:47.0","previousHeatAcclimationTimestamp":"2024-02-16T23:01:47.0","altitudeAcclimation":0,"previousAltitudeAcclimation":0,"heatAcclimationPercentage":0,"previousHeatAcclimationPercentage":0,"altitudeAcclimationLocalTimestamp":"2024-02-17T00:01:47.0"},{"userProfilePK":76018113,"deviceId":3401978503,"calendarDate":"2024-02-17","timestamp":"2024-02-17T10:06:22.0","altitudeAcclimationTimestamp":"2024-02-17T10:06:22.0","previousAltitudeAcclimationTimestamp":"2024-02-17T10:06:22.0","heatAcclimationTimestamp":"2024-02-17T10:06:22.0","previousHeatAcclimationTimestamp":"2024-02-17T10:06:22.0","altitudeAcclimation":0,"previousAltitudeAcclimation":0,"heatAcclimationPercentage":0,"previousHeatAcclimationPercentage":0,"altitudeAcclimationLocalTimestamp":"2024-02-17T11:06:22.0"},{"userProfilePK":76018113,"deviceId":3401978503,"calendarDate":"2024-02-18","timestamp":"2024-02-17T23:01:51.0","altitudeAcclimationTimestamp":"2024-02-17T23:01:51.0","previousAltitudeAcclimationTimestamp":"2024-02-17T23:01:51.0","heatAcclimationTimestamp":"2024-02-17T23:01:51.0","previousHeatAcclimationTimestamp":"2024-02-17T23:01:51.0","altitudeAcclimation":0,"previousAltitudeAcclimation":0,"heatAcclimationPercentage":0,"previousHeatAcclimationPercentage":0,"altitudeAcclimationLocalTimestamp":"2024-02-18T00:01:51.0"},{"userProfilePK":76018113,"deviceId":3401978503,"calendarDate":"2024-02-18","timestamp":"2024-02-18T10:13:01.0","altitudeAcclimationTimestamp":"2024-02-18T10:13:01.0","previousAltitudeAcclimationTimestamp":"2024-02-18T10:13:01.0","heatAcclimationTimestamp":"2024-02-18T10:13:01.0","previousHeatAcclimationTimestamp":"2024-02-18T10:13:01.0","altitudeAcclimation":0,"previousAltitudeAcclimation":0,"heatAcclimationPercentage":0,"previousHeatAcclimationPercentage":0,"altitudeAcclimationLocalTimestamp":"2024-02-18T11:13:01.0"},{"userProfilePK":76018113,"deviceId":3401978503,"calendarDate":"2024-02-19","timestamp":"2024-02-18T23:01:57.0","altitudeAcclimationTimestamp":"2024-02-18T23:01:57.0","previousAltitudeAcclimationTimestamp":"2024-02-18T23:01:57.0","heatAcclimationTimestamp":"2024-02-18T23:01:57.0","previousHeatAcclimationTimestamp":"2024-02-18T23:01:57.0","altitudeAcclimation":0,"previousAltitudeAcclimation":0,"heatAcclimationPercentage":0,"previousHeatAcclimationPercentage":0,"altitudeAcclimationLocalTimestamp":"2024-02-19T00:01:57.0"},{"userProfilePK":76018113,"deviceId":3401978503,"calendarDate":"2024-02-20","timestamp":"2024-02-19T23:01:59.0","altitudeAcclimationTimestamp":"2024-02-19T23:01:59.0","previousAltitudeAcclimationTimestamp":"2024-02-19T23:01:59.0","heatAcclimationTimestamp":"2024-02-19T23:01:59.0","previousHeatAcclimationTimestamp":"2024-02-19T23:01:59.0","altitudeAcclimation":0,"previousAltitudeAcclimation":0,"heatAcclimationPercentage":0,"previousHeatAcclimationPercentage":0,"altitudeAcclimationLocalTimestamp":"2024-02-20T00:01:59.0"},{"userProfilePK":76018113,"deviceId":3401978503,"calendarDate":"2024-02-20","timestamp":"2024-02-20T06:39:49.0","altitudeAcclimationTimestamp":"2024-02-20T06:39:49.0","previousAltitudeAcclimationTimestamp":"2024-02-20T06:39:49.0","heatAcclimationTimestamp":"2024-02-20T06:39:49.0","previousHeatAcclimationTimestamp":"2024-02-20T06:39:49.0","altitudeAcclimation":0,"previousAltitudeAcclimation":0,"heatAcclimationPercentage":0,"previousHeatAcclimationPercentage":0,"altitudeAcclimationLocalTimestamp":"2024-02-20T07:39:49.0"},{"userProfilePK":76018113,"deviceId":3401978503,"calendarDate":"2024-02-21","timestamp":"2024-02-20T23:02:01.0","altitudeAcclimationTimestamp":"2024-02-20T23:02:01.0","previousAltitudeAcclimationTimestamp":"2024-02-20T23:02:01.0","heatAcclimationTimestamp":"2024-02-20T23:02:01.0","previousHeatAcclimationTimestamp":"2024-02-20T23:02:01.0","altitudeAcclimation":0,"previousAltitudeAcclimation":0,"heatAcclimationPercentage":0,"previousHeatAcclimationPercentage":0,"altitudeAcclimationLocalTimestamp":"2024-02-21T00:02:01.0"},{"userProfilePK":76018113,"deviceId":3401978503,"calendarDate":"2024-02-21","timestamp":"2024-02-21T06:49:51.0","altitudeAcclimationTimestamp":"2024-02-21T06:49:51.0","previousAltitudeAcclimationTimestamp":"2024-02-21T06:49:51.0","heatAcclimationTimestamp":"2024-02-21T06:49:51.0","previousHeatAcclimationTimestamp":"2024-02-21T06:49:51.0","altitudeAcclimation":0,"previousAltitudeAcclimation":0,"heatAcclimationPercentage":0,"previousHeatAcclimationPercentage":0,"altitudeAcclimationLocalTimestamp":"2024-02-21T07:49:51.0"},{"userProfilePK":76018113,"deviceId":3401978503,"calendarDate":"2024-02-22","timestamp":"2024-02-21T23:02:04.0","altitudeAcclimationTimestamp":"2024-02-21T23:02:04.0","previousAltitudeAcclimationTimestamp":"2024-02-21T23:02:04.0","heatAcclimationTimestamp":"2024-02-21T23:02:04.0","previousHeatAcclimationTimestamp":"2024-02-21T23:02:04.0","altitudeAcclimation":0,"previousAltitudeAcclimation":0,"heatAcclimationPercentage":0,"previousHeatAcclimationPercentage":0,"altitudeAcclimationLocalTimestamp":"2024-02-22T00:02:04.0"},{"userProfilePK":76018113,"deviceId":3401978503,"calendarDate":"2024-02-23","timestamp":"2024-02-22T23:02:05.0","altitudeAcclimationTimestamp":"2024-02-22T23:02:05.0","previousAltitudeAcclimationTimestamp":"2024-02-22T23:02:05.0","heatAcclimationTimestamp":"2024-02-22T23:02:05.0","previousHeatAcclimationTimestamp":"2024-02-22T23:02:05.0","altitudeAcclimation":0,"previousAltitudeAcclimation":0,"heatAcclimationPercentage":0,"previousHeatAcclimationPercentage":0,"altitudeAcclimationLocalTimestamp":"2024-02-23T00:02:05.0"},{"userProfilePK":76018113,"deviceId":3401978503,"calendarDate":"2024-02-23","timestamp":"2024-02-23T06:42:11.0","altitudeAcclimationTimestamp":"2024-02-23T06:42:11.0","previousAltitudeAcclimationTimestamp":"2024-02-23T06:42:11.0","heatAcclimationTimestamp":"2024-02-23T06:42:11.0","previousHeatAcclimationTimestamp":"2024-02-23T06:42:11.0","altitudeAcclimation":0,"previousAltitudeAcclimation":0,"heatAcclimationPercentage":0,"previousHeatAcclimationPercentage":0,"altitudeAcclimationLocalTimestamp":"2024-02-23T07:42:11.0"},{"userProfilePK":76018113,"deviceId":3401978503,"calendarDate":"2024-02-24","timestamp":"2024-02-23T23:02:08.0","altitudeAcclimationTimestamp":"2024-02-23T23:02:08.0","previousAltitudeAcclimationTimestamp":"2024-02-23T23:02:08.0","heatAcclimationTimestamp":"2024-02-23T23:02:08.0","previousHeatAcclimationTimestamp":"2024-02-23T23:02:08.0","altitudeAcclimation":0,"previousAltitudeAcclimation":0,"heatAcclimationPercentage":0,"previousHeatAcclimationPercentage":0,"altitudeAcclimationLocalTimestamp":"2024-02-24T00:02:08.0"},{"userProfilePK":76018113,"deviceId":3401978503,"calendarDate":"2024-02-24","timestamp":"2024-02-24T10:58:30.0","altitudeAcclimationTimestamp":"2024-02-24T10:58:30.0","previousAltitudeAcclimationTimestamp":"2024-02-24T10:58:30.0","heatAcclimationTimestamp":"2024-02-24T10:58:30.0","previousHeatAcclimationTimestamp":"2024-02-24T10:58:30.0","altitudeAcclimation":0,"previousAltitudeAcclimation":0,"heatAcclimationPercentage":0,"previousHeatAcclimationPercentage":0,"altitudeAcclimationLocalTimestamp":"2024-02-24T11:58:30.0"},{"userProfilePK":76018113,"deviceId":3401978503,"calendarDate":"2024-02-25","timestamp":"2024-02-24T23:02:12.0","altitudeAcclimationTimestamp":"2024-02-24T23:02:12.0","previousAltitudeAcclimationTimestamp":"2024-02-24T23:02:12.0","heatAcclimationTimestamp":"2024-02-24T23:02:12.0","previousHeatAcclimationTimestamp":"2024-02-24T23:02:12.0","altitudeAcclimation":0,"previousAltitudeAcclimation":0,"heatAcclimationPercentage":0,"previousHeatAcclimationPercentage":0,"altitudeAcclimationLocalTimestamp":"2024-02-25T00:02:12.0"},{"userProfilePK":76018113,"deviceId":3401978503,"calendarDate":"2024-02-25","timestamp":"2024-02-25T10:32:58.0","altitudeAcclimationTimestamp":"2024-02-25T10:32:58.0","previousAltitudeAcclimationTimestamp":"2024-02-25T10:32:58.0","heatAcclimationTimestamp":"2024-02-25T10:32:58.0","previousHeatAcclimationTimestamp":"2024-02-25T10:32:58.0","altitudeAcclimation":0,"previousAltitudeAcclimation":0,"heatAcclimationPercentage":0,"previousHeatAcclimationPercentage":0,"altitudeAcclimationLocalTimestamp":"2024-02-25T11:32:58.0"},{"userProfilePK":76018113,"deviceId":3401978503,"calendarDate":"2024-02-26","timestamp":"2024-02-25T23:02:17.0","altitudeAcclimationTimestamp":"2024-02-25T23:02:17.0","previousAltitudeAcclimationTimestamp":"2024-02-25T23:02:17.0","heatAcclimationTimestamp":"2024-02-25T23:02:17.0","previousHeatAcclimationTimestamp":"2024-02-25T23:02:17.0","altitudeAcclimation":0,"previousAltitudeAcclimation":0,"heatAcclimationPercentage":0,"previousHeatAcclimationPercentage":0,"altitudeAcclimationLocalTimestamp":"2024-02-26T00:02:17.0"},{"userProfilePK":76018113,"deviceId":3401978503,"calendarDate":"2024-02-27","timestamp":"2024-02-26T23:02:20.0","altitudeAcclimationTimestamp":"2024-02-26T23:02:20.0","previousAltitudeAcclimationTimestamp":"2024-02-26T23:02:20.0","heatAcclimationTimestamp":"2024-02-26T23:02:20.0","previousHeatAcclimationTimestamp":"2024-02-26T23:02:20.0","altitudeAcclimation":0,"previousAltitudeAcclimation":0,"heatAcclimationPercentage":0,"previousHeatAcclimationPercentage":0,"altitudeAcclimationLocalTimestamp":"2024-02-27T00:02:20.0"},{"userProfilePK":76018113,"deviceId":3401978503,"calendarDate":"2024-02-27","timestamp":"2024-02-27T06:29:00.0","altitudeAcclimationTimestamp":"2024-02-27T06:29:00.0","previousAltitudeAcclimationTimestamp":"2024-02-27T06:29:00.0","heatAcclimationTimestamp":"2024-02-27T06:29:00.0","previousHeatAcclimationTimestamp":"2024-02-27T06:29:00.0","altitudeAcclimation":0,"previousAltitudeAcclimation":0,"heatAcclimationPercentage":0,"previousHeatAcclimationPercentage":0,"altitudeAcclimationLocalTimestamp":"2024-02-27T07:29:00.0"},{"userProfilePK":76018113,"deviceId":3401978503,"calendarDate":"2024-02-28","timestamp":"2024-02-27T23:02:21.0","altitudeAcclimationTimestamp":"2024-02-27T23:02:21.0","previousAltitudeAcclimationTimestamp":"2024-02-27T23:02:21.0","heatAcclimationTimestamp":"2024-02-27T23:02:21.0","previousHeatAcclimationTimestamp":"2024-02-27T23:02:21.0","altitudeAcclimation":0,"previousAltitudeAcclimation":0,"heatAcclimationPercentage":0,"previousHeatAcclimationPercentage":0,"altitudeAcclimationLocalTimestamp":"2024-02-28T00:02:21.0"},{"userProfilePK":76018113,"deviceId":3401978503,"calendarDate":"2024-02-28","timestamp":"2024-02-28T06:38:15.0","altitudeAcclimationTimestamp":"2024-02-28T06:38:15.0","previousAltitudeAcclimationTimestamp":"2024-02-28T06:38:15.0","heatAcclimationTimestamp":"2024-02-28T06:38:15.0","previousHeatAcclimationTimestamp":"2024-02-28T06:38:15.0","altitudeAcclimation":0,"previousAltitudeAcclimation":0,"heatAcclimationPercentage":0,"previousHeatAcclimationPercentage":0,"altitudeAcclimationLocalTimestamp":"2024-02-28T07:38:15.0"},{"userProfilePK":76018113,"deviceId":3401978503,"calendarDate":"2024-02-29","timestamp":"2024-02-28T23:02:26.0","altitudeAcclimationTimestamp":"2024-02-28T23:02:26.0","previousAltitudeAcclimationTimestamp":"2024-02-28T23:02:26.0","heatAcclimationTimestamp":"2024-02-28T23:02:26.0","previousHeatAcclimationTimestamp":"2024-02-28T23:02:26.0","altitudeAcclimation":0,"previousAltitudeAcclimation":0,"heatAcclimationPercentage":0,"previousHeatAcclimationPercentage":0,"altitudeAcclimationLocalTimestamp":"2024-02-29T00:02:26.0"},{"userProfilePK":76018113,"deviceId":3401978503,"calendarDate":"2024-02-29","timestamp":"2024-02-29T06:48:37.0","altitudeAcclimationTimestamp":"2024-02-29T06:48:37.0","previousAltitudeAcclimationTimestamp":"2024-02-29T06:48:37.0","heatAcclimationTimestamp":"2024-02-29T06:48:37.0","previousHeatAcclimationTimestamp":"2024-02-29T06:48:37.0","altitudeAcclimation":0,"previousAltitudeAcclimation":0,"heatAcclimationPercentage":0,"previousHeatAcclimationPercentage":0,"altitudeAcclimationLocalTimestamp":"2024-02-29T07:48:37.0"},{"userProfilePK":76018113,"deviceId":3401978503,"calendarDate":"2024-03-01","timestamp":"2024-02-29T23:02:27.0","altitudeAcclimationTimestamp":"2024-02-29T23:02:27.0","previousAltitudeAcclimationTimestamp":"2024-02-29T23:02:27.0","heatAcclimationTimestamp":"2024-02-29T23:02:27.0","previousHeatAcclimationTimestamp":"2024-02-29T23:02:27.0","altitudeAcclimation":0,"previousAltitudeAcclimation":0,"heatAcclimationPercentage":0,"previousHeatAcclimationPercentage":0,"altitudeAcclimationLocalTimestamp":"2024-03-01T00:02:27.0"},{"userProfilePK":76018113,"deviceId":3401978503,"calendarDate":"2024-03-01","timestamp":"2024-03-01T06:53:35.0","altitudeAcclimationTimestamp":"2024-03-01T06:53:35.0","previousAltitudeAcclimationTimestamp":"2024-03-01T06:53:35.0","heatAcclimationTimestamp":"2024-03-01T06:53:35.0","previousHeatAcclimationTimestamp":"2024-03-01T06:53:35.0","altitudeAcclimation":0,"previousAltitudeAcclimation":0,"heatAcclimationPercentage":0,"previousHeatAcclimationPercentage":0,"altitudeAcclimationLocalTimestamp":"2024-03-01T07:53:35.0"},{"userProfilePK":76018113,"deviceId":3401978503,"calendarDate":"2024-03-02","timestamp":"2024-03-01T23:02:30.0","altitudeAcclimationTimestamp":"2024-03-01T23:02:30.0","previousAltitudeAcclimationTimestamp":"2024-03-01T23:02:30.0","heatAcclimationTimestamp":"2024-03-01T23:02:30.0","previousHeatAcclimationTimestamp":"2024-03-01T23:02:30.0","altitudeAcclimation":0,"previousAltitudeAcclimation":0,"heatAcclimationPercentage":0,"previousHeatAcclimationPercentage":0,"altitudeAcclimationLocalTimestamp":"2024-03-02T00:02:30.0"},{"userProfilePK":76018113,"deviceId":3401978503,"calendarDate":"2024-03-03","timestamp":"2024-03-02T23:02:31.0","altitudeAcclimationTimestamp":"2024-03-02T23:02:31.0","previousAltitudeAcclimationTimestamp":"2024-03-02T23:02:31.0","heatAcclimationTimestamp":"2024-03-02T23:02:31.0","previousHeatAcclimationTimestamp":"2024-03-02T23:02:31.0","altitudeAcclimation":0,"previousAltitudeAcclimation":0,"heatAcclimationPercentage":0,"previousHeatAcclimationPercentage":0,"altitudeAcclimationLocalTimestamp":"2024-03-03T00:02:31.0"},{"userProfilePK":76018113,"deviceId":3401978503,"calendarDate":"2024-03-03","timestamp":"2024-03-03T17:56:19.0","altitudeAcclimationTimestamp":"2024-03-03T17:56:19.0","previousAltitudeAcclimationTimestamp":"2024-03-03T17:56:19.0","heatAcclimationTimestamp":"2024-03-03T17:56:19.0","previousHeatAcclimationTimestamp":"2024-03-03T17:56:19.0","altitudeAcclimation":0,"previousAltitudeAcclimation":0,"heatAcclimationPercentage":0,"previousHeatAcclimationPercentage":0,"altitudeAcclimationLocalTimestamp":"2024-03-03T18:56:19.0"},{"userProfilePK":76018113,"deviceId":3401978503,"calendarDate":"2024-03-04","timestamp":"2024-03-03T23:02:33.0","altitudeAcclimationTimestamp":"2024-03-03T23:02:33.0","previousAltitudeAcclimationTimestamp":"2024-03-03T23:02:33.0","heatAcclimationTimestamp":"2024-03-03T23:02:33.0","previousHeatAcclimationTimestamp":"2024-03-03T23:02:33.0","altitudeAcclimation":0,"previousAltitudeAcclimation":0,"heatAcclimationPercentage":0,"previousHeatAcclimationPercentage":0,"altitudeAcclimationLocalTimestamp":"2024-03-04T00:02:33.0"},{"userProfilePK":76018113,"deviceId":3401978503,"calendarDate":"2024-03-05","timestamp":"2024-03-04T23:02:35.0","altitudeAcclimationTimestamp":"2024-03-04T23:02:35.0","previousAltitudeAcclimationTimestamp":"2024-03-04T23:02:35.0","heatAcclimationTimestamp":"2024-03-04T23:02:35.0","previousHeatAcclimationTimestamp":"2024-03-04T23:02:35.0","altitudeAcclimation":0,"previousAltitudeAcclimation":0,"heatAcclimationPercentage":0,"previousHeatAcclimationPercentage":0,"altitudeAcclimationLocalTimestamp":"2024-03-05T00:02:35.0"},{"userProfilePK":76018113,"deviceId":3401978503,"calendarDate":"2024-03-06","timestamp":"2024-03-05T23:02:36.0","altitudeAcclimationTimestamp":"2024-03-05T23:02:36.0","previousAltitudeAcclimationTimestamp":"2024-03-05T23:02:36.0","heatAcclimationTimestamp":"2024-03-05T23:02:36.0","previousHeatAcclimationTimestamp":"2024-03-05T23:02:36.0","altitudeAcclimation":0,"previousAltitudeAcclimation":0,"heatAcclimationPercentage":0,"previousHeatAcclimationPercentage":0,"altitudeAcclimationLocalTimestamp":"2024-03-06T00:02:36.0"},{"userProfilePK":76018113,"deviceId":3401978503,"calendarDate":"2024-03-06","timestamp":"2024-03-06T06:45:40.0","altitudeAcclimationTimestamp":"2024-03-06T06:45:40.0","previousAltitudeAcclimationTimestamp":"2024-03-06T06:45:40.0","heatAcclimationTimestamp":"2024-03-06T06:45:40.0","previousHeatAcclimationTimestamp":"2024-03-06T06:45:40.0","altitudeAcclimation":0,"previousAltitudeAcclimation":0,"heatAcclimationPercentage":0,"previousHeatAcclimationPercentage":0,"altitudeAcclimationLocalTimestamp":"2024-03-06T07:45:40.0"},{"userProfilePK":76018113,"deviceId":3401978503,"calendarDate":"2024-03-07","timestamp":"2024-03-06T23:02:39.0","altitudeAcclimationTimestamp":"2024-03-06T23:02:39.0","previousAltitudeAcclimationTimestamp":"2024-03-06T23:02:39.0","heatAcclimationTimestamp":"2024-03-06T23:02:39.0","previousHeatAcclimationTimestamp":"2024-03-06T23:02:39.0","altitudeAcclimation":0,"previousAltitudeAcclimation":0,"heatAcclimationPercentage":0,"previousHeatAcclimationPercentage":0,"altitudeAcclimationLocalTimestamp":"2024-03-07T00:02:39.0"},{"userProfilePK":76018113,"deviceId":3401978503,"calendarDate":"2024-03-08","timestamp":"2024-03-07T23:02:40.0","altitudeAcclimationTimestamp":"2024-03-07T23:02:40.0","previousAltitudeAcclimationTimestamp":"2024-03-07T23:02:40.0","heatAcclimationTimestamp":"2024-03-07T23:02:40.0","previousHeatAcclimationTimestamp":"2024-03-07T23:02:40.0","altitudeAcclimation":0,"previousAltitudeAcclimation":0,"heatAcclimationPercentage":0,"previousHeatAcclimationPercentage":0,"altitudeAcclimationLocalTimestamp":"2024-03-08T00:02:40.0"},{"userProfilePK":76018113,"deviceId":3401978503,"calendarDate":"2024-03-09","timestamp":"2024-03-08T23:02:41.0","altitudeAcclimationTimestamp":"2024-03-08T23:02:41.0","previousAltitudeAcclimationTimestamp":"2024-03-08T23:02:41.0","heatAcclimationTimestamp":"2024-03-08T23:02:41.0","previousHeatAcclimationTimestamp":"2024-03-08T23:02:41.0","altitudeAcclimation":0,"previousAltitudeAcclimation":0,"heatAcclimationPercentage":0,"previousHeatAcclimationPercentage":0,"altitudeAcclimationLocalTimestamp":"2024-03-09T00:02:41.0"},{"userProfilePK":76018113,"deviceId":3401978503,"calendarDate":"2024-03-09","timestamp":"2024-03-09T09:35:06.0","altitudeAcclimationTimestamp":"2024-03-09T09:35:06.0","previousAltitudeAcclimationTimestamp":"2024-03-09T09:35:06.0","heatAcclimationTimestamp":"2024-03-09T09:35:06.0","previousHeatAcclimationTimestamp":"2024-03-09T09:35:06.0","altitudeAcclimation":0,"previousAltitudeAcclimation":0,"heatAcclimationPercentage":0,"previousHeatAcclimationPercentage":0,"altitudeAcclimationLocalTimestamp":"2024-03-09T10:35:06.0"},{"userProfilePK":76018113,"deviceId":3401978503,"calendarDate":"2024-03-10","timestamp":"2024-03-09T23:02:44.0","altitudeAcclimationTimestamp":"2024-03-09T23:02:44.0","previousAltitudeAcclimationTimestamp":"2024-03-09T23:02:44.0","heatAcclimationTimestamp":"2024-03-09T23:02:44.0","previousHeatAcclimationTimestamp":"2024-03-09T23:02:44.0","altitudeAcclimation":0,"previousAltitudeAcclimation":0,"heatAcclimationPercentage":0,"previousHeatAcclimationPercentage":0,"altitudeAcclimationLocalTimestamp":"2024-03-10T00:02:44.0"},{"userProfilePK":76018113,"deviceId":3401978503,"calendarDate":"2024-03-10","timestamp":"2024-03-10T10:48:21.0","altitudeAcclimationTimestamp":"2024-03-10T10:48:21.0","previousAltitudeAcclimationTimestamp":"2024-03-10T10:48:21.0","heatAcclimationTimestamp":"2024-03-10T10:48:21.0","previousHeatAcclimationTimestamp":"2024-03-10T10:48:21.0","altitudeAcclimation":0,"previousAltitudeAcclimation":0,"heatAcclimationPercentage":0,"previousHeatAcclimationPercentage":0,"altitudeAcclimationLocalTimestamp":"2024-03-10T11:48:21.0"},{"userProfilePK":76018113,"deviceId":3401978503,"calendarDate":"2024-03-11","timestamp":"2024-03-10T23:02:50.0","altitudeAcclimationTimestamp":"2024-03-10T23:02:50.0","previousAltitudeAcclimationTimestamp":"2024-03-10T23:02:50.0","heatAcclimationTimestamp":"2024-03-10T23:02:50.0","previousHeatAcclimationTimestamp":"2024-03-10T23:02:50.0","altitudeAcclimation":0,"previousAltitudeAcclimation":0,"heatAcclimationPercentage":0,"previousHeatAcclimationPercentage":0,"altitudeAcclimationLocalTimestamp":"2024-03-11T00:02:50.0"}]