[{"userProfilePK":76018113,"deviceId":3401978503,"calendarDate":"2023-02-05","timestamp":"2023-02-04T23:02:59.0","altitudeAcclimationTimestamp":"2023-02-04T23:02:59.0","previousAltitudeAcclimationTimestamp":"2023-02-04T23:02:59.0","heatAcclimationTimestamp":"2023-02-04T23:02:59.0","previousHeatAcclimationTimestamp":"2023-02-04T23:02:59.0","altitudeAcclimation":0,"previousAltitudeAcclimation":0,"heatAcclimationPercentage":0,"previousHeatAcclimationPercentage":0},{"userProfilePK":76018113,"deviceId":3401978503,"calendarDate":"2023-02-05","timestamp":"2023-02-05T09:41:31.0","altitudeAcclimationTimestamp":"2023-02-05T09:41:31.0","previousAltitudeAcclimationTimestamp":"2023-02-05T09:41:31.0","heatAcclimationTimestamp":"2023-02-05T09:41:31.0","previousHeatAcclimationTimestamp":"2023-02-05T09:41:31.0","altitudeAcclimation":0,"previousAltitudeAcclimation":0,"heatAcclimationPercentage":0,"previousHeatAcclimationPercentage":0},{"userProfilePK":76018113,"deviceId":3401978503,"calendarDate":"2023-02-06","timestamp":"2023-02-05T23:03:01.0","altitudeAcclimationTimestamp":"2023-02-05T23:03:01.0","previousAltitudeAcclimationTimestamp":"2023-02-05T23:03:01.0","heatAcclimationTimestamp":"2023-02-05T23:03:01.0","previousHeatAcclimationTimestamp":"2023-02-05T23:03:01.0","altitudeAcclimation":0,"previousAltitudeAcclimation":0,"heatAcclimationPercentage":0,"previousHeatAcclimationPercentage":0},{"userProfilePK":76018113,"deviceId":3401978503,"calendarDate":"2023-02-06","timestamp":"2023-02-06T07:29:14.0","altitudeAcclimationTimestamp":"2023-02-06T07:29:14.0","previousAltitudeAcclimationTimestamp":"2023-02-06T07:29:14.0","heatAcclimationTimestamp":"2023-02-06T07:29:14.0","previousHeatAcclimationTimestamp":"2023-02-06T07:29:14.0","altitudeAcclimation":0,"previousAltitudeAcclimation":0,"heatAcclimationPercentage":0,"previousHeatAcclimationPercentage":0},{"userProfilePK":76018113,"deviceId":3401978503,"calendarDate":"2023-02-07","timestamp":"2023-02-06T23:03:03.0","altitudeAcclimationTimestamp":"2023-02-06T23:03:03.0","previousAltitudeAcclimationTimestamp":"2023-02-06T23:03:03.0","heatAcclimationTimestamp":"2023-02-06T23:03:03.0","previousHeatAcclimationTimestamp":"2023-02-06T23:03:03.0","altitudeAcclimation":0,"previousAltitudeAcclimation":0,"heatAcclimationPercentage":0,"previousHeatAcclimationPercentage":0},{"userProfilePK":76018113,"deviceId":3401978503,"calendarDate":"2023-02-08","timestamp":"2023-02-07T23:03:06.0","altitudeAcclimationTimestamp":"2023-02-07T23:03:06.0","previousAltitudeAcclimationTimestamp":"2023-02-07T23:03:06.0","heatAcclimationTimestamp":"2023-02-07T23:03:06.0","previousHeatAcclimationTimestamp":"2023-02-07T23:03:06.0","altitudeAcclimation":0,"previousAltitudeAcclimation":0,"heatAcclimationPercentage":0,"previousHeatAcclimationPercentage":0},{"userProfilePK":76018113,"deviceId":3401978503,"calendarDate":"2023-02-08","timestamp":"2023-02-08T06:30:21.0","altitudeAcclimationTimestamp":"2023-02-08T06:30:21.0","previousAltitudeAcclimationTimestamp":"2023-02-08T06:30:21.0","heatAcclimationTimestamp":"2023-02-08T06:30:21.0","previousHeatAcclimationTimestamp":"2023-02-08T06:30:21.0","altitudeAcclimation":0,"previousAltitudeAcclimation":0,"heatAcclimationPercentage":0,"previousHeatAcclimationPercentage":0},{"userProfilePK":76018113,"deviceId":3401978503,"calendarDate":"2023-02-09","timestamp":"2023-02-08T23:03:11.0","altitudeAcclimationTimestamp":"2023-02-08T23:03:11.0","previousAltitudeAcclimationTimestamp":"2023-02-08T23:03:11.0","heatAcclimationTimestamp":"2023-02-08T23:03:11.0","previousHeatAcclimationTimestamp":"2023-02-08T23:03:11.0","altitudeAcclimation":0,"previousAltitudeAcclimation":0,"heatAcclimationPercentage":0,"previousHeatAcclimationPercentage":0},{"userProfilePK":76018113,"deviceId":3401978503,"calendarDate":"2023-02-10","timestamp":"2023-02-09T23:03:13.0","altitudeAcclimationTimestamp":"2023-02-09T23:03:13.0","previousAltitudeAcclimationTimestamp":"2023-02-09T23:03:13.0","heatAcclimationTimestamp":"2023-02-09T23:03:13.0","previousHeatAcclimationTimestamp":"2023-02-09T23:03:13.0","altitudeAcclimation":0,"previousAltitudeAcclimation":0,"heatAcclimationPercentage":0,"previousHeatAcclimationPercentage":0},{"userProfilePK":76018113,"deviceId":3401978503,"calendarDate":"2023-02-10","timestamp":"2023-02-10T07:20:53.0","altitudeAcclimationTimestamp":"2023-02-10T07:20:53.0","previousAltitudeAcclimationTimestamp":"2023-02-10T07:20:53.0","heatAcclimationTimestamp":"2023-02-10T07:20:53.0","previousHeatAcclimationTimestamp":"2023-02-10T07:20:53.0","altitudeAcclimation":0,"previousAltitudeAcclimation":0,"heatAcclimationPercentage":0,"previousHeatAcclimationPercentage":0},{"userProfilePK":76018113,"deviceId":3401978503,"calendarDate":"2023-02-11","timestamp":"2023-02-10T23:03:17.0","altitudeAcclimationTimestamp":"2023-02-10T23:03:17.0","previousAltitudeAcclimationTimestamp":"2023-02-10T23:03:17.0","heatAcclimationTimestamp":"2023-02-10T23:03:17.0","previousHeatAcclimationTimestamp":"2023-02-10T23:03:17.0","altitudeAcclimation":0,"previousAltitudeAcclimation":0,"heatAcclimationPercentage":0,"previousHeatAcclimationPercentage":0},{"userProfilePK":76018113,"deviceId":3401978503,"calendarDate":"2023-02-11","timestamp":"2023-02-11T08:50:31.0","altitudeAcclimationTimestamp":"2023-02-11T08:50:31.0","previousAltitudeAcclimationTimestamp":"2023-02-11T08:50:31.0","heatAcclimationTimestamp":"2023-02-11T08:50:31.0","previousHeatAcclimationTimestamp":"2023-02-11T08:50:31.0","altitudeAcclimation":0,"previousAltitudeAcclimation":0,"heatAcclimationPercentage":0,"previousHeatAcclimationPercentage":0},{"userProfilePK":76018113,"deviceId":3401978503,"calendarDate":"2023-02-12","timestamp":"2023-02-11T23:03:18.0","altitudeAcclimationTimestamp":"2023-02-11T23:03:18.0","previousAltitudeAcclimationTimestamp":"2023-02-11T23:03:18.0","heatAcclimationTimestamp":"2023-02-11T23:03:18.0","previousHeatAcclimationTimestamp":"2023-02-11T23:03:18.0","altitudeAcclimation":0,"previousAltitudeAcclimation":0,"heatAcclimationPercentage":0,"previousHeatAcclimationPercentage":0},{"userProfilePK":76018113,"deviceId":3401978503,"calendarDate":"2023-02-12","timestamp":"2023-02-12T09:24:45.0","altitudeAcclimationTimestamp":"2023-02-12T09:24:45.0","previousAltitudeAcclimationTimestamp":"2023-02-12T09:24:45.0","heatAcclimationTimestamp":"2023-02-12T09:24:45.0","previousHeatAcclimationTimestamp":"2023-02-12T09:24:45.0","altitudeAcclimation":0,"previousAltitudeAcclimation":0,"heatAcclimationPercentage":0,"previousHeatAcclimationPercentage":0},{"userProfilePK":76018113,"deviceId":3401978503,"calendarDate":"2023-02-13","timestamp":"2023-02-12T23:03:22.0","altitudeAcclimationTimestamp":"2023-02-12T23:03:22.0","previousAltitudeAcclimationTimestamp":"2023-02-12T23:03:22.0","heatAcclimationTimestamp":"2023-02-12T23:03:22.0","previousHeatAcclimationTimestamp":"2023-02-12T23:03:22.0","altitudeAcclimation":0,"previousAltitudeAcclimation":0,"heatAcclimationPercentage":0,"previousHeatAcclimationPercentage":0},{"userProfilePK":76018113,"deviceId":3401978503,"calendarDate":"2023-02-14","timestamp":"2023-02-13T23:03:26.0","altitudeAcclimationTimestamp":"2023-02-13T23:03:26.0","previousAltitudeAcclimationTimestamp":"2023-02-13T23:03:26.0","heatAcclimationTimestamp":"2023-02-13T23:03:26.0","previousHeatAcclimationTimestamp":"2023-02-13T23:03:26.0","altitudeAcclimation":0,"previousAltitudeAcclimation":0,"heatAcclimationPercentage":0,"previousHeatAcclimationPercentage":0},{"userProfilePK":76018113,"deviceId":3401978503,"calendarDate":"2023-02-14","timestamp":"2023-02-14T06:49:11.0","altitudeAcclimationTimestamp":"2023-02-14T06:49:11.0","previousAltitudeAcclimationTimestamp":"2023-02-14T06:49:11.0","heatAcclimationTimestamp":"2023-02-14T06:49:11.0","previousHeatAcclimationTimestamp":"2023-02-14T06:49:11.0","altitudeAcclimation":0,"previousAltitudeAcclimation":0,"heatAcclimationPercentage":0,"previousHeatAcclimationPercentage":0},{"userProfilePK":76018113,"deviceId":3401978503,"calendarDate":"2023-02-15","timestamp":"2023-02-14T23:03:30.0","altitudeAcclimationTimestamp":"2023-02-14T23:03:30.0","previousAltitudeAcclimationTimestamp":"2023-02-14T23:03:30.0","heatAcclimationTimestamp":"2023-02-14T23:03:30.0","previousHeatAcclimationTimestamp":"2023-02-14T23:03:30.0","altitudeAcclimation":0,"previousAltitudeAcclimation":0,"heatAcclimationPercentage":0,"previousHeatAcclimationPercentage":0},{"userProfilePK":76018113,"deviceId":3401978503,"calendarDate":"2023-02-16","timestamp":"2023-02-15T23:03:34.0","altitudeAcclimationTimestamp":"2023-02-15T23:03:34.0","previousAltitudeAcclimationTimestamp":"2023-02-15T23:03:34.0","heatAcclimationTimestamp":"2023-02-15T23:03:34.0","previousHeatAcclimationTimestamp":"2023-02-15T23:03:34.0","altitudeAcclimation":0,"previousAltitudeAcclimation":0,"heatAcclimationPercentage":0,"previousHeatAcclimationPercentage":0},{"userProfilePK":76018113,"deviceId":3401978503,"calendarDate":"2023-02-16","timestamp":"2023-02-16T07:04:38.0","altitudeAcclimationTimestamp":"2023-02-16T07:04:38.0","previousAltitudeAcclimationTimestamp":"2023-02-16T07:04:38.0","heatAcclimationTimestamp":"2023-02-16T07:04:38.0","previousHeatAcclimationTimestamp":"2023-02-16T07:04:38.0","altitudeAcclimation":0,"previousAltitudeAcclimation":0,"heatAcclimationPercentage":0,"previousHeatAcclimationPercentage":0},{"userProfilePK":76018113,"deviceId":3401978503,"calendarDate":"2023-02-17","timestamp":"2023-02-16T23:03:38.0","altitudeAcclimationTimestamp":"2023-02-16T23:03:38.0","previousAltitudeAcclimationTimestamp":"2023-02-16T23:03:38.0","heatAcclimationTimestamp":"2023-02-16T23:03:38.0","previousHeatAcclimationTimestamp":"2023-02-16T23:03:38.0","altitudeAcclimation":0,"previousAltitudeAcclimation":0,"heatAcclimationPercentage":0,"previousHeatAcclimationPercentage":0},{"userProfilePK":76018113,"deviceId":3401978503,"calendarDate":"2023-02-18","timestamp":"2023-02-17T23:03:41.0","altitudeAcclimationTimestamp":"2023-02-17T23:03:41.0","previousAltitudeAcclimationTimestamp":"2023-02-17T23:03:41.0","heatAcclimationTimestamp":"2023-02-17T23:03:41.0","previousHeatAcclimationTimestamp":"2023-02-17T23:03:41.0","altitudeAcclimation":0,"previousAltitudeAcclimation":0,"heatAcclimationPercentage":0,"previousHeatAcclimationPercentage":0},{"userProfilePK":76018113,"deviceId":3401978503,"calendarDate":"2023-02-19","timestamp":"2023-02-18T23:03:45.0","altitudeAcclimationTimestamp":"2023-02-18T23:03:45.0","previousAltitudeAcclimationTimestamp":"2023-02-18T23:03:45.0","heatAcclimationTimestamp":"2023-02-18T23:03:45.0","previousHeatAcclimationTimestamp":"2023-02-18T23:03:45.0","altitudeAcclimation":0,"previousAltitudeAcclimation":0,"heatAcclimationPercentage":0,"previousHeatAcclimationPercentage":0},{"userProfilePK":76018113,"deviceId":3401978503,"calendarDate":"2023-02-19","timestamp":"2023-02-19T11:31:29.0","altitudeAcclimationTimestamp":"2023-02-19T11:31:29.0","previousAltitudeAcclimationTimestamp":"2023-02-19T11:31:29.0","heatAcclimationTimestamp":"2023-02-19T11:31:29.0","previousHeatAcclimationTimestamp":"2023-02-19T11:31:29.0","altitudeAcclimation":0,"previousAltitudeAcclimation":0,"heatAcclimationPercentage":0,"previousHeatAcclimationPercentage":0},{"userProfilePK":76018113,"deviceId":3401978503,"calendarDate":"2023-02-20","timestamp":"2023-02-19T23:03:48.0","altitudeAcclimationTimestamp":"2023-02-19T23:03:48.0","previousAltitudeAcclimationTimestamp":"2023-02-19T23:03:48.0","heatAcclimationTimestamp":"2023-02-19T23:03:48.0","previousHeatAcclimationTimestamp":"2023-02-19T23:03:48.0","altitudeAcclimation":0,"previousAltitudeAcclimation":0,"heatAcclimationPercentage":0,"previousHeatAcclimationPercentage":0},{"userProfilePK":76018113,"deviceId":3401978503,"calendarDate":"2023-02-21","timestamp":"2023-02-20T23:03:52.0","altitudeAcclimationTimestamp":"2023-02-20T23:03:52.0","previousAltitudeAcclimationTimestamp":"2023-02-20T23:03:52.0","heatAcclimationTimestamp":"2023-02-20T23:03:52.0","previousHeatAcclimationTimestamp":"2023-02-20T23:03:52.0","altitudeAcclimation":0,"previousAltitudeAcclimation":0,"heatAcclimationPercentage":0,"previousHeatAcclimationPercentage":0},{"userProfilePK":76018113,"deviceId":3401978503,"calendarDate":"2023-02-22","timestamp":"2023-02-21T23:03:56.0","altitudeAcclimationTimestamp":"2023-02-21T23:03:56.0","previousAltitudeAcclimationTimestamp":"2023-02-21T23:03:56.0","heatAcclimationTimestamp":"2023-02-21T23:03:56.0","previousHeatAcclimationTimestamp":"2023-02-21T23:03:56.0","altitudeAcclimation":0,"previousAltitudeAcclimation":0,"heatAcclimationPercentage":0,"previousHeatAcclimationPercentage":0,"altitudeAcclimationLocalTimestamp":"2023-02-21T23:03:59.600"},{"userProfilePK":76018113,"deviceId":3401978503,"calendarDate":"2023-02-23","timestamp":"2023-02-22T23:04:00.0","altitudeAcclimationTimestamp":"2023-02-22T23:04:00.0","previousAltitudeAcclimationTimestamp":"2023-02-22T23:04:00.0","heatAcclimationTimestamp":"2023-02-22T23:04:00.0","previousHeatAcclimationTimestamp":"2023-02-22T23:04:00.0","altitudeAcclimation":0,"previousAltitudeAcclimation":0,"heatAcclimationPercentage":0,"previousHeatAcclimationPercentage":0,"altitudeAcclimationLocalTimestamp":"2023-02-22T23:04:03.600"},{"userProfilePK":76018113,"deviceId":3401978503,"calendarDate":"2023-02-24","timestamp":"2023-02-23T23:04:05.0","altitudeAcclimationTimestamp":"2023-02-23T23:04:05.0","previousAltitudeAcclimationTimestamp":"2023-02-23T23:04:05.0","heatAcclimationTimestamp":"2023-02-23T23:04:05.0","previousHeatAcclimationTimestamp":"2023-02-23T23:04:05.0","altitudeAcclimation":0,"previousAltitudeAcclimation":0,"heatAcclimationPercentage":0,"previousHeatAcclimationPercentage":0,"altitudeAcclimationLocalTimestamp":"2023-02-23T23:04:08.600"},{"userProfilePK":76018113,"deviceId":3401978503,"calendarDate":"2023-02-25","timestamp":"2023-02-24T23:04:08.0","altitudeAcclimationTimestamp":"2023-02-24T23:04:08.0","previousAltitudeAcclimationTimestamp":"2023-02-24T23:04:08.0","heatAcclimationTimestamp":"2023-02-24T23:04:08.0","previousHeatAcclimationTimestamp":"2023-02-24T23:04:08.0","altitudeAcclimation":0,"previousAltitudeAcclimation":0,"heatAcclimationPercentage":0,"previousHeatAcclimationPercentage":0,"altitudeAcclimationLocalTimestamp":"2023-02-24T23:04:11.600"},{"userProfilePK":76018113,"deviceId":3401978503,"calendarDate":"2023-02-26","timestamp":"2023-02-25T23:04:12.0","altitudeAcclimationTimestamp":"2023-02-25T23:04:12.0","previousAltitudeAcclimationTimestamp":"2023-02-25T23:04:12.0","heatAcclimationTimestamp":"2023-02-25T23:04:12.0","previousHeatAcclimationTimestamp":"2023-02-25T23:04:12.0","altitudeAcclimation":0,"previousAltitudeAcclimation":0,"heatAcclimationPercentage":0,"previousHeatAcclimationPercentage":0,"altitudeAcclimationLocalTimestamp":"2023-02-25T23:04:15.600"},{"userProfilePK":76018113,"deviceId":3401978503,"calendarDate":"2023-02-27","timestamp":"2023-02-26T23:04:15.0","altitudeAcclimationTimestamp":"2023-02-26T23:04:15.0","previousAltitudeAcclimationTimestamp":"2023-02-26T23:04:15.0","heatAcclimationTimestamp":"2023-02-26T23:04:15.0","previousHeatAcclimationTimestamp":"2023-02-26T23:04:15.0","altitudeAcclimation":0,"previousAltitudeAcclimation":0,"heatAcclimationPercentage":0,"previousHeatAcclimationPercentage":0,"altitudeAcclimationLocalTimestamp":"2023-02-26T23:04:18.600"},{"userProfilePK":76018113,"deviceId":3401978503,"calendarDate":"2023-02-28","timestamp":"2023-02-27T23:04:15.0","altitudeAcclimationTimestamp":"2023-02-27T23:04:15.0","previousAltitudeAcclimationTimestamp":"2023-02-27T23:04:15.0","heatAcclimationTimestamp":"2023-02-27T23:04:15.0","previousHeatAcclimationTimestamp":"2023-02-27T23:04:15.0","altitudeAcclimation":0,"previousAltitudeAcclimation":0,"heatAcclimationPercentage":0,"previousHeatAcclimationPercentage":0,"altitudeAcclimationLocalTimestamp":"2023-02-27T23:04:18.600"},{"userProfilePK":76018113,"deviceId":3401978503,"calendarDate":"2023-02-28","timestamp":"2023-02-28T06:57:14.0","altitudeAcclimationTimestamp":"2023-02-28T06:57:14.0","previousAltitudeAcclimationTimestamp":"2023-02-28T06:57:14.0","heatAcclimationTimestamp":"2023-02-28T06:57:14.0","previousHeatAcclimationTimestamp":"2023-02-28T06:57:14.0","altitudeAcclimation":0,"previousAltitudeAcclimation":0,"heatAcclimationPercentage":0,"previousHeatAcclimationPercentage":0,"altitudeAcclimationLocalTimestamp":"2023-02-28T06:57:17.600"},{"userProfilePK":76018113,"deviceId":3401978503,"calendarDate":"2023-03-01","timestamp":"2023-02-28T23:04:21.0","altitudeAcclimationTimestamp":"2023-02-28T23:04:21.0","previousAltitudeAcclimationTimestamp":"2023-02-28T23:04:21.0","heatAcclimationTimestamp":"2023-02-28T23:04:21.0","previousHeatAcclimationTimestamp":"2023-02-28T23:04:21.0","altitudeAcclimation":0,"previousAltitudeAcclimation":0,"heatAcclimationPercentage":0,"previousHeatAcclimationPercentage":0,"altitudeAcclimationLocalTimestamp":"2023-02-28T23:04:24.600"},{"userProfilePK":76018113,"deviceId":3401978503,"calendarDate":"2023-03-02","timestamp":"2023-03-01T23:05:56.0","altitudeAcclimationTimestamp":"2023-03-01T23:05:56.0","previousAltitudeAcclimationTimestamp":"2023-03-01T23:05:56.0","heatAcclimationTimestamp":"2023-03-01T23:05:56.0","previousHeatAcclimationTimestamp":"2023-03-01T23:05:56.0","altitudeAcclimation":0,"previousAltitudeAcclimation":0,"heatAcclimationPercentage":0,"previousHeatAcclimationPercentage":0,"altitudeAcclimationLocalTimestamp":"2023-03-01T23:05:59.600"},{"userProfilePK":76018113,"deviceId":3401978503,"calendarDate":"2023-03-02","timestamp":"2023-03-02T06:57:12.0","altitudeAcclimationTimestamp":"2023-03-02T06:57:12.0","previousAltitudeAcclimationTimestamp":"2023-03-02T06:57:12.0","heatAcclimationTimestamp":"2023-03-02T06:57:12.0","previousHeatAcclimationTimestamp":"2023-03-02T06:57:12.0","altitudeAcclimation":0,"previousAltitudeAcclimation":0,"heatAcclimationPercentage":0,"previousHeatAcclimationPercentage":0,"altitudeAcclimationLocalTimestamp":"2023-03-02T06:57:15.600"},{"userProfilePK":76018113,"deviceId":3401978503,"calendarDate":"2023-03-03","timestamp":"2023-03-02T23:01:01.0","altitudeAcclimationTimestamp":"2023-03-02T23:01:01.0","previousAltitudeAcclimationTimestamp":"2023-03-02T23:01:01.0","heatAcclimationTimestamp":"2023-03-02T23:01:01.0","previousHeatAcclimationTimestamp":"2023-03-02T23:01:01.0","altitudeAcclimation":0,"previousAltitudeAcclimation":0,"heatAcclimationPercentage":0,"previousHeatAcclimationPercentage":0,"altitudeAcclimationLocalTimestamp":"2023-03-02T23:01:04.600"},{"userProfilePK":76018113,"deviceId":3401978503,"calendarDate":"2023-03-03","timestamp":"2023-03-03T07:11:03.0","altitudeAcclimationTimestamp":"2023-03-03T07:11:03.0","previousAltitudeAcclimationTimestamp":"2023-03-03T07:11:03.0","heatAcclimationTimestamp":"2023-03-03T07:11:03.0","previousHeatAcclimationTimestamp":"2023-03-03T07:11:03.0","altitudeAcclimation":0,"previousAltitudeAcclimation":0,"heatAcclimationPercentage":0,"previousHeatAcclimationPercentage":0,"altitudeAcclimationLocalTimestamp":"2023-03-03T07:11:06.600"},{"userProfilePK":76018113,"deviceId":3401978503,"calendarDate":"2023-03-04","timestamp":"2023-03-03T23:01:04.0","altitudeAcclimationTimestamp":"2023-03-03T23:01:04.0","previousAltitudeAcclimationTimestamp":"2023-03-03T23:01:04.0","heatAcclimationTimestamp":"2023-03-03T23:01:04.0","previousHeatAcclimationTimestamp":"2023-03-03T23:01:04.0","altitudeAcclimation":0,"previousAltitudeAcclimation":0,"heatAcclimationPercentage":0,"previousHeatAcclimationPercentage":0,"altitudeAcclimationLocalTimestamp":"2023-03-03T23:01:07.600"},{"userProfilePK":76018113,"deviceId":3401978503,"calendarDate":"2023-03-05","timestamp":"2023-03-04T23:01:07.0","altitudeAcclimationTimestamp":"2023-03-04T23:01:07.0","previousAltitudeAcclimationTimestamp":"2023-03-04T23:01:07.0","heatAcclimationTimestamp":"2023-03-04T23:01:07.0","previousHeatAcclimationTimestamp":"2023-03-04T23:01:07.0","altitudeAcclimation":0,"previousAltitudeAcclimation":0,"heatAcclimationPercentage":0,"previousHeatAcclimationPercentage":0,"altitudeAcclimationLocalTimestamp":"2023-03-04T23:01:10.600"},{"userProfilePK":76018113,"deviceId":3401978503,"calendarDate":"2023-03-05","timestamp":"2023-03-05T11:53:19.0","altitudeAcclimationTimestamp":"2023-03-05T11:53:19.0","previousAltitudeAcclimationTimestamp":"2023-03-05T11:53:19.0","heatAcclimationTimestamp":"2023-03-05T11:53:19.0","previousHeatAcclimationTimestamp":"2023-03-05T11:53:19.0","altitudeAcclimation":0,"previousAltitudeAcclimation":0,"heatAcclimationPercentage":0,"previousHeatAcclimationPercentage":0,"altitudeAcclimationLocalTimestamp":"2023-03-05T11:53:22.600"},{"userProfilePK":76018113,"deviceId":3401978503,"calendarDate":"2023-03-06","timestamp":"2023-03-05T23:01:12.0","altitudeAcclimationTimestamp":"2023-03-05T23:01:12.0","previousAltitudeAcclimationTimestamp":"2023-03-05T23:01:12.0","heatAcclimationTimestamp":"2023-03-05T23:01:12.0","previousHeatAcclimationTimestamp":"2023-03-05T23:01:12.0","altitudeAcclimation":0,"previousAltitudeAcclimation":0,"heatAcclimationPercentage":0,"previousHeatAcclimationPercentage":0,"altitudeAcclimationLocalTimestamp":"2023-03-05T23:01:15.600"},{"userProfilePK":76018113,"deviceId":3401978503,"calendarDate":"2023-03-06","timestamp":"2023-03-06T22:28:54.0","altitudeAcclimationTimestamp":"2023-03-06T22:28:54.0","previousAltitudeAcclimationTimestamp":"2023-03-06T22:28:54.0","heatAcclimationTimestamp":"2023-03-06T22:28:54.0","previousHeatAcclimationTimestamp":"2023-03-06T22:28:54.0","altitudeAcclimation":0,"previousAltitudeAcclimation":0,"heatAcclimationPercentage":0,"previousHeatAcclimationPercentage":0,"altitudeAcclimationLocalTimestamp":"2023-03-06T22:28:57.600"},{"userProfilePK":76018113,"deviceId":3401978503,"calendarDate":"2023-03-07","timestamp":"2023-03-06T23:01:16.0","altitudeAcclimationTimestamp":"2023-03-06T23:01:16.0","previousAltitudeAcclimationTimestamp":"2023-03-06T23:01:16.0","heatAcclimationTimestamp":"2023-03-06T23:01:16.0","previousHeatAcclimationTimestamp":"2023-03-06T23:01:16.0","altitudeAcclimation":0,"previousAltitudeAcclimation":0,"heatAcclimationPercentage":0,"previousHeatAcclimationPercentage":0,"altitudeAcclimationLocalTimestamp":"2023-03-06T23:01:19.600"},{"userProfilePK":76018113,"deviceId":3401978503,"calendarDate":"2023-03-08","timestamp":"2023-03-07T23:01:21.0","altitudeAcclimationTimestamp":"2023-03-07T23:01:21.0","previousAltitudeAcclimationTimestamp":"2023-03-07T23:01:21.0","heatAcclimationTimestamp":"2023-03-07T23:01:21.0","previousHeatAcclimationTimestamp":"2023-03-07T23:01:21.0","altitudeAcclimation":0,"previousAltitudeAcclimation":0,"heatAcclimationPercentage":0,"previousHeatAcclimationPercentage":0,"altitudeAcclimationLocalTimestamp":"2023-03-07T23:01:24.600"},{"userProfilePK":76018113,"deviceId":3401978503,"calendarDate":"2023-03-09","timestamp":"2023-03-08T23:01:24.0","altitudeAcclimationTimestamp":"2023-03-08T23:01:24.0","previousAltitudeAcclimationTimestamp":"2023-03-08T23:01:24.0","heatAcclimationTimestamp":"2023-03-08T23:01:24.0","previousHeatAcclimationTimestamp":"2023-03-08T23:01:24.0","altitudeAcclimation":0,"previousAltitudeAcclimation":0,"heatAcclimationPercentage":0,"previousHeatAcclimationPercentage":0,"altitudeAcclimationLocalTimestamp":"2023-03-09T00:01:24.0"},{"userProfilePK":76018113,"deviceId":3401978503,"calendarDate":"2023-03-10","timestamp":"2023-03-09T23:01:27.0","altitudeAcclimationTimestamp":"2023-03-09T23:01:27.0","previousAltitudeAcclimationTimestamp":"2023-03-09T23:01:27.0","heatAcclimationTimestamp":"2023-03-09T23:01:27.0","previousHeatAcclimationTimestamp":"2023-03-09T23:01:27.0","altitudeAcclimation":0,"previousAltitudeAcclimation":0,"heatAcclimationPercentage":0,"previousHeatAcclimationPercentage":0,"altitudeAcclimationLocalTimestamp":"2023-03-10T00:01:27.0"},{"userProfilePK":76018113,"deviceId":3401978503,"calendarDate":"2023-03-10","timestamp":"2023-03-10T06:55:55.0","altitudeAcclimationTimestamp":"2023-03-10T06:55:55.0","previousAltitudeAcclimationTimestamp":"2023-03-10T06:55:55.0","heatAcclimationTimestamp":"2023-03-10T06:55:55.0","previousHeatAcclimationTimestamp":"2023-03-10T06:55:55.0","altitudeAcclimation":0,"previousAltitudeAcclimation":0,"heatAcclimationPercentage":0,"previousHeatAcclimationPercentage":0,"altitudeAcclimationLocalTimestamp":"2023-03-10T07:55:55.0"},{"userProfilePK":76018113,"deviceId":3401978503,"calendarDate":"2023-03-11","timestamp":"2023-03-10T23:01:33.0","altitudeAcclimationTimestamp":"2023-03-10T23:01:33.0","previousAltitudeAcclimationTimestamp":"2023-03-10T23:01:33.0","heatAcclimationTimestamp":"2023-03-10T23:01:33.0","previousHeatAcclimationTimestamp":"2023-03-10T23:01:33.0","altitudeAcclimation":0,"previousAltitudeAcclimation":0,"heatAcclimationPercentage":0,"previousHeatAcclimationPercentage":0,"altitudeAcclimationLocalTimestamp":"2023-03-11T00:01:33.0"},{"userProfilePK":76018113,"deviceId":3401978503,"calendarDate":"2023-03-12","timestamp":"2023-03-11T23:01:37.0","altitudeAcclimationTimestamp":"2023-03-11T23:01:37.0","previousAltitudeAcclimationTimestamp":"2023-03-11T23:01:37.0","heatAcclimationTimestamp":"2023-03-11T23:01:37.0","previousHeatAcclimationTimestamp":"2023-03-11T23:01:37.0","altitudeAcclimation":0,"previousAltitudeAcclimation":0,"heatAcclimationPercentage":0,"previousHeatAcclimationPercentage":0,"altitudeAcclimationLocalTimestamp":"2023-03-12T00:01:37.0"},{"userProfilePK":76018113,"deviceId":3401978503,"calendarDate":"2023-03-12","timestamp":"2023-03-12T10:35:33.0","altitudeAcclimationTimestamp":"2023-03-12T10:35:33.0","previousAltitudeAcclimationTimestamp":"2023-03-12T10:35:33.0","heatAcclimationTimestamp":"2023-03-12T10:35:33.0","previousHeatAcclimationTimestamp":"2023-03-12T10:35:33.0","altitudeAcclimation":0,"previousAltitudeAcclimation":0,"heatAcclimationPercentage":0,"previousHeatAcclimationPercentage":0,"altitudeAcclimationLocalTimestamp":"2023-03-12T11:35:33.0"},{"userProfilePK":76018113,"deviceId":3401978503,"calendarDate":"2023-03-13","timestamp":"2023-03-12T23:01:41.0","altitudeAcclimationTimestamp":"2023-03-12T23:01:41.0","previousAltitudeAcclimationTimestamp":"2023-03-12T23:01:41.0","heatAcclimationTimestamp":"2023-03-12T23:01:41.0","previousHeatAcclimationTimestamp":"2023-03-12T23:01:41.0","altitudeAcclimation":0,"previousAltitudeAcclimation":0,"heatAcclimationPercentage":0,"previousHeatAcclimationPercentage":0,"altitudeAcclimationLocalTimestamp":"2023-03-13T00:01:41.0"},{"userProfilePK":76018113,"deviceId":3401978503,"calendarDate":"2023-03-13","timestamp":"2023-03-12T23:53:36.0","altitudeAcclimationTimestamp":"2023-03-12T23:53:36.0","previousAltitudeAcclimationTimestamp":"2023-03-12T23:53:36.0","heatAcclimationTimestamp":"2023-03-12T23:53:36.0","previousHeatAcclimationTimestamp":"2023-03-12T23:53:36.0","altitudeAcclimation":0,"previousAltitudeAcclimation":0,"heatAcclimationPercentage":0,"previousHeatAcclimationPercentage":0,"altitudeAcclimationLocalTimestamp":"2023-03-13T00:53:36.0"},{"userProfilePK":76018113,"deviceId":3401978503,"calendarDate":"2023-03-14","timestamp":"2023-03-13T23:01:44.0","altitudeAcclimationTimestamp":"2023-03-13T23:01:44.0","previousAltitudeAcclimationTimestamp":"2023-03-13T23:01:44.0","heatAcclimationTimestamp":"2023-03-13T23:01:44.0","previousHeatAcclimationTimestamp":"2023-03-13T23:01:44.0","altitudeAcclimation":0,"previousAltitudeAcclimation":0,"heatAcclimationPercentage":0,"previousHeatAcclimationPercentage":0,"altitudeAcclimationLocalTimestamp":"2023-03-14T00:01:44.0"},{"userProfilePK":76018113,"deviceId":3401978503,"calendarDate":"2023-03-14","timestamp":"2023-03-14T06:08:11.0","altitudeAcclimationTimestamp":"2023-03-14T06:08:11.0","previousAltitudeAcclimationTimestamp":"2023-03-14T06:08:11.0","heatAcclimationTimestamp":"2023-03-14T06:08:11.0","previousHeatAcclimationTimestamp":"2023-03-14T06:08:11.0","altitudeAcclimation":0,"previousAltitudeAcclimation":0,"heatAcclimationPercentage":0,"previousHeatAcclimationPercentage":0,"altitudeAcclimationLocalTimestamp":"2023-03-14T07:08:11.0"},{"userProfilePK":76018113,"deviceId":3401978503,"calendarDate":"2023-03-15","timestamp":"2023-03-14T23:01:48.0","altitudeAcclimationTimestamp":"2023-03-14T23:01:48.0","previousAltitudeAcclimationTimestamp":"2023-03-14T23:01:48.0","heatAcclimationTimestamp":"2023-03-14T23:01:48.0","previousHeatAcclimationTimestamp":"2023-03-14T23:01:48.0","altitudeAcclimation":0,"previousAltitudeAcclimation":0,"heatAcclimationPercentage":0,"previousHeatAcclimationPercentage":0,"altitudeAcclimationLocalTimestamp":"2023-03-15T00:01:48.0"},{"userProfilePK":76018113,"deviceId":3401978503,"calendarDate":"2023-03-15","timestamp":"2023-03-15T05:38:54.0","altitudeAcclimationTimestamp":"2023-03-15T05:38:54.0","previousAltitudeAcclimationTimestamp":"2023-03-15T05:38:54.0","heatAcclimationTimestamp":"2023-03-15T05:38:54.0","previousHeatAcclimationTimestamp":"2023-03-15T05:38:54.0","altitudeAcclimation":0,"previousAltitudeAcclimation":0,"heatAcclimationPercentage":0,"previousHeatAcclimationPercentage":0,"altitudeAcclimationLocalTimestamp":"2023-03-15T06:38:54.0"},{"userProfilePK":76018113,"deviceId":3401978503,"calendarDate":"2023-03-16","timestamp":"2023-03-15T23:01:51.0","altitudeAcclimationTimestamp":"2023-03-15T23:01:51.0","previousAltitudeAcclimationTimestamp":"2023-03-15T23:01:51.0","heatAcclimationTimestamp":"2023-03-15T23:01:51.0","previousHeatAcclimationTimestamp":"2023-03-15T23:01:51.0","altitudeAcclimation":0,"previousAltitudeAcclimation":0,"heatAcclimationPercentage":0,"previousHeatAcclimationPercentage":0,"altitudeAcclimationLocalTimestamp":"2023-03-16T00:01:51.0"},{"userProfilePK":76018113,"deviceId":3401978503,"calendarDate":"2023-03-17","timestamp":"2023-03-16T23:01:58.0","altitudeAcclimationTimestamp":"2023-03-16T23:01:58.0","previousAltitudeAcclimationTimestamp":"2023-03-16T23:01:58.0","heatAcclimationTimestamp":"2023-03-16T23:01:58.0","previousHeatAcclimationTimestamp":"2023-03-16T23:01:58.0","altitudeAcclimation":0,"previousAltitudeAcclimation":0,"heatAcclimationPercentage":0,"previousHeatAcclimationPercentage":0,"altitudeAcclimationLocalTimestamp":"2023-03-17T00:01:58.0"},{"userProfilePK":76018113,"deviceId":3401978503,"calendarDate":"2023-03-17","timestamp":"2023-03-17T06:27:34.0","altitudeAcclimationTimestamp":"2023-03-17T06:27:34.0","previousAltitudeAcclimationTimestamp":"2023-03-17T06:27:34.0","heatAcclimationTimestamp":"2023-03-17T06:27:34.0","previousHeatAcclimationTimestamp":"2023-03-17T06:27:34.0","altitudeAcclimation":0,"previousAltitudeAcclimation":0,"heatAcclimationPercentage":0,"previousHeatAcclimationPercentage":0,"altitudeAcclimationLocalTimestamp":"2023-03-17T07:27:34.0"},{"userProfilePK":76018113,"deviceId":3401978503,"calendarDate":"2023-03-18","timestamp":"2023-03-17T23:02:06.0","altitudeAcclimationTimestamp":"2023-03-17T23:02:06.0","previousAltitudeAcclimationTimestamp":"2023-03-17T23:02:06.0","heatAcclimationTimestamp":"2023-03-17T23:02:06.0","previousHeatAcclimationTimestamp":"2023-03-17T23:02:06.0","altitudeAcclimation":0,"previousAltitudeAcclimation":0,"heatAcclimationPercentage":0,"previousHeatAcclimationPercentage":0,"altitudeAcclimationLocalTimestamp":"2023-03-18T00:02:06.0"},{"userProfilePK":76018113,"deviceId":3401978503,"calendarDate":"2023-03-18","timestamp":"2023-03-18T10:06:23.0","altitudeAcclimationTimestamp":"2023-03-18T10:06:23.0","previousAltitudeAcclimationTimestamp":"2023-03-18T10:06:23.0","heatAcclimationTimestamp":"2023-03-18T10:06:23.0","previousHeatAcclimationTimestamp":"2023-03-18T10:06:23.0","altitudeAcclimation":0,"previousAltitudeAcclimation":0,"heatAcclimationPercentage":0,"previousHeatAcclimationPercentage":0,"altitudeAcclimationLocalTimestamp":"2023-03-18T11:06:23.0"},{"userProfilePK":76018113,"deviceId":3401978503,"calendarDate":"2023-03-18","timestamp":"2023-03-18T11:13:06.0","altitudeAcclimationTimestamp":"2023-03-18T11:13:06.0","previousAltitudeAcclimationTimestamp":"2023-03-18T11:13:06.0","heatAcclimationTimestamp":"2023-03-18T11:13:06.0","previousHeatAcclimationTimestamp":"2023-03-18T11:13:06.0","altitudeAcclimation":0,"previousAltitudeAcclimation":0,"heatAcclimationPercentage":0,"previousHeatAcclimationPercentage":0,"altitudeAcclimationLocalTimestamp":"2023-03-18T12:13:06.0"},{"userProfilePK":76018113,"deviceId":3401978503,"calendarDate":"2023-03-19","timestamp":"2023-03-18T23:02:09.0","altitudeAcclimationTimestamp":"2023-03-18T23:02:09.0","previousAltitudeAcclimationTimestamp":"2023-03-18T23:02:09.0","heatAcclimationTimestamp":"2023-03-18T23:02:09.0","previousHeatAcclimationTimestamp":"2023-03-18T23:02:09.0","altitudeAcclimation":0,"previousAltitudeAcclimation":0,"heatAcclimationPercentage":0,"previousHeatAcclimationPercentage":0,"altitudeAcclimationLocalTimestamp":"2023-03-19T00:02:09.0"},{"userProfilePK":76018113,"deviceId":3401978503,"calendarDate":"2023-03-20","timestamp":"2023-03-19T23:02:12.0","altitudeAcclimationTimestamp":"2023-03-19T23:02:12.0","previousAltitudeAcclimationTimestamp":"2023-03-19T23:02:12.0","heatAcclimationTimestamp":"2023-03-19T23:02:12.0","previousHeatAcclimationTimestamp":"2023-03-19T23:02:12.0","altitudeAcclimation":0,"previousAltitudeAcclimation":0,"heatAcclimationPercentage":0,"previousHeatAcclimationPercentage":0,"altitudeAcclimationLocalTimestamp":"2023-03-20T00:02:12.0"},{"userProfilePK":76018113,"deviceId":3401978503,"calendarDate":"2023-03-20","timestamp":"2023-03-20T06:41:45.0","altitudeAcclimationTimestamp":"2023-03-20T06:41:45.0","previousAltitudeAcclimationTimestamp":"2023-03-20T06:41:45.0","heatAcclimationTimestamp":"2023-03-20T06:41:45.0","previousHeatAcclimationTimestamp":"2023-03-20T06:41:45.0","altitudeAcclimation":0,"previousAltitudeAcclimation":0,"heatAcclimationPercentage":0,"previousHeatAcclimationPercentage":0,"altitudeAcclimationLocalTimestamp":"2023-03-20T07:41:45.0"},{"userProfilePK":76018113,"deviceId":3401978503,"calendarDate":"2023-03-20","timestamp":"2023-03-20T18:35:28.0","altitudeAcclimationTimestamp":"2023-03-20T18:35:28.0","previousAltitudeAcclimationTimestamp":"2023-03-20T18:35:28.0","heatAcclimationTimestamp":"2023-03-20T18:35:28.0","previousHeatAcclimationTimestamp":"2023-03-20T18:35:28.0","altitudeAcclimation":0,"previousAltitudeAcclimation":0,"heatAcclimationPercentage":0,"previousHeatAcclimationPercentage":0,"altitudeAcclimationLocalTimestamp":"2023-03-20T19:35:28.0"},{"userProfilePK":76018113,"deviceId":3401978503,"calendarDate":"2023-03-21","timestamp":"2023-03-20T23:02:17.0","altitudeAcclimationTimestamp":"2023-03-20T23:02:17.0","previousAltitudeAcclimationTimestamp":"2023-03-20T23:02:17.0","heatAcclimationTimestamp":"2023-03-20T23:02:17.0","previousHeatAcclimationTimestamp":"2023-03-20T23:02:17.0","altitudeAcclimation":0,"previousAltitudeAcclimation":0,"heatAcclimationPercentage":0,"previousHeatAcclimationPercentage":0,"altitudeAcclimationLocalTimestamp":"2023-03-21T00:02:17.0"},{"userProfilePK":76018113,"deviceId":3401978503,"calendarDate":"2023-03-22","timestamp":"2023-03-21T23:04:05.0","altitudeAcclimationTimestamp":"2023-03-21T23:04:05.0","previousAltitudeAcclimationTimestamp":"2023-03-21T23:04:05.0","heatAcclimationTimestamp":"2023-03-21T23:04:05.0","previousHeatAcclimationTimestamp":"2023-03-21T23:04:05.0","altitudeAcclimation":0,"previousAltitudeAcclimation":0,"heatAcclimationPercentage":0,"previousHeatAcclimationPercentage":0,"altitudeAcclimationLocalTimestamp":"2023-03-22T00:04:05.0"},{"userProfilePK":76018113,"deviceId":3401978503,"calendarDate":"2023-03-22","timestamp":"2023-03-22T06:42:55.0","altitudeAcclimationTimestamp":"2023-03-22T06:42:55.0","previousAltitudeAcclimationTimestamp":"2023-03-22T06:42:55.0","heatAcclimationTimestamp":"2023-03-22T06:42:55.0","previousHeatAcclimationTimestamp":"2023-03-22T06:42:55.0","altitudeAcclimation":0,"previousAltitudeAcclimation":0,"heatAcclimationPercentage":0,"previousHeatAcclimationPercentage":0,"altitudeAcclimationLocalTimestamp":"2023-03-22T07:42:55.0"},{"userProfilePK":76018113,"deviceId":3401978503,"calendarDate":"2023-03-23","timestamp":"2023-03-22T23:04:09.0","altitudeAcclimationTimestamp":"2023-03-22T23:04:09.0","previousAltitudeAcclimationTimestamp":"2023-03-22T23:04:09.0","heatAcclimationTimestamp":"2023-03-22T23:04:09.0","previousHeatAcclimationTimestamp":"2023-03-22T23:04:09.0","altitudeAcclimation":0,"previousAltitudeAcclimation":0,"heatAcclimationPercentage":0,"previousHeatAcclimationPercentage":0,"altitudeAcclimationLocalTimestamp":"2023-03-23T00:04:09.0"},{"userProfilePK":76018113,"deviceId":3401978503,"calendarDate":"2023-03-24","timestamp":"2023-03-23T23:04:15.0","altitudeAcclimationTimestamp":"2023-03-23T23:04:15.0","previousAltitudeAcclimationTimestamp":"2023-03-23T23:04:15.0","heatAcclimationTimestamp":"2023-03-23T23:04:15.0","previousHeatAcclimationTimestamp":"2023-03-23T23:04:15.0","altitudeAcclimation":0,"previousAltitudeAcclimation":0,"heatAcclimationPercentage":0,"previousHeatAcclimationPercentage":0,"altitudeAcclimationLocalTimestamp":"2023-03-24T00:04:15.0"},{"userProfilePK":76018113,"deviceId":3401978503,"calendarDate":"2023-03-24","timestamp":"2023-03-24T06:37:13.0","altitudeAcclimationTimestamp":"2023-03-24T06:37:13.0","previousAltitudeAcclimationTimestamp":"2023-03-24T06:37:13.0","heatAcclimationTimestamp":"2023-03-24T06:37:13.0","previousHeatAcclimationTimestamp":"2023-03-24T06:37:13.0","altitudeAcclimation":0,"previousAltitudeAcclimation":0,"heatAcclimationPercentage":0,"previousHeatAcclimationPercentage":0,"altitudeAcclimationLocalTimestamp":"2023-03-24T07:37:13.0"},{"userProfilePK":76018113,"deviceId":3401978503,"calendarDate":"2023-03-25","timestamp":"2023-03-24T23:04:19.0","altitudeAcclimationTimestamp":"2023-03-24T23:04:19.0","previousAltitudeAcclimationTimestamp":"2023-03-24T23:04:19.0","heatAcclimationTimestamp":"2023-03-24T23:04:19.0","previousHeatAcclimationTimestamp":"2023-03-24T23:04:19.0","altitudeAcclimation":0,"previousAltitudeAcclimation":0,"heatAcclimationPercentage":0,"previousHeatAcclimationPercentage":0,"altitudeAcclimationLocalTimestamp":"2023-03-25T00:04:19.0"},{"userProfilePK":76018113,"deviceId":3401978503,"calendarDate":"2023-03-26","timestamp":"2023-03-25T23:01:39.0","altitudeAcclimationTimestamp":"2023-03-25T23:01:39.0","previousAltitudeAcclimationTimestamp":"2023-03-25T23:01:39.0","heatAcclimationTimestamp":"2023-03-25T23:01:39.0","previousHeatAcclimationTimestamp":"2023-03-25T23:01:39.0","altitudeAcclimation":0,"previousAltitudeAcclimation":0,"heatAcclimationPercentage":0,"previousHeatAcclimationPercentage":0,"altitudeAcclimationLocalTimestamp":"2023-03-26T00:01:39.0"},{"userProfilePK":76018113,"deviceId":3401978503,"calendarDate":"2023-03-26","timestamp":"2023-03-26T07:51:24.0","altitudeAcclimationTimestamp":"2023-03-26T07:51:24.0","previousAltitudeAcclimationTimestamp":"2023-03-26T07:51:24.0","heatAcclimationTimestamp":"2023-03-26T07:51:24.0","previousHeatAcclimationTimestamp":"2023-03-26T07:51:24.0","altitudeAcclimation":0,"previousAltitudeAcclimation":0,"heatAcclimationPercentage":0,"previousHeatAcclimationPercentage":0,"altitudeAcclimationLocalTimestamp":"2023-03-26T09:51:24.0"},{"userProfilePK":76018113,"deviceId":3401978503,"calendarDate":"2023-03-27","timestamp":"2023-03-26T22:01:44.0","altitudeAcclimationTimestamp":"2023-03-26T22:01:44.0","previousAltitudeAcclimationTimestamp":"2023-03-26T22:01:44.0","heatAcclimationTimestamp":"2023-03-26T22:01:44.0","previousHeatAcclimationTimestamp":"2023-03-26T22:01:44.0","altitudeAcclimation":0,"previousAltitudeAcclimation":0,"heatAcclimationPercentage":0,"previousHeatAcclimationPercentage":0,"altitudeAcclimationLocalTimestamp":"2023-03-27T00:01:44.0"},{"userProfilePK":76018113,"deviceId":3401978503,"calendarDate":"2023-03-27","timestamp":"2023-03-27T05:00:04.0","altitudeAcclimationTimestamp":"2023-03-27T05:00:04.0","previousAltitudeAcclimationTimestamp":"2023-03-27T05:00:04.0","heatAcclimationTimestamp":"2023-03-27T05:00:04.0","previousHeatAcclimationTimestamp":"2023-03-27T05:00:04.0","altitudeAcclimation":0,"previousAltitudeAcclimation":0,"heatAcclimationPercentage":0,"previousHeatAcclimationPercentage":0,"altitudeAcclimationLocalTimestamp":"2023-03-27T07:00:04.0"},{"userProfilePK":76018113,"deviceId":3401978503,"calendarDate":"2023-03-27","timestamp":"2023-03-27T05:59:12.0","altitudeAcclimationTimestamp":"2023-03-27T05:59:12.0","previousAltitudeAcclimationTimestamp":"2023-03-27T05:59:12.0","heatAcclimationTimestamp":"2023-03-27T05:59:12.0","previousHeatAcclimationTimestamp":"2023-03-27T05:59:12.0","altitudeAcclimation":0,"previousAltitudeAcclimation":0,"heatAcclimationPercentage":0,"previousHeatAcclimationPercentage":0,"altitudeAcclimationLocalTimestamp":"2023-03-27T07:59:12.0"},{"userProfilePK":76018113,"deviceId":3401978503,"calendarDate":"2023-03-28","timestamp":"2023-03-27T22:01:47.0","altitudeAcclimationTimestamp":"2023-03-27T22:01:47.0","previousAltitudeAcclimationTimestamp":"2023-03-27T22:01:47.0","heatAcclimationTimestamp":"2023-03-27T22:01:47.0","previousHeatAcclimationTimestamp":"2023-03-27T22:01:47.0","altitudeAcclimation":0,"previousAltitudeAcclimation":0,"heatAcclimationPercentage":0,"previousHeatAcclimationPercentage":0,"altitudeAcclimationLocalTimestamp":"2023-03-28T00:01:47.0"},{"userProfilePK":76018113,"deviceId":3401978503,"calendarDate":"2023-03-29","timestamp":"2023-03-28T22:01:51.0","altitudeAcclimationTimestamp":"2023-03-28T22:01:51.0","previousAltitudeAcclimationTimestamp":"2023-03-28T22:01:51.0","heatAcclimationTimestamp":"2023-03-28T22:01:51.0","previousHeatAcclimationTimestamp":"2023-03-28T22:01:51.0","altitudeAcclimation":0,"previousAltitudeAcclimation":0,"heatAcclimationPercentage":0,"previousHeatAcclimationPercentage":0,"altitudeAcclimationLocalTimestamp":"2023-03-29T00:01:51.0"},{"userProfilePK":76018113,"deviceId":3401978503,"calendarDate":"2023-03-29","timestamp":"2023-03-29T04:45:47.0","altitudeAcclimationTimestamp":"2023-03-29T04:45:47.0","previousAltitudeAcclimationTimestamp":"2023-03-29T04:45:47.0","heatAcclimationTimestamp":"2023-03-29T04:45:47.0","previousHeatAcclimationTimestamp":"2023-03-29T04:45:47.0","altitudeAcclimation":0,"previousAltitudeAcclimation":0,"heatAcclimationPercentage":0,"previousHeatAcclimationPercentage":0,"altitudeAcclimationLocalTimestamp":"2023-03-29T06:45:47.0"},{"userProfilePK":76018113,"deviceId":3401978503,"calendarDate":"2023-03-29","timestamp":"2023-03-29T05:57:14.0","altitudeAcclimationTimestamp":"2023-03-29T05:57:14.0","previousAltitudeAcclimationTimestamp":"2023-03-29T05:57:14.0","heatAcclimationTimestamp":"2023-03-29T05:57:14.0","previousHeatAcclimationTimestamp":"2023-03-29T05:57:14.0","altitudeAcclimation":0,"previousAltitudeAcclimation":0,"heatAcclimationPercentage":0,"previousHeatAcclimationPercentage":0,"altitudeAcclimationLocalTimestamp":"2023-03-29T07:57:14.0"},{"userProfilePK":76018113,"deviceId":3401978503,"calendarDate":"2023-03-30","timestamp":"2023-03-29T22:01:56.0","altitudeAcclimationTimestamp":"2023-03-29T22:01:56.0","previousAltitudeAcclimationTimestamp":"2023-03-29T22:01:56.0","heatAcclimationTimestamp":"2023-03-29T22:01:56.0","previousHeatAcclimationTimestamp":"2023-03-29T22:01:56.0","altitudeAcclimation":0,"previousAltitudeAcclimation":0,"heatAcclimationPercentage":0,"previousHeatAcclimationPercentage":0,"altitudeAcclimationLocalTimestamp":"2023-03-30T00:01:56.0"},{"userProfilePK":76018113,"deviceId":3401978503,"calendarDate":"2023-03-31","timestamp":"2023-03-30T22:01:59.0","altitudeAcclimationTimestamp":"2023-03-30T22:01:59.0","previousAltitudeAcclimationTimestamp":"2023-03-30T22:01:59.0","heatAcclimationTimestamp":"2023-03-30T22:01:59.0","previousHeatAcclimationTimestamp":"2023-03-30T22:01:59.0","altitudeAcclimation":0,"previousAltitudeAcclimation":0,"heatAcclimationPercentage":0,"previousHeatAcclimationPercentage":0,"altitudeAcclimationLocalTimestamp":"2023-03-31T00:01:59.0"},{"userProfilePK":76018113,"deviceId":3401978503,"calendarDate":"2023-04-01","timestamp":"2023-03-31T22:02:02.0","altitudeAcclimationTimestamp":"2023-03-31T22:02:02.0","previousAltitudeAcclimationTimestamp":"2023-03-31T22:02:02.0","heatAcclimationTimestamp":"2023-03-31T22:02:02.0","previousHeatAcclimationTimestamp":"2023-03-31T22:02:02.0","altitudeAcclimation":0,"previousAltitudeAcclimation":0,"heatAcclimationPercentage":0,"previousHeatAcclimationPercentage":0,"altitudeAcclimationLocalTimestamp":"2023-04-01T00:02:02.0"},{"userProfilePK":76018113,"deviceId":3401978503,"calendarDate":"2023-04-01","timestamp":"2023-04-01T10:59:32.0","altitudeAcclimationTimestamp":"2023-04-01T10:59:32.0","previousAltitudeAcclimationTimestamp":"2023-04-01T10:59:32.0","heatAcclimationTimestamp":"2023-04-01T10:59:32.0","previousHeatAcclimationTimestamp":"2023-04-01T10:59:32.0","altitudeAcclimation":0,"previousAltitudeAcclimation":0,"heatAcclimationPercentage":0,"previousHeatAcclimationPercentage":0,"altitudeAcclimationLocalTimestamp":"2023-04-01T12:59:32.0"},{"userProfilePK":76018113,"deviceId":3401978503,"calendarDate":"2023-04-02","timestamp":"2023-04-01T22:02:06.0","altitudeAcclimationTimestamp":"2023-04-01T22:02:06.0","previousAltitudeAcclimationTimestamp":"2023-04-01T22:02:06.0","heatAcclimationTimestamp":"2023-04-01T22:02:06.0","previousHeatAcclimationTimestamp":"2023-04-01T22:02:06.0","altitudeAcclimation":0,"previousAltitudeAcclimation":0,"heatAcclimationPercentage":0,"previousHeatAcclimationPercentage":0,"altitudeAcclimationLocalTimestamp":"2023-04-02T00:02:06.0"},{"userProfilePK":76018113,"deviceId":3401978503,"calendarDate":"2023-04-03","timestamp":"2023-04-02T22:02:09.0","altitudeAcclimationTimestamp":"2023-04-02T22:02:09.0","previousAltitudeAcclimationTimestamp":"2023-04-02T22:02:09.0","heatAcclimationTimestamp":"2023-04-02T22:02:09.0","previousHeatAcclimationTimestamp":"2023-04-02T22:02:09.0","altitudeAcclimation":0,"previousAltitudeAcclimation":0,"heatAcclimationPercentage":0,"previousHeatAcclimationPercentage":0,"altitudeAcclimationLocalTimestamp":"2023-04-03T00:02:09.0"},{"userProfilePK":76018113,"deviceId":3401978503,"calendarDate":"2023-04-04","timestamp":"2023-04-03T22:02:13.0","altitudeAcclimationTimestamp":"2023-04-03T22:02:13.0","previousAltitudeAcclimationTimestamp":"2023-04-03T22:02:13.0","heatAcclimationTimestamp":"2023-04-03T22:02:13.0","previousHeatAcclimationTimestamp":"2023-04-03T22:02:13.0","altitudeAcclimation":850,"previousAltitudeAcclimation":0,"heatAcclimationPercentage":0,"previousHeatAcclimationPercentage":0,"altitudeAcclimationLocalTimestamp":"2023-04-04T00:02:13.0"},{"userProfilePK":76018113,"deviceId":3401978503,"calendarDate":"2023-04-05","timestamp":"2023-04-05T07:35:32.0","altitudeAcclimationTimestamp":"2023-04-05T07:35:32.0","previousAltitudeAcclimationTimestamp":"2023-04-03T22:02:13.0","heatAcclimationTimestamp":"2023-04-05T07:35:32.0","previousHeatAcclimationTimestamp":"2023-04-05T07:35:32.0","altitudeAcclimation":900,"previousAltitudeAcclimation":850,"heatAcclimationPercentage":0,"previousHeatAcclimationPercentage":0,"altitudeTrend":"ACCLIMATIZING","altitudeAcclimationLocalTimestamp":"2023-04-05T09:35:32.0"},{"userProfilePK":76018113,"deviceId":3401978503,"calendarDate":"2023-04-05","timestamp":"2023-04-05T09:08:42.0","altitudeAcclimationTimestamp":"2023-04-05T09:08:42.0","previousAltitudeAcclimationTimestamp":"2023-04-03T22:02:13.0","heatAcclimationTimestamp":"2023-04-05T09:08:42.0","previousHeatAcclimationTimestamp":"2023-04-05T09:08:42.0","altitudeAcclimation":900,"previousAltitudeAcclimation":850,"heatAcclimationPercentage":0,"previousHeatAcclimationPercentage":0,"altitudeTrend":"ACCLIMATIZING","altitudeAcclimationLocalTimestamp":"2023-04-05T11:08:42.0"},{"userProfilePK":76018113,"deviceId":3401978503,"calendarDate":"2023-04-06","timestamp":"2023-04-05T22:01:38.0","altitudeAcclimationTimestamp":"2023-04-05T22:01:38.0","previousAltitudeAcclimationTimestamp":"2023-04-05T09:08:42.0","heatAcclimationTimestamp":"2023-04-05T22:01:38.0","previousHeatAcclimationTimestamp":"2023-04-05T22:01:38.0","altitudeAcclimation":900,"previousAltitudeAcclimation":900,"heatAcclimationPercentage":0,"previousHeatAcclimationPercentage":0,"altitudeTrend":"ACCLIMATIZED","altitudeAcclimationLocalTimestamp":"2023-04-06T00:01:38.0"},{"userProfilePK":76018113,"deviceId":3401978503,"calendarDate":"2023-04-07","timestamp":"2023-04-07T16:46:59.0","altitudeAcclimationTimestamp":"2023-04-07T16:46:59.0","previousAltitudeAcclimationTimestamp":"2023-04-05T22:01:38.0","heatAcclimationTimestamp":"2023-04-07T16:46:59.0","previousHeatAcclimationTimestamp":"2023-04-07T16:46:59.0","altitudeAcclimation":950,"previousAltitudeAcclimation":900,"heatAcclimationPercentage":0,"previousHeatAcclimationPercentage":0,"altitudeTrend":"ACCLIMATIZING","altitudeAcclimationLocalTimestamp":"2023-04-07T18:46:59.0"},{"userProfilePK":76018113,"deviceId":3401978503,"calendarDate":"2023-04-07","timestamp":"2023-04-07T18:04:13.0","altitudeAcclimationTimestamp":"2023-04-07T18:04:13.0","previousAltitudeAcclimationTimestamp":"2023-04-05T22:01:38.0","heatAcclimationTimestamp":"2023-04-07T18:04:13.0","previousHeatAcclimationTimestamp":"2023-04-07T18:04:13.0","altitudeAcclimation":950,"previousAltitudeAcclimation":900,"heatAcclimationPercentage":0,"previousHeatAcclimationPercentage":0,"altitudeTrend":"ACCLIMATIZING","altitudeAcclimationLocalTimestamp":"2023-04-07T20:04:13.0"},{"userProfilePK":76018113,"deviceId":3401978503,"calendarDate":"2023-04-08","timestamp":"2023-04-07T22:03:02.0","altitudeAcclimationTimestamp":"2023-04-07T22:03:02.0","previousAltitudeAcclimationTimestamp":"2023-04-07T18:04:13.0","heatAcclimationTimestamp":"2023-04-07T22:03:02.0","previousHeatAcclimationTimestamp":"2023-04-07T22:03:02.0","altitudeAcclimation":900,"previousAltitudeAcclimation":950,"heatAcclimationPercentage":0,"previousHeatAcclimationPercentage":0,"altitudeTrend":"DEACCLIMATIZING","altitudeAcclimationLocalTimestamp":"2023-04-08T00:03:02.0"},{"userProfilePK":76018113,"deviceId":3401978503,"calendarDate":"2023-04-09","timestamp":"2023-04-08T22:03:06.0","altitudeAcclimationTimestamp":"2023-04-08T22:03:06.0","previousAltitudeAcclimationTimestamp":"2023-04-07T22:03:02.0","heatAcclimationTimestamp":"2023-04-08T22:03:06.0","previousHeatAcclimationTimestamp":"2023-04-08T22:03:06.0","altitudeAcclimation":900,"previousAltitudeAcclimation":900,"heatAcclimationPercentage":0,"previousHeatAcclimationPercentage":0,"altitudeTrend":"ACCLIMATIZED","altitudeAcclimationLocalTimestamp":"2023-04-09T00:03:06.0"},{"userProfilePK":76018113,"deviceId":3401978503,"calendarDate":"2023-04-09","timestamp":"2023-04-09T11:06:05.0","altitudeAcclimationTimestamp":"2023-04-09T11:06:05.0","previousAltitudeAcclimationTimestamp":"2023-04-07T22:03:02.0","heatAcclimationTimestamp":"2023-04-09T11:06:05.0","previousHeatAcclimationTimestamp":"2023-04-09T11:06:05.0","altitudeAcclimation":900,"previousAltitudeAcclimation":900,"heatAcclimationPercentage":0,"previousHeatAcclimationPercentage":0,"altitudeTrend":"ACCLIMATIZED","altitudeAcclimationLocalTimestamp":"2023-04-09T13:06:05.0"},{"userProfilePK":76018113,"deviceId":3401978503,"calendarDate":"2023-04-09","timestamp":"2023-04-09T13:32:43.0","altitudeAcclimationTimestamp":"2023-04-09T13:32:43.0","previousAltitudeAcclimationTimestamp":"2023-04-07T22:03:02.0","heatAcclimationTimestamp":"2023-04-09T13:32:43.0","previousHeatAcclimationTimestamp":"2023-04-09T13:32:43.0","altitudeAcclimation":900,"previousAltitudeAcclimation":900,"heatAcclimationPercentage":0,"previousHeatAcclimationPercentage":0,"altitudeTrend":"ACCLIMATIZED","altitudeAcclimationLocalTimestamp":"2023-04-09T15:32:43.0"},{"userProfilePK":76018113,"deviceId":3401978503,"calendarDate":"2023-04-09","timestamp":"2023-04-09T19:01:56.0","altitudeAcclimationTimestamp":"2023-04-09T19:01:56.0","previousAltitudeAcclimationTimestamp":"2023-04-07T22:03:02.0","heatAcclimationTimestamp":"2023-04-09T19:01:56.0","previousHeatAcclimationTimestamp":"2023-04-09T19:01:56.0","altitudeAcclimation":900,"previousAltitudeAcclimation":900,"heatAcclimationPercentage":7,"previousHeatAcclimationPercentage":0,"altitudeTrend":"ACCLIMATIZED","altitudeAcclimationLocalTimestamp":"2023-04-09T21:01:56.0"},{"userProfilePK":76018113,"deviceId":3401978503,"calendarDate":"2023-04-10","timestamp":"2023-04-09T22:01:18.0","altitudeAcclimationTimestamp":"2023-04-09T22:01:18.0","previousAltitudeAcclimationTimestamp":"2023-04-09T19:01:56.0","heatAcclimationTimestamp":"2023-04-09T22:01:18.0","previousHeatAcclimationTimestamp":"2023-04-09T19:01:56.0","altitudeAcclimation":850,"previousAltitudeAcclimation":900,"heatAcclimationPercentage":7,"previousHeatAcclimationPercentage":7,"heatTrend":"ACCLIMATIZED","altitudeTrend":"DEACCLIMATIZING","altitudeAcclimationLocalTimestamp":"2023-04-10T00:01:18.0"},{"userProfilePK":76018113,"deviceId":3401978503,"calendarDate":"2023-04-11","timestamp":"2023-04-10T22:01:22.0","altitudeAcclimationTimestamp":"2023-04-10T22:01:22.0","previousAltitudeAcclimationTimestamp":"2023-04-09T22:01:18.0","heatAcclimationTimestamp":"2023-04-10T22:01:22.0","previousHeatAcclimationTimestamp":"2023-04-09T22:01:18.0","altitudeAcclimation":850,"previousAltitudeAcclimation":850,"heatAcclimationPercentage":7,"previousHeatAcclimationPercentage":7,"heatTrend":"ACCLIMATIZED","altitudeTrend":"ACCLIMATIZED","altitudeAcclimationLocalTimestamp":"2023-04-11T00:01:22.0"},{"userProfilePK":76018113,"deviceId":3401978503,"calendarDate":"2023-04-11","timestamp":"2023-04-11T18:43:32.0","altitudeAcclimationTimestamp":"2023-04-11T18:43:32.0","previousAltitudeAcclimationTimestamp":"2023-04-09T22:01:18.0","heatAcclimationTimestamp":"2023-04-11T18:43:32.0","previousHeatAcclimationTimestamp":"2023-04-09T22:01:18.0","altitudeAcclimation":850,"previousAltitudeAcclimation":850,"heatAcclimationPercentage":7,"previousHeatAcclimationPercentage":7,"heatTrend":"ACCLIMATIZED","altitudeTrend":"ACCLIMATIZED","altitudeAcclimationLocalTimestamp":"2023-04-11T20:43:32.0"},{"userProfilePK":76018113,"deviceId":3401978503,"calendarDate":"2023-04-12","timestamp":"2023-04-11T22:01:25.0","altitudeAcclimationTimestamp":"2023-04-11T22:01:25.0","previousAltitudeAcclimationTimestamp":"2023-04-11T18:43:32.0","heatAcclimationTimestamp":"2023-04-11T22:01:25.0","previousHeatAcclimationTimestamp":"2023-04-11T18:43:32.0","altitudeAcclimation":850,"previousAltitudeAcclimation":850,"heatAcclimationPercentage":7,"previousHeatAcclimationPercentage":7,"heatTrend":"ACCLIMATIZED","altitudeTrend":"ACCLIMATIZED","altitudeAcclimationLocalTimestamp":"2023-04-12T00:01:25.0"},{"userProfilePK":76018113,"deviceId":3401978503,"calendarDate":"2023-04-13","timestamp":"2023-04-12T22:01:29.0","altitudeAcclimationTimestamp":"2023-04-12T22:01:29.0","previousAltitudeAcclimationTimestamp":"2023-04-11T22:01:25.0","heatAcclimationTimestamp":"2023-04-12T22:01:29.0","previousHeatAcclimationTimestamp":"2023-04-11T22:01:25.0","altitudeAcclimation":850,"previousAltitudeAcclimation":850,"heatAcclimationPercentage":7,"previousHeatAcclimationPercentage":7,"heatTrend":"ACCLIMATIZED","altitudeTrend":"ACCLIMATIZED","altitudeAcclimationLocalTimestamp":"2023-04-13T00:01:29.0"},{"userProfilePK":76018113,"deviceId":3401978503,"calendarDate":"2023-04-13","timestamp":"2023-04-13T06:11:01.0","altitudeAcclimationTimestamp":"2023-04-13T06:11:01.0","previousAltitudeAcclimationTimestamp":"2023-04-11T22:01:25.0","heatAcclimationTimestamp":"2023-04-13T06:11:01.0","previousHeatAcclimationTimestamp":"2023-04-11T22:01:25.0","altitudeAcclimation":850,"previousAltitudeAcclimation":850,"heatAcclimationPercentage":7,"previousHeatAcclimationPercentage":7,"heatTrend":"ACCLIMATIZED","altitudeTrend":"ACCLIMATIZED","altitudeAcclimationLocalTimestamp":"2023-04-13T08:11:01.0"},{"userProfilePK":76018113,"deviceId":3401978503,"calendarDate":"2023-04-14","timestamp":"2023-04-13T22:01:33.0","altitudeAcclimationTimestamp":"2023-04-13T22:01:33.0","previousAltitudeAcclimationTimestamp":"2023-04-13T22:01:33.0","heatAcclimationTimestamp":"2023-04-13T22:01:33.0","previousHeatAcclimationTimestamp":"2023-04-13T06:11:01.0","altitudeAcclimation":0,"previousAltitudeAcclimation":0,"heatAcclimationPercentage":6,"previousHeatAcclimationPercentage":7,"heatTrend":"DEACCLIMATIZING","altitudeAcclimationLocalTimestamp":"2023-04-14T00:01:33.0"},{"userProfilePK":76018113,"deviceId":3401978503,"calendarDate":"2023-04-15","timestamp":"2023-04-14T22:01:36.0","altitudeAcclimationTimestamp":"2023-04-14T22:01:36.0","previousAltitudeAcclimationTimestamp":"2023-04-14T22:01:36.0","heatAcclimationTimestamp":"2023-04-14T22:01:36.0","previousHeatAcclimationTimestamp":"2023-04-13T22:01:33.0","altitudeAcclimation":0,"previousAltitudeAcclimation":0,"heatAcclimationPercentage":5,"previousHeatAcclimationPercentage":6,"heatTrend":"DEACCLIMATIZING","altitudeAcclimationLocalTimestamp":"2023-04-15T00:01:36.0"},{"userProfilePK":76018113,"deviceId":3401978503,"calendarDate":"2023-04-15","timestamp":"2023-04-15T08:14:03.0","altitudeAcclimationTimestamp":"2023-04-15T08:14:03.0","previousAltitudeAcclimationTimestamp":"2023-04-15T08:14:03.0","heatAcclimationTimestamp":"2023-04-15T08:14:03.0","previousHeatAcclimationTimestamp":"2023-04-13T22:01:33.0","altitudeAcclimation":0,"previousAltitudeAcclimation":0,"heatAcclimationPercentage":5,"previousHeatAcclimationPercentage":6,"heatTrend":"DEACCLIMATIZING","altitudeAcclimationLocalTimestamp":"2023-04-15T10:14:03.0"},{"userProfilePK":76018113,"deviceId":3401978503,"calendarDate":"2023-04-15","timestamp":"2023-04-15T08:46:38.0","altitudeAcclimationTimestamp":"2023-04-15T08:46:38.0","previousAltitudeAcclimationTimestamp":"2023-04-15T08:46:38.0","heatAcclimationTimestamp":"2023-04-15T08:46:38.0","previousHeatAcclimationTimestamp":"2023-04-13T22:01:33.0","altitudeAcclimation":0,"previousAltitudeAcclimation":0,"heatAcclimationPercentage":5,"previousHeatAcclimationPercentage":6,"heatTrend":"DEACCLIMATIZING","altitudeAcclimationLocalTimestamp":"2023-04-15T10:46:38.0"},{"userProfilePK":76018113,"deviceId":3401978503,"calendarDate":"2023-04-16","timestamp":"2023-04-15T22:01:42.0","altitudeAcclimationTimestamp":"2023-04-15T22:01:42.0","previousAltitudeAcclimationTimestamp":"2023-04-15T22:01:42.0","heatAcclimationTimestamp":"2023-04-15T22:01:42.0","previousHeatAcclimationTimestamp":"2023-04-15T08:46:38.0","altitudeAcclimation":0,"previousAltitudeAcclimation":0,"heatAcclimationPercentage":5,"previousHeatAcclimationPercentage":5,"heatTrend":"ACCLIMATIZED","altitudeAcclimationLocalTimestamp":"2023-04-16T00:01:42.0"},{"userProfilePK":76018113,"deviceId":3401978503,"calendarDate":"2023-04-16","timestamp":"2023-04-16T09:31:43.0","altitudeAcclimationTimestamp":"2023-04-16T09:31:43.0","previousAltitudeAcclimationTimestamp":"2023-04-16T09:31:43.0","heatAcclimationTimestamp":"2023-04-16T09:31:43.0","previousHeatAcclimationTimestamp":"2023-04-15T08:46:38.0","altitudeAcclimation":0,"previousAltitudeAcclimation":0,"heatAcclimationPercentage":5,"previousHeatAcclimationPercentage":5,"heatTrend":"ACCLIMATIZED","altitudeAcclimationLocalTimestamp":"2023-04-16T11:31:43.0"},{"userProfilePK":76018113,"deviceId":3401978503,"calendarDate":"2023-04-17","timestamp":"2023-04-16T22:01:46.0","altitudeAcclimationTimestamp":"2023-04-16T22:01:46.0","previousAltitudeAcclimationTimestamp":"2023-04-16T22:01:46.0","heatAcclimationTimestamp":"2023-04-16T22:01:46.0","previousHeatAcclimationTimestamp":"2023-04-16T09:31:43.0","altitudeAcclimation":0,"previousAltitudeAcclimation":0,"heatAcclimationPercentage":4,"previousHeatAcclimationPercentage":5,"heatTrend":"DEACCLIMATIZING","altitudeAcclimationLocalTimestamp":"2023-04-17T00:01:46.0"},{"userProfilePK":76018113,"deviceId":3401978503,"calendarDate":"2023-04-18","timestamp":"2023-04-17T22:01:50.0","altitudeAcclimationTimestamp":"2023-04-17T22:01:50.0","previousAltitudeAcclimationTimestamp":"2023-04-17T22:01:50.0","heatAcclimationTimestamp":"2023-04-17T22:01:50.0","previousHeatAcclimationTimestamp":"2023-04-16T22:01:46.0","altitudeAcclimation":0,"previousAltitudeAcclimation":0,"heatAcclimationPercentage":4,"previousHeatAcclimationPercentage":4,"heatTrend":"ACCLIMATIZED","altitudeAcclimationLocalTimestamp":"2023-04-18T00:01:50.0"},{"userProfilePK":76018113,"deviceId":3401978503,"calendarDate":"2023-04-19","timestamp":"2023-04-18T22:01:54.0","altitudeAcclimationTimestamp":"2023-04-18T22:01:54.0","previousAltitudeAcclimationTimestamp":"2023-04-18T22:01:54.0","heatAcclimationTimestamp":"2023-04-18T22:01:54.0","previousHeatAcclimationTimestamp":"2023-04-17T22:01:50.0","altitudeAcclimation":0,"previousAltitudeAcclimation":0,"heatAcclimationPercentage":3,"previousHeatAcclimationPercentage":4,"heatTrend":"DEACCLIMATIZING","altitudeAcclimationLocalTimestamp":"2023-04-19T00:01:54.0"},{"userProfilePK":76018113,"deviceId":3401978503,"calendarDate":"2023-04-20","timestamp":"2023-04-19T22:01:59.0","altitudeAcclimationTimestamp":"2023-04-19T22:01:59.0","previousAltitudeAcclimationTimestamp":"2023-04-19T22:01:59.0","heatAcclimationTimestamp":"2023-04-19T22:01:59.0","previousHeatAcclimationTimestamp":"2023-04-18T22:01:54.0","altitudeAcclimation":0,"previousAltitudeAcclimation":0,"heatAcclimationPercentage":2,"previousHeatAcclimationPercentage":3,"heatTrend":"DEACCLIMATIZING","altitudeAcclimationLocalTimestamp":"2023-04-20T00:01:59.0"},{"userProfilePK":76018113,"deviceId":3401978503,"calendarDate":"2023-04-20","timestamp":"2023-04-20T05:58:57.0","altitudeAcclimationTimestamp":"2023-04-20T05:58:57.0","previousAltitudeAcclimationTimestamp":"2023-04-20T05:58:57.0","heatAcclimationTimestamp":"2023-04-20T05:58:57.0","previousHeatAcclimationTimestamp":"2023-04-18T22:01:54.0","altitudeAcclimation":0,"previousAltitudeAcclimation":0,"heatAcclimationPercentage":2,"previousHeatAcclimationPercentage":3,"heatTrend":"DEACCLIMATIZING","altitudeAcclimationLocalTimestamp":"2023-04-20T07:58:57.0"},{"userProfilePK":76018113,"deviceId":3401978503,"calendarDate":"2023-04-21","timestamp":"2023-04-20T22:02:02.0","altitudeAcclimationTimestamp":"2023-04-20T22:02:02.0","previousAltitudeAcclimationTimestamp":"2023-04-20T22:02:02.0","heatAcclimationTimestamp":"2023-04-20T22:02:02.0","previousHeatAcclimationTimestamp":"2023-04-20T05:58:57.0","altitudeAcclimation":0,"previousAltitudeAcclimation":0,"heatAcclimationPercentage":1,"previousHeatAcclimationPercentage":2,"heatTrend":"DEACCLIMATIZING","altitudeAcclimationLocalTimestamp":"2023-04-21T00:02:02.0"},{"userProfilePK":76018113,"deviceId":3401978503,"calendarDate":"2023-04-21","timestamp":"2023-04-21T05:46:28.0","altitudeAcclimationTimestamp":"2023-04-21T05:46:28.0","previousAltitudeAcclimationTimestamp":"2023-04-21T05:46:28.0","heatAcclimationTimestamp":"2023-04-21T05:46:28.0","previousHeatAcclimationTimestamp":"2023-04-20T05:58:57.0","altitudeAcclimation":0,"previousAltitudeAcclimation":0,"heatAcclimationPercentage":1,"previousHeatAcclimationPercentage":2,"heatTrend":"DEACCLIMATIZING","altitudeAcclimationLocalTimestamp":"2023-04-21T07:46:28.0"},{"userProfilePK":76018113,"deviceId":3401978503,"calendarDate":"2023-04-22","timestamp":"2023-04-21T22:02:35.0","altitudeAcclimationTimestamp":"2023-04-21T22:02:35.0","previousAltitudeAcclimationTimestamp":"2023-04-21T22:02:35.0","heatAcclimationTimestamp":"2023-04-21T22:02:35.0","previousHeatAcclimationTimestamp":"2023-04-21T05:46:28.0","altitudeAcclimation":0,"previousAltitudeAcclimation":0,"heatAcclimationPercentage":1,"previousHeatAcclimationPercentage":1,"heatTrend":"ACCLIMATIZED","altitudeAcclimationLocalTimestamp":"2023-04-22T00:02:35.0"},{"userProfilePK":76018113,"deviceId":3401978503,"calendarDate":"2023-04-22","timestamp":"2023-04-22T17:48:37.0","altitudeAcclimationTimestamp":"2023-04-22T17:48:37.0","previousAltitudeAcclimationTimestamp":"2023-04-22T17:48:37.0","heatAcclimationTimestamp":"2023-04-22T17:48:37.0","previousHeatAcclimationTimestamp":"2023-04-21T05:46:28.0","altitudeAcclimation":0,"previousAltitudeAcclimation":0,"heatAcclimationPercentage":1,"previousHeatAcclimationPercentage":1,"heatTrend":"ACCLIMATIZED","altitudeAcclimationLocalTimestamp":"2023-04-22T19:48:37.0"},{"userProfilePK":76018113,"deviceId":3401978503,"calendarDate":"2023-04-23","timestamp":"2023-04-22T22:02:39.0","altitudeAcclimationTimestamp":"2023-04-22T22:02:39.0","previousAltitudeAcclimationTimestamp":"2023-04-22T22:02:39.0","heatAcclimationTimestamp":"2023-04-22T22:02:39.0","previousHeatAcclimationTimestamp":"2023-04-22T22:02:39.0","altitudeAcclimation":0,"previousAltitudeAcclimation":0,"heatAcclimationPercentage":0,"previousHeatAcclimationPercentage":0,"altitudeAcclimationLocalTimestamp":"2023-04-23T00:02:39.0"},{"userProfilePK":76018113,"deviceId":3401978503,"calendarDate":"2023-04-23","timestamp":"2023-04-23T15:43:45.0","altitudeAcclimationTimestamp":"2023-04-23T15:43:45.0","previousAltitudeAcclimationTimestamp":"2023-04-23T15:43:45.0","heatAcclimationTimestamp":"2023-04-23T15:43:45.0","previousHeatAcclimationTimestamp":"2023-04-23T15:43:45.0","altitudeAcclimation":0,"previousAltitudeAcclimation":0,"heatAcclimationPercentage":0,"previousHeatAcclimationPercentage":0,"altitudeAcclimationLocalTimestamp":"2023-04-23T17:43:45.0"},{"userProfilePK":76018113,"deviceId":3401978503,"calendarDate":"2023-04-24","timestamp":"2023-04-23T22:02:44.0","altitudeAcclimationTimestamp":"2023-04-23T22:02:44.0","previousAltitudeAcclimationTimestamp":"2023-04-23T22:02:44.0","heatAcclimationTimestamp":"2023-04-23T22:02:44.0","previousHeatAcclimationTimestamp":"2023-04-23T22:02:44.0","altitudeAcclimation":0,"previousAltitudeAcclimation":0,"heatAcclimationPercentage":0,"previousHeatAcclimationPercentage":0,"altitudeAcclimationLocalTimestamp":"2023-04-24T00:02:44.0"},{"userProfilePK":76018113,"deviceId":3401978503,"calendarDate":"2023-04-25","timestamp":"2023-04-24T22:02:46.0","altitudeAcclimationTimestamp":"2023-04-24T22:02:46.0","previousAltitudeAcclimationTimestamp":"2023-04-24T22:02:46.0","heatAcclimationTimestamp":"2023-04-24T22:02:46.0","previousHeatAcclimationTimestamp":"2023-04-24T22:02:46.0","altitudeAcclimation":0,"previousAltitudeAcclimation":0,"heatAcclimationPercentage":0,"previousHeatAcclimationPercentage":0,"altitudeAcclimationLocalTimestamp":"2023-04-25T00:02:46.0"},{"userProfilePK":76018113,"deviceId":3401978503,"calendarDate":"2023-04-25","timestamp":"2023-04-25T05:49:37.0","altitudeAcclimationTimestamp":"2023-04-25T05:49:37.0","previousAltitudeAcclimationTimestamp":"2023-04-25T05:49:37.0","heatAcclimationTimestamp":"2023-04-25T05:49:37.0","previousHeatAcclimationTimestamp":"2023-04-25T05:49:37.0","altitudeAcclimation":0,"previousAltitudeAcclimation":0,"heatAcclimationPercentage":0,"previousHeatAcclimationPercentage":0,"altitudeAcclimationLocalTimestamp":"2023-04-25T07:49:37.0"},{"userProfilePK":76018113,"deviceId":3401978503,"calendarDate":"2023-04-26","timestamp":"2023-04-25T22:02:50.0","altitudeAcclimationTimestamp":"2023-04-25T22:02:50.0","previousAltitudeAcclimationTimestamp":"2023-04-25T22:02:50.0","heatAcclimationTimestamp":"2023-04-25T22:02:50.0","previousHeatAcclimationTimestamp":"2023-04-25T22:02:50.0","altitudeAcclimation":0,"previousAltitudeAcclimation":0,"heatAcclimationPercentage":0,"previousHeatAcclimationPercentage":0,"altitudeAcclimationLocalTimestamp":"2023-04-26T00:02:50.0"},{"userProfilePK":76018113,"deviceId":3401978503,"calendarDate":"2023-04-26","timestamp":"2023-04-26T06:05:52.0","altitudeAcclimationTimestamp":"2023-04-26T06:05:52.0","previousAltitudeAcclimationTimestamp":"2023-04-26T06:05:52.0","heatAcclimationTimestamp":"2023-04-26T06:05:52.0","previousHeatAcclimationTimestamp":"2023-04-26T06:05:52.0","altitudeAcclimation":0,"previousAltitudeAcclimation":0,"heatAcclimationPercentage":0,"previousHeatAcclimationPercentage":0,"altitudeAcclimationLocalTimestamp":"2023-04-26T08:05:52.0"},{"userProfilePK":76018113,"deviceId":3401978503,"calendarDate":"2023-04-27","timestamp":"2023-04-26T22:02:55.0","altitudeAcclimationTimestamp":"2023-04-26T22:02:55.0","previousAltitudeAcclimationTimestamp":"2023-04-26T22:02:55.0","heatAcclimationTimestamp":"2023-04-26T22:02:55.0","previousHeatAcclimationTimestamp":"2023-04-26T22:02:55.0","altitudeAcclimation":0,"previousAltitudeAcclimation":0,"heatAcclimationPercentage":0,"previousHeatAcclimationPercentage":0,"altitudeAcclimationLocalTimestamp":"2023-04-27T00:02:55.0"},{"userProfilePK":76018113,"deviceId":3401978503,"calendarDate":"2023-04-27","timestamp":"2023-04-27T06:01:06.0","altitudeAcclimationTimestamp":"2023-04-27T06:01:06.0","previousAltitudeAcclimationTimestamp":"2023-04-27T06:01:06.0","heatAcclimationTimestamp":"2023-04-27T06:01:06.0","previousHeatAcclimationTimestamp":"2023-04-27T06:01:06.0","altitudeAcclimation":0,"previousAltitudeAcclimation":0,"heatAcclimationPercentage":0,"previousHeatAcclimationPercentage":0,"altitudeAcclimationLocalTimestamp":"2023-04-27T08:01:06.0"},{"userProfilePK":76018113,"deviceId":3401978503,"calendarDate":"2023-04-28","timestamp":"2023-04-27T22:02:56.0","altitudeAcclimationTimestamp":"2023-04-27T22:02:56.0","previousAltitudeAcclimationTimestamp":"2023-04-27T22:02:56.0","heatAcclimationTimestamp":"2023-04-27T22:02:56.0","previousHeatAcclimationTimestamp":"2023-04-27T22:02:56.0","altitudeAcclimation":0,"previousAltitudeAcclimation":0,"heatAcclimationPercentage":0,"previousHeatAcclimationPercentage":0,"altitudeAcclimationLocalTimestamp":"2023-04-28T00:02:56.0"},{"userProfilePK":76018113,"deviceId":3401978503,"calendarDate":"2023-04-28","timestamp":"2023-04-28T05:57:03.0","altitudeAcclimationTimestamp":"2023-04-28T05:57:03.0","previousAltitudeAcclimationTimestamp":"2023-04-28T05:57:03.0","heatAcclimationTimestamp":"2023-04-28T05:57:03.0","previousHeatAcclimationTimestamp":"2023-04-28T05:57:03.0","altitudeAcclimation":0,"previousAltitudeAcclimation":0,"heatAcclimationPercentage":0,"previousHeatAcclimationPercentage":0,"altitudeAcclimationLocalTimestamp":"2023-04-28T07:57:03.0"},{"userProfilePK":76018113,"deviceId":3401978503,"calendarDate":"2023-04-29","timestamp":"2023-04-28T22:02:59.0","altitudeAcclimationTimestamp":"2023-04-28T22:02:59.0","previousAltitudeAcclimationTimestamp":"2023-04-28T22:02:59.0","heatAcclimationTimestamp":"2023-04-28T22:02:59.0","previousHeatAcclimationTimestamp":"2023-04-28T22:02:59.0","altitudeAcclimation":0,"previousAltitudeAcclimation":0,"heatAcclimationPercentage":0,"previousHeatAcclimationPercentage":0,"altitudeAcclimationLocalTimestamp":"2023-04-29T00:02:59.0"},{"userProfilePK":76018113,"deviceId":3401978503,"calendarDate":"2023-04-30","timestamp":"2023-04-29T22:03:02.0","altitudeAcclimationTimestamp":"2023-04-29T22:03:02.0","previousAltitudeAcclimationTimestamp":"2023-04-29T22:03:02.0","heatAcclimationTimestamp":"2023-04-29T22:03:02.0","previousHeatAcclimationTimestamp":"2023-04-29T22:03:02.0","altitudeAcclimation":0,"previousAltitudeAcclimation":0,"heatAcclimationPercentage":0,"previousHeatAcclimationPercentage":0,"altitudeAcclimationLocalTimestamp":"2023-04-30T00:03:02.0"},{"userProfilePK":76018113,"deviceId":3401978503,"calendarDate":"2023-04-30","timestamp":"2023-04-30T08:35:28.0","altitudeAcclimationTimestamp":"2023-04-30T08:35:28.0","previousAltitudeAcclimationTimestamp":"2023-04-30T08:35:28.0","heatAcclimationTimestamp":"2023-04-30T08:35:28.0","previousHeatAcclimationTimestamp":"2023-04-30T08:35:28.0","altitudeAcclimation":0,"previousAltitudeAcclimation":0,"heatAcclimationPercentage":0,"previousHeatAcclimationPercentage":0,"altitudeAcclimationLocalTimestamp":"2023-04-30T10:35:28.0"},{"userProfilePK":76018113,"deviceId":3401978503,"calendarDate":"2023-05-01","timestamp":"2023-04-30T22:03:06.0","altitudeAcclimationTimestamp":"2023-04-30T22:03:06.0","previousAltitudeAcclimationTimestamp":"2023-04-30T22:03:06.0","heatAcclimationTimestamp":"2023-04-30T22:03:06.0","previousHeatAcclimationTimestamp":"2023-04-30T22:03:06.0","altitudeAcclimation":850,"previousAltitudeAcclimation":0,"heatAcclimationPercentage":0,"previousHeatAcclimationPercentage":0,"altitudeAcclimationLocalTimestamp":"2023-05-01T00:03:06.0"},{"userProfilePK":76018113,"deviceId":3401978503,"calendarDate":"2023-05-02","timestamp":"2023-05-01T22:03:12.0","altitudeAcclimationTimestamp":"2023-05-01T22:03:12.0","previousAltitudeAcclimationTimestamp":"2023-04-30T22:03:06.0","heatAcclimationTimestamp":"2023-05-01T22:03:12.0","previousHeatAcclimationTimestamp":"2023-05-01T22:03:12.0","altitudeAcclimation":900,"previousAltitudeAcclimation":850,"heatAcclimationPercentage":0,"previousHeatAcclimationPercentage":0,"altitudeTrend":"ACCLIMATIZING","altitudeAcclimationLocalTimestamp":"2023-05-02T00:03:12.0"},{"userProfilePK":76018113,"deviceId":3401978503,"calendarDate":"2023-05-03","timestamp":"2023-05-02T22:03:17.0","altitudeAcclimationTimestamp":"2023-05-02T22:03:17.0","previousAltitudeAcclimationTimestamp":"2023-05-01T22:03:12.0","heatAcclimationTimestamp":"2023-05-02T22:03:17.0","previousHeatAcclimationTimestamp":"2023-05-02T22:03:17.0","altitudeAcclimation":850,"previousAltitudeAcclimation":900,"heatAcclimationPercentage":0,"previousHeatAcclimationPercentage":0,"altitudeTrend":"DEACCLIMATIZING","altitudeAcclimationLocalTimestamp":"2023-05-03T00:03:17.0"},{"userProfilePK":76018113,"deviceId":3401978503,"calendarDate":"2023-05-04","timestamp":"2023-05-03T22:03:21.0","altitudeAcclimationTimestamp":"2023-05-03T22:03:21.0","previousAltitudeAcclimationTimestamp":"2023-05-02T22:03:17.0","heatAcclimationTimestamp":"2023-05-03T22:03:21.0","previousHeatAcclimationTimestamp":"2023-05-03T22:03:21.0","altitudeAcclimation":850,"previousAltitudeAcclimation":850,"heatAcclimationPercentage":0,"previousHeatAcclimationPercentage":0,"altitudeTrend":"ACCLIMATIZED","altitudeAcclimationLocalTimestamp":"2023-05-04T00:03:21.0"},{"userProfilePK":76018113,"deviceId":3401978503,"calendarDate":"2023-05-05","timestamp":"2023-05-04T22:03:23.0","altitudeAcclimationTimestamp":"2023-05-04T22:03:23.0","previousAltitudeAcclimationTimestamp":"2023-05-03T22:03:21.0","heatAcclimationTimestamp":"2023-05-04T22:03:23.0","previousHeatAcclimationTimestamp":"2023-05-04T22:03:23.0","altitudeAcclimation":850,"previousAltitudeAcclimation":850,"heatAcclimationPercentage":0,"previousHeatAcclimationPercentage":0,"altitudeTrend":"ACCLIMATIZED","altitudeAcclimationLocalTimestamp":"2023-05-05T00:03:23.0"},{"userProfilePK":76018113,"deviceId":3401978503,"calendarDate":"2023-05-06","timestamp":"2023-05-05T22:03:27.0","altitudeAcclimationTimestamp":"2023-05-05T22:03:27.0","previousAltitudeAcclimationTimestamp":"2023-05-05T22:03:27.0","heatAcclimationTimestamp":"2023-05-05T22:03:27.0","previousHeatAcclimationTimestamp":"2023-05-05T22:03:27.0","altitudeAcclimation":0,"previousAltitudeAcclimation":0,"heatAcclimationPercentage":0,"previousHeatAcclimationPercentage":0,"altitudeAcclimationLocalTimestamp":"2023-05-06T00:03:27.0"},{"userProfilePK":76018113,"deviceId":3401978503,"calendarDate":"2023-05-06","timestamp":"2023-05-06T09:35:20.0","altitudeAcclimationTimestamp":"2023-05-06T09:35:20.0","previousAltitudeAcclimationTimestamp":"2023-05-06T09:35:20.0","heatAcclimationTimestamp":"2023-05-06T09:35:20.0","previousHeatAcclimationTimestamp":"2023-05-06T09:35:20.0","altitudeAcclimation":0,"previousAltitudeAcclimation":0,"heatAcclimationPercentage":0,"previousHeatAcclimationPercentage":0,"altitudeAcclimationLocalTimestamp":"2023-05-06T11:35:20.0"},{"userProfilePK":76018113,"deviceId":3401978503,"calendarDate":"2023-05-07","timestamp":"2023-05-06T22:03:34.0","altitudeAcclimationTimestamp":"2023-05-06T22:03:34.0","previousAltitudeAcclimationTimestamp":"2023-05-06T22:03:34.0","heatAcclimationTimestamp":"2023-05-06T22:03:34.0","previousHeatAcclimationTimestamp":"2023-05-06T22:03:34.0","altitudeAcclimation":0,"previousAltitudeAcclimation":0,"heatAcclimationPercentage":0,"previousHeatAcclimationPercentage":0,"altitudeAcclimationLocalTimestamp":"2023-05-07T00:03:34.0"},{"userProfilePK":76018113,"deviceId":3401978503,"calendarDate":"2023-05-08","timestamp":"2023-05-07T22:03:37.0","altitudeAcclimationTimestamp":"2023-05-07T22:03:37.0","previousAltitudeAcclimationTimestamp":"2023-05-07T22:03:37.0","heatAcclimationTimestamp":"2023-05-07T22:03:37.0","previousHeatAcclimationTimestamp":"2023-05-07T22:03:37.0","altitudeAcclimation":0,"previousAltitudeAcclimation":0,"heatAcclimationPercentage":0,"previousHeatAcclimationPercentage":0,"altitudeAcclimationLocalTimestamp":"2023-05-08T00:03:37.0"},{"userProfilePK":76018113,"deviceId":3401978503,"calendarDate":"2023-05-08","timestamp":"2023-05-08T05:47:53.0","altitudeAcclimationTimestamp":"2023-05-08T05:47:53.0","previousAltitudeAcclimationTimestamp":"2023-05-08T05:47:53.0","heatAcclimationTimestamp":"2023-05-08T05:47:53.0","previousHeatAcclimationTimestamp":"2023-05-08T05:47:53.0","altitudeAcclimation":0,"previousAltitudeAcclimation":0,"heatAcclimationPercentage":0,"previousHeatAcclimationPercentage":0,"altitudeAcclimationLocalTimestamp":"2023-05-08T07:47:53.0"},{"userProfilePK":76018113,"deviceId":3401978503,"calendarDate":"2023-05-09","timestamp":"2023-05-08T22:03:39.0","altitudeAcclimationTimestamp":"2023-05-08T22:03:39.0","previousAltitudeAcclimationTimestamp":"2023-05-08T22:03:39.0","heatAcclimationTimestamp":"2023-05-08T22:03:39.0","previousHeatAcclimationTimestamp":"2023-05-08T22:03:39.0","altitudeAcclimation":0,"previousAltitudeAcclimation":0,"heatAcclimationPercentage":0,"previousHeatAcclimationPercentage":0,"altitudeAcclimationLocalTimestamp":"2023-05-09T00:03:39.0"},{"userProfilePK":76018113,"deviceId":3401978503,"calendarDate":"2023-05-10","timestamp":"2023-05-09T22:03:42.0","altitudeAcclimationTimestamp":"2023-05-09T22:03:42.0","previousAltitudeAcclimationTimestamp":"2023-05-09T22:03:42.0","heatAcclimationTimestamp":"2023-05-09T22:03:42.0","previousHeatAcclimationTimestamp":"2023-05-09T22:03:42.0","altitudeAcclimation":0,"previousAltitudeAcclimation":0,"heatAcclimationPercentage":0,"previousHeatAcclimationPercentage":0,"altitudeAcclimationLocalTimestamp":"2023-05-10T00:03:42.0"},{"userProfilePK":76018113,"deviceId":3401978503,"calendarDate":"2023-05-10","timestamp":"2023-05-10T05:50:12.0","altitudeAcclimationTimestamp":"2023-05-10T05:50:12.0","previousAltitudeAcclimationTimestamp":"2023-05-10T05:50:12.0","heatAcclimationTimestamp":"2023-05-10T05:50:12.0","previousHeatAcclimationTimestamp":"2023-05-10T05:50:12.0","altitudeAcclimation":0,"previousAltitudeAcclimation":0,"heatAcclimationPercentage":0,"previousHeatAcclimationPercentage":0,"altitudeAcclimationLocalTimestamp":"2023-05-10T07:50:12.0"},{"userProfilePK":76018113,"deviceId":3401978503,"calendarDate":"2023-05-11","timestamp":"2023-05-10T22:03:46.0","altitudeAcclimationTimestamp":"2023-05-10T22:03:46.0","previousAltitudeAcclimationTimestamp":"2023-05-10T22:03:46.0","heatAcclimationTimestamp":"2023-05-10T22:03:46.0","previousHeatAcclimationTimestamp":"2023-05-10T22:03:46.0","altitudeAcclimation":0,"previousAltitudeAcclimation":0,"heatAcclimationPercentage":0,"previousHeatAcclimationPercentage":0,"altitudeAcclimationLocalTimestamp":"2023-05-11T00:03:46.0"},{"userProfilePK":76018113,"deviceId":3401978503,"calendarDate":"2023-05-12","timestamp":"2023-05-11T22:03:50.0","altitudeAcclimationTimestamp":"2023-05-11T22:03:50.0","previousAltitudeAcclimationTimestamp":"2023-05-11T22:03:50.0","heatAcclimationTimestamp":"2023-05-11T22:03:50.0","previousHeatAcclimationTimestamp":"2023-05-11T22:03:50.0","altitudeAcclimation":0,"previousAltitudeAcclimation":0,"heatAcclimationPercentage":0,"previousHeatAcclimationPercentage":0,"altitudeAcclimationLocalTimestamp":"2023-05-12T00:03:50.0"},{"userProfilePK":76018113,"deviceId":3401978503,"calendarDate":"2023-05-12","timestamp":"2023-05-12T05:40:52.0","altitudeAcclimationTimestamp":"2023-05-12T05:40:52.0","previousAltitudeAcclimationTimestamp":"2023-05-12T05:40:52.0","heatAcclimationTimestamp":"2023-05-12T05:40:52.0","previousHeatAcclimationTimestamp":"2023-05-12T05:40:52.0","altitudeAcclimation":0,"previousAltitudeAcclimation":0,"heatAcclimationPercentage":0,"previousHeatAcclimationPercentage":0,"altitudeAcclimationLocalTimestamp":"2023-05-12T07:40:52.0"},{"userProfilePK":76018113,"deviceId":3401978503,"calendarDate":"2023-05-13","timestamp":"2023-05-12T22:03:55.0","altitudeAcclimationTimestamp":"2023-05-12T22:03:55.0","previousAltitudeAcclimationTimestamp":"2023-05-12T22:03:55.0","heatAcclimationTimestamp":"2023-05-12T22:03:55.0","previousHeatAcclimationTimestamp":"2023-05-12T22:03:55.0","altitudeAcclimation":0,"previousAltitudeAcclimation":0,"heatAcclimationPercentage":0,"previousHeatAcclimationPercentage":0,"altitudeAcclimationLocalTimestamp":"2023-05-13T00:03:55.0"},{"userProfilePK":76018113,"deviceId":3401978503,"calendarDate":"2023-05-13","timestamp":"2023-05-13T08:28:36.0","altitudeAcclimationTimestamp":"2023-05-13T08:28:36.0","previousAltitudeAcclimationTimestamp":"2023-05-13T08:28:36.0","heatAcclimationTimestamp":"2023-05-13T08:28:36.0","previousHeatAcclimationTimestamp":"2023-05-13T08:28:36.0","altitudeAcclimation":0,"previousAltitudeAcclimation":0,"heatAcclimationPercentage":0,"previousHeatAcclimationPercentage":0,"altitudeAcclimationLocalTimestamp":"2023-05-13T10:28:36.0"},{"userProfilePK":76018113,"deviceId":3401978503,"calendarDate":"2023-05-14","timestamp":"2023-05-13T22:03:58.0","altitudeAcclimationTimestamp":"2023-05-13T22:03:58.0","previousAltitudeAcclimationTimestamp":"2023-05-13T22:03:58.0","heatAcclimationTimestamp":"2023-05-13T22:03:58.0","previousHeatAcclimationTimestamp":"2023-05-13T22:03:58.0","altitudeAcclimation":0,"previousAltitudeAcclimation":0,"heatAcclimationPercentage":0,"previousHeatAcclimationPercentage":0,"altitudeAcclimationLocalTimestamp":"2023-05-14T00:03:58.0"},{"userProfilePK":76018113,"deviceId":3401978503,"calendarDate":"2023-05-14","timestamp":"2023-05-14T16:25:06.0","altitudeAcclimationTimestamp":"2023-05-14T16:25:06.0","previousAltitudeAcclimationTimestamp":"2023-05-14T16:25:06.0","heatAcclimationTimestamp":"2023-05-14T16:25:06.0","previousHeatAcclimationTimestamp":"2023-05-14T16:25:06.0","altitudeAcclimation":0,"previousAltitudeAcclimation":0,"heatAcclimationPercentage":0,"previousHeatAcclimationPercentage":0,"altitudeAcclimationLocalTimestamp":"2023-05-14T18:25:06.0"},{"userProfilePK":76018113,"deviceId":3401978503,"calendarDate":"2023-05-14","timestamp":"2023-05-14T17:59:02.0","altitudeAcclimationTimestamp":"2023-05-14T17:59:02.0","previousAltitudeAcclimationTimestamp":"2023-05-14T17:59:02.0","heatAcclimationTimestamp":"2023-05-14T17:59:02.0","previousHeatAcclimationTimestamp":"2023-05-14T17:59:02.0","altitudeAcclimation":0,"previousAltitudeAcclimation":0,"heatAcclimationPercentage":0,"previousHeatAcclimationPercentage":0,"altitudeAcclimationLocalTimestamp":"2023-05-14T19:59:02.0"},{"userProfilePK":76018113,"deviceId":3401978503,"calendarDate":"2023-05-15","timestamp":"2023-05-14T22:04:40.0","altitudeAcclimationTimestamp":"2023-05-14T22:04:40.0","previousAltitudeAcclimationTimestamp":"2023-05-14T22:04:40.0","heatAcclimationTimestamp":"2023-05-14T22:04:40.0","previousHeatAcclimationTimestamp":"2023-05-14T22:04:40.0","altitudeAcclimation":0,"previousAltitudeAcclimation":0,"heatAcclimationPercentage":0,"previousHeatAcclimationPercentage":0,"altitudeAcclimationLocalTimestamp":"2023-05-15T00:04:40.0"},{"userProfilePK":76018113,"deviceId":3401978503,"calendarDate":"2023-05-15","timestamp":"2023-05-15T10:50:14.0","altitudeAcclimationTimestamp":"2023-05-15T10:50:14.0","previousAltitudeAcclimationTimestamp":"2023-05-15T10:50:14.0","heatAcclimationTimestamp":"2023-05-15T10:50:14.0","previousHeatAcclimationTimestamp":"2023-05-15T10:50:14.0","altitudeAcclimation":0,"previousAltitudeAcclimation":0,"heatAcclimationPercentage":0,"previousHeatAcclimationPercentage":0,"altitudeAcclimationLocalTimestamp":"2023-05-15T12:50:14.0"},{"userProfilePK":76018113,"deviceId":3401978503,"calendarDate":"2023-05-16","timestamp":"2023-05-15T22:04:44.0","altitudeAcclimationTimestamp":"2023-05-15T22:04:44.0","previousAltitudeAcclimationTimestamp":"2023-05-15T22:04:44.0","heatAcclimationTimestamp":"2023-05-15T22:04:44.0","previousHeatAcclimationTimestamp":"2023-05-15T22:04:44.0","altitudeAcclimation":0,"previousAltitudeAcclimation":0,"heatAcclimationPercentage":0,"previousHeatAcclimationPercentage":0,"altitudeAcclimationLocalTimestamp":"2023-05-16T00:04:44.0"}]