[{"userProfilePK":76018113,"calendarDate":"2021-06-16","deviceId":3988162045,"updateTimestamp":"2021-06-16T06:24:48.0","sport":"RUNNING","subSport":"GENERIC","vo2MaxValue":46.0,"fitnessAge":"20","fitnessAgeDescription":"0","analyzerMethod":5,"maxMet":13.198776245117188,"maxMetCategory":"GENERIC","calibratedData":1},{"userProfilePK":76018113,"calendarDate":"2021-06-16","deviceId":3988162045,"updateTimestamp":"2021-06-16T06:24:56.0","sport":"RUNNING","subSport":"GENERIC","vo2MaxValue":46.0,"fitnessAge":"20","fitnessAgeDescription":"0","analyzerMethod":5,"maxMet":13.198776245117188,"maxMetCategory":"GENERIC","calibratedData":1},{"userProfilePK":76018113,"calendarDate":"2021-06-20","deviceId":3988162045,"updateTimestamp":"2021-06-20T11:12:28.0","sport":"RUNNING","subSport":"GENERIC","vo2MaxValue":46.0,"fitnessAge":"20","fitnessAgeDescription":"1","analyzerMethod":5,"maxMet":13.246994018554688,"maxMetCategory":"GENERIC","calibratedData":1},{"userProfilePK":76018113,"calendarDate":"2021-06-20","deviceId":3988162045,"updateTimestamp":"2021-06-20T11:12:36.0","sport":"RUNNING","subSport":"GENERIC","vo2MaxValue":46.0,"fitnessAge":"20","fitnessAgeDescription":"1","analyzerMethod":5,"maxMet":13.246994018554688,"maxMetCategory":"GENERIC","calibratedData":1},{"userProfilePK":76018113,"calendarDate":"2021-06-24","deviceId":3988162045,"updateTimestamp":"2021-06-24T06:17:24.0","sport":"RUNNING","subSport":"GENERIC","vo2MaxValue":47.0,"fitnessAge":"20","fitnessAgeDescription":"1","analyzerMethod":5,"maxMet":13.451950073242188,"maxMetCategory":"GENERIC","calibratedData":1},{"userProfilePK":76018113,"calendarDate":"2021-06-24","deviceId":3988162045,"updateTimestamp":"2021-06-24T06:17:34.0","sport":"RUNNING","subSport":"GENERIC","vo2MaxValue":47.0,"fitnessAge":"20","fitnessAgeDescription":"1","analyzerMethod":5,"maxMet":13.451950073242188,"maxMetCategory":"GENERIC","calibratedData":1},{"userProfilePK":76018113,"calendarDate":"2021-06-27","deviceId":3988162045,"updateTimestamp":"2021-06-27T08:22:56.0","sport":"RUNNING","subSport":"GENERIC","vo2MaxValue":47.0,"fitnessAge":"20","fitnessAgeDescription":"1","analyzerMethod":5,"maxMet":13.466903686523438,"maxMetCategory":"GENERIC","calibratedData":1},{"userProfilePK":76018113,"calendarDate":"2021-06-27","deviceId":3988162045,"updateTimestamp":"2021-06-27T08:23:04.0","sport":"RUNNING","subSport":"GENERIC","vo2MaxValue":47.0,"fitnessAge":"20","fitnessAgeDescription":"1","analyzerMethod":5,"maxMet":13.466903686523438,"maxMetCategory":"GENERIC","calibratedData":1},{"userProfilePK":76018113,"calendarDate":"2021-06-30","deviceId":3988162045,"updateTimestamp":"2021-06-30T06:12:29.0","sport":"RUNNING","subSport":"GENERIC","vo2MaxValue":47.0,"fitnessAge":"20","fitnessAgeDescription":"1","analyzerMethod":5,"maxMet":13.483444213867188,"maxMetCategory":"GENERIC","calibratedData":1},{"userProfilePK":76018113,"calendarDate":"2021-06-30","deviceId":3988162045,"updateTimestamp":"2021-06-30T06:12:36.0","sport":"RUNNING","subSport":"GENERIC","vo2MaxValue":47.0,"fitnessAge":"20","fitnessAgeDescription":"1","analyzerMethod":5,"maxMet":13.483444213867188,"maxMetCategory":"GENERIC","calibratedData":1},{"userProfilePK":76018113,"calendarDate":"2021-07-04","deviceId":3988162045,"updateTimestamp":"2021-07-04T09:41:44.0","sport":"RUNNING","subSport":"GENERIC","vo2MaxValue":48.0,"fitnessAge":"20","fitnessAgeDescription":"1","analyzerMethod":5,"maxMet":13.635116577148438,"maxMetCategory":"GENERIC","calibratedData":1},{"userProfilePK":76018113,"calendarDate":"2021-07-04","deviceId":3988162045,"updateTimestamp":"2021-07-04T09:41:50.0","sport":"RUNNING","subSport":"GENERIC","vo2MaxValue":48.0,"fitnessAge":"20","fitnessAgeDescription":"1","analyzerMethod":5,"maxMet":13.635116577148438,"maxMetCategory":"GENERIC","calibratedData":1},{"userProfilePK":76018113,"calendarDate":"2021-07-07","deviceId":3988162045,"updateTimestamp":"2021-07-07T06:08:22.0","sport":"RUNNING","subSport":"GENERIC","vo2MaxValue":48.0,"fitnessAge":"20","fitnessAgeDescription":"1","analyzerMethod":5,"maxMet":13.725509643554688,"maxMetCategory":"GENERIC","calibratedData":1},{"userProfilePK":76018113,"calendarDate":"2021-07-07","deviceId":3988162045,"updateTimestamp":"2021-07-07T06:08:33.0","sport":"RUNNING","subSport":"GENERIC","vo2MaxValue":48.0,"fitnessAge":"20","fitnessAgeDescription":"1","analyzerMethod":5,"maxMet":13.725509643554688,"maxMetCategory":"GENERIC","calibratedData":1},{"userProfilePK":76018113,"calendarDate":"2021-07-13","deviceId":3988162045,"updateTimestamp":"2021-07-13T05:59:58.0","sport":"RUNNING","subSport":"GENERIC","vo2MaxValue":48.0,"fitnessAge":"20","fitnessAgeDescription":"1","analyzerMethod":5,"maxMet":13.620925903320312,"maxMetCategory":"GENERIC","calibratedData":1},{"userProfilePK":76018113,"calendarDate":"2021-07-13","deviceId":3988162045,"updateTimestamp":"2021-07-13T06:00:06.0","sport":"RUNNING","subSport":"GENERIC","vo2MaxValue":48.0,"fitnessAge":"20","fitnessAgeDescription":"1","analyzerMethod":5,"maxMet":13.620925903320312,"maxMetCategory":"GENERIC","calibratedData":1},{"userProfilePK":76018113,"calendarDate":"2021-07-18","deviceId":3988162045,"updateTimestamp":"2021-07-18T08:21:29.0","sport":"RUNNING","subSport":"GENERIC","vo2MaxValue":48.0,"fitnessAge":"20","fitnessAgeDescription":"1","analyzerMethod":5,"maxMet":13.617691040039062,"maxMetCategory":"GENERIC","calibratedData":1},{"userProfilePK":76018113,"calendarDate":"2021-07-18","deviceId":3988162045,"updateTimestamp":"2021-07-18T08:21:39.0","sport":"RUNNING","subSport":"GENERIC","vo2MaxValue":48.0,"fitnessAge":"20","fitnessAgeDescription":"1","analyzerMethod":5,"maxMet":13.617691040039062,"maxMetCategory":"GENERIC","calibratedData":1},{"userProfilePK":76018113,"calendarDate":"2021-07-18","deviceId":3988162045,"updateTimestamp":"2021-07-18T08:21:57.0","sport":"RUNNING","subSport":"GENERIC","vo2MaxValue":48.0,"fitnessAge":"20","fitnessAgeDescription":"1","analyzerMethod":5,"maxMet":13.617691040039062,"maxMetCategory":"GENERIC","calibratedData":1},{"userProfilePK":76018113,"calendarDate":"2021-07-18","deviceId":3988162045,"updateTimestamp":"2021-07-18T08:58:52.0","sport":"RUNNING","subSport":"GENERIC","vo2MaxValue":48.0,"fitnessAge":"20","fitnessAgeDescription":"1","analyzerMethod":5,"maxMet":13.665115356445312,"maxMetCategory":"GENERIC","calibratedData":1},{"userProfilePK":76018113,"calendarDate":"2021-07-18","deviceId":3988162045,"updateTimestamp":"2021-07-18T09:00:11.0","sport":"RUNNING","subSport":"GENERIC","vo2MaxValue":48.0,"fitnessAge":"20","fitnessAgeDescription":"1","analyzerMethod":5,"maxMet":13.665115356445312,"maxMetCategory":"GENERIC","calibratedData":1},{"userProfilePK":76018113,"calendarDate":"2021-07-20","deviceId":3988162045,"updateTimestamp":"2021-07-20T06:02:09.0","sport":"RUNNING","subSport":"GENERIC","vo2MaxValue":48.0,"fitnessAge":"20","fitnessAgeDescription":"1","analyzerMethod":5,"maxMet":13.78778076171875,"maxMetCategory":"GENERIC","calibratedData":1},{"userProfilePK":76018113,"calendarDate":"2021-07-20","deviceId":3988162045,"updateTimestamp":"2021-07-20T06:02:19.0","sport":"RUNNING","subSport":"GENERIC","vo2MaxValue":48.0,"fitnessAge":"20","fitnessAgeDescription":"1","analyzerMethod":5,"maxMet":13.78778076171875,"maxMetCategory":"GENERIC","calibratedData":1},{"userProfilePK":76018113,"calendarDate":"2021-07-24","deviceId":3988162045,"updateTimestamp":"2021-07-24T10:40:55.0","sport":"RUNNING","subSport":"GENERIC","vo2MaxValue":49.0,"fitnessAge":"20","fitnessAgeDescription":"1","analyzerMethod":5,"maxMet":14.01812744140625,"maxMetCategory":"GENERIC","calibratedData":1},{"userProfilePK":76018113,"calendarDate":"2021-07-24","deviceId":3988162045,"updateTimestamp":"2021-07-24T10:41:03.0","sport":"RUNNING","subSport":"GENERIC","vo2MaxValue":49.0,"fitnessAge":"20","fitnessAgeDescription":"1","analyzerMethod":5,"maxMet":14.01812744140625,"maxMetCategory":"GENERIC","calibratedData":1},{"userProfilePK":76018113,"calendarDate":"2021-08-02","deviceId":3988162045,"updateTimestamp":"2021-08-02T08:09:38.0","sport":"RUNNING","subSport":"GENERIC","vo2MaxValue":49.0,"fitnessAge":"20","fitnessAgeDescription":"1","analyzerMethod":5,"maxMet":13.974319458007812,"maxMetCategory":"GENERIC","calibratedData":1},{"userProfilePK":76018113,"calendarDate":"2021-08-02","deviceId":3988162045,"updateTimestamp":"2021-08-02T08:09:45.0","sport":"RUNNING","subSport":"GENERIC","vo2MaxValue":49.0,"fitnessAge":"20","fitnessAgeDescription":"1","analyzerMethod":5,"maxMet":13.974319458007812,"maxMetCategory":"GENERIC","calibratedData":1},{"userProfilePK":76018113,"calendarDate":"2021-08-05","deviceId":3988162045,"updateTimestamp":"2021-08-05T18:29:04.0","sport":"RUNNING","subSport":"GENERIC","vo2MaxValue":48.0,"fitnessAge":"20","fitnessAgeDescription":"1","analyzerMethod":5,"maxMet":13.746109008789062,"maxMetCategory":"GENERIC","calibratedData":1},{"userProfilePK":76018113,"calendarDate":"2021-08-05","deviceId":3988162045,"updateTimestamp":"2021-08-05T18:29:09.0","sport":"RUNNING","subSport":"GENERIC","vo2MaxValue":48.0,"fitnessAge":"20","fitnessAgeDescription":"1","analyzerMethod":5,"maxMet":13.746109008789062,"maxMetCategory":"GENERIC","calibratedData":1},{"userProfilePK":76018113,"calendarDate":"2021-08-08","deviceId":3988162045,"updateTimestamp":"2021-08-08T18:31:42.0","sport":"RUNNING","subSport":"GENERIC","vo2MaxValue":48.0,"fitnessAge":"20","fitnessAgeDescription":"1","analyzerMethod":5,"maxMet":13.677825927734375,"maxMetCategory":"GENERIC","calibratedData":1},{"userProfilePK":76018113,"calendarDate":"2021-08-08","deviceId":3988162045,"updateTimestamp":"2021-08-08T18:31:47.0","sport":"RUNNING","subSport":"GENERIC","vo2MaxValue":48.0,"fitnessAge":"20","fitnessAgeDescription":"1","analyzerMethod":5,"maxMet":13.677825927734375,"maxMetCategory":"GENERIC","calibratedData":1},{"userProfilePK":76018113,"calendarDate":"2021-08-12","deviceId":3988162045,"updateTimestamp":"2021-08-12T18:45:56.0","sport":"RUNNING","subSport":"GENERIC","vo2MaxValue":47.0,"fitnessAge":"20","fitnessAgeDescription":"1","analyzerMethod":5,"maxMet":13.534591674804688,"maxMetCategory":"GENERIC","calibratedData":1},{"userProfilePK":76018113,"calendarDate":"2021-08-12","deviceId":3988162045,"updateTimestamp":"2021-08-12T18:46:01.0","sport":"RUNNING","subSport":"GENERIC","vo2MaxValue":47.0,"fitnessAge":"20","fitnessAgeDescription":"1","analyzerMethod":5,"maxMet":13.534591674804688,"maxMetCategory":"GENERIC","calibratedData":1},{"userProfilePK":76018113,"calendarDate":"2021-08-29","deviceId":3988162045,"updateTimestamp":"2021-08-29T10:17:54.0","sport":"RUNNING","subSport":"GENERIC","vo2MaxValue":48.0,"fitnessAge":"20","fitnessAgeDescription":"1","analyzerMethod":5,"maxMet":13.590667724609375,"maxMetCategory":"GENERIC","calibratedData":1},{"userProfilePK":76018113,"calendarDate":"2021-08-29","deviceId":3988162045,"updateTimestamp":"2021-08-29T10:18:02.0","sport":"RUNNING","subSport":"GENERIC","vo2MaxValue":48.0,"fitnessAge":"20","fitnessAgeDescription":"1","analyzerMethod":5,"maxMet":13.590667724609375,"maxMetCategory":"GENERIC","calibratedData":1},{"userProfilePK":76018113,"calendarDate":"2021-09-04","deviceId":3988162045,"updateTimestamp":"2021-09-04T09:49:16.0","sport":"RUNNING","subSport":"GENERIC","vo2MaxValue":48.0,"fitnessAge":"20","fitnessAgeDescription":"1","analyzerMethod":5,"maxMet":13.681884765625,"maxMetCategory":"GENERIC","calibratedData":1},{"userProfilePK":76018113,"calendarDate":"2021-09-04","deviceId":3988162045,"updateTimestamp":"2021-09-04T09:49:20.0","sport":"RUNNING","subSport":"GENERIC","vo2MaxValue":48.0,"fitnessAge":"20","fitnessAgeDescription":"1","analyzerMethod":5,"maxMet":13.681884765625,"maxMetCategory":"GENERIC","calibratedData":1},{"userProfilePK":76018113,"calendarDate":"2021-09-05","deviceId":3988162045,"updateTimestamp":"2021-09-05T09:13:31.0","sport":"RUNNING","subSport":"GENERIC","vo2MaxValue":48.0,"fitnessAge":"20","fitnessAgeDescription":"1","analyzerMethod":5,"maxMet":13.696273803710938,"maxMetCategory":"GENERIC","calibratedData":1},{"userProfilePK":76018113,"calendarDate":"2021-09-05","deviceId":3988162045,"updateTimestamp":"2021-09-05T09:13:36.0","sport":"RUNNING","subSport":"GENERIC","vo2MaxValue":48.0,"fitnessAge":"20","fitnessAgeDescription":"1","analyzerMethod":5,"maxMet":13.696273803710938,"maxMetCategory":"GENERIC","calibratedData":1},{"userProfilePK":76018113,"calendarDate":"2021-09-08","deviceId":3988162045,"updateTimestamp":"2021-09-08T06:25:38.0","sport":"RUNNING","subSport":"GENERIC","vo2MaxValue":48.0,"fitnessAge":"20","fitnessAgeDescription":"1","analyzerMethod":5,"maxMet":13.743408203125,"maxMetCategory":"GENERIC","calibratedData":1},{"userProfilePK":76018113,"calendarDate":"2021-09-08","deviceId":3988162045,"updateTimestamp":"2021-09-08T06:25:43.0","sport":"RUNNING","subSport":"GENERIC","vo2MaxValue":48.0,"fitnessAge":"20","fitnessAgeDescription":"1","analyzerMethod":5,"maxMet":13.743408203125,"maxMetCategory":"GENERIC","calibratedData":1},{"userProfilePK":76018113,"calendarDate":"2021-09-12","deviceId":3988162045,"updateTimestamp":"2021-09-12T09:50:36.0","sport":"RUNNING","subSport":"GENERIC","vo2MaxValue":49.0,"fitnessAge":"20","fitnessAgeDescription":"1","analyzerMethod":5,"maxMet":13.913925170898438,"maxMetCategory":"GENERIC","calibratedData":1},{"userProfilePK":76018113,"calendarDate":"2021-09-12","deviceId":3988162045,"updateTimestamp":"2021-09-12T09:50:41.0","sport":"RUNNING","subSport":"GENERIC","vo2MaxValue":49.0,"fitnessAge":"20","fitnessAgeDescription":"1","analyzerMethod":5,"maxMet":13.913925170898438,"maxMetCategory":"GENERIC","calibratedData":1},{"userProfilePK":76018113,"calendarDate":"2021-09-13","deviceId":3988162045,"updateTimestamp":"2021-09-13T19:31:51.0","sport":"RUNNING","subSport":"GENERIC","vo2MaxValue":49.0,"fitnessAge":"20","fitnessAgeDescription":"1","analyzerMethod":5,"maxMet":14.009307861328125,"maxMetCategory":"GENERIC","calibratedData":1},{"userProfilePK":76018113,"calendarDate":"2021-09-13","deviceId":3988162045,"updateTimestamp":"2021-09-13T19:41:50.0","sport":"RUNNING","subSport":"GENERIC","vo2MaxValue":49.0,"fitnessAge":"20","fitnessAgeDescription":"1","analyzerMethod":5,"maxMet":14.009307861328125,"maxMetCategory":"GENERIC","calibratedData":1},{"userProfilePK":76018113,"calendarDate":"2021-09-13","deviceId":3988162045,"updateTimestamp":"2021-09-13T19:41:56.0","sport":"RUNNING","subSport":"GENERIC","vo2MaxValue":49.0,"fitnessAge":"20","fitnessAgeDescription":"1","analyzerMethod":5,"maxMet":14.009307861328125,"maxMetCategory":"GENERIC","calibratedData":1},{"userProfilePK":76018113,"calendarDate":"2021-09-17","deviceId":3988162045,"updateTimestamp":"2021-09-17T06:12:21.0","sport":"RUNNING","subSport":"GENERIC","vo2MaxValue":49.0,"fitnessAge":"20","fitnessAgeDescription":"1","analyzerMethod":5,"maxMet":13.97296142578125,"maxMetCategory":"GENERIC","calibratedData":1},{"userProfilePK":76018113,"calendarDate":"2021-09-17","deviceId":3988162045,"updateTimestamp":"2021-09-17T06:12:29.0","sport":"RUNNING","subSport":"GENERIC","vo2MaxValue":49.0,"fitnessAge":"20","fitnessAgeDescription":"1","analyzerMethod":5,"maxMet":13.97296142578125,"maxMetCategory":"GENERIC","calibratedData":1},{"userProfilePK":76018113,"calendarDate":"2021-09-22","deviceId":3988162045,"updateTimestamp":"2021-09-22T06:29:52.0","sport":"RUNNING","subSport":"GENERIC","vo2MaxValue":48.0,"fitnessAge":"20","fitnessAgeDescription":"1","analyzerMethod":5,"maxMet":13.772048950195312,"maxMetCategory":"GENERIC","calibratedData":1},{"userProfilePK":76018113,"calendarDate":"2021-09-22","deviceId":3988162045,"updateTimestamp":"2021-09-22T06:30:02.0","sport":"RUNNING","subSport":"GENERIC","vo2MaxValue":48.0,"fitnessAge":"20","fitnessAgeDescription":"1","analyzerMethod":5,"maxMet":13.772048950195312,"maxMetCategory":"GENERIC","calibratedData":1}]