[{"userProfilePK":76018113,"calendarDate":"2022-08-06","deviceId":3401978503,"updateTimestamp":"2022-08-06T07:39:35.0","sport":"RUNNING","subSport":"GENERIC","vo2MaxValue":53.0,"maxMet":15.018463134765625,"maxMetCategory":"GENERIC","calibratedData":1},{"userProfilePK":76018113,"calendarDate":"2022-08-08","deviceId":3401978503,"updateTimestamp":"2022-08-08T06:26:09.0","sport":"RUNNING","subSport":"GENERIC","vo2MaxValue":52.0,"maxMet":14.982650756835938,"maxMetCategory":"GENERIC","calibratedData":1},{"userProfilePK":76018113,"calendarDate":"2022-08-09","deviceId":3401978503,"updateTimestamp":"2022-08-09T16:47:51.0","sport":"RUNNING","subSport":"GENERIC","vo2MaxValue":52.0,"maxMet":14.993148803710938,"maxMetCategory":"GENERIC","calibratedData":1},{"userProfilePK":76018113,"calendarDate":"2022-08-12","deviceId":3401978503,"updateTimestamp":"2022-08-12T06:51:48.0","sport":"RUNNING","subSport":"GENERIC","vo2MaxValue":52.0,"maxMet":14.986526489257812,"maxMetCategory":"GENERIC","calibratedData":1},{"userProfilePK":76018113,"calendarDate":"2022-08-14","deviceId":3401978503,"updateTimestamp":"2022-08-14T07:00:37.0","sport":"RUNNING","subSport":"GENERIC","vo2MaxValue":52.0,"maxMet":14.99609375,"maxMetCategory":"GENERIC","calibratedData":1},{"userProfilePK":76018113,"calendarDate":"2022-08-16","deviceId":3401978503,"updateTimestamp":"2022-08-16T06:35:51.0","sport":"RUNNING","subSport":"GENERIC","vo2MaxValue":53.0,"maxMet":15.018356323242188,"maxMetCategory":"GENERIC","calibratedData":1},{"userProfilePK":76018113,"calendarDate":"2022-08-17","deviceId":3401978503,"updateTimestamp":"2022-08-17T16:26:45.0","sport":"RUNNING","subSport":"GENERIC","vo2MaxValue":53.0,"maxMet":15.002822875976562,"maxMetCategory":"GENERIC","calibratedData":1},{"userProfilePK":76018113,"calendarDate":"2022-08-19","deviceId":3401978503,"updateTimestamp":"2022-08-19T15:23:38.0","sport":"RUNNING","subSport":"GENERIC","vo2MaxValue":53.0,"maxMet":15.002410888671875,"maxMetCategory":"GENERIC","calibratedData":1},{"userProfilePK":76018113,"calendarDate":"2022-08-21","deviceId":3401978503,"updateTimestamp":"2022-08-21T15:37:11.0","sport":"RUNNING","subSport":"GENERIC","vo2MaxValue":53.0,"maxMet":15.006805419921875,"maxMetCategory":"GENERIC","calibratedData":1},{"userProfilePK":76018113,"calendarDate":"2022-08-23","deviceId":3401978503,"updateTimestamp":"2022-08-23T06:23:13.0","sport":"RUNNING","subSport":"GENERIC","vo2MaxValue":53.0,"maxMet":15.01898193359375,"maxMetCategory":"GENERIC","calibratedData":1},{"userProfilePK":76018113,"calendarDate":"2022-08-24","deviceId":3401978503,"updateTimestamp":"2022-08-24T05:58:25.0","sport":"RUNNING","subSport":"GENERIC","vo2MaxValue":53.0,"maxMet":15.03155517578125,"maxMetCategory":"GENERIC","calibratedData":1},{"userProfilePK":76018113,"calendarDate":"2022-08-26","deviceId":3401978503,"updateTimestamp":"2022-08-26T06:01:13.0","sport":"RUNNING","subSport":"GENERIC","vo2MaxValue":53.0,"maxMet":15.060287475585938,"maxMetCategory":"GENERIC","calibratedData":1},{"userProfilePK":76018113,"calendarDate":"2022-08-28","deviceId":3401978503,"updateTimestamp":"2022-08-28T11:36:39.0","sport":"RUNNING","subSport":"GENERIC","vo2MaxValue":53.0,"maxMet":15.093643188476562,"maxMetCategory":"GENERIC","calibratedData":1},{"userProfilePK":76018113,"calendarDate":"2022-08-30","deviceId":3401978503,"updateTimestamp":"2022-08-30T06:21:57.0","sport":"RUNNING","subSport":"GENERIC","vo2MaxValue":53.0,"maxMet":15.115554809570312,"maxMetCategory":"GENERIC","calibratedData":1},{"userProfilePK":76018113,"calendarDate":"2022-08-31","deviceId":3401978503,"updateTimestamp":"2022-08-31T05:57:02.0","sport":"RUNNING","subSport":"GENERIC","vo2MaxValue":53.0,"maxMet":15.118423461914062,"maxMetCategory":"GENERIC","calibratedData":1},{"userProfilePK":76018113,"calendarDate":"2022-09-02","deviceId":3401978503,"updateTimestamp":"2022-09-02T05:50:33.0","sport":"RUNNING","subSport":"GENERIC","vo2MaxValue":53.0,"maxMet":15.155319213867188,"maxMetCategory":"GENERIC","calibratedData":1},{"userProfilePK":76018113,"calendarDate":"2022-09-03","deviceId":3401978503,"updateTimestamp":"2022-09-03T09:23:10.0","sport":"RUNNING","subSport":"GENERIC","vo2MaxValue":52.0,"maxMet":14.905410766601562,"maxMetCategory":"GENERIC","calibratedData":1},{"userProfilePK":76018113,"calendarDate":"2022-09-06","deviceId":3401978503,"updateTimestamp":"2022-09-06T06:01:25.0","sport":"RUNNING","subSport":"GENERIC","vo2MaxValue":53.0,"maxMet":15.109100341796875,"maxMetCategory":"GENERIC","calibratedData":1},{"userProfilePK":76018113,"calendarDate":"2022-09-07","deviceId":3401978503,"updateTimestamp":"2022-09-07T05:58:12.0","sport":"RUNNING","subSport":"GENERIC","vo2MaxValue":53.0,"maxMet":15.169158935546875,"maxMetCategory":"GENERIC","calibratedData":1},{"userProfilePK":76018113,"calendarDate":"2022-09-10","deviceId":3401978503,"updateTimestamp":"2022-09-10T09:35:34.0","sport":"RUNNING","subSport":"GENERIC","vo2MaxValue":53.0,"maxMet":15.202133178710938,"maxMetCategory":"GENERIC","calibratedData":1},{"userProfilePK":76018113,"calendarDate":"2022-09-11","deviceId":3401978503,"updateTimestamp":"2022-09-11T10:18:04.0","sport":"RUNNING","subSport":"GENERIC","vo2MaxValue":53.0,"maxMet":15.206573486328125,"maxMetCategory":"GENERIC","calibratedData":1},{"userProfilePK":76018113,"calendarDate":"2022-09-13","deviceId":3401978503,"updateTimestamp":"2022-09-13T06:04:56.0","sport":"RUNNING","subSport":"GENERIC","vo2MaxValue":53.0,"maxMet":15.221542358398438,"maxMetCategory":"GENERIC","calibratedData":1},{"userProfilePK":76018113,"calendarDate":"2022-09-15","deviceId":3401978503,"updateTimestamp":"2022-09-15T05:59:52.0","sport":"RUNNING","subSport":"GENERIC","vo2MaxValue":53.0,"maxMet":15.217422485351562,"maxMetCategory":"GENERIC","calibratedData":1},{"userProfilePK":76018113,"calendarDate":"2022-09-17","deviceId":3401978503,"updateTimestamp":"2022-09-17T07:21:05.0","sport":"RUNNING","subSport":"GENERIC","vo2MaxValue":53.0,"maxMet":15.226577758789062,"maxMetCategory":"GENERIC","calibratedData":1},{"userProfilePK":76018113,"calendarDate":"2022-09-18","deviceId":3401978503,"updateTimestamp":"2022-09-18T06:14:01.0","sport":"RUNNING","subSport":"GENERIC","vo2MaxValue":53.0,"maxMet":15.2694091796875,"maxMetCategory":"GENERIC","calibratedData":1},{"userProfilePK":76018113,"calendarDate":"2022-09-21","deviceId":3401978503,"updateTimestamp":"2022-09-21T05:53:52.0","sport":"RUNNING","subSport":"GENERIC","vo2MaxValue":53.0,"maxMet":15.273178100585938,"maxMetCategory":"GENERIC","calibratedData":1},{"userProfilePK":76018113,"calendarDate":"2022-09-22","deviceId":3401978503,"updateTimestamp":"2022-09-22T05:52:00.0","sport":"RUNNING","subSport":"GENERIC","vo2MaxValue":53.0,"maxMet":15.280364990234375,"maxMetCategory":"GENERIC","calibratedData":1},{"userProfilePK":76018113,"calendarDate":"2022-09-23","deviceId":3401978503,"updateTimestamp":"2022-09-23T05:53:56.0","sport":"RUNNING","subSport":"GENERIC","vo2MaxValue":53.0,"maxMet":15.28314208984375,"maxMetCategory":"GENERIC","calibratedData":1},{"userProfilePK":76018113,"calendarDate":"2022-09-25","deviceId":3401978503,"updateTimestamp":"2022-09-25T10:21:12.0","sport":"RUNNING","subSport":"GENERIC","vo2MaxValue":53.0,"maxMet":15.28289794921875,"maxMetCategory":"GENERIC","calibratedData":1},{"userProfilePK":76018113,"calendarDate":"2022-09-28","deviceId":3401978503,"updateTimestamp":"2022-09-28T05:47:14.0","sport":"RUNNING","subSport":"GENERIC","vo2MaxValue":53.0,"maxMet":15.264572143554688,"maxMetCategory":"GENERIC","calibratedData":1},{"userProfilePK":76018113,"calendarDate":"2022-09-29","deviceId":3401978503,"updateTimestamp":"2022-09-29T05:52:07.0","sport":"RUNNING","subSport":"GENERIC","vo2MaxValue":53.0,"maxMet":15.271469116210938,"maxMetCategory":"GENERIC","calibratedData":1},{"userProfilePK":76018113,"calendarDate":"2022-09-30","deviceId":3401978503,"updateTimestamp":"2022-09-30T06:03:09.0","sport":"RUNNING","subSport":"GENERIC","vo2MaxValue":53.0,"maxMet":15.2752685546875,"maxMetCategory":"GENERIC","calibratedData":1},{"userProfilePK":76018113,"calendarDate":"2022-10-01","deviceId":3401978503,"updateTimestamp":"2022-10-01T07:03:54.0","sport":"RUNNING","subSport":"GENERIC","vo2MaxValue":53.0,"maxMet":15.199539184570312,"maxMetCategory":"GENERIC","calibratedData":1},{"userProfilePK":76018113,"calendarDate":"2022-10-04","deviceId":3401978503,"updateTimestamp":"2022-10-04T06:16:14.0","sport":"RUNNING","subSport":"GENERIC","vo2MaxValue":53.0,"maxMet":15.268569946289062,"maxMetCategory":"GENERIC","calibratedData":1},{"userProfilePK":76018113,"calendarDate":"2022-10-05","deviceId":3401978503,"updateTimestamp":"2022-10-05T05:56:48.0","sport":"RUNNING","subSport":"GENERIC","vo2MaxValue":54.0,"maxMet":15.296127319335938,"maxMetCategory":"GENERIC","calibratedData":1},{"userProfilePK":76018113,"calendarDate":"2022-10-08","deviceId":3401978503,"updateTimestamp":"2022-10-08T08:10:16.0","sport":"RUNNING","subSport":"GENERIC","vo2MaxValue":54.0,"maxMet":15.2890625,"maxMetCategory":"GENERIC","calibratedData":1},{"userProfilePK":76018113,"calendarDate":"2022-10-13","deviceId":3401978503,"updateTimestamp":"2022-10-13T05:42:03.0","sport":"RUNNING","subSport":"GENERIC","vo2MaxValue":54.0,"maxMet":15.298797607421875,"maxMetCategory":"GENERIC","calibratedData":1},{"userProfilePK":76018113,"calendarDate":"2022-10-16","deviceId":3401978503,"updateTimestamp":"2022-10-16T09:48:22.0","sport":"RUNNING","subSport":"GENERIC","vo2MaxValue":53.0,"maxMet":15.252044677734375,"maxMetCategory":"GENERIC","calibratedData":1},{"userProfilePK":76018113,"calendarDate":"2022-10-17","deviceId":3401978503,"updateTimestamp":"2022-10-17T06:08:28.0","sport":"RUNNING","subSport":"GENERIC","vo2MaxValue":53.0,"maxMet":15.250381469726562,"maxMetCategory":"GENERIC","calibratedData":1},{"userProfilePK":76018113,"calendarDate":"2022-10-20","deviceId":3401978503,"updateTimestamp":"2022-10-20T06:10:22.0","sport":"RUNNING","subSport":"GENERIC","vo2MaxValue":53.0,"maxMet":15.241531372070312,"maxMetCategory":"GENERIC","calibratedData":1},{"userProfilePK":76018113,"calendarDate":"2022-10-22","deviceId":3401978503,"updateTimestamp":"2022-10-22T09:09:45.0","sport":"RUNNING","subSport":"GENERIC","vo2MaxValue":53.0,"maxMet":15.2374267578125,"maxMetCategory":"GENERIC","calibratedData":1},{"userProfilePK":76018113,"calendarDate":"2022-10-28","deviceId":3401978503,"updateTimestamp":"2022-10-28T05:51:26.0","sport":"RUNNING","subSport":"GENERIC","vo2MaxValue":53.0,"maxMet":15.228912353515625,"maxMetCategory":"GENERIC","calibratedData":1}]