[{"userProfilePK":76018113,"calendarDate":"2022-10-28","deviceId":3401978503,"timestamp":"2022-10-28T04:49:20.0","raceTime5K":1183,"raceTime10K":2494,"raceTimeHalf":5616,"raceTimeMarathon":12819},{"userProfilePK":76018113,"calendarDate":"2022-10-28","deviceId":3401978503,"timestamp":"2022-10-28T05:51:26.0","raceTime5K":1184,"raceTime10K":2496,"raceTimeHalf":5619,"raceTimeMarathon":12825},{"userProfilePK":76018113,"calendarDate":"2022-10-28","deviceId":3401978503,"timestamp":"2022-10-27T22:04:27.0","raceTime5K":1183,"raceTime10K":2494,"raceTimeHalf":5616,"raceTimeMarathon":12819},{"userProfilePK":76018113,"calendarDate":"2022-10-29","deviceId":3401978503,"timestamp":"2022-10-28T22:04:30.0","raceTime5K":1184,"raceTime10K":2496,"raceTimeHalf":5619,"raceTimeMarathon":12825},{"userProfilePK":76018113,"calendarDate":"2022-10-30","deviceId":3401978503,"timestamp":"2022-10-29T22:04:31.0","raceTime5K":1185,"raceTime10K":2498,"raceTimeHalf":5614,"raceTimeMarathon":12815},{"userProfilePK":76018113,"calendarDate":"2022-10-30","deviceId":3401978503,"timestamp":"2022-10-30T09:48:02.0","raceTime5K":1186,"raceTime10K":2499,"raceTimeHalf":5619,"raceTimeMarathon":12804},{"userProfilePK":76018113,"calendarDate":"2022-10-31","deviceId":3401978503,"timestamp":"2022-10-30T23:04:38.0","raceTime5K":1186,"raceTime10K":2499,"raceTimeHalf":5604,"raceTimeMarathon":12772},{"userProfilePK":76018113,"calendarDate":"2022-11-01","deviceId":3401978503,"timestamp":"2022-10-31T23:04:41.0","raceTime5K":1186,"raceTime10K":2499,"raceTimeHalf":5617,"raceTimeMarathon":12799},{"userProfilePK":76018113,"calendarDate":"2022-11-01","deviceId":3401978503,"timestamp":"2022-11-01T07:46:58.0","raceTime5K":1186,"raceTime10K":2499,"raceTimeHalf":5617,"raceTimeMarathon":12799},{"userProfilePK":76018113,"calendarDate":"2022-11-01","deviceId":3401978503,"timestamp":"2022-11-01T09:27:01.0","raceTime5K":1186,"raceTime10K":2499,"raceTimeHalf":5617,"raceTimeMarathon":12799},{"userProfilePK":76018113,"calendarDate":"2022-11-02","deviceId":3401978503,"timestamp":"2022-11-01T23:04:47.0","raceTime5K":1186,"raceTime10K":2499,"raceTimeHalf":5627,"raceTimeMarathon":12822},{"userProfilePK":76018113,"calendarDate":"2022-11-02","deviceId":3401978503,"timestamp":"2022-11-02T07:08:10.0","raceTime5K":1186,"raceTime10K":2499,"raceTimeHalf":5626,"raceTimeMarathon":12818},{"userProfilePK":76018113,"calendarDate":"2022-11-03","deviceId":3401978503,"timestamp":"2022-11-02T23:04:50.0","raceTime5K":1186,"raceTime10K":2499,"raceTimeHalf":5613,"raceTimeMarathon":12791},{"userProfilePK":76018113,"calendarDate":"2022-11-04","deviceId":3401978503,"timestamp":"2022-11-03T23:04:53.0","raceTime5K":1186,"raceTime10K":2499,"raceTimeHalf":5624,"raceTimeMarathon":12814},{"userProfilePK":76018113,"calendarDate":"2022-11-05","deviceId":3401978503,"timestamp":"2022-11-04T23:04:57.0","raceTime5K":1186,"raceTime10K":2499,"raceTimeHalf":5598,"raceTimeMarathon":12759},{"userProfilePK":76018113,"calendarDate":"2022-11-05","deviceId":3401978503,"timestamp":"2022-11-05T09:43:17.0","raceTime5K":1184,"raceTime10K":2498,"raceTimeHalf":5593,"raceTimeMarathon":12716},{"userProfilePK":76018113,"calendarDate":"2022-11-06","deviceId":3401978503,"timestamp":"2022-11-05T23:05:01.0","raceTime5K":1184,"raceTime10K":2498,"raceTimeHalf":5610,"raceTimeMarathon":12753},{"userProfilePK":76018113,"calendarDate":"2022-11-06","deviceId":3401978503,"timestamp":"2022-11-06T10:58:23.0","raceTime5K":1184,"raceTime10K":2498,"raceTimeHalf":5610,"raceTimeMarathon":12751},{"userProfilePK":76018113,"calendarDate":"2022-11-07","deviceId":3401978503,"timestamp":"2022-11-06T23:05:03.0","raceTime5K":1183,"raceTime10K":2497,"raceTimeHalf":5610,"raceTimeMarathon":12751},{"userProfilePK":76018113,"calendarDate":"2022-11-08","deviceId":3401978503,"timestamp":"2022-11-07T23:05:07.0","raceTime5K":1184,"raceTime10K":2498,"raceTimeHalf":5620,"raceTimeMarathon":12774},{"userProfilePK":76018113,"calendarDate":"2022-11-08","deviceId":3401978503,"timestamp":"2022-11-08T06:10:41.0","raceTime5K":1186,"raceTime10K":2499,"raceTimeHalf":5617,"raceTimeMarathon":12770},{"userProfilePK":76018113,"calendarDate":"2022-11-09","deviceId":3401978503,"timestamp":"2022-11-08T23:05:11.0","raceTime5K":1186,"raceTime10K":2499,"raceTimeHalf":5626,"raceTimeMarathon":12790},{"userProfilePK":76018113,"calendarDate":"2022-11-09","deviceId":3401978503,"timestamp":"2022-11-09T06:37:07.0","raceTime5K":1186,"raceTime10K":2503,"raceTimeHalf":5620,"raceTimeMarathon":12779},{"userProfilePK":76018113,"calendarDate":"2022-11-10","deviceId":3401978503,"timestamp":"2022-11-09T23:05:12.0","raceTime5K":1186,"raceTime10K":2503,"raceTimeHalf":5620,"raceTimeMarathon":12779},{"userProfilePK":76018113,"calendarDate":"2022-11-11","deviceId":3401978503,"timestamp":"2022-11-10T23:05:16.0","raceTime5K":1186,"raceTime10K":2503,"raceTimeHalf":5631,"raceTimeMarathon":12802},{"userProfilePK":76018113,"calendarDate":"2022-11-12","deviceId":3401978503,"timestamp":"2022-11-12T02:53:57.0","raceTime5K":1186,"raceTime10K":2503,"raceTimeHalf":5647,"raceTimeMarathon":12836},{"userProfilePK":76018113,"calendarDate":"2022-11-12","deviceId":3401978503,"timestamp":"2022-11-12T10:58:41.0","raceTime5K":1186,"raceTime10K":2499,"raceTimeHalf":5633,"raceTimeMarathon":12802},{"userProfilePK":76018113,"calendarDate":"2022-11-13","deviceId":3401978503,"timestamp":"2022-11-12T23:04:08.0","raceTime5K":1186,"raceTime10K":2499,"raceTimeHalf":5633,"raceTimeMarathon":12801},{"userProfilePK":76018113,"calendarDate":"2022-11-13","deviceId":3401978503,"timestamp":"2022-11-13T09:28:27.0","raceTime5K":1186,"raceTime10K":2499,"raceTimeHalf":5633,"raceTimeMarathon":12801},{"userProfilePK":76018113,"calendarDate":"2022-11-13","deviceId":3401978503,"timestamp":"2022-11-13T11:10:55.0","raceTime5K":1186,"raceTime10K":2503,"raceTimeHalf":5620,"raceTimeMarathon":12778},{"userProfilePK":76018113,"calendarDate":"2022-11-14","deviceId":3401978503,"timestamp":"2022-11-13T23:04:12.0","raceTime5K":1186,"raceTime10K":2503,"raceTimeHalf":5620,"raceTimeMarathon":12778},{"userProfilePK":76018113,"calendarDate":"2022-11-15","deviceId":3401978503,"timestamp":"2022-11-14T23:04:14.0","raceTime5K":1186,"raceTime10K":2503,"raceTimeHalf":5632,"raceTimeMarathon":12803},{"userProfilePK":76018113,"calendarDate":"2022-11-15","deviceId":3401978503,"timestamp":"2022-11-15T06:01:32.0","raceTime5K":1188,"raceTime10K":2503,"raceTimeHalf":5629,"raceTimeMarathon":12798},{"userProfilePK":76018113,"calendarDate":"2022-11-16","deviceId":3401978503,"timestamp":"2022-11-15T23:04:18.0","raceTime5K":1188,"raceTime10K":2503,"raceTimeHalf":5640,"raceTimeMarathon":12822},{"userProfilePK":76018113,"calendarDate":"2022-11-16","deviceId":3401978503,"timestamp":"2022-11-16T07:10:20.0","raceTime5K":1189,"raceTime10K":2505,"raceTimeHalf":5634,"raceTimeMarathon":12810},{"userProfilePK":76018113,"calendarDate":"2022-11-17","deviceId":3401978503,"timestamp":"2022-11-16T23:04:20.0","raceTime5K":1188,"raceTime10K":2504,"raceTimeHalf":5634,"raceTimeMarathon":12810},{"userProfilePK":76018113,"calendarDate":"2022-11-18","deviceId":3401978503,"timestamp":"2022-11-17T23:04:24.0","raceTime5K":1189,"raceTime10K":2505,"raceTimeHalf":5634,"raceTimeMarathon":12810},{"userProfilePK":76018113,"calendarDate":"2022-11-19","deviceId":3401978503,"timestamp":"2022-11-18T23:04:28.0","raceTime5K":1189,"raceTime10K":2505,"raceTimeHalf":5640,"raceTimeMarathon":12822},{"userProfilePK":76018113,"calendarDate":"2022-11-19","deviceId":3401978503,"timestamp":"2022-11-19T08:36:57.0","raceTime5K":1191,"raceTime10K":2510,"raceTimeHalf":5650,"raceTimeMarathon":12850},{"userProfilePK":76018113,"calendarDate":"2022-11-19","deviceId":3401978503,"timestamp":"2022-11-19T09:59:41.0","raceTime5K":1191,"raceTime10K":2510,"raceTimeHalf":5639,"raceTimeMarathon":12773},{"userProfilePK":76018113,"calendarDate":"2022-11-20","deviceId":3401978503,"timestamp":"2022-11-19T23:04:34.0","raceTime5K":1191,"raceTime10K":2510,"raceTimeHalf":5649,"raceTimeMarathon":12794},{"userProfilePK":76018113,"calendarDate":"2022-11-20","deviceId":3401978503,"timestamp":"2022-11-20T12:56:56.0","raceTime5K":1191,"raceTime10K":2510,"raceTimeHalf":5635,"raceTimeMarathon":12763},{"userProfilePK":76018113,"calendarDate":"2022-11-21","deviceId":3401978503,"timestamp":"2022-11-20T23:04:38.0","raceTime5K":1191,"raceTime10K":2510,"raceTimeHalf":5635,"raceTimeMarathon":12763},{"userProfilePK":76018113,"calendarDate":"2022-11-22","deviceId":3401978503,"timestamp":"2022-11-21T23:04:41.0","raceTime5K":1191,"raceTime10K":2510,"raceTimeHalf":5646,"raceTimeMarathon":12787},{"userProfilePK":76018113,"calendarDate":"2022-11-22","deviceId":3401978503,"timestamp":"2022-11-22T07:00:22.0","raceTime5K":1191,"raceTime10K":2510,"raceTimeHalf":5642,"raceTimeMarathon":12777},{"userProfilePK":76018113,"calendarDate":"2022-11-23","deviceId":3401978503,"timestamp":"2022-11-22T23:04:43.0","raceTime5K":1191,"raceTime10K":2510,"raceTimeHalf":5640,"raceTimeMarathon":12773},{"userProfilePK":76018113,"calendarDate":"2022-11-23","deviceId":3401978503,"timestamp":"2022-11-23T06:30:54.0","raceTime5K":1191,"raceTime10K":2512,"raceTimeHalf":5633,"raceTimeMarathon":12758},{"userProfilePK":76018113,"calendarDate":"2022-11-24","deviceId":3401978503,"timestamp":"2022-11-23T23:04:46.0","raceTime5K":1191,"raceTime10K":2512,"raceTimeHalf":5644,"raceTimeMarathon":12782},{"userProfilePK":76018113,"calendarDate":"2022-11-25","deviceId":3401978503,"timestamp":"2022-11-24T23:04:50.0","raceTime5K":1191,"raceTime10K":2512,"raceTimeHalf":5644,"raceTimeMarathon":12782},{"userProfilePK":76018113,"calendarDate":"2022-11-26","deviceId":3401978503,"timestamp":"2022-11-25T23:04:52.0","raceTime5K":1191,"raceTime10K":2512,"raceTimeHalf":5658,"raceTimeMarathon":12812},{"userProfilePK":76018113,"calendarDate":"2022-11-26","deviceId":3401978503,"timestamp":"2022-11-26T09:56:03.0","raceTime5K":1189,"raceTime10K":2507,"raceTimeHalf":5621,"raceTimeMarathon":12645},{"userProfilePK":76018113,"calendarDate":"2022-11-27","deviceId":3401978503,"timestamp":"2022-11-26T23:04:58.0","raceTime5K":1189,"raceTime10K":2507,"raceTimeHalf":5634,"raceTimeMarathon":12673},{"userProfilePK":76018113,"calendarDate":"2022-11-27","deviceId":3401978503,"timestamp":"2022-11-27T10:15:22.0","raceTime5K":1189,"raceTime10K":2507,"raceTimeHalf":5634,"raceTimeMarathon":12673},{"userProfilePK":76018113,"calendarDate":"2022-11-28","deviceId":3401978503,"timestamp":"2022-11-27T23:05:01.0","raceTime5K":1189,"raceTime10K":2507,"raceTimeHalf":5634,"raceTimeMarathon":12673},{"userProfilePK":76018113,"calendarDate":"2022-11-29","deviceId":3401978503,"timestamp":"2022-11-28T23:05:01.0","raceTime5K":1189,"raceTime10K":2507,"raceTimeHalf":5632,"raceTimeMarathon":12669},{"userProfilePK":76018113,"calendarDate":"2022-11-30","deviceId":3401978503,"timestamp":"2022-11-29T23:05:02.0","raceTime5K":1189,"raceTime10K":2507,"raceTimeHalf":5632,"raceTimeMarathon":12669},{"userProfilePK":76018113,"calendarDate":"2022-12-01","deviceId":3401978503,"timestamp":"2022-12-01T06:18:06.0","raceTime5K":1188,"raceTime10K":2503,"raceTimeHalf":5642,"raceTimeMarathon":12688},{"userProfilePK":76018113,"calendarDate":"2022-12-01","deviceId":3401978503,"timestamp":"2022-11-30T23:05:03.0","raceTime5K":1189,"raceTime10K":2507,"raceTimeHalf":5647,"raceTimeMarathon":12702},{"userProfilePK":76018113,"calendarDate":"2022-12-02","deviceId":3401978503,"timestamp":"2022-12-01T23:05:07.0","raceTime5K":1188,"raceTime10K":2503,"raceTimeHalf":5656,"raceTimeMarathon":12720},{"userProfilePK":76018113,"calendarDate":"2022-12-03","deviceId":3401978503,"timestamp":"2022-12-02T23:05:36.0","raceTime5K":1188,"raceTime10K":2503,"raceTimeHalf":5629,"raceTimeMarathon":12661},{"userProfilePK":76018113,"calendarDate":"2022-12-04","deviceId":3401978503,"timestamp":"2022-12-03T23:05:40.0","raceTime5K":1195,"raceTime10K":2517,"raceTimeHalf":5667,"raceTimeMarathon":12743},{"userProfilePK":76018113,"calendarDate":"2022-12-04","deviceId":3401978503,"timestamp":"2022-12-04T11:38:09.0","raceTime5K":1191,"raceTime10K":2512,"raceTimeHalf":5653,"raceTimeMarathon":12531},{"userProfilePK":76018113,"calendarDate":"2022-12-05","deviceId":3401978503,"timestamp":"2022-12-04T23:05:44.0","raceTime5K":1191,"raceTime10K":2512,"raceTimeHalf":5653,"raceTimeMarathon":12531},{"userProfilePK":76018113,"calendarDate":"2022-12-06","deviceId":3401978503,"timestamp":"2022-12-05T23:05:47.0","raceTime5K":1191,"raceTime10K":2512,"raceTimeHalf":5643,"raceTimeMarathon":12511},{"userProfilePK":76018113,"calendarDate":"2022-12-07","deviceId":3401978503,"timestamp":"2022-12-06T23:05:52.0","raceTime5K":1191,"raceTime10K":2512,"raceTimeHalf":5644,"raceTimeMarathon":12512},{"userProfilePK":76018113,"calendarDate":"2022-12-08","deviceId":3401978503,"timestamp":"2022-12-07T23:05:56.0","raceTime5K":1191,"raceTime10K":2512,"raceTimeHalf":5657,"raceTimeMarathon":12541},{"userProfilePK":76018113,"calendarDate":"2022-12-09","deviceId":3401978503,"timestamp":"2022-12-08T23:01:00.0","raceTime5K":1191,"raceTime10K":2512,"raceTimeHalf":5673,"raceTimeMarathon":12576},{"userProfilePK":76018113,"calendarDate":"2022-12-10","deviceId":3401978503,"timestamp":"2022-12-09T23:01:03.0","raceTime5K":1198,"raceTime10K":2527,"raceTimeHalf":5698,"raceTimeMarathon":12630},{"userProfilePK":76018113,"calendarDate":"2022-12-11","deviceId":3401978503,"timestamp":"2022-12-10T23:01:07.0","raceTime5K":1198,"raceTime10K":2528,"raceTimeHalf":5698,"raceTimeMarathon":12630},{"userProfilePK":76018113,"calendarDate":"2022-12-11","deviceId":3401978503,"timestamp":"2022-12-11T11:40:35.0","raceTime5K":1192,"raceTime10K":2516,"raceTimeHalf":5672,"raceTimeMarathon":12577},{"userProfilePK":76018113,"calendarDate":"2022-12-12","deviceId":3401978503,"timestamp":"2022-12-11T23:01:13.0","raceTime5K":1192,"raceTime10K":2516,"raceTimeHalf":5672,"raceTimeMarathon":12577},{"userProfilePK":76018113,"calendarDate":"2022-12-13","deviceId":3401978503,"timestamp":"2022-12-12T23:01:17.0","raceTime5K":1192,"raceTime10K":2516,"raceTimeHalf":5686,"raceTimeMarathon":12608},{"userProfilePK":76018113,"calendarDate":"2022-12-14","deviceId":3401978503,"timestamp":"2022-12-13T23:01:19.0","raceTime5K":1192,"raceTime10K":2516,"raceTimeHalf":5701,"raceTimeMarathon":12641},{"userProfilePK":76018113,"calendarDate":"2022-12-14","deviceId":3401978503,"timestamp":"2022-12-13T23:59:59.0","raceTime5K":1192,"raceTime10K":2516,"raceTimeHalf":5701,"raceTimeMarathon":12641},{"userProfilePK":76018113,"calendarDate":"2022-12-15","deviceId":3401978503,"timestamp":"2022-12-14T23:59:59.0","raceTime5K":1193,"raceTime10K":2518,"raceTimeHalf":5703,"raceTimeMarathon":12646},{"userProfilePK":76018113,"calendarDate":"2022-12-16","deviceId":3401978503,"timestamp":"2022-12-16T20:08:49.0","raceTime5K":1193,"raceTime10K":2518,"raceTimeHalf":5703,"raceTimeMarathon":12646},{"userProfilePK":76018113,"calendarDate":"2022-12-16","deviceId":3401978503,"timestamp":"2022-12-15T23:59:59.0","raceTime5K":1193,"raceTime10K":2518,"raceTimeHalf":5703,"raceTimeMarathon":12646},{"userProfilePK":76018113,"calendarDate":"2022-12-17","deviceId":3401978503,"timestamp":"2022-12-16T23:04:51.0","raceTime5K":1193,"raceTime10K":2518,"raceTimeHalf":5728,"raceTimeMarathon":12702},{"userProfilePK":76018113,"calendarDate":"2022-12-18","deviceId":3401978503,"timestamp":"2022-12-17T23:04:52.0","raceTime5K":1244,"raceTime10K":2625,"raceTimeHalf":5919,"raceTimeMarathon":13118},{"userProfilePK":76018113,"calendarDate":"2022-12-18","deviceId":3401978503,"timestamp":"2022-12-18T08:49:02.0","raceTime5K":1214,"raceTime10K":2561,"raceTimeHalf":5776,"raceTimeMarathon":12809},{"userProfilePK":76018113,"calendarDate":"2022-12-19","deviceId":3401978503,"timestamp":"2022-12-18T23:04:59.0","raceTime5K":1214,"raceTime10K":2561,"raceTimeHalf":5776,"raceTimeMarathon":12809},{"userProfilePK":76018113,"calendarDate":"2022-12-20","deviceId":3401978503,"timestamp":"2022-12-19T23:05:01.0","raceTime5K":1214,"raceTime10K":2561,"raceTimeHalf":5776,"raceTimeMarathon":12809},{"userProfilePK":76018113,"calendarDate":"2022-12-21","deviceId":3401978503,"timestamp":"2022-12-20T23:05:01.0","raceTime5K":1214,"raceTime10K":2561,"raceTimeHalf":5776,"raceTimeMarathon":12809},{"userProfilePK":76018113,"calendarDate":"2022-12-21","deviceId":3401978503,"timestamp":"2022-12-21T06:44:40.0","raceTime5K":1212,"raceTime10K":2556,"raceTimeHalf":5766,"raceTimeMarathon":12793},{"userProfilePK":76018113,"calendarDate":"2022-12-22","deviceId":3401978503,"timestamp":"2022-12-21T23:05:06.0","raceTime5K":1212,"raceTime10K":2556,"raceTimeHalf":5775,"raceTimeMarathon":12812},{"userProfilePK":76018113,"calendarDate":"2022-12-23","deviceId":3401978503,"timestamp":"2022-12-23T10:12:08.0","raceTime5K":1205,"raceTime10K":2540,"raceTimeHalf":5740,"raceTimeMarathon":12734},{"userProfilePK":76018113,"calendarDate":"2022-12-23","deviceId":3401978503,"timestamp":"2022-12-22T23:05:10.0","raceTime5K":1212,"raceTime10K":2556,"raceTimeHalf":5775,"raceTimeMarathon":12812},{"userProfilePK":76018113,"calendarDate":"2022-12-24","deviceId":3401978503,"timestamp":"2022-12-23T23:05:13.0","raceTime5K":1205,"raceTime10K":2540,"raceTimeHalf":5740,"raceTimeMarathon":12734},{"userProfilePK":76018113,"calendarDate":"2022-12-24","deviceId":3401978503,"timestamp":"2022-12-24T17:10:50.0","raceTime5K":1199,"raceTime10K":2528,"raceTimeHalf":5716,"raceTimeMarathon":12684},{"userProfilePK":76018113,"calendarDate":"2022-12-25","deviceId":3401978503,"timestamp":"2022-12-24T23:05:18.0","raceTime5K":1205,"raceTime10K":2541,"raceTimeHalf":5755,"raceTimeMarathon":12771},{"userProfilePK":76018113,"calendarDate":"2022-12-26","deviceId":3401978503,"timestamp":"2022-12-26T16:55:45.0","raceTime5K":1200,"raceTime10K":2530,"raceTimeHalf":5746,"raceTimeMarathon":12749},{"userProfilePK":76018113,"calendarDate":"2022-12-26","deviceId":3401978503,"timestamp":"2022-12-25T23:05:21.0","raceTime5K":1205,"raceTime10K":2541,"raceTimeHalf":5770,"raceTimeMarathon":12804},{"userProfilePK":76018113,"calendarDate":"2022-12-27","deviceId":3401978503,"timestamp":"2022-12-26T23:05:25.0","raceTime5K":1200,"raceTime10K":2530,"raceTimeHalf":5746,"raceTimeMarathon":12749},{"userProfilePK":76018113,"calendarDate":"2022-12-27","deviceId":3401978503,"timestamp":"2022-12-27T12:59:35.0","raceTime5K":1199,"raceTime10K":2528,"raceTimeHalf":5740,"raceTimeMarathon":12738},{"userProfilePK":76018113,"calendarDate":"2022-12-28","deviceId":3401978503,"timestamp":"2022-12-27T23:05:29.0","raceTime5K":1199,"raceTime10K":2528,"raceTimeHalf":5740,"raceTimeMarathon":12738},{"userProfilePK":76018113,"calendarDate":"2022-12-29","deviceId":3401978503,"timestamp":"2022-12-29T09:01:14.0","raceTime5K":1199,"raceTime10K":2528,"raceTimeHalf":5751,"raceTimeMarathon":12761},{"userProfilePK":76018113,"calendarDate":"2022-12-29","deviceId":3401978503,"timestamp":"2022-12-28T23:05:31.0","raceTime5K":1199,"raceTime10K":2528,"raceTimeHalf":5755,"raceTimeMarathon":12769},{"userProfilePK":76018113,"calendarDate":"2022-12-30","deviceId":3401978503,"timestamp":"2022-12-30T11:34:13.0","raceTime5K":1199,"raceTime10K":2528,"raceTimeHalf":5744,"raceTimeMarathon":12747},{"userProfilePK":76018113,"calendarDate":"2022-12-30","deviceId":3401978503,"timestamp":"2022-12-29T23:05:37.0","raceTime5K":1198,"raceTime10K":2527,"raceTimeHalf":5751,"raceTimeMarathon":12761},{"userProfilePK":76018113,"calendarDate":"2022-12-31","deviceId":3401978503,"timestamp":"2022-12-30T23:05:41.0","raceTime5K":1199,"raceTime10K":2529,"raceTimeHalf":5765,"raceTimeMarathon":12792},{"userProfilePK":76018113,"calendarDate":"2022-12-31","deviceId":3401978503,"timestamp":"2022-12-31T17:06:24.0","raceTime5K":1199,"raceTime10K":2529,"raceTimeHalf":5765,"raceTimeMarathon":12792},{"userProfilePK":76018113,"calendarDate":"2023-01-01","deviceId":3401978503,"timestamp":"2022-12-31T23:05:45.0","raceTime5K":1198,"raceTime10K":2529,"raceTimeHalf":5765,"raceTimeMarathon":12792},{"userProfilePK":76018113,"calendarDate":"2023-01-02","deviceId":3401978503,"timestamp":"2023-01-02T08:48:12.0","raceTime5K":1201,"raceTime10K":2533,"raceTimeHalf":5760,"raceTimeMarathon":12787},{"userProfilePK":76018113,"calendarDate":"2023-01-02","deviceId":3401978503,"timestamp":"2023-01-01T23:05:50.0","raceTime5K":1199,"raceTime10K":2529,"raceTimeHalf":5765,"raceTimeMarathon":12792},{"userProfilePK":76018113,"calendarDate":"2023-01-03","deviceId":3401978503,"timestamp":"2023-01-02T23:05:54.0","raceTime5K":1201,"raceTime10K":2533,"raceTimeHalf":5760,"raceTimeMarathon":12787},{"userProfilePK":76018113,"calendarDate":"2023-01-03","deviceId":3401978503,"timestamp":"2023-01-03T08:15:49.0","raceTime5K":1201,"raceTime10K":2533,"raceTimeHalf":5753,"raceTimeMarathon":12771},{"userProfilePK":76018113,"calendarDate":"2023-01-04","deviceId":3401978503,"timestamp":"2023-01-03T23:05:58.0","raceTime5K":1201,"raceTime10K":2533,"raceTimeHalf":5753,"raceTimeMarathon":12771},{"userProfilePK":76018113,"calendarDate":"2023-01-05","deviceId":3401978503,"timestamp":"2023-01-05T08:16:39.0","raceTime5K":1201,"raceTime10K":2533,"raceTimeHalf":5746,"raceTimeMarathon":12752},{"userProfilePK":76018113,"calendarDate":"2023-01-05","deviceId":3401978503,"timestamp":"2023-01-04T23:01:00.0","raceTime5K":1201,"raceTime10K":2533,"raceTimeHalf":5753,"raceTimeMarathon":12771},{"userProfilePK":76018113,"calendarDate":"2023-01-06","deviceId":3401978503,"timestamp":"2023-01-06T08:48:32.0","raceTime5K":1201,"raceTime10K":2532,"raceTimeHalf":5736,"raceTimeMarathon":12728},{"userProfilePK":76018113,"calendarDate":"2023-01-06","deviceId":3401978503,"timestamp":"2023-01-05T23:01:04.0","raceTime5K":1201,"raceTime10K":2533,"raceTimeHalf":5756,"raceTimeMarathon":12775},{"userProfilePK":76018113,"calendarDate":"2023-01-07","deviceId":3401978503,"timestamp":"2023-01-06T23:01:08.0","raceTime5K":1200,"raceTime10K":2531,"raceTimeHalf":5736,"raceTimeMarathon":12728},{"userProfilePK":76018113,"calendarDate":"2023-01-08","deviceId":3401978503,"timestamp":"2023-01-07T23:01:11.0","raceTime5K":1201,"raceTime10K":2532,"raceTimeHalf":5756,"raceTimeMarathon":12773},{"userProfilePK":76018113,"calendarDate":"2023-01-09","deviceId":3401978503,"timestamp":"2023-01-08T23:01:15.0","raceTime5K":1201,"raceTime10K":2532,"raceTimeHalf":5756,"raceTimeMarathon":12773},{"userProfilePK":76018113,"calendarDate":"2023-01-10","deviceId":3401978503,"timestamp":"2023-01-09T23:01:19.0","raceTime5K":1201,"raceTime10K":2532,"raceTimeHalf":5754,"raceTimeMarathon":12767},{"userProfilePK":76018113,"calendarDate":"2023-01-10","deviceId":3401978503,"timestamp":"2023-01-10T06:30:26.0","raceTime5K":1203,"raceTime10K":2537,"raceTimeHalf":5765,"raceTimeMarathon":12796},{"userProfilePK":76018113,"calendarDate":"2023-01-11","deviceId":3401978503,"timestamp":"2023-01-10T23:01:25.0","raceTime5K":1203,"raceTime10K":2537,"raceTimeHalf":5779,"raceTimeMarathon":12828},{"userProfilePK":76018113,"calendarDate":"2023-01-12","deviceId":3401978503,"timestamp":"2023-01-12T07:10:11.0","raceTime5K":1203,"raceTime10K":2537,"raceTimeHalf":5769,"raceTimeMarathon":12806},{"userProfilePK":76018113,"calendarDate":"2023-01-12","deviceId":3401978503,"timestamp":"2023-01-11T23:01:28.0","raceTime5K":1203,"raceTime10K":2537,"raceTimeHalf":5770,"raceTimeMarathon":12808},{"userProfilePK":76018113,"calendarDate":"2023-01-13","deviceId":3401978503,"timestamp":"2023-01-13T07:09:40.0","raceTime5K":1201,"raceTime10K":2535,"raceTimeHalf":5752,"raceTimeMarathon":12769},{"userProfilePK":76018113,"calendarDate":"2023-01-13","deviceId":3401978503,"timestamp":"2023-01-12T23:01:30.0","raceTime5K":1203,"raceTime10K":2537,"raceTimeHalf":5762,"raceTimeMarathon":12790},{"userProfilePK":76018113,"calendarDate":"2023-01-14","deviceId":3401978503,"timestamp":"2023-01-13T23:01:35.0","raceTime5K":1201,"raceTime10K":2535,"raceTimeHalf":5773,"raceTimeMarathon":12815},{"userProfilePK":76018113,"calendarDate":"2023-01-14","deviceId":3401978503,"timestamp":"2023-01-14T12:43:22.0","raceTime5K":1203,"raceTime10K":2535,"raceTimeHalf":5758,"raceTimeMarathon":12782},{"userProfilePK":76018113,"calendarDate":"2023-01-15","deviceId":3401978503,"timestamp":"2023-01-14T23:01:38.0","raceTime5K":1203,"raceTime10K":2535,"raceTimeHalf":5770,"raceTimeMarathon":12809},{"userProfilePK":76018113,"calendarDate":"2023-01-16","deviceId":3401978503,"timestamp":"2023-01-15T23:01:41.0","raceTime5K":1203,"raceTime10K":2535,"raceTimeHalf":5770,"raceTimeMarathon":12809},{"userProfilePK":76018113,"calendarDate":"2023-01-17","deviceId":3401978503,"timestamp":"2023-01-16T23:01:45.0","raceTime5K":1203,"raceTime10K":2535,"raceTimeHalf":5778,"raceTimeMarathon":12827},{"userProfilePK":76018113,"calendarDate":"2023-01-17","deviceId":3401978503,"timestamp":"2023-01-17T06:51:18.0","raceTime5K":1203,"raceTime10K":2535,"raceTimeHalf":5768,"raceTimeMarathon":12805},{"userProfilePK":76018113,"calendarDate":"2023-01-18","deviceId":3401978503,"timestamp":"2023-01-17T23:01:51.0","raceTime5K":1203,"raceTime10K":2535,"raceTimeHalf":5779,"raceTimeMarathon":12897},{"userProfilePK":76018113,"calendarDate":"2023-01-18","deviceId":3401978503,"timestamp":"2023-01-18T06:09:29.0","raceTime5K":1201,"raceTime10K":2535,"raceTimeHalf":5768,"raceTimeMarathon":12871},{"userProfilePK":76018113,"calendarDate":"2023-01-19","deviceId":3401978503,"timestamp":"2023-01-18T23:01:54.0","raceTime5K":1201,"raceTime10K":2535,"raceTimeHalf":5768,"raceTimeMarathon":12984},{"userProfilePK":76018113,"calendarDate":"2023-01-20","deviceId":3401978503,"timestamp":"2023-01-20T07:19:04.0","raceTime5K":1201,"raceTime10K":2533,"raceTimeHalf":5754,"raceTimeMarathon":13063},{"userProfilePK":76018113,"calendarDate":"2023-01-20","deviceId":3401978503,"timestamp":"2023-01-19T23:01:57.0","raceTime5K":1201,"raceTime10K":2535,"raceTimeHalf":5764,"raceTimeMarathon":13089},{"userProfilePK":76018113,"calendarDate":"2023-01-21","deviceId":3401978503,"timestamp":"2023-01-20T23:02:01.0","raceTime5K":1201,"raceTime10K":2533,"raceTimeHalf":5762,"raceTimeMarathon":13192},{"userProfilePK":76018113,"calendarDate":"2023-01-22","deviceId":3401978503,"timestamp":"2023-01-21T23:02:04.0","raceTime5K":1201,"raceTime10K":2536,"raceTimeHalf":5781,"raceTimeMarathon":13348},{"userProfilePK":76018113,"calendarDate":"2023-01-22","deviceId":3401978503,"timestamp":"2023-01-22T09:25:28.0","raceTime5K":1201,"raceTime10K":2535,"raceTimeHalf":5769,"raceTimeMarathon":13327},{"userProfilePK":76018113,"calendarDate":"2023-01-23","deviceId":3401978503,"timestamp":"2023-01-23T16:50:31.0","raceTime5K":1201,"raceTime10K":2533,"raceTimeHalf":5780,"raceTimeMarathon":13414},{"userProfilePK":76018113,"calendarDate":"2023-01-23","deviceId":3401978503,"timestamp":"2023-01-22T23:02:08.0","raceTime5K":1201,"raceTime10K":2535,"raceTimeHalf":5792,"raceTimeMarathon":13441},{"userProfilePK":76018113,"calendarDate":"2023-01-24","deviceId":3401978503,"timestamp":"2023-01-23T23:02:13.0","raceTime5K":1201,"raceTime10K":2533,"raceTimeHalf":5808,"raceTimeMarathon":13496},{"userProfilePK":76018113,"calendarDate":"2023-01-25","deviceId":3401978503,"timestamp":"2023-01-24T23:02:17.0","raceTime5K":1201,"raceTime10K":2534,"raceTimeHalf":5819,"raceTimeMarathon":13521},{"userProfilePK":76018113,"calendarDate":"2023-01-25","deviceId":3401978503,"timestamp":"2023-01-25T06:35:28.0","raceTime5K":1201,"raceTime10K":2534,"raceTimeHalf":5819,"raceTimeMarathon":13521},{"userProfilePK":76018113,"calendarDate":"2023-01-25","deviceId":3401978503,"timestamp":"2023-01-25T07:47:04.0","raceTime5K":1201,"raceTime10K":2530,"raceTimeHalf":5804,"raceTimeMarathon":13481},{"userProfilePK":76018113,"calendarDate":"2023-01-26","deviceId":3401978503,"timestamp":"2023-01-25T23:02:22.0","raceTime5K":1201,"raceTime10K":2530,"raceTimeHalf":5804,"raceTimeMarathon":13481},{"userProfilePK":76018113,"calendarDate":"2023-01-27","deviceId":3401978503,"timestamp":"2023-01-27T07:06:44.0","raceTime5K":1199,"raceTime10K":2528,"raceTimeHalf":5791,"raceTimeMarathon":13453},{"userProfilePK":76018113,"calendarDate":"2023-01-27","deviceId":3401978503,"timestamp":"2023-01-26T23:02:25.0","raceTime5K":1201,"raceTime10K":2530,"raceTimeHalf":5804,"raceTimeMarathon":13481},{"userProfilePK":76018113,"calendarDate":"2023-01-28","deviceId":3401978503,"timestamp":"2023-01-27T23:02:29.0","raceTime5K":1199,"raceTime10K":2529,"raceTimeHalf":5810,"raceTimeMarathon":13494},{"userProfilePK":76018113,"calendarDate":"2023-01-28","deviceId":3401978503,"timestamp":"2023-01-28T10:10:00.0","raceTime5K":1199,"raceTime10K":2530,"raceTimeHalf":5753,"raceTimeMarathon":13242},{"userProfilePK":76018113,"calendarDate":"2023-01-29","deviceId":3401978503,"timestamp":"2023-01-28T23:02:32.0","raceTime5K":1199,"raceTime10K":2530,"raceTimeHalf":5767,"raceTimeMarathon":13273},{"userProfilePK":76018113,"calendarDate":"2023-01-30","deviceId":3401978503,"timestamp":"2023-01-30T07:12:41.0","raceTime5K":1199,"raceTime10K":2530,"raceTimeHalf":5760,"raceTimeMarathon":13257},{"userProfilePK":76018113,"calendarDate":"2023-01-30","deviceId":3401978503,"timestamp":"2023-01-29T23:02:35.0","raceTime5K":1199,"raceTime10K":2530,"raceTimeHalf":5767,"raceTimeMarathon":13273},{"userProfilePK":76018113,"calendarDate":"2023-01-31","deviceId":3401978503,"timestamp":"2023-01-30T23:02:38.0","raceTime5K":1199,"raceTime10K":2530,"raceTimeHalf":5767,"raceTimeMarathon":13273},{"userProfilePK":76018113,"calendarDate":"2023-02-01","deviceId":3401978503,"timestamp":"2023-01-31T23:02:43.0","raceTime5K":1199,"raceTime10K":2534,"raceTimeHalf":5778,"raceTimeMarathon":13297},{"userProfilePK":76018113,"calendarDate":"2023-02-01","deviceId":3401978503,"timestamp":"2023-02-01T06:38:29.0","raceTime5K":1199,"raceTime10K":2530,"raceTimeHalf":5763,"raceTimeMarathon":13265},{"userProfilePK":76018113,"calendarDate":"2023-02-02","deviceId":3401978503,"timestamp":"2023-02-01T23:02:49.0","raceTime5K":1199,"raceTime10K":2530,"raceTimeHalf":5763,"raceTimeMarathon":13265},{"userProfilePK":76018113,"calendarDate":"2023-02-03","deviceId":3401978503,"timestamp":"2023-02-03T06:02:54.0","raceTime5K":1199,"raceTime10K":2530,"raceTimeHalf":5763,"raceTimeMarathon":13265},{"userProfilePK":76018113,"calendarDate":"2023-02-03","deviceId":3401978503,"timestamp":"2023-02-03T07:13:29.0","raceTime5K":1198,"raceTime10K":2525,"raceTimeHalf":5740,"raceTimeMarathon":13211},{"userProfilePK":76018113,"calendarDate":"2023-02-03","deviceId":3401978503,"timestamp":"2023-02-02T23:02:53.0","raceTime5K":1199,"raceTime10K":2530,"raceTimeHalf":5763,"raceTimeMarathon":13265},{"userProfilePK":76018113,"calendarDate":"2023-02-04","deviceId":3401978503,"timestamp":"2023-02-03T23:02:57.0","raceTime5K":1198,"raceTime10K":2528,"raceTimeHalf":5763,"raceTimeMarathon":13261},{"userProfilePK":76018113,"calendarDate":"2023-02-05","deviceId":3401978503,"timestamp":"2023-02-04T23:02:59.0","raceTime5K":1198,"raceTime10K":2528,"raceTimeHalf":5763,"raceTimeMarathon":13261},{"userProfilePK":76018113,"calendarDate":"2023-02-05","deviceId":3401978503,"timestamp":"2023-02-05T09:41:31.0","raceTime5K":1196,"raceTime10K":2523,"raceTimeHalf":5741,"raceTimeMarathon":13213}]