[{"userProfilePK":76018113,"calendarDate":"2023-08-24","deviceId":3401978503,"timestamp":"2023-08-24T08:52:35.0","raceTime5K":1232,"raceTime10K":2658,"raceTimeHalf":6252,"raceTimeMarathon":14341},{"userProfilePK":76018113,"calendarDate":"2023-08-24","deviceId":3401978503,"timestamp":"2023-08-23T22:03:39.0","raceTime5K":1232,"raceTime10K":2658,"raceTimeHalf":6252,"raceTimeMarathon":14341},{"userProfilePK":76018113,"calendarDate":"2023-08-25","deviceId":3401978503,"timestamp":"2023-08-25T17:53:04.0","raceTime5K":1267,"raceTime10K":2731,"raceTimeHalf":6416,"raceTimeMarathon":14694},{"userProfilePK":76018113,"calendarDate":"2023-08-25","deviceId":3401978503,"timestamp":"2023-08-25T18:40:12.0","raceTime5K":1231,"raceTime10K":2654,"raceTimeHalf":6240,"raceTimeMarathon":14305},{"userProfilePK":76018113,"calendarDate":"2023-08-25","deviceId":3401978503,"timestamp":"2023-08-24T22:03:44.0","raceTime5K":1267,"raceTime10K":2731,"raceTimeHalf":6416,"raceTimeMarathon":14694},{"userProfilePK":76018113,"calendarDate":"2023-08-26","deviceId":3401978503,"timestamp":"2023-08-25T22:03:48.0","raceTime5K":1231,"raceTime10K":2654,"raceTimeHalf":6240,"raceTimeMarathon":14305},{"userProfilePK":76018113,"calendarDate":"2023-08-27","deviceId":3401978503,"timestamp":"2023-08-26T22:03:50.0","raceTime5K":1231,"raceTime10K":2654,"raceTimeHalf":6240,"raceTimeMarathon":14305},{"userProfilePK":76018113,"calendarDate":"2023-08-27","deviceId":3401978503,"timestamp":"2023-08-27T09:29:28.0","raceTime5K":1226,"raceTime10K":2642,"raceTimeHalf":6216,"raceTimeMarathon":14245},{"userProfilePK":76018113,"calendarDate":"2023-08-28","deviceId":3401978503,"timestamp":"2023-08-27T22:03:53.0","raceTime5K":1226,"raceTime10K":2642,"raceTimeHalf":6216,"raceTimeMarathon":14245},{"userProfilePK":76018113,"calendarDate":"2023-08-29","deviceId":3401978503,"timestamp":"2023-08-28T22:03:56.0","raceTime5K":1226,"raceTime10K":2642,"raceTimeHalf":6216,"raceTimeMarathon":14245},{"userProfilePK":76018113,"calendarDate":"2023-08-30","deviceId":3401978503,"timestamp":"2023-08-29T22:04:00.0","raceTime5K":1226,"raceTime10K":2642,"raceTimeHalf":6216,"raceTimeMarathon":14245},{"userProfilePK":76018113,"calendarDate":"2023-08-31","deviceId":3401978503,"timestamp":"2023-08-31T05:47:02.0","raceTime5K":1223,"raceTime10K":2637,"raceTimeHalf":6204,"raceTimeMarathon":14224},{"userProfilePK":76018113,"calendarDate":"2023-08-31","deviceId":3401978503,"timestamp":"2023-08-30T22:04:01.0","raceTime5K":1226,"raceTime10K":2642,"raceTimeHalf":6216,"raceTimeMarathon":14245},{"userProfilePK":76018113,"calendarDate":"2023-09-01","deviceId":3401978503,"timestamp":"2023-08-31T22:04:06.0","raceTime5K":1223,"raceTime10K":2637,"raceTimeHalf":6204,"raceTimeMarathon":14224},{"userProfilePK":76018113,"calendarDate":"2023-09-02","deviceId":3401978503,"timestamp":"2023-09-01T22:04:10.0","raceTime5K":1226,"raceTime10K":2644,"raceTimeHalf":6220,"raceTimeMarathon":14257},{"userProfilePK":76018113,"calendarDate":"2023-09-03","deviceId":3401978503,"timestamp":"2023-09-02T22:04:12.0","raceTime5K":1229,"raceTime10K":2650,"raceTimeHalf":6234,"raceTimeMarathon":14288},{"userProfilePK":76018113,"calendarDate":"2023-09-04","deviceId":3401978503,"timestamp":"2023-09-03T22:04:16.0","raceTime5K":1229,"raceTime10K":2650,"raceTimeHalf":6234,"raceTimeMarathon":14288},{"userProfilePK":76018113,"calendarDate":"2023-09-05","deviceId":3401978503,"timestamp":"2023-09-04T22:04:19.0","raceTime5K":1231,"raceTime10K":2653,"raceTimeHalf":6241,"raceTimeMarathon":14305},{"userProfilePK":76018113,"calendarDate":"2023-09-06","deviceId":3401978503,"timestamp":"2023-09-05T22:04:22.0","raceTime5K":1234,"raceTime10K":2659,"raceTimeHalf":6253,"raceTimeMarathon":14331},{"userProfilePK":76018113,"calendarDate":"2023-09-07","deviceId":3401978503,"timestamp":"2023-09-06T22:04:23.0","raceTime5K":1243,"raceTime10K":2678,"raceTimeHalf":6297,"raceTimeMarathon":14426},{"userProfilePK":76018113,"calendarDate":"2023-09-08","deviceId":3401978503,"timestamp":"2023-09-07T22:04:26.0","raceTime5K":1268,"raceTime10K":2730,"raceTimeHalf":6414,"raceTimeMarathon":14681},{"userProfilePK":76018113,"calendarDate":"2023-09-09","deviceId":3401978503,"timestamp":"2023-09-08T22:04:30.0","raceTime5K":1272,"raceTime10K":2740,"raceTimeHalf":6438,"raceTimeMarathon":14721},{"userProfilePK":76018113,"calendarDate":"2023-09-10","deviceId":3401978503,"timestamp":"2023-09-09T22:04:33.0","raceTime5K":1274,"raceTime10K":2744,"raceTimeHalf":6447,"raceTimeMarathon":14740},{"userProfilePK":76018113,"calendarDate":"2023-09-10","deviceId":3401978503,"timestamp":"2023-09-09T23:59:59.0","raceTime5K":1274,"raceTime10K":2744,"raceTimeHalf":6447,"raceTimeMarathon":14740},{"userProfilePK":76018113,"calendarDate":"2023-09-11","deviceId":3401978503,"timestamp":"2023-09-10T23:59:59.0","raceTime5K":1274,"raceTime10K":2744,"raceTimeHalf":6447,"raceTimeMarathon":14740},{"userProfilePK":76018113,"calendarDate":"2023-09-12","deviceId":3401978503,"timestamp":"2023-09-11T23:59:59.0","raceTime5K":1276,"raceTime10K":2749,"raceTimeHalf":6466,"raceTimeMarathon":14782},{"userProfilePK":76018113,"calendarDate":"2023-09-13","deviceId":3401978503,"timestamp":"2023-09-12T23:59:59.0","raceTime5K":1278,"raceTime10K":2757,"raceTimeHalf":6502,"raceTimeMarathon":14840},{"userProfilePK":76018113,"calendarDate":"2023-09-13","deviceId":3401978503,"timestamp":"2023-09-13T04:42:45.0","raceTime5K":1278,"raceTime10K":2757,"raceTimeHalf":6502,"raceTimeMarathon":14840},{"userProfilePK":76018113,"calendarDate":"2023-09-14","deviceId":3401978503,"timestamp":"2023-09-13T22:03:49.0","raceTime5K":1280,"raceTime10K":2766,"raceTimeHalf":6509,"raceTimeMarathon":14820},{"userProfilePK":76018113,"calendarDate":"2023-09-15","deviceId":3401978503,"timestamp":"2023-09-14T22:03:53.0","raceTime5K":1280,"raceTime10K":2769,"raceTimeHalf":6517,"raceTimeMarathon":14820},{"userProfilePK":76018113,"calendarDate":"2023-09-16","deviceId":3401978503,"timestamp":"2023-09-15T22:03:56.0","raceTime5K":1280,"raceTime10K":2769,"raceTimeHalf":6517,"raceTimeMarathon":14820},{"userProfilePK":76018113,"calendarDate":"2023-09-17","deviceId":3401978503,"timestamp":"2023-09-16T22:03:57.0","raceTime5K":1284,"raceTime10K":2777,"raceTimeHalf":6573,"raceTimeMarathon":14946},{"userProfilePK":76018113,"calendarDate":"2023-09-18","deviceId":3401978503,"timestamp":"2023-09-17T22:04:00.0","raceTime5K":1284,"raceTime10K":2777,"raceTimeHalf":6573,"raceTimeMarathon":14946},{"userProfilePK":76018113,"calendarDate":"2023-09-19","deviceId":3401978503,"timestamp":"2023-09-18T22:04:01.0","raceTime5K":1284,"raceTime10K":2780,"raceTimeHalf":6581,"raceTimeMarathon":14946},{"userProfilePK":76018113,"calendarDate":"2023-09-20","deviceId":3401978503,"timestamp":"2023-09-19T22:04:03.0","raceTime5K":1284,"raceTime10K":2783,"raceTimeHalf":6584,"raceTimeMarathon":14946},{"userProfilePK":76018113,"calendarDate":"2023-09-21","deviceId":3401978503,"timestamp":"2023-09-20T22:04:06.0","raceTime5K":1284,"raceTime10K":2789,"raceTimeHalf":6584,"raceTimeMarathon":14946},{"userProfilePK":76018113,"calendarDate":"2023-09-22","deviceId":3401978503,"timestamp":"2023-09-22T05:41:44.0","raceTime5K":1285,"raceTime10K":2793,"raceTimeHalf":6602,"raceTimeMarathon":14986},{"userProfilePK":76018113,"calendarDate":"2023-09-22","deviceId":3401978503,"timestamp":"2023-09-21T22:04:08.0","raceTime5K":1286,"raceTime10K":2794,"raceTimeHalf":6606,"raceTimeMarathon":14995},{"userProfilePK":76018113,"calendarDate":"2023-09-23","deviceId":3401978503,"timestamp":"2023-09-22T22:04:10.0","raceTime5K":1285,"raceTime10K":2798,"raceTimeHalf":6602,"raceTimeMarathon":14986},{"userProfilePK":76018113,"calendarDate":"2023-09-23","deviceId":3401978503,"timestamp":"2023-09-22T23:59:59.0","raceTime5K":1285,"raceTime10K":2798,"raceTimeHalf":6602,"raceTimeMarathon":14986},{"userProfilePK":76018113,"calendarDate":"2023-09-24","deviceId":3401978503,"timestamp":"2023-09-23T23:59:59.0","raceTime5K":1288,"raceTime10K":2805,"raceTimeHalf":6639,"raceTimeMarathon":15069},{"userProfilePK":76018113,"calendarDate":"2023-09-24","deviceId":3401978503,"timestamp":"2023-09-24T09:22:15.0","raceTime5K":1288,"raceTime10K":2805,"raceTimeHalf":6639,"raceTimeMarathon":15069},{"userProfilePK":76018113,"calendarDate":"2023-09-25","deviceId":3401978503,"timestamp":"2023-09-24T22:03:17.0","raceTime5K":1288,"raceTime10K":2806,"raceTimeHalf":6639,"raceTimeMarathon":15069},{"userProfilePK":76018113,"calendarDate":"2023-09-26","deviceId":3401978503,"timestamp":"2023-09-25T22:03:18.0","raceTime5K":1290,"raceTime10K":2810,"raceTimeHalf":6665,"raceTimeMarathon":15129},{"userProfilePK":76018113,"calendarDate":"2023-09-27","deviceId":3401978503,"timestamp":"2023-09-26T22:03:19.0","raceTime5K":1290,"raceTime10K":2810,"raceTimeHalf":6665,"raceTimeMarathon":15129},{"userProfilePK":76018113,"calendarDate":"2023-09-28","deviceId":3401978503,"timestamp":"2023-09-28T05:57:54.0","raceTime5K":1290,"raceTime10K":2810,"raceTimeHalf":6664,"raceTimeMarathon":15128},{"userProfilePK":76018113,"calendarDate":"2023-09-28","deviceId":3401978503,"timestamp":"2023-09-27T22:03:20.0","raceTime5K":1290,"raceTime10K":2810,"raceTimeHalf":6664,"raceTimeMarathon":15128},{"userProfilePK":76018113,"calendarDate":"2023-09-29","deviceId":3401978503,"timestamp":"2023-09-28T22:03:36.0","raceTime5K":1290,"raceTime10K":2810,"raceTimeHalf":6666,"raceTimeMarathon":15132},{"userProfilePK":76018113,"calendarDate":"2023-09-30","deviceId":3401978503,"timestamp":"2023-09-29T22:03:40.0","raceTime5K":1294,"raceTime10K":2822,"raceTimeHalf":6696,"raceTimeMarathon":15200},{"userProfilePK":76018113,"calendarDate":"2023-10-01","deviceId":3401978503,"timestamp":"2023-09-30T22:03:44.0","raceTime5K":1294,"raceTime10K":2822,"raceTimeHalf":6696,"raceTimeMarathon":15200},{"userProfilePK":76018113,"calendarDate":"2023-10-01","deviceId":3401978503,"timestamp":"2023-10-01T17:53:45.0","raceTime5K":1294,"raceTime10K":2824,"raceTimeHalf":6699,"raceTimeMarathon":15209},{"userProfilePK":76018113,"calendarDate":"2023-10-02","deviceId":3401978503,"timestamp":"2023-10-01T22:03:49.0","raceTime5K":1299,"raceTime10K":2838,"raceTimeHalf":6726,"raceTimeMarathon":15269},{"userProfilePK":76018113,"calendarDate":"2023-10-03","deviceId":3401978503,"timestamp":"2023-10-02T22:03:53.0","raceTime5K":1308,"raceTime10K":2860,"raceTimeHalf":6769,"raceTimeMarathon":15367},{"userProfilePK":76018113,"calendarDate":"2023-10-04","deviceId":3401978503,"timestamp":"2023-10-03T22:03:57.0","raceTime5K":1308,"raceTime10K":2860,"raceTimeHalf":6769,"raceTimeMarathon":15367},{"userProfilePK":76018113,"calendarDate":"2023-10-05","deviceId":3401978503,"timestamp":"2023-10-04T22:04:01.0","raceTime5K":1308,"raceTime10K":2861,"raceTimeHalf":6772,"raceTimeMarathon":15374},{"userProfilePK":76018113,"calendarDate":"2023-10-06","deviceId":3401978503,"timestamp":"2023-10-06T05:07:18.0","raceTime5K":1315,"raceTime10K":2880,"raceTimeHalf":6810,"raceTimeMarathon":15459},{"userProfilePK":76018113,"calendarDate":"2023-10-06","deviceId":3401978503,"timestamp":"2023-10-06T05:53:57.0","raceTime5K":1314,"raceTime10K":2877,"raceTimeHalf":6802,"raceTimeMarathon":15442},{"userProfilePK":76018113,"calendarDate":"2023-10-06","deviceId":3401978503,"timestamp":"2023-10-05T22:04:03.0","raceTime5K":1315,"raceTime10K":2880,"raceTimeHalf":6810,"raceTimeMarathon":15459},{"userProfilePK":76018113,"calendarDate":"2023-10-07","deviceId":3401978503,"timestamp":"2023-10-06T22:04:07.0","raceTime5K":1314,"raceTime10K":2878,"raceTimeHalf":6805,"raceTimeMarathon":15449},{"userProfilePK":76018113,"calendarDate":"2023-10-08","deviceId":3401978503,"timestamp":"2023-10-07T22:04:11.0","raceTime5K":1320,"raceTime10K":2892,"raceTimeHalf":6833,"raceTimeMarathon":15512},{"userProfilePK":76018113,"calendarDate":"2023-10-09","deviceId":3401978503,"timestamp":"2023-10-08T22:04:12.0","raceTime5K":1320,"raceTime10K":2892,"raceTimeHalf":6833,"raceTimeMarathon":15512},{"userProfilePK":76018113,"calendarDate":"2023-10-10","deviceId":3401978503,"timestamp":"2023-10-09T22:04:14.0","raceTime5K":1326,"raceTime10K":2909,"raceTimeHalf":6868,"raceTimeMarathon":15590},{"userProfilePK":76018113,"calendarDate":"2023-10-11","deviceId":3401978503,"timestamp":"2023-10-10T22:04:16.0","raceTime5K":1335,"raceTime10K":2933,"raceTimeHalf":6914,"raceTimeMarathon":15695},{"userProfilePK":76018113,"calendarDate":"2023-10-12","deviceId":3401978503,"timestamp":"2023-10-11T22:04:20.0","raceTime5K":1341,"raceTime10K":2947,"raceTimeHalf":6942,"raceTimeMarathon":15758},{"userProfilePK":76018113,"calendarDate":"2023-10-12","deviceId":3401978503,"timestamp":"2023-10-11T23:59:59.0","raceTime5K":1341,"raceTime10K":2947,"raceTimeHalf":6942,"raceTimeMarathon":15758},{"userProfilePK":76018113,"calendarDate":"2023-10-13","deviceId":3401978503,"timestamp":"2023-10-12T23:59:59.0","raceTime5K":1341,"raceTime10K":2947,"raceTimeHalf":6942,"raceTimeMarathon":15758},{"userProfilePK":76018113,"calendarDate":"2023-10-14","deviceId":3401978503,"timestamp":"2023-10-13T23:59:59.0","raceTime5K":1347,"raceTime10K":2964,"raceTimeHalf":6975,"raceTimeMarathon":15833},{"userProfilePK":76018113,"calendarDate":"2023-10-15","deviceId":3401978503,"timestamp":"2023-10-14T23:59:59.0","raceTime5K":1347,"raceTime10K":2963,"raceTimeHalf":6973,"raceTimeMarathon":15829},{"userProfilePK":76018113,"calendarDate":"2023-10-15","deviceId":3401978503,"timestamp":"2023-10-15T08:32:11.0","raceTime5K":1347,"raceTime10K":2963,"raceTimeHalf":6973,"raceTimeMarathon":15829},{"userProfilePK":76018113,"calendarDate":"2023-10-15","deviceId":3401978503,"timestamp":"2023-10-15T10:48:42.0","raceTime5K":1347,"raceTime10K":2963,"raceTimeHalf":6973,"raceTimeMarathon":15829},{"userProfilePK":76018113,"calendarDate":"2023-10-16","deviceId":3401978503,"timestamp":"2023-10-15T22:03:15.0","raceTime5K":1358,"raceTime10K":2996,"raceTimeHalf":6995,"raceTimeMarathon":15877},{"userProfilePK":76018113,"calendarDate":"2023-10-17","deviceId":3401978503,"timestamp":"2023-10-16T22:03:16.0","raceTime5K":1358,"raceTime10K":2996,"raceTimeHalf":6995,"raceTimeMarathon":15877},{"userProfilePK":76018113,"calendarDate":"2023-10-18","deviceId":3401978503,"timestamp":"2023-10-17T22:03:16.0","raceTime5K":1361,"raceTime10K":3001,"raceTimeHalf":7007,"raceTimeMarathon":15903},{"userProfilePK":76018113,"calendarDate":"2023-10-19","deviceId":3401978503,"timestamp":"2023-10-18T22:03:18.0","raceTime5K":1361,"raceTime10K":3001,"raceTimeHalf":7007,"raceTimeMarathon":15903},{"userProfilePK":76018113,"calendarDate":"2023-10-20","deviceId":3401978503,"timestamp":"2023-10-19T22:03:19.0","raceTime5K":1365,"raceTime10K":3008,"raceTimeHalf":7023,"raceTimeMarathon":15937},{"userProfilePK":76018113,"calendarDate":"2023-10-21","deviceId":3401978503,"timestamp":"2023-10-20T22:03:21.0","raceTime5K":1365,"raceTime10K":3008,"raceTimeHalf":7023,"raceTimeMarathon":15937},{"userProfilePK":76018113,"calendarDate":"2023-10-21","deviceId":3401978503,"timestamp":"2023-10-21T09:01:08.0","raceTime5K":1365,"raceTime10K":3008,"raceTimeHalf":7023,"raceTimeMarathon":15937},{"userProfilePK":76018113,"calendarDate":"2023-10-21","deviceId":3401978503,"timestamp":"2023-10-21T10:01:12.0","raceTime5K":1365,"raceTime10K":3008,"raceTimeHalf":7023,"raceTimeMarathon":15937},{"userProfilePK":76018113,"calendarDate":"2023-10-22","deviceId":3401978503,"timestamp":"2023-10-21T22:03:24.0","raceTime5K":1365,"raceTime10K":3008,"raceTimeHalf":7023,"raceTimeMarathon":15937},{"userProfilePK":76018113,"calendarDate":"2023-10-22","deviceId":3401978503,"timestamp":"2023-10-22T11:04:21.0","raceTime5K":1367,"raceTime10K":3008,"raceTimeHalf":7026,"raceTimeMarathon":15949},{"userProfilePK":76018113,"calendarDate":"2023-10-22","deviceId":3401978503,"timestamp":"2023-10-22T11:42:46.0","raceTime5K":1367,"raceTime10K":3008,"raceTimeHalf":7026,"raceTimeMarathon":15949},{"userProfilePK":76018113,"calendarDate":"2023-10-22","deviceId":3401978503,"timestamp":"2023-10-22T12:33:29.0","raceTime5K":1367,"raceTime10K":3008,"raceTimeHalf":7026,"raceTimeMarathon":15949},{"userProfilePK":76018113,"calendarDate":"2023-10-23","deviceId":3401978503,"timestamp":"2023-10-22T22:03:35.0","raceTime5K":1367,"raceTime10K":3008,"raceTimeHalf":7026,"raceTimeMarathon":15949},{"userProfilePK":76018113,"calendarDate":"2023-10-24","deviceId":3401978503,"timestamp":"2023-10-23T22:03:37.0","raceTime5K":1367,"raceTime10K":3008,"raceTimeHalf":7026,"raceTimeMarathon":15949},{"userProfilePK":76018113,"calendarDate":"2023-10-24","deviceId":3401978503,"timestamp":"2023-10-24T05:43:57.0","raceTime5K":1364,"raceTime10K":3005,"raceTimeHalf":7019,"raceTimeMarathon":15936},{"userProfilePK":76018113,"calendarDate":"2023-10-25","deviceId":3401978503,"timestamp":"2023-10-24T22:03:39.0","raceTime5K":1364,"raceTime10K":3005,"raceTimeHalf":7019,"raceTimeMarathon":15936},{"userProfilePK":76018113,"calendarDate":"2023-10-25","deviceId":3401978503,"timestamp":"2023-10-25T05:30:32.0","raceTime5K":1360,"raceTime10K":2998,"raceTimeHalf":7004,"raceTimeMarathon":15903},{"userProfilePK":76018113,"calendarDate":"2023-10-25","deviceId":3401978503,"timestamp":"2023-10-25T05:31:13.0","raceTime5K":1335,"raceTime10K":2943,"raceTimeHalf":6882,"raceTimeMarathon":15637},{"userProfilePK":76018113,"calendarDate":"2023-10-26","deviceId":3401978503,"timestamp":"2023-10-26T05:31:07.0","raceTime5K":1335,"raceTime10K":2943,"raceTimeHalf":6882,"raceTimeMarathon":15637},{"userProfilePK":76018113,"calendarDate":"2023-10-26","deviceId":3401978503,"timestamp":"2023-10-25T22:03:40.0","raceTime5K":1335,"raceTime10K":2943,"raceTimeHalf":6882,"raceTimeMarathon":15637},{"userProfilePK":76018113,"calendarDate":"2023-10-27","deviceId":3401978503,"timestamp":"2023-10-27T05:21:20.0","raceTime5K":1340,"raceTime10K":2955,"raceTimeHalf":6913,"raceTimeMarathon":15723},{"userProfilePK":76018113,"calendarDate":"2023-10-27","deviceId":3401978503,"timestamp":"2023-10-26T22:03:44.0","raceTime5K":1335,"raceTime10K":2943,"raceTimeHalf":6882,"raceTimeMarathon":15637},{"userProfilePK":76018113,"calendarDate":"2023-10-28","deviceId":3401978503,"timestamp":"2023-10-27T22:03:53.0","raceTime5K":1340,"raceTime10K":2955,"raceTimeHalf":6913,"raceTimeMarathon":15723},{"userProfilePK":76018113,"calendarDate":"2023-10-28","deviceId":3401978503,"timestamp":"2023-10-28T10:02:44.0","raceTime5K":1340,"raceTime10K":2955,"raceTimeHalf":6913,"raceTimeMarathon":15723},{"userProfilePK":76018113,"calendarDate":"2023-10-29","deviceId":3401978503,"timestamp":"2023-10-28T22:04:01.0","raceTime5K":1340,"raceTime10K":2955,"raceTimeHalf":6913,"raceTimeMarathon":15723},{"userProfilePK":76018113,"calendarDate":"2023-10-29","deviceId":3401978503,"timestamp":"2023-10-29T10:41:25.0","raceTime5K":1343,"raceTime10K":2960,"raceTimeHalf":6933,"raceTimeMarathon":15780},{"userProfilePK":76018113,"calendarDate":"2023-10-30","deviceId":3401978503,"timestamp":"2023-10-29T23:04:10.0","raceTime5K":1343,"raceTime10K":2961,"raceTimeHalf":6933,"raceTimeMarathon":15780},{"userProfilePK":76018113,"calendarDate":"2023-10-31","deviceId":3401978503,"timestamp":"2023-10-30T23:04:17.0","raceTime5K":1343,"raceTime10K":2961,"raceTimeHalf":6933,"raceTimeMarathon":15780},{"userProfilePK":76018113,"calendarDate":"2023-10-31","deviceId":3401978503,"timestamp":"2023-10-31T07:13:51.0","raceTime5K":1343,"raceTime10K":2961,"raceTimeHalf":6933,"raceTimeMarathon":15780},{"userProfilePK":76018113,"calendarDate":"2023-11-01","deviceId":3401978503,"timestamp":"2023-10-31T23:04:25.0","raceTime5K":1343,"raceTime10K":2961,"raceTimeHalf":6933,"raceTimeMarathon":15780},{"userProfilePK":76018113,"calendarDate":"2023-11-01","deviceId":3401978503,"timestamp":"2023-11-01T09:57:51.0","raceTime5K":1339,"raceTime10K":2947,"raceTimeHalf":6929,"raceTimeMarathon":15786},{"userProfilePK":76018113,"calendarDate":"2023-11-02","deviceId":3401978503,"timestamp":"2023-11-01T23:04:34.0","raceTime5K":1341,"raceTime10K":2953,"raceTimeHalf":6929,"raceTimeMarathon":15786},{"userProfilePK":76018113,"calendarDate":"2023-11-03","deviceId":3401978503,"timestamp":"2023-11-03T06:54:22.0","raceTime5K":1343,"raceTime10K":2950,"raceTimeHalf":6947,"raceTimeMarathon":15839},{"userProfilePK":76018113,"calendarDate":"2023-11-03","deviceId":3401978503,"timestamp":"2023-11-02T23:04:42.0","raceTime5K":1342,"raceTime10K":2956,"raceTimeHalf":6937,"raceTimeMarathon":15802},{"userProfilePK":76018113,"calendarDate":"2023-11-04","deviceId":3401978503,"timestamp":"2023-11-03T23:04:50.0","raceTime5K":1343,"raceTime10K":2950,"raceTimeHalf":6947,"raceTimeMarathon":15839},{"userProfilePK":76018113,"calendarDate":"2023-11-04","deviceId":3401978503,"timestamp":"2023-11-04T09:16:10.0","raceTime5K":1343,"raceTime10K":2949,"raceTimeHalf":6947,"raceTimeMarathon":15839},{"userProfilePK":76018113,"calendarDate":"2023-11-05","deviceId":3401978503,"timestamp":"2023-11-04T23:04:56.0","raceTime5K":1345,"raceTime10K":2953,"raceTimeHalf":6955,"raceTimeMarathon":15857},{"userProfilePK":76018113,"calendarDate":"2023-11-05","deviceId":3401978503,"timestamp":"2023-11-05T11:05:27.0","raceTime5K":1342,"raceTime10K":2947,"raceTimeHalf":6957,"raceTimeMarathon":15876},{"userProfilePK":76018113,"calendarDate":"2023-11-06","deviceId":3401978503,"timestamp":"2023-11-05T23:05:00.0","raceTime5K":1342,"raceTime10K":2947,"raceTimeHalf":6957,"raceTimeMarathon":15876},{"userProfilePK":76018113,"calendarDate":"2023-11-07","deviceId":3401978503,"timestamp":"2023-11-06T23:05:01.0","raceTime5K":1345,"raceTime10K":2953,"raceTimeHalf":6970,"raceTimeMarathon":15903},{"userProfilePK":76018113,"calendarDate":"2023-11-07","deviceId":3401978503,"timestamp":"2023-11-07T06:52:28.0","raceTime5K":1336,"raceTime10K":2931,"raceTimeHalf":6955,"raceTimeMarathon":15880},{"userProfilePK":76018113,"calendarDate":"2023-11-08","deviceId":3401978503,"timestamp":"2023-11-07T23:05:05.0","raceTime5K":1336,"raceTime10K":2931,"raceTimeHalf":6955,"raceTimeMarathon":15880},{"userProfilePK":76018113,"calendarDate":"2023-11-08","deviceId":3401978503,"timestamp":"2023-11-08T06:35:41.0","raceTime5K":1336,"raceTime10K":2931,"raceTimeHalf":6955,"raceTimeMarathon":15880},{"userProfilePK":76018113,"calendarDate":"2023-11-09","deviceId":3401978503,"timestamp":"2023-11-09T07:35:21.0","raceTime5K":1341,"raceTime10K":2942,"raceTimeHalf":6962,"raceTimeMarathon":15896},{"userProfilePK":76018113,"calendarDate":"2023-11-09","deviceId":3401978503,"timestamp":"2023-11-09T08:35:51.0","raceTime5K":1335,"raceTime10K":2923,"raceTimeHalf":6936,"raceTimeMarathon":15845},{"userProfilePK":76018113,"calendarDate":"2023-11-09","deviceId":3401978503,"timestamp":"2023-11-08T23:05:08.0","raceTime5K":1341,"raceTime10K":2943,"raceTimeHalf":6963,"raceTimeMarathon":15897},{"userProfilePK":76018113,"calendarDate":"2023-11-10","deviceId":3401978503,"timestamp":"2023-11-10T06:49:59.0","raceTime5K":1336,"raceTime10K":2924,"raceTimeHalf":6943,"raceTimeMarathon":15859},{"userProfilePK":76018113,"calendarDate":"2023-11-10","deviceId":3401978503,"timestamp":"2023-11-09T23:05:12.0","raceTime5K":1336,"raceTime10K":2926,"raceTimeHalf":6943,"raceTimeMarathon":15859},{"userProfilePK":76018113,"calendarDate":"2023-11-11","deviceId":3401978503,"timestamp":"2023-11-10T23:05:15.0","raceTime5K":1336,"raceTime10K":2924,"raceTimeHalf":6943,"raceTimeMarathon":15859},{"userProfilePK":76018113,"calendarDate":"2023-11-12","deviceId":3401978503,"timestamp":"2023-11-11T23:05:18.0","raceTime5K":1340,"raceTime10K":2934,"raceTimeHalf":6965,"raceTimeMarathon":15908},{"userProfilePK":76018113,"calendarDate":"2023-11-12","deviceId":3401978503,"timestamp":"2023-11-12T13:44:06.0","raceTime5K":1332,"raceTime10K":2916,"raceTimeHalf":6944,"raceTimeMarathon":15872},{"userProfilePK":76018113,"calendarDate":"2023-11-13","deviceId":3401978503,"timestamp":"2023-11-12T23:05:23.0","raceTime5K":1332,"raceTime10K":2916,"raceTimeHalf":6944,"raceTimeMarathon":15872},{"userProfilePK":76018113,"calendarDate":"2023-11-14","deviceId":3401978503,"timestamp":"2023-11-13T23:05:24.0","raceTime5K":1332,"raceTime10K":2916,"raceTimeHalf":6944,"raceTimeMarathon":15872},{"userProfilePK":76018113,"calendarDate":"2023-11-14","deviceId":3401978503,"timestamp":"2023-11-14T05:48:58.0","raceTime5K":1332,"raceTime10K":2916,"raceTimeHalf":6944,"raceTimeMarathon":15872},{"userProfilePK":76018113,"calendarDate":"2023-11-14","deviceId":3401978503,"timestamp":"2023-11-14T06:55:40.0","raceTime5K":1327,"raceTime10K":2899,"raceTimeHalf":6911,"raceTimeMarathon":15819},{"userProfilePK":76018113,"calendarDate":"2023-11-15","deviceId":3401978503,"timestamp":"2023-11-14T23:05:29.0","raceTime5K":1329,"raceTime10K":2902,"raceTimeHalf":6919,"raceTimeMarathon":15835},{"userProfilePK":76018113,"calendarDate":"2023-11-15","deviceId":3401978503,"timestamp":"2023-11-15T06:28:40.0","raceTime5K":1329,"raceTime10K":2901,"raceTimeHalf":6917,"raceTimeMarathon":15830},{"userProfilePK":76018113,"calendarDate":"2023-11-16","deviceId":3401978503,"timestamp":"2023-11-16T06:36:40.0","raceTime5K":1328,"raceTime10K":2900,"raceTimeHalf":6915,"raceTimeMarathon":15825},{"userProfilePK":76018113,"calendarDate":"2023-11-16","deviceId":3401978503,"timestamp":"2023-11-15T23:02:06.0","raceTime5K":1329,"raceTime10K":2901,"raceTimeHalf":6917,"raceTimeMarathon":15830},{"userProfilePK":76018113,"calendarDate":"2023-11-17","deviceId":3401978503,"timestamp":"2023-11-17T06:56:13.0","raceTime5K":1319,"raceTime10K":2873,"raceTimeHalf":6845,"raceTimeMarathon":15726},{"userProfilePK":76018113,"calendarDate":"2023-11-17","deviceId":3401978503,"timestamp":"2023-11-16T23:02:09.0","raceTime5K":1333,"raceTime10K":2909,"raceTimeHalf":6936,"raceTimeMarathon":15872},{"userProfilePK":76018113,"calendarDate":"2023-11-18","deviceId":3401978503,"timestamp":"2023-11-17T23:02:14.0","raceTime5K":1319,"raceTime10K":2873,"raceTimeHalf":6845,"raceTimeMarathon":15726},{"userProfilePK":76018113,"calendarDate":"2023-11-19","deviceId":3401978503,"timestamp":"2023-11-18T23:02:17.0","raceTime5K":1323,"raceTime10K":2882,"raceTimeHalf":6865,"raceTimeMarathon":15772},{"userProfilePK":76018113,"calendarDate":"2023-11-19","deviceId":3401978503,"timestamp":"2023-11-19T08:59:14.0","raceTime5K":1318,"raceTime10K":2865,"raceTimeHalf":6838,"raceTimeMarathon":15717},{"userProfilePK":76018113,"calendarDate":"2023-11-20","deviceId":3401978503,"timestamp":"2023-11-19T23:02:22.0","raceTime5K":1318,"raceTime10K":2865,"raceTimeHalf":6838,"raceTimeMarathon":15717},{"userProfilePK":76018113,"calendarDate":"2023-11-21","deviceId":3401978503,"timestamp":"2023-11-20T23:02:25.0","raceTime5K":1322,"raceTime10K":2874,"raceTimeHalf":6858,"raceTimeMarathon":15761},{"userProfilePK":76018113,"calendarDate":"2023-11-21","deviceId":3401978503,"timestamp":"2023-11-21T07:29:42.0","raceTime5K":1315,"raceTime10K":2861,"raceTimeHalf":6831,"raceTimeMarathon":15703},{"userProfilePK":76018113,"calendarDate":"2023-11-22","deviceId":3401978503,"timestamp":"2023-11-21T23:02:28.0","raceTime5K":1315,"raceTime10K":2861,"raceTimeHalf":6831,"raceTimeMarathon":15703},{"userProfilePK":76018113,"calendarDate":"2023-11-22","deviceId":3401978503,"timestamp":"2023-11-22T06:55:04.0","raceTime5K":1315,"raceTime10K":2859,"raceTimeHalf":6828,"raceTimeMarathon":15695},{"userProfilePK":76018113,"calendarDate":"2023-11-23","deviceId":3401978503,"timestamp":"2023-11-23T06:37:29.0","raceTime5K":1311,"raceTime10K":2847,"raceTimeHalf":6805,"raceTimeMarathon":15643},{"userProfilePK":76018113,"calendarDate":"2023-11-23","deviceId":3401978503,"timestamp":"2023-11-22T23:02:32.0","raceTime5K":1320,"raceTime10K":2870,"raceTimeHalf":6852,"raceTimeMarathon":15749},{"userProfilePK":76018113,"calendarDate":"2023-11-24","deviceId":3401978503,"timestamp":"2023-11-23T23:02:36.0","raceTime5K":1311,"raceTime10K":2847,"raceTimeHalf":6805,"raceTimeMarathon":15643},{"userProfilePK":76018113,"calendarDate":"2023-11-25","deviceId":3401978503,"timestamp":"2023-11-24T23:02:38.0","raceTime5K":1311,"raceTime10K":2847,"raceTimeHalf":6805,"raceTimeMarathon":15643},{"userProfilePK":76018113,"calendarDate":"2023-11-25","deviceId":3401978503,"timestamp":"2023-11-25T09:54:30.0","raceTime5K":1310,"raceTime10K":2846,"raceTimeHalf":6802,"raceTimeMarathon":15636},{"userProfilePK":76018113,"calendarDate":"2023-11-25","deviceId":3401978503,"timestamp":"2023-11-25T11:24:34.0","raceTime5K":1305,"raceTime10K":2828,"raceTimeHalf":6769,"raceTimeMarathon":15564},{"userProfilePK":76018113,"calendarDate":"2023-11-26","deviceId":3401978503,"timestamp":"2023-11-25T23:02:41.0","raceTime5K":1306,"raceTime10K":2831,"raceTimeHalf":6775,"raceTimeMarathon":15576},{"userProfilePK":76018113,"calendarDate":"2023-11-26","deviceId":3401978503,"timestamp":"2023-11-26T12:14:58.0","raceTime5K":1306,"raceTime10K":2828,"raceTimeHalf":6771,"raceTimeMarathon":15567},{"userProfilePK":76018113,"calendarDate":"2023-11-27","deviceId":3401978503,"timestamp":"2023-11-26T23:02:44.0","raceTime5K":1306,"raceTime10K":2828,"raceTimeHalf":6771,"raceTimeMarathon":15567},{"userProfilePK":76018113,"calendarDate":"2023-11-28","deviceId":3401978503,"timestamp":"2023-11-27T23:02:48.0","raceTime5K":1311,"raceTime10K":2840,"raceTimeHalf":6796,"raceTimeMarathon":15622},{"userProfilePK":76018113,"calendarDate":"2023-11-29","deviceId":3401978503,"timestamp":"2023-11-28T23:02:52.0","raceTime5K":1311,"raceTime10K":2840,"raceTimeHalf":6796,"raceTimeMarathon":15622},{"userProfilePK":76018113,"calendarDate":"2023-11-30","deviceId":3401978503,"timestamp":"2023-11-29T23:02:57.0","raceTime5K":1311,"raceTime10K":2840,"raceTimeHalf":6796,"raceTimeMarathon":15622},{"userProfilePK":76018113,"calendarDate":"2023-12-01","deviceId":3401978503,"timestamp":"2023-11-30T23:03:00.0","raceTime5K":1319,"raceTime10K":2857,"raceTimeHalf":6833,"raceTimeMarathon":15704},{"userProfilePK":76018113,"calendarDate":"2023-12-01","deviceId":3401978503,"timestamp":"2023-11-30T23:59:59.0","raceTime5K":1319,"raceTime10K":2857,"raceTimeHalf":6833,"raceTimeMarathon":15704},{"userProfilePK":76018113,"calendarDate":"2023-12-02","deviceId":3401978503,"timestamp":"2023-12-01T23:59:59.0","raceTime5K":1319,"raceTime10K":2857,"raceTimeHalf":6833,"raceTimeMarathon":15704}]