[{"userProfilePK":76018113,"calendarDate":"2023-02-05","deviceId":3401978503,"timestamp":"2023-02-04T23:02:59.0","raceTime5K":1198,"raceTime10K":2528,"raceTimeHalf":5763,"raceTimeMarathon":13261},{"userProfilePK":76018113,"calendarDate":"2023-02-05","deviceId":3401978503,"timestamp":"2023-02-05T09:41:31.0","raceTime5K":1196,"raceTime10K":2523,"raceTimeHalf":5741,"raceTimeMarathon":13213},{"userProfilePK":76018113,"calendarDate":"2023-02-06","deviceId":3401978503,"timestamp":"2023-02-06T07:29:14.0","raceTime5K":1196,"raceTime10K":2523,"raceTimeHalf":5715,"raceTimeMarathon":12937},{"userProfilePK":76018113,"calendarDate":"2023-02-06","deviceId":3401978503,"timestamp":"2023-02-05T23:03:01.0","raceTime5K":1196,"raceTime10K":2523,"raceTimeHalf":5741,"raceTimeMarathon":13213},{"userProfilePK":76018113,"calendarDate":"2023-02-07","deviceId":3401978503,"timestamp":"2023-02-06T23:03:03.0","raceTime5K":1196,"raceTime10K":2523,"raceTimeHalf":5715,"raceTimeMarathon":12937},{"userProfilePK":76018113,"calendarDate":"2023-02-08","deviceId":3401978503,"timestamp":"2023-02-07T23:03:06.0","raceTime5K":1196,"raceTime10K":2523,"raceTimeHalf":5715,"raceTimeMarathon":12986},{"userProfilePK":76018113,"calendarDate":"2023-02-08","deviceId":3401978503,"timestamp":"2023-02-08T06:30:21.0","raceTime5K":1196,"raceTime10K":2522,"raceTimeHalf":5705,"raceTimeMarathon":12968},{"userProfilePK":76018113,"calendarDate":"2023-02-09","deviceId":3401978503,"timestamp":"2023-02-08T23:03:11.0","raceTime5K":1195,"raceTime10K":2521,"raceTimeHalf":5707,"raceTimeMarathon":12972},{"userProfilePK":76018113,"calendarDate":"2023-02-10","deviceId":3401978503,"timestamp":"2023-02-10T07:20:53.0","raceTime5K":1194,"raceTime10K":2518,"raceTimeHalf":5688,"raceTimeMarathon":12924},{"userProfilePK":76018113,"calendarDate":"2023-02-10","deviceId":3401978503,"timestamp":"2023-02-09T23:03:13.0","raceTime5K":1196,"raceTime10K":2522,"raceTimeHalf":5707,"raceTimeMarathon":12972},{"userProfilePK":76018113,"calendarDate":"2023-02-11","deviceId":3401978503,"timestamp":"2023-02-10T23:03:17.0","raceTime5K":1194,"raceTime10K":2518,"raceTimeHalf":5688,"raceTimeMarathon":12924},{"userProfilePK":76018113,"calendarDate":"2023-02-11","deviceId":3401978503,"timestamp":"2023-02-11T08:50:31.0","raceTime5K":1194,"raceTime10K":2518,"raceTimeHalf":5688,"raceTimeMarathon":12924},{"userProfilePK":76018113,"calendarDate":"2023-02-12","deviceId":3401978503,"timestamp":"2023-02-11T23:03:18.0","raceTime5K":1194,"raceTime10K":2518,"raceTimeHalf":5728,"raceTimeMarathon":13011},{"userProfilePK":76018113,"calendarDate":"2023-02-12","deviceId":3401978503,"timestamp":"2023-02-12T09:24:45.0","raceTime5K":1194,"raceTime10K":2517,"raceTimeHalf":5704,"raceTimeMarathon":12954},{"userProfilePK":76018113,"calendarDate":"2023-02-13","deviceId":3401978503,"timestamp":"2023-02-12T23:03:22.0","raceTime5K":1193,"raceTime10K":2516,"raceTimeHalf":5704,"raceTimeMarathon":12954},{"userProfilePK":76018113,"calendarDate":"2023-02-14","deviceId":3401978503,"timestamp":"2023-02-13T23:03:26.0","raceTime5K":1194,"raceTime10K":2517,"raceTimeHalf":5704,"raceTimeMarathon":12954},{"userProfilePK":76018113,"calendarDate":"2023-02-14","deviceId":3401978503,"timestamp":"2023-02-14T06:49:11.0","raceTime5K":1193,"raceTime10K":2515,"raceTimeHalf":5694,"raceTimeMarathon":12933},{"userProfilePK":76018113,"calendarDate":"2023-02-15","deviceId":3401978503,"timestamp":"2023-02-14T23:03:30.0","raceTime5K":1192,"raceTime10K":2514,"raceTimeHalf":5694,"raceTimeMarathon":12933},{"userProfilePK":76018113,"calendarDate":"2023-02-16","deviceId":3401978503,"timestamp":"2023-02-16T07:04:38.0","raceTime5K":1193,"raceTime10K":2513,"raceTimeHalf":5684,"raceTimeMarathon":12910},{"userProfilePK":76018113,"calendarDate":"2023-02-16","deviceId":3401978503,"timestamp":"2023-02-15T23:03:34.0","raceTime5K":1193,"raceTime10K":2515,"raceTimeHalf":5694,"raceTimeMarathon":12933},{"userProfilePK":76018113,"calendarDate":"2023-02-17","deviceId":3401978503,"timestamp":"2023-02-16T23:03:38.0","raceTime5K":1193,"raceTime10K":2513,"raceTimeHalf":5684,"raceTimeMarathon":12910},{"userProfilePK":76018113,"calendarDate":"2023-02-18","deviceId":3401978503,"timestamp":"2023-02-17T23:03:41.0","raceTime5K":1192,"raceTime10K":2512,"raceTimeHalf":5684,"raceTimeMarathon":12910},{"userProfilePK":76018113,"calendarDate":"2023-02-19","deviceId":3401978503,"timestamp":"2023-02-18T23:03:45.0","raceTime5K":1193,"raceTime10K":2513,"raceTimeHalf":5688,"raceTimeMarathon":12918},{"userProfilePK":76018113,"calendarDate":"2023-02-19","deviceId":3401978503,"timestamp":"2023-02-19T11:31:29.0","raceTime5K":1191,"raceTime10K":2513,"raceTimeHalf":5654,"raceTimeMarathon":12538},{"userProfilePK":76018113,"calendarDate":"2023-02-20","deviceId":3401978503,"timestamp":"2023-02-19T23:03:48.0","raceTime5K":1191,"raceTime10K":2513,"raceTimeHalf":5654,"raceTimeMarathon":12538},{"userProfilePK":76018113,"calendarDate":"2023-02-21","deviceId":3401978503,"timestamp":"2023-02-20T23:03:52.0","raceTime5K":1191,"raceTime10K":2513,"raceTimeHalf":5654,"raceTimeMarathon":12538},{"userProfilePK":76018113,"calendarDate":"2023-02-22","deviceId":3401978503,"timestamp":"2023-02-21T23:03:56.0","raceTime5K":1191,"raceTime10K":2513,"raceTimeHalf":5647,"raceTimeMarathon":12524},{"userProfilePK":76018113,"calendarDate":"2023-02-23","deviceId":3401978503,"timestamp":"2023-02-22T23:04:00.0","raceTime5K":1191,"raceTime10K":2513,"raceTimeHalf":5647,"raceTimeMarathon":12524},{"userProfilePK":76018113,"calendarDate":"2023-02-24","deviceId":3401978503,"timestamp":"2023-02-23T23:04:05.0","raceTime5K":1191,"raceTime10K":2513,"raceTimeHalf":5633,"raceTimeMarathon":12492},{"userProfilePK":76018113,"calendarDate":"2023-02-25","deviceId":3401978503,"timestamp":"2023-02-24T23:04:08.0","raceTime5K":1191,"raceTime10K":2513,"raceTimeHalf":5633,"raceTimeMarathon":12492},{"userProfilePK":76018113,"calendarDate":"2023-02-26","deviceId":3401978503,"timestamp":"2023-02-25T23:04:12.0","raceTime5K":1192,"raceTime10K":2515,"raceTimeHalf":5636,"raceTimeMarathon":12482},{"userProfilePK":76018113,"calendarDate":"2023-02-27","deviceId":3401978503,"timestamp":"2023-02-26T23:04:15.0","raceTime5K":1192,"raceTime10K":2515,"raceTimeHalf":5636,"raceTimeMarathon":12482},{"userProfilePK":76018113,"calendarDate":"2023-02-28","deviceId":3401978503,"timestamp":"2023-02-27T23:04:15.0","raceTime5K":1195,"raceTime10K":2523,"raceTimeHalf":5653,"raceTimeMarathon":12501},{"userProfilePK":76018113,"calendarDate":"2023-02-28","deviceId":3401978503,"timestamp":"2023-02-28T06:57:14.0","raceTime5K":1195,"raceTime10K":2519,"raceTimeHalf":5644,"raceTimeMarathon":12484},{"userProfilePK":76018113,"calendarDate":"2023-03-01","deviceId":3401978503,"timestamp":"2023-02-28T23:04:21.0","raceTime5K":1195,"raceTime10K":2519,"raceTimeHalf":5644,"raceTimeMarathon":12509},{"userProfilePK":76018113,"calendarDate":"2023-03-02","deviceId":3401978503,"timestamp":"2023-03-02T06:57:12.0","raceTime5K":1194,"raceTime10K":2518,"raceTimeHalf":5642,"raceTimeMarathon":12488},{"userProfilePK":76018113,"calendarDate":"2023-03-02","deviceId":3401978503,"timestamp":"2023-03-01T23:05:56.0","raceTime5K":1198,"raceTime10K":2527,"raceTimeHalf":5662,"raceTimeMarathon":12528},{"userProfilePK":76018113,"calendarDate":"2023-03-03","deviceId":3401978503,"timestamp":"2023-03-03T07:11:03.0","raceTime5K":1196,"raceTime10K":2520,"raceTimeHalf":5652,"raceTimeMarathon":12538},{"userProfilePK":76018113,"calendarDate":"2023-03-03","deviceId":3401978503,"timestamp":"2023-03-02T23:01:01.0","raceTime5K":1194,"raceTime10K":2518,"raceTimeHalf":5646,"raceTimeMarathon":12526},{"userProfilePK":76018113,"calendarDate":"2023-03-04","deviceId":3401978503,"timestamp":"2023-03-03T23:01:04.0","raceTime5K":1196,"raceTime10K":2520,"raceTimeHalf":5666,"raceTimeMarathon":12569},{"userProfilePK":76018113,"calendarDate":"2023-03-05","deviceId":3401978503,"timestamp":"2023-03-04T23:01:07.0","raceTime5K":1212,"raceTime10K":2555,"raceTimeHalf":5726,"raceTimeMarathon":12631},{"userProfilePK":76018113,"calendarDate":"2023-03-05","deviceId":3401978503,"timestamp":"2023-03-05T11:53:19.0","raceTime5K":1208,"raceTime10K":2547,"raceTimeHalf":5707,"raceTimeMarathon":12594},{"userProfilePK":76018113,"calendarDate":"2023-03-06","deviceId":3401978503,"timestamp":"2023-03-06T22:28:54.0","raceTime5K":1205,"raceTime10K":2540,"raceTimeHalf":5692,"raceTimeMarathon":12587},{"userProfilePK":76018113,"calendarDate":"2023-03-06","deviceId":3401978503,"timestamp":"2023-03-05T23:01:12.0","raceTime5K":1208,"raceTime10K":2547,"raceTimeHalf":5707,"raceTimeMarathon":12619},{"userProfilePK":76018113,"calendarDate":"2023-03-07","deviceId":3401978503,"timestamp":"2023-03-06T23:01:16.0","raceTime5K":1205,"raceTime10K":2540,"raceTimeHalf":5697,"raceTimeMarathon":12640},{"userProfilePK":76018113,"calendarDate":"2023-03-08","deviceId":3401978503,"timestamp":"2023-03-07T23:01:21.0","raceTime5K":1205,"raceTime10K":2540,"raceTimeHalf":5697,"raceTimeMarathon":12640},{"userProfilePK":76018113,"calendarDate":"2023-03-09","deviceId":3401978503,"timestamp":"2023-03-08T23:01:24.0","raceTime5K":1205,"raceTime10K":2540,"raceTimeHalf":5706,"raceTimeMarathon":12660},{"userProfilePK":76018113,"calendarDate":"2023-03-10","deviceId":3401978503,"timestamp":"2023-03-10T06:55:55.0","raceTime5K":1200,"raceTime10K":2531,"raceTimeHalf":5694,"raceTimeMarathon":12638},{"userProfilePK":76018113,"calendarDate":"2023-03-10","deviceId":3401978503,"timestamp":"2023-03-09T23:01:27.0","raceTime5K":1205,"raceTime10K":2540,"raceTimeHalf":5714,"raceTimeMarathon":12677},{"userProfilePK":76018113,"calendarDate":"2023-03-11","deviceId":3401978503,"timestamp":"2023-03-10T23:01:33.0","raceTime5K":1200,"raceTime10K":2531,"raceTimeHalf":5694,"raceTimeMarathon":12638},{"userProfilePK":76018113,"calendarDate":"2023-03-12","deviceId":3401978503,"timestamp":"2023-03-11T23:01:37.0","raceTime5K":1200,"raceTime10K":2531,"raceTimeHalf":5694,"raceTimeMarathon":12638},{"userProfilePK":76018113,"calendarDate":"2023-03-12","deviceId":3401978503,"timestamp":"2023-03-12T10:35:33.0","raceTime5K":1199,"raceTime10K":2528,"raceTimeHalf":5690,"raceTimeMarathon":12628},{"userProfilePK":76018113,"calendarDate":"2023-03-13","deviceId":3401978503,"timestamp":"2023-03-12T23:01:41.0","raceTime5K":1199,"raceTime10K":2528,"raceTimeHalf":5709,"raceTimeMarathon":12669},{"userProfilePK":76018113,"calendarDate":"2023-03-13","deviceId":3401978503,"timestamp":"2023-03-12T23:53:35.0","raceTime5K":1199,"raceTime10K":2528,"raceTimeHalf":5709,"raceTimeMarathon":12669},{"userProfilePK":76018113,"calendarDate":"2023-03-14","deviceId":3401978503,"timestamp":"2023-03-13T23:01:44.0","raceTime5K":1201,"raceTime10K":2533,"raceTimeHalf":5722,"raceTimeMarathon":12697},{"userProfilePK":76018113,"calendarDate":"2023-03-14","deviceId":3401978503,"timestamp":"2023-03-14T06:08:11.0","raceTime5K":1199,"raceTime10K":2528,"raceTimeHalf":5706,"raceTimeMarathon":12663},{"userProfilePK":76018113,"calendarDate":"2023-03-15","deviceId":3401978503,"timestamp":"2023-03-14T23:01:48.0","raceTime5K":1199,"raceTime10K":2528,"raceTimeHalf":5706,"raceTimeMarathon":12663},{"userProfilePK":76018113,"calendarDate":"2023-03-15","deviceId":3401978503,"timestamp":"2023-03-15T05:38:54.0","raceTime5K":1199,"raceTime10K":2528,"raceTimeHalf":5706,"raceTimeMarathon":12663},{"userProfilePK":76018113,"calendarDate":"2023-03-16","deviceId":3401978503,"timestamp":"2023-03-15T23:01:51.0","raceTime5K":1199,"raceTime10K":2528,"raceTimeHalf":5707,"raceTimeMarathon":12666},{"userProfilePK":76018113,"calendarDate":"2023-03-17","deviceId":3401978503,"timestamp":"2023-03-17T06:27:34.0","raceTime5K":1199,"raceTime10K":2530,"raceTimeHalf":5722,"raceTimeMarathon":12696},{"userProfilePK":76018113,"calendarDate":"2023-03-17","deviceId":3401978503,"timestamp":"2023-03-16T23:01:58.0","raceTime5K":1202,"raceTime10K":2534,"raceTimeHalf":5730,"raceTimeMarathon":12715},{"userProfilePK":76018113,"calendarDate":"2023-03-18","deviceId":3401978503,"timestamp":"2023-03-17T23:02:06.0","raceTime5K":1199,"raceTime10K":2530,"raceTimeHalf":5722,"raceTimeMarathon":12696},{"userProfilePK":76018113,"calendarDate":"2023-03-18","deviceId":3401978503,"timestamp":"2023-03-18T10:06:23.0","raceTime5K":1199,"raceTime10K":2530,"raceTimeHalf":5722,"raceTimeMarathon":12696},{"userProfilePK":76018113,"calendarDate":"2023-03-18","deviceId":3401978503,"timestamp":"2023-03-18T11:13:06.0","raceTime5K":1199,"raceTime10K":2530,"raceTimeHalf":5722,"raceTimeMarathon":12696},{"userProfilePK":76018113,"calendarDate":"2023-03-19","deviceId":3401978503,"timestamp":"2023-03-18T23:02:09.0","raceTime5K":1199,"raceTime10K":2530,"raceTimeHalf":5711,"raceTimeMarathon":12672},{"userProfilePK":76018113,"calendarDate":"2023-03-20","deviceId":3401978503,"timestamp":"2023-03-20T06:41:44.0","raceTime5K":1199,"raceTime10K":2532,"raceTimeHalf":5704,"raceTimeMarathon":12657},{"userProfilePK":76018113,"calendarDate":"2023-03-20","deviceId":3401978503,"timestamp":"2023-03-20T18:35:28.0","raceTime5K":1199,"raceTime10K":2530,"raceTimeHalf":5699,"raceTimeMarathon":12647},{"userProfilePK":76018113,"calendarDate":"2023-03-20","deviceId":3401978503,"timestamp":"2023-03-19T23:02:12.0","raceTime5K":1199,"raceTime10K":2532,"raceTimeHalf":5704,"raceTimeMarathon":12657},{"userProfilePK":76018113,"calendarDate":"2023-03-20","deviceId":3401978503,"timestamp":"2023-03-19T23:59:59.0","raceTime5K":1199,"raceTime10K":2532,"raceTimeHalf":5704,"raceTimeMarathon":12657},{"userProfilePK":76018113,"calendarDate":"2023-03-21","deviceId":3401978503,"timestamp":"2023-03-20T23:02:17.0","raceTime5K":1199,"raceTime10K":2530,"raceTimeHalf":5714,"raceTimeMarathon":12680},{"userProfilePK":76018113,"calendarDate":"2023-03-22","deviceId":3401978503,"timestamp":"2023-03-21T23:04:05.0","raceTime5K":1199,"raceTime10K":2530,"raceTimeHalf":5714,"raceTimeMarathon":12680},{"userProfilePK":76018113,"calendarDate":"2023-03-22","deviceId":3401978503,"timestamp":"2023-03-22T06:42:55.0","raceTime5K":1199,"raceTime10K":2530,"raceTimeHalf":5712,"raceTimeMarathon":12677},{"userProfilePK":76018113,"calendarDate":"2023-03-23","deviceId":3401978503,"timestamp":"2023-03-22T23:04:09.0","raceTime5K":1199,"raceTime10K":2530,"raceTimeHalf":5728,"raceTimeMarathon":12711},{"userProfilePK":76018113,"calendarDate":"2023-03-24","deviceId":3401978503,"timestamp":"2023-03-24T06:37:13.0","raceTime5K":1201,"raceTime10K":2532,"raceTimeHalf":5735,"raceTimeMarathon":12732},{"userProfilePK":76018113,"calendarDate":"2023-03-24","deviceId":3401978503,"timestamp":"2023-03-23T23:04:15.0","raceTime5K":1199,"raceTime10K":2530,"raceTimeHalf":5730,"raceTimeMarathon":12716},{"userProfilePK":76018113,"calendarDate":"2023-03-25","deviceId":3401978503,"timestamp":"2023-03-24T23:04:19.0","raceTime5K":1200,"raceTime10K":2531,"raceTimeHalf":5758,"raceTimeMarathon":12781},{"userProfilePK":76018113,"calendarDate":"2023-03-26","deviceId":3401978503,"timestamp":"2023-03-25T23:01:39.0","raceTime5K":1201,"raceTime10K":2532,"raceTimeHalf":5752,"raceTimeMarathon":12768},{"userProfilePK":76018113,"calendarDate":"2023-03-26","deviceId":3401978503,"timestamp":"2023-03-26T07:51:24.0","raceTime5K":1201,"raceTime10K":2532,"raceTimeHalf":5752,"raceTimeMarathon":12768},{"userProfilePK":76018113,"calendarDate":"2023-03-27","deviceId":3401978503,"timestamp":"2023-03-27T05:00:04.0","raceTime5K":1201,"raceTime10K":2532,"raceTimeHalf":5752,"raceTimeMarathon":12827},{"userProfilePK":76018113,"calendarDate":"2023-03-27","deviceId":3401978503,"timestamp":"2023-03-27T05:59:12.0","raceTime5K":1199,"raceTime10K":2528,"raceTimeHalf":5745,"raceTimeMarathon":12807},{"userProfilePK":76018113,"calendarDate":"2023-03-27","deviceId":3401978503,"timestamp":"2023-03-26T22:01:44.0","raceTime5K":1201,"raceTime10K":2532,"raceTimeHalf":5752,"raceTimeMarathon":12827},{"userProfilePK":76018113,"calendarDate":"2023-03-28","deviceId":3401978503,"timestamp":"2023-03-27T22:01:47.0","raceTime5K":1198,"raceTime10K":2527,"raceTimeHalf":5746,"raceTimeMarathon":12860},{"userProfilePK":76018113,"calendarDate":"2023-03-29","deviceId":3401978503,"timestamp":"2023-03-28T22:01:51.0","raceTime5K":1199,"raceTime10K":2528,"raceTimeHalf":5747,"raceTimeMarathon":12913},{"userProfilePK":76018113,"calendarDate":"2023-03-29","deviceId":3401978503,"timestamp":"2023-03-29T04:45:47.0","raceTime5K":1199,"raceTime10K":2528,"raceTimeHalf":5747,"raceTimeMarathon":12913},{"userProfilePK":76018113,"calendarDate":"2023-03-29","deviceId":3401978503,"timestamp":"2023-03-29T05:57:14.0","raceTime5K":1199,"raceTime10K":2530,"raceTimeHalf":5751,"raceTimeMarathon":12920},{"userProfilePK":76018113,"calendarDate":"2023-03-30","deviceId":3401978503,"timestamp":"2023-03-29T22:01:56.0","raceTime5K":1199,"raceTime10K":2530,"raceTimeHalf":5751,"raceTimeMarathon":12971},{"userProfilePK":76018113,"calendarDate":"2023-03-31","deviceId":3401978503,"timestamp":"2023-03-30T22:01:59.0","raceTime5K":1199,"raceTime10K":2530,"raceTimeHalf":5749,"raceTimeMarathon":13019},{"userProfilePK":76018113,"calendarDate":"2023-04-01","deviceId":3401978503,"timestamp":"2023-03-31T22:02:02.0","raceTime5K":1202,"raceTime10K":2538,"raceTimeHalf":5756,"raceTimeMarathon":13043},{"userProfilePK":76018113,"calendarDate":"2023-04-01","deviceId":3401978503,"timestamp":"2023-04-01T10:59:32.0","raceTime5K":1201,"raceTime10K":2533,"raceTimeHalf":5743,"raceTimeMarathon":12972},{"userProfilePK":76018113,"calendarDate":"2023-04-02","deviceId":3401978503,"timestamp":"2023-04-01T22:02:06.0","raceTime5K":1201,"raceTime10K":2533,"raceTimeHalf":5761,"raceTimeMarathon":13012},{"userProfilePK":76018113,"calendarDate":"2023-04-03","deviceId":3401978503,"timestamp":"2023-04-02T22:02:09.0","raceTime5K":1203,"raceTime10K":2538,"raceTimeHalf":5772,"raceTimeMarathon":13150},{"userProfilePK":76018113,"calendarDate":"2023-04-04","deviceId":3401978503,"timestamp":"2023-04-03T22:02:13.0","raceTime5K":1203,"raceTime10K":2538,"raceTimeHalf":5772,"raceTimeMarathon":13264},{"userProfilePK":76018113,"calendarDate":"2023-04-04","deviceId":3401978503,"timestamp":"2023-04-03T23:59:59.0","raceTime5K":1203,"raceTime10K":2538,"raceTimeHalf":5772,"raceTimeMarathon":13264},{"userProfilePK":76018113,"calendarDate":"2023-04-05","deviceId":3401978503,"timestamp":"2023-04-04T23:59:59.0","raceTime5K":1207,"raceTime10K":2546,"raceTimeHalf":5797,"raceTimeMarathon":13426},{"userProfilePK":76018113,"calendarDate":"2023-04-05","deviceId":3401978503,"timestamp":"2023-04-05T07:35:32.0","raceTime5K":1207,"raceTime10K":2546,"raceTimeHalf":5797,"raceTimeMarathon":13426},{"userProfilePK":76018113,"calendarDate":"2023-04-05","deviceId":3401978503,"timestamp":"2023-04-05T09:08:42.0","raceTime5K":1201,"raceTime10K":2533,"raceTimeHalf":5767,"raceTimeMarathon":13362},{"userProfilePK":76018113,"calendarDate":"2023-04-06","deviceId":3401978503,"timestamp":"2023-04-05T22:01:38.0","raceTime5K":1201,"raceTime10K":2533,"raceTimeHalf":5802,"raceTimeMarathon":13475},{"userProfilePK":76018113,"calendarDate":"2023-04-06","deviceId":3401978503,"timestamp":"2023-04-05T23:59:59.0","raceTime5K":1201,"raceTime10K":2533,"raceTimeHalf":5802,"raceTimeMarathon":13475},{"userProfilePK":76018113,"calendarDate":"2023-04-07","deviceId":3401978503,"timestamp":"2023-04-07T16:46:59.0","raceTime5K":1205,"raceTime10K":2540,"raceTimeHalf":5854,"raceTimeMarathon":13626},{"userProfilePK":76018113,"calendarDate":"2023-04-07","deviceId":3401978503,"timestamp":"2023-04-07T18:04:13.0","raceTime5K":1201,"raceTime10K":2532,"raceTimeHalf":5834,"raceTimeMarathon":13579},{"userProfilePK":76018113,"calendarDate":"2023-04-07","deviceId":3401978503,"timestamp":"2023-04-06T23:59:59.0","raceTime5K":1205,"raceTime10K":2540,"raceTimeHalf":5854,"raceTimeMarathon":13626},{"userProfilePK":76018113,"calendarDate":"2023-04-08","deviceId":3401978503,"timestamp":"2023-04-07T22:03:02.0","raceTime5K":1201,"raceTime10K":2540,"raceTimeHalf":5896,"raceTimeMarathon":13751},{"userProfilePK":76018113,"calendarDate":"2023-04-09","deviceId":3401978503,"timestamp":"2023-04-08T22:03:06.0","raceTime5K":1202,"raceTime10K":2541,"raceTimeHalf":5931,"raceTimeMarathon":13866},{"userProfilePK":76018113,"calendarDate":"2023-04-09","deviceId":3401978503,"timestamp":"2023-04-09T11:06:05.0","raceTime5K":1202,"raceTime10K":2541,"raceTimeHalf":5931,"raceTimeMarathon":13866},{"userProfilePK":76018113,"calendarDate":"2023-04-09","deviceId":3401978503,"timestamp":"2023-04-09T13:32:43.0","raceTime5K":1202,"raceTime10K":2541,"raceTimeHalf":5931,"raceTimeMarathon":13866},{"userProfilePK":76018113,"calendarDate":"2023-04-09","deviceId":3401978503,"timestamp":"2023-04-09T19:01:56.0","raceTime5K":1201,"raceTime10K":2539,"raceTimeHalf":5913,"raceTimeMarathon":13812},{"userProfilePK":76018113,"calendarDate":"2023-04-10","deviceId":3401978503,"timestamp":"2023-04-09T22:01:18.0","raceTime5K":1201,"raceTime10K":2537,"raceTimeHalf":5945,"raceTimeMarathon":13919},{"userProfilePK":76018113,"calendarDate":"2023-04-11","deviceId":3401978503,"timestamp":"2023-04-10T22:01:22.0","raceTime5K":1201,"raceTime10K":2546,"raceTimeHalf":5979,"raceTimeMarathon":13949},{"userProfilePK":76018113,"calendarDate":"2023-04-11","deviceId":3401978503,"timestamp":"2023-04-11T18:43:32.0","raceTime5K":1201,"raceTime10K":2547,"raceTimeHalf":5982,"raceTimeMarathon":13961},{"userProfilePK":76018113,"calendarDate":"2023-04-12","deviceId":3401978503,"timestamp":"2023-04-11T22:01:25.0","raceTime5K":1200,"raceTime10K":2555,"raceTimeHalf":6005,"raceTimeMarathon":13966},{"userProfilePK":76018113,"calendarDate":"2023-04-13","deviceId":3401978503,"timestamp":"2023-04-13T06:11:01.0","raceTime5K":1201,"raceTime10K":2555,"raceTimeHalf":6007,"raceTimeMarathon":13969},{"userProfilePK":76018113,"calendarDate":"2023-04-13","deviceId":3401978503,"timestamp":"2023-04-12T22:01:29.0","raceTime5K":1201,"raceTime10K":2555,"raceTimeHalf":6005,"raceTimeMarathon":13966},{"userProfilePK":76018113,"calendarDate":"2023-04-14","deviceId":3401978503,"timestamp":"2023-04-13T22:01:33.0","raceTime5K":1200,"raceTime10K":2562,"raceTimeHalf":6022,"raceTimeMarathon":14003},{"userProfilePK":76018113,"calendarDate":"2023-04-15","deviceId":3401978503,"timestamp":"2023-04-14T22:01:36.0","raceTime5K":1201,"raceTime10K":2557,"raceTimeHalf":6010,"raceTimeMarathon":13977},{"userProfilePK":76018113,"calendarDate":"2023-04-15","deviceId":3401978503,"timestamp":"2023-04-15T08:14:03.0","raceTime5K":1203,"raceTime10K":2555,"raceTimeHalf":6007,"raceTimeMarathon":13973},{"userProfilePK":76018113,"calendarDate":"2023-04-15","deviceId":3401978503,"timestamp":"2023-04-15T08:46:38.0","raceTime5K":1203,"raceTime10K":2555,"raceTimeHalf":6007,"raceTimeMarathon":13973},{"userProfilePK":76018113,"calendarDate":"2023-04-16","deviceId":3401978503,"timestamp":"2023-04-15T22:01:42.0","raceTime5K":1203,"raceTime10K":2565,"raceTimeHalf":6029,"raceTimeMarathon":14021},{"userProfilePK":76018113,"calendarDate":"2023-04-16","deviceId":3401978503,"timestamp":"2023-04-16T09:31:43.0","raceTime5K":1203,"raceTime10K":2565,"raceTimeHalf":6029,"raceTimeMarathon":14017},{"userProfilePK":76018113,"calendarDate":"2023-04-17","deviceId":3401978503,"timestamp":"2023-04-16T22:01:46.0","raceTime5K":1204,"raceTime10K":2575,"raceTimeHalf":6052,"raceTimeMarathon":14069},{"userProfilePK":76018113,"calendarDate":"2023-04-18","deviceId":3401978503,"timestamp":"2023-04-17T22:01:50.0","raceTime5K":1204,"raceTime10K":2575,"raceTimeHalf":6052,"raceTimeMarathon":14069},{"userProfilePK":76018113,"calendarDate":"2023-04-19","deviceId":3401978503,"timestamp":"2023-04-18T22:01:54.0","raceTime5K":1205,"raceTime10K":2578,"raceTimeHalf":6059,"raceTimeMarathon":14083},{"userProfilePK":76018113,"calendarDate":"2023-04-20","deviceId":3401978503,"timestamp":"2023-04-20T05:58:57.0","raceTime5K":1203,"raceTime10K":2573,"raceTimeHalf":6048,"raceTimeMarathon":14059},{"userProfilePK":76018113,"calendarDate":"2023-04-20","deviceId":3401978503,"timestamp":"2023-04-19T22:01:59.0","raceTime5K":1205,"raceTime10K":2578,"raceTimeHalf":6059,"raceTimeMarathon":14083},{"userProfilePK":76018113,"calendarDate":"2023-04-21","deviceId":3401978503,"timestamp":"2023-04-21T05:46:28.0","raceTime5K":1204,"raceTime10K":2575,"raceTimeHalf":6051,"raceTimeMarathon":14067},{"userProfilePK":76018113,"calendarDate":"2023-04-21","deviceId":3401978503,"timestamp":"2023-04-20T22:02:02.0","raceTime5K":1206,"raceTime10K":2579,"raceTimeHalf":6060,"raceTimeMarathon":14085},{"userProfilePK":76018113,"calendarDate":"2023-04-22","deviceId":3401978503,"timestamp":"2023-04-21T22:02:35.0","raceTime5K":1204,"raceTime10K":2575,"raceTimeHalf":6051,"raceTimeMarathon":14067},{"userProfilePK":76018113,"calendarDate":"2023-04-22","deviceId":3401978503,"timestamp":"2023-04-22T17:48:37.0","raceTime5K":1204,"raceTime10K":2575,"raceTimeHalf":6051,"raceTimeMarathon":14067},{"userProfilePK":76018113,"calendarDate":"2023-04-23","deviceId":3401978503,"timestamp":"2023-04-22T22:02:39.0","raceTime5K":1207,"raceTime10K":2582,"raceTimeHalf":6068,"raceTimeMarathon":14103},{"userProfilePK":76018113,"calendarDate":"2023-04-23","deviceId":3401978503,"timestamp":"2023-04-23T15:43:45.0","raceTime5K":1203,"raceTime10K":2574,"raceTimeHalf":6049,"raceTimeMarathon":14061},{"userProfilePK":76018113,"calendarDate":"2023-04-24","deviceId":3401978503,"timestamp":"2023-04-23T22:02:44.0","raceTime5K":1203,"raceTime10K":2574,"raceTimeHalf":6049,"raceTimeMarathon":14061},{"userProfilePK":76018113,"calendarDate":"2023-04-25","deviceId":3401978503,"timestamp":"2023-04-24T22:02:46.0","raceTime5K":1204,"raceTime10K":2575,"raceTimeHalf":6052,"raceTimeMarathon":14066},{"userProfilePK":76018113,"calendarDate":"2023-04-25","deviceId":3401978503,"timestamp":"2023-04-25T05:49:37.0","raceTime5K":1202,"raceTime10K":2571,"raceTimeHalf":6039,"raceTimeMarathon":14036},{"userProfilePK":76018113,"calendarDate":"2023-04-26","deviceId":3401978503,"timestamp":"2023-04-25T22:02:50.0","raceTime5K":1202,"raceTime10K":2571,"raceTimeHalf":6039,"raceTimeMarathon":14036},{"userProfilePK":76018113,"calendarDate":"2023-04-26","deviceId":3401978503,"timestamp":"2023-04-26T06:05:52.0","raceTime5K":1201,"raceTime10K":2563,"raceTimeHalf":6025,"raceTimeMarathon":14004},{"userProfilePK":76018113,"calendarDate":"2023-04-27","deviceId":3401978503,"timestamp":"2023-04-27T06:01:06.0","raceTime5K":1201,"raceTime10K":2566,"raceTimeHalf":6032,"raceTimeMarathon":14019},{"userProfilePK":76018113,"calendarDate":"2023-04-27","deviceId":3401978503,"timestamp":"2023-04-26T22:02:55.0","raceTime5K":1201,"raceTime10K":2566,"raceTimeHalf":6032,"raceTimeMarathon":14019},{"userProfilePK":76018113,"calendarDate":"2023-04-28","deviceId":3401978503,"timestamp":"2023-04-28T05:57:03.0","raceTime5K":1199,"raceTime10K":2561,"raceTimeHalf":6019,"raceTimeMarathon":13988},{"userProfilePK":76018113,"calendarDate":"2023-04-28","deviceId":3401978503,"timestamp":"2023-04-27T22:02:56.0","raceTime5K":1201,"raceTime10K":2566,"raceTimeHalf":6032,"raceTimeMarathon":14019},{"userProfilePK":76018113,"calendarDate":"2023-04-29","deviceId":3401978503,"timestamp":"2023-04-28T22:02:59.0","raceTime5K":1198,"raceTime10K":2561,"raceTimeHalf":6019,"raceTimeMarathon":13988},{"userProfilePK":76018113,"calendarDate":"2023-04-30","deviceId":3401978503,"timestamp":"2023-04-29T22:03:02.0","raceTime5K":1205,"raceTime10K":2579,"raceTimeHalf":6059,"raceTimeMarathon":14076},{"userProfilePK":76018113,"calendarDate":"2023-04-30","deviceId":3401978503,"timestamp":"2023-04-30T08:35:28.0","raceTime5K":1203,"raceTime10K":2572,"raceTimeHalf":6045,"raceTimeMarathon":14047},{"userProfilePK":76018113,"calendarDate":"2023-05-01","deviceId":3401978503,"timestamp":"2023-04-30T22:03:06.0","raceTime5K":1203,"raceTime10K":2572,"raceTimeHalf":6045,"raceTimeMarathon":14047},{"userProfilePK":76018113,"calendarDate":"2023-05-02","deviceId":3401978503,"timestamp":"2023-05-01T22:03:12.0","raceTime5K":1203,"raceTime10K":2572,"raceTimeHalf":6045,"raceTimeMarathon":14047},{"userProfilePK":76018113,"calendarDate":"2023-05-03","deviceId":3401978503,"timestamp":"2023-05-02T22:03:17.0","raceTime5K":1203,"raceTime10K":2572,"raceTimeHalf":6045,"raceTimeMarathon":14047},{"userProfilePK":76018113,"calendarDate":"2023-05-04","deviceId":3401978503,"timestamp":"2023-05-03T22:03:21.0","raceTime5K":1203,"raceTime10K":2572,"raceTimeHalf":6045,"raceTimeMarathon":14047},{"userProfilePK":76018113,"calendarDate":"2023-05-05","deviceId":3401978503,"timestamp":"2023-05-04T22:03:23.0","raceTime5K":1202,"raceTime10K":2570,"raceTimeHalf":6039,"raceTimeMarathon":14034},{"userProfilePK":76018113,"calendarDate":"2023-05-06","deviceId":3401978503,"timestamp":"2023-05-05T22:03:27.0","raceTime5K":1202,"raceTime10K":2570,"raceTimeHalf":6039,"raceTimeMarathon":14034},{"userProfilePK":76018113,"calendarDate":"2023-05-06","deviceId":3401978503,"timestamp":"2023-05-06T09:35:20.0","raceTime5K":1203,"raceTime10K":2573,"raceTimeHalf":6046,"raceTimeMarathon":14049},{"userProfilePK":76018113,"calendarDate":"2023-05-07","deviceId":3401978503,"timestamp":"2023-05-06T22:03:34.0","raceTime5K":1203,"raceTime10K":2572,"raceTimeHalf":6042,"raceTimeMarathon":14041},{"userProfilePK":76018113,"calendarDate":"2023-05-08","deviceId":3401978503,"timestamp":"2023-05-08T05:47:53.0","raceTime5K":1199,"raceTime10K":2565,"raceTimeHalf":6027,"raceTimeMarathon":14007},{"userProfilePK":76018113,"calendarDate":"2023-05-08","deviceId":3401978503,"timestamp":"2023-05-07T22:03:37.0","raceTime5K":1203,"raceTime10K":2572,"raceTimeHalf":6042,"raceTimeMarathon":14041},{"userProfilePK":76018113,"calendarDate":"2023-05-09","deviceId":3401978503,"timestamp":"2023-05-08T22:03:39.0","raceTime5K":1203,"raceTime10K":2572,"raceTimeHalf":6041,"raceTimeMarathon":14038},{"userProfilePK":76018113,"calendarDate":"2023-05-10","deviceId":3401978503,"timestamp":"2023-05-09T22:03:42.0","raceTime5K":1209,"raceTime10K":2579,"raceTimeHalf":6057,"raceTimeMarathon":14072},{"userProfilePK":76018113,"calendarDate":"2023-05-10","deviceId":3401978503,"timestamp":"2023-05-10T05:50:12.0","raceTime5K":1204,"raceTime10K":2568,"raceTimeHalf":6032,"raceTimeMarathon":14019},{"userProfilePK":76018113,"calendarDate":"2023-05-11","deviceId":3401978503,"timestamp":"2023-05-10T22:03:46.0","raceTime5K":1204,"raceTime10K":2573,"raceTimeHalf":6043,"raceTimeMarathon":14043},{"userProfilePK":76018113,"calendarDate":"2023-05-12","deviceId":3401978503,"timestamp":"2023-05-12T05:40:52.0","raceTime5K":1206,"raceTime10K":2572,"raceTimeHalf":6041,"raceTimeMarathon":14039},{"userProfilePK":76018113,"calendarDate":"2023-05-12","deviceId":3401978503,"timestamp":"2023-05-11T22:03:50.0","raceTime5K":1211,"raceTime10K":2585,"raceTimeHalf":6070,"raceTimeMarathon":14102},{"userProfilePK":76018113,"calendarDate":"2023-05-13","deviceId":3401978503,"timestamp":"2023-05-12T22:03:55.0","raceTime5K":1206,"raceTime10K":2572,"raceTimeHalf":6041,"raceTimeMarathon":14039},{"userProfilePK":76018113,"calendarDate":"2023-05-13","deviceId":3401978503,"timestamp":"2023-05-13T08:28:36.0","raceTime5K":1197,"raceTime10K":2557,"raceTimeHalf":6007,"raceTimeMarathon":13956},{"userProfilePK":76018113,"calendarDate":"2023-05-14","deviceId":3401978503,"timestamp":"2023-05-13T22:03:58.0","raceTime5K":1202,"raceTime10K":2569,"raceTimeHalf":6033,"raceTimeMarathon":14005},{"userProfilePK":76018113,"calendarDate":"2023-05-14","deviceId":3401978503,"timestamp":"2023-05-14T16:25:06.0","raceTime5K":1202,"raceTime10K":2569,"raceTimeHalf":6033,"raceTimeMarathon":14005},{"userProfilePK":76018113,"calendarDate":"2023-05-14","deviceId":3401978503,"timestamp":"2023-05-14T17:59:02.0","raceTime5K":1202,"raceTime10K":2569,"raceTimeHalf":6033,"raceTimeMarathon":14005},{"userProfilePK":76018113,"calendarDate":"2023-05-15","deviceId":3401978503,"timestamp":"2023-05-15T10:50:14.0","raceTime5K":1198,"raceTime10K":2556,"raceTimeHalf":6005,"raceTimeMarathon":13947},{"userProfilePK":76018113,"calendarDate":"2023-05-15","deviceId":3401978503,"timestamp":"2023-05-14T22:04:40.0","raceTime5K":1202,"raceTime10K":2569,"raceTimeHalf":6033,"raceTimeMarathon":14005},{"userProfilePK":76018113,"calendarDate":"2023-05-16","deviceId":3401978503,"timestamp":"2023-05-15T22:04:44.0","raceTime5K":1198,"raceTime10K":2561,"raceTimeHalf":6016,"raceTimeMarathon":13972}]