[{"userProfilePK":76018113,"calendarDate":"2024-03-11","deviceId":3401978503,"timestamp":"2024-03-10T23:02:50.0","raceTime5K":1194,"raceTime10K":2531,"raceTimeHalf":5881,"raceTimeMarathon":13714},{"userProfilePK":76018113,"calendarDate":"2024-03-12","deviceId":3401978503,"timestamp":"2024-03-11T23:02:53.0","raceTime5K":1194,"raceTime10K":2531,"raceTimeHalf":5895,"raceTimeMarathon":13761},{"userProfilePK":76018113,"calendarDate":"2024-03-12","deviceId":3401978503,"timestamp":"2024-03-12T06:57:11.0","raceTime5K":1194,"raceTime10K":2529,"raceTimeHalf":5890,"raceTimeMarathon":13750},{"userProfilePK":76018113,"calendarDate":"2024-03-13","deviceId":3401978503,"timestamp":"2024-03-12T23:02:55.0","raceTime5K":1194,"raceTime10K":2530,"raceTimeHalf":5895,"raceTimeMarathon":13763},{"userProfilePK":76018113,"calendarDate":"2024-03-13","deviceId":3401978503,"timestamp":"2024-03-13T06:28:36.0","raceTime5K":1194,"raceTime10K":2530,"raceTimeHalf":5895,"raceTimeMarathon":13763},{"userProfilePK":76018113,"calendarDate":"2024-03-14","deviceId":3401978503,"timestamp":"2024-03-14T06:57:37.0","raceTime5K":1193,"raceTime10K":2525,"raceTimeHalf":5887,"raceTimeMarathon":13745},{"userProfilePK":76018113,"calendarDate":"2024-03-14","deviceId":3401978503,"timestamp":"2024-03-13T23:02:57.0","raceTime5K":1193,"raceTime10K":2530,"raceTimeHalf":5895,"raceTimeMarathon":13763},{"userProfilePK":76018113,"calendarDate":"2024-03-15","deviceId":3401978503,"timestamp":"2024-03-15T06:21:30.0","raceTime5K":1193,"raceTime10K":2522,"raceTimeHalf":5880,"raceTimeMarathon":13730},{"userProfilePK":76018113,"calendarDate":"2024-03-15","deviceId":3401978503,"timestamp":"2024-03-14T23:02:59.0","raceTime5K":1193,"raceTime10K":2522,"raceTimeHalf":5880,"raceTimeMarathon":13730},{"userProfilePK":76018113,"calendarDate":"2024-03-16","deviceId":3401978503,"timestamp":"2024-03-15T23:03:01.0","raceTime5K":1193,"raceTime10K":2522,"raceTimeHalf":5880,"raceTimeMarathon":13730},{"userProfilePK":76018113,"calendarDate":"2024-03-16","deviceId":3401978503,"timestamp":"2024-03-16T10:23:51.0","raceTime5K":1193,"raceTime10K":2522,"raceTimeHalf":5880,"raceTimeMarathon":13730},{"userProfilePK":76018113,"calendarDate":"2024-03-16","deviceId":3401978503,"timestamp":"2024-03-16T11:32:15.0","raceTime5K":1191,"raceTime10K":2521,"raceTimeHalf":5876,"raceTimeMarathon":13719},{"userProfilePK":76018113,"calendarDate":"2024-03-17","deviceId":3401978503,"timestamp":"2024-03-16T23:03:10.0","raceTime5K":1194,"raceTime10K":2525,"raceTimeHalf":5885,"raceTimeMarathon":13739},{"userProfilePK":76018113,"calendarDate":"2024-03-17","deviceId":3401978503,"timestamp":"2024-03-17T10:16:48.0","raceTime5K":1191,"raceTime10K":2518,"raceTimeHalf":5860,"raceTimeMarathon":13673},{"userProfilePK":76018113,"calendarDate":"2024-03-18","deviceId":3401978503,"timestamp":"2024-03-17T23:03:12.0","raceTime5K":1191,"raceTime10K":2518,"raceTimeHalf":5860,"raceTimeMarathon":13673},{"userProfilePK":76018113,"calendarDate":"2024-03-19","deviceId":3401978503,"timestamp":"2024-03-18T23:03:16.0","raceTime5K":1191,"raceTime10K":2523,"raceTimeHalf":5870,"raceTimeMarathon":13693},{"userProfilePK":76018113,"calendarDate":"2024-03-19","deviceId":3401978503,"timestamp":"2024-03-19T06:46:58.0","raceTime5K":1191,"raceTime10K":2518,"raceTimeHalf":5860,"raceTimeMarathon":13673},{"userProfilePK":76018113,"calendarDate":"2024-03-20","deviceId":3401978503,"timestamp":"2024-03-19T23:03:21.0","raceTime5K":1191,"raceTime10K":2515,"raceTimeHalf":5853,"raceTimeMarathon":13658},{"userProfilePK":76018113,"calendarDate":"2024-03-20","deviceId":3401978503,"timestamp":"2024-03-20T06:47:03.0","raceTime5K":1189,"raceTime10K":2513,"raceTimeHalf":5850,"raceTimeMarathon":13647},{"userProfilePK":76018113,"calendarDate":"2024-03-21","deviceId":3401978503,"timestamp":"2024-03-21T06:28:45.0","raceTime5K":1189,"raceTime10K":2517,"raceTimeHalf":5860,"raceTimeMarathon":13669},{"userProfilePK":76018113,"calendarDate":"2024-03-21","deviceId":3401978503,"timestamp":"2024-03-20T23:03:26.0","raceTime5K":1189,"raceTime10K":2517,"raceTimeHalf":5860,"raceTimeMarathon":13669},{"userProfilePK":76018113,"calendarDate":"2024-03-22","deviceId":3401978503,"timestamp":"2024-03-22T06:58:02.0","raceTime5K":1189,"raceTime10K":2512,"raceTimeHalf":5846,"raceTimeMarathon":13640},{"userProfilePK":76018113,"calendarDate":"2024-03-22","deviceId":3401978503,"timestamp":"2024-03-21T23:03:29.0","raceTime5K":1189,"raceTime10K":2517,"raceTimeHalf":5860,"raceTimeMarathon":13669},{"userProfilePK":76018113,"calendarDate":"2024-03-23","deviceId":3401978503,"timestamp":"2024-03-22T23:03:31.0","raceTime5K":1189,"raceTime10K":2512,"raceTimeHalf":5846,"raceTimeMarathon":13640},{"userProfilePK":76018113,"calendarDate":"2024-03-23","deviceId":3401978503,"timestamp":"2024-03-23T09:22:25.0","raceTime5K":1189,"raceTime10K":2512,"raceTimeHalf":5846,"raceTimeMarathon":13640},{"userProfilePK":76018113,"calendarDate":"2024-03-24","deviceId":3401978503,"timestamp":"2024-03-23T23:03:33.0","raceTime5K":1189,"raceTime10K":2519,"raceTimeHalf":5862,"raceTimeMarathon":13674},{"userProfilePK":76018113,"calendarDate":"2024-03-24","deviceId":3401978503,"timestamp":"2024-03-24T11:25:14.0","raceTime5K":1189,"raceTime10K":2516,"raceTimeHalf":5851,"raceTimeMarathon":13654},{"userProfilePK":76018113,"calendarDate":"2024-03-25","deviceId":3401978503,"timestamp":"2024-03-24T23:03:38.0","raceTime5K":1189,"raceTime10K":2520,"raceTimeHalf":5874,"raceTimeMarathon":13718},{"userProfilePK":76018113,"calendarDate":"2024-03-26","deviceId":3401978503,"timestamp":"2024-03-25T23:03:40.0","raceTime5K":1189,"raceTime10K":2520,"raceTimeHalf":5880,"raceTimeMarathon":13736},{"userProfilePK":76018113,"calendarDate":"2024-03-26","deviceId":3401978503,"timestamp":"2024-03-26T07:19:22.0","raceTime5K":1188,"raceTime10K":2509,"raceTimeHalf":5857,"raceTimeMarathon":13683},{"userProfilePK":76018113,"calendarDate":"2024-03-27","deviceId":3401978503,"timestamp":"2024-03-26T23:03:44.0","raceTime5K":1188,"raceTime10K":2509,"raceTimeHalf":5857,"raceTimeMarathon":13683},{"userProfilePK":76018113,"calendarDate":"2024-03-27","deviceId":3401978503,"timestamp":"2024-03-27T06:57:39.0","raceTime5K":1188,"raceTime10K":2509,"raceTimeHalf":5857,"raceTimeMarathon":13683},{"userProfilePK":76018113,"calendarDate":"2024-03-28","deviceId":3401978503,"timestamp":"2024-03-27T23:03:52.0","raceTime5K":1188,"raceTime10K":2509,"raceTimeHalf":5870,"raceTimeMarathon":13726},{"userProfilePK":76018113,"calendarDate":"2024-03-29","deviceId":3401978503,"timestamp":"2024-03-29T11:24:07.0","raceTime5K":1188,"raceTime10K":2505,"raceTimeHalf":5863,"raceTimeMarathon":13707},{"userProfilePK":76018113,"calendarDate":"2024-03-29","deviceId":3401978503,"timestamp":"2024-03-28T23:03:57.0","raceTime5K":1188,"raceTime10K":2513,"raceTimeHalf":5879,"raceTimeMarathon":13746},{"userProfilePK":76018113,"calendarDate":"2024-03-30","deviceId":3401978503,"timestamp":"2024-03-29T23:04:02.0","raceTime5K":1188,"raceTime10K":2505,"raceTimeHalf":5863,"raceTimeMarathon":13707},{"userProfilePK":76018113,"calendarDate":"2024-03-30","deviceId":3401978503,"timestamp":"2024-03-30T19:25:20.0","raceTime5K":1188,"raceTime10K":2505,"raceTimeHalf":5863,"raceTimeMarathon":13707},{"userProfilePK":76018113,"calendarDate":"2024-03-30","deviceId":3401978503,"timestamp":"2024-03-30T19:46:47.0","raceTime5K":1186,"raceTime10K":2502,"raceTimeHalf":5856,"raceTimeMarathon":13688},{"userProfilePK":76018113,"calendarDate":"2024-03-31","deviceId":3401978503,"timestamp":"2024-03-30T23:04:05.0","raceTime5K":1185,"raceTime10K":2500,"raceTimeHalf":5850,"raceTimeMarathon":13676},{"userProfilePK":76018113,"calendarDate":"2024-03-31","deviceId":3401978503,"timestamp":"2024-03-31T10:42:45.0","raceTime5K":1188,"raceTime10K":2503,"raceTimeHalf":5820,"raceTimeMarathon":13585},{"userProfilePK":76018113,"calendarDate":"2024-04-01","deviceId":3401978503,"timestamp":"2024-03-31T22:04:09.0","raceTime5K":1187,"raceTime10K":2502,"raceTimeHalf":5820,"raceTimeMarathon":13585},{"userProfilePK":76018113,"calendarDate":"2024-04-02","deviceId":3401978503,"timestamp":"2024-04-01T21:04:12.0","raceTime5K":1187,"raceTime10K":2502,"raceTimeHalf":5831,"raceTimeMarathon":13609},{"userProfilePK":76018113,"calendarDate":"2024-04-02","deviceId":3401978503,"timestamp":"2024-04-02T05:02:37.0","raceTime5K":1186,"raceTime10K":2501,"raceTimeHalf":5812,"raceTimeMarathon":13570},{"userProfilePK":76018113,"calendarDate":"2024-04-03","deviceId":3401978503,"timestamp":"2024-04-02T21:04:14.0","raceTime5K":1186,"raceTime10K":2501,"raceTimeHalf":5812,"raceTimeMarathon":13570},{"userProfilePK":76018113,"calendarDate":"2024-04-03","deviceId":3401978503,"timestamp":"2024-04-03T08:23:09.0","raceTime5K":1186,"raceTime10K":2501,"raceTimeHalf":5805,"raceTimeMarathon":13555}]