[{"userProfilePK":76018113,"calendarDate":"2022-07-20","deviceId":3401978503,"timestamp":"2022-07-19T22:03:47.0","raceTime5K":1200,"raceTime10K":2547,"raceTimeHalf":5867,"raceTimeMarathon":13642},{"userProfilePK":76018113,"calendarDate":"2022-07-21","deviceId":3401978503,"timestamp":"2022-07-20T22:03:48.0","raceTime5K":1200,"raceTime10K":2547,"raceTimeHalf":5867,"raceTimeMarathon":13642},{"userProfilePK":76018113,"calendarDate":"2022-07-22","deviceId":3401978503,"timestamp":"2022-07-21T22:03:49.0","raceTime5K":1200,"raceTime10K":2552,"raceTimeHalf":5878,"raceTimeMarathon":13667},{"userProfilePK":76018113,"calendarDate":"2022-07-23","deviceId":3401978503,"timestamp":"2022-07-22T22:03:50.0","raceTime5K":1203,"raceTime10K":2558,"raceTimeHalf":5890,"raceTimeMarathon":13693},{"userProfilePK":76018113,"calendarDate":"2022-07-24","deviceId":3401978503,"timestamp":"2022-07-23T22:03:52.0","raceTime5K":1209,"raceTime10K":2567,"raceTimeHalf":5912,"raceTimeMarathon":13743},{"userProfilePK":76018113,"calendarDate":"2022-07-25","deviceId":3401978503,"timestamp":"2022-07-24T22:03:53.0","raceTime5K":1212,"raceTime10K":2576,"raceTimeHalf":5931,"raceTimeMarathon":13784},{"userProfilePK":76018113,"calendarDate":"2022-07-26","deviceId":3401978503,"timestamp":"2022-07-25T22:03:54.0","raceTime5K":1212,"raceTime10K":2576,"raceTimeHalf":5931,"raceTimeMarathon":13784},{"userProfilePK":76018113,"calendarDate":"2022-07-26","deviceId":3401978503,"timestamp":"2022-07-25T23:59:59.0","raceTime5K":1212,"raceTime10K":2576,"raceTimeHalf":5931,"raceTimeMarathon":13784},{"userProfilePK":76018113,"calendarDate":"2022-07-27","deviceId":3401978503,"timestamp":"2022-07-26T23:59:59.0","raceTime5K":1215,"raceTime10K":2583,"raceTimeHalf":5947,"raceTimeMarathon":13819},{"userProfilePK":76018113,"calendarDate":"2022-07-27","deviceId":3401978503,"timestamp":"2022-07-27T05:21:46.0","raceTime5K":1215,"raceTime10K":2583,"raceTimeHalf":5947,"raceTimeMarathon":13819},{"userProfilePK":76018113,"calendarDate":"2022-07-28","deviceId":3401978503,"timestamp":"2022-07-27T22:02:48.0","raceTime5K":1249,"raceTime10K":2650,"raceTimeHalf":6097,"raceTimeMarathon":14145},{"userProfilePK":76018113,"calendarDate":"2022-07-29","deviceId":3401978503,"timestamp":"2022-07-28T22:02:48.0","raceTime5K":1249,"raceTime10K":2650,"raceTimeHalf":6097,"raceTimeMarathon":14145},{"userProfilePK":76018113,"calendarDate":"2022-07-30","deviceId":3401978503,"timestamp":"2022-07-29T22:02:49.0","raceTime5K":1249,"raceTime10K":2654,"raceTimeHalf":6107,"raceTimeMarathon":14168},{"userProfilePK":76018113,"calendarDate":"2022-07-31","deviceId":3401978503,"timestamp":"2022-07-30T22:02:51.0","raceTime5K":1258,"raceTime10K":2669,"raceTimeHalf":6140,"raceTimeMarathon":14240},{"userProfilePK":76018113,"calendarDate":"2022-08-01","deviceId":3401978503,"timestamp":"2022-07-31T22:02:51.0","raceTime5K":1258,"raceTime10K":2669,"raceTimeHalf":6140,"raceTimeMarathon":14240},{"userProfilePK":76018113,"calendarDate":"2022-08-02","deviceId":3401978503,"timestamp":"2022-08-01T22:02:53.0","raceTime5K":1258,"raceTime10K":2673,"raceTimeHalf":6149,"raceTimeMarathon":14258},{"userProfilePK":76018113,"calendarDate":"2022-08-03","deviceId":3401978503,"timestamp":"2022-08-02T22:02:54.0","raceTime5K":1258,"raceTime10K":2673,"raceTimeHalf":6149,"raceTimeMarathon":14258},{"userProfilePK":76018113,"calendarDate":"2022-08-04","deviceId":3401978503,"timestamp":"2022-08-03T22:02:55.0","raceTime5K":1258,"raceTime10K":2673,"raceTimeHalf":6149,"raceTimeMarathon":14258},{"userProfilePK":76018113,"calendarDate":"2022-08-05","deviceId":3401978503,"timestamp":"2022-08-04T22:02:55.0","raceTime5K":1260,"raceTime10K":2677,"raceTimeHalf":6158,"raceTimeMarathon":14279},{"userProfilePK":76018113,"calendarDate":"2022-08-06","deviceId":3401978503,"timestamp":"2022-08-05T22:02:56.0","raceTime5K":1260,"raceTime10K":2677,"raceTimeHalf":6158,"raceTimeMarathon":14279},{"userProfilePK":76018113,"calendarDate":"2022-08-06","deviceId":3401978503,"timestamp":"2022-08-06T07:39:35.0","raceTime5K":1256,"raceTime10K":2669,"raceTimeHalf":6146,"raceTimeMarathon":14245},{"userProfilePK":76018113,"calendarDate":"2022-08-07","deviceId":3401978503,"timestamp":"2022-08-06T22:03:07.0","raceTime5K":1259,"raceTime10K":2674,"raceTimeHalf":6158,"raceTimeMarathon":14271},{"userProfilePK":76018113,"calendarDate":"2022-08-08","deviceId":3401978503,"timestamp":"2022-08-08T06:26:09.0","raceTime5K":1257,"raceTime10K":2671,"raceTimeHalf":6148,"raceTimeMarathon":14261},{"userProfilePK":76018113,"calendarDate":"2022-08-08","deviceId":3401978503,"timestamp":"2022-08-07T22:03:08.0","raceTime5K":1259,"raceTime10K":2674,"raceTimeHalf":6158,"raceTimeMarathon":14271},{"userProfilePK":76018113,"calendarDate":"2022-08-09","deviceId":3401978503,"timestamp":"2022-08-08T22:03:10.0","raceTime5K":1259,"raceTime10K":2675,"raceTimeHalf":6165,"raceTimeMarathon":14299},{"userProfilePK":76018113,"calendarDate":"2022-08-09","deviceId":3401978503,"timestamp":"2022-08-09T16:47:51.0","raceTime5K":1236,"raceTime10K":2628,"raceTimeHalf":6061,"raceTimeMarathon":14067},{"userProfilePK":76018113,"calendarDate":"2022-08-10","deviceId":3401978503,"timestamp":"2022-08-09T22:03:12.0","raceTime5K":1236,"raceTime10K":2628,"raceTimeHalf":6061,"raceTimeMarathon":14067},{"userProfilePK":76018113,"calendarDate":"2022-08-11","deviceId":3401978503,"timestamp":"2022-08-10T22:03:14.0","raceTime5K":1238,"raceTime10K":2633,"raceTimeHalf":6094,"raceTimeMarathon":14141},{"userProfilePK":76018113,"calendarDate":"2022-08-12","deviceId":3401978503,"timestamp":"2022-08-12T06:51:48.0","raceTime5K":1225,"raceTime10K":2602,"raceTimeHalf":6022,"raceTimeMarathon":13986},{"userProfilePK":76018113,"calendarDate":"2022-08-12","deviceId":3401978503,"timestamp":"2022-08-11T22:03:17.0","raceTime5K":1238,"raceTime10K":2633,"raceTimeHalf":6094,"raceTimeMarathon":14141},{"userProfilePK":76018113,"calendarDate":"2022-08-13","deviceId":3401978503,"timestamp":"2022-08-12T22:03:21.0","raceTime5K":1229,"raceTime10K":2610,"raceTimeHalf":6080,"raceTimeMarathon":14132},{"userProfilePK":76018113,"calendarDate":"2022-08-14","deviceId":3401978503,"timestamp":"2022-08-13T22:03:23.0","raceTime5K":1229,"raceTime10K":2610,"raceTimeHalf":6093,"raceTimeMarathon":14172},{"userProfilePK":76018113,"calendarDate":"2022-08-14","deviceId":3401978503,"timestamp":"2022-08-14T07:00:37.0","raceTime5K":1220,"raceTime10K":2594,"raceTimeHalf":6056,"raceTimeMarathon":14091},{"userProfilePK":76018113,"calendarDate":"2022-08-15","deviceId":3401978503,"timestamp":"2022-08-14T22:03:25.0","raceTime5K":1220,"raceTime10K":2594,"raceTimeHalf":6068,"raceTimeMarathon":14131},{"userProfilePK":76018113,"calendarDate":"2022-08-16","deviceId":3401978503,"timestamp":"2022-08-15T22:03:28.0","raceTime5K":1223,"raceTime10K":2599,"raceTimeHalf":6105,"raceTimeMarathon":14223},{"userProfilePK":76018113,"calendarDate":"2022-08-16","deviceId":3401978503,"timestamp":"2022-08-16T06:35:51.0","raceTime5K":1217,"raceTime10K":2584,"raceTimeHalf":6061,"raceTimeMarathon":14121},{"userProfilePK":76018113,"calendarDate":"2022-08-16","deviceId":3401978503,"timestamp":"2022-08-16T23:59:59.0","raceTime5K":1217,"raceTime10K":2584,"raceTimeHalf":6061,"raceTimeMarathon":14121},{"userProfilePK":76018113,"calendarDate":"2022-08-17","deviceId":3401978503,"timestamp":"2022-08-16T22:03:32.0","raceTime5K":1219,"raceTime10K":2588,"raceTimeHalf":6085,"raceTimeMarathon":14177},{"userProfilePK":76018113,"calendarDate":"2022-08-17","deviceId":3401978503,"timestamp":"2022-08-17T14:25:01.0","raceTime5K":1219,"raceTime10K":2588,"raceTimeHalf":6085,"raceTimeMarathon":14177},{"userProfilePK":76018113,"calendarDate":"2022-08-17","deviceId":3401978503,"timestamp":"2022-08-17T16:26:45.0","raceTime5K":1213,"raceTime10K":2576,"raceTimeHalf":6035,"raceTimeMarathon":14061},{"userProfilePK":76018113,"calendarDate":"2022-08-18","deviceId":3401978503,"timestamp":"2022-08-18T05:01:04.0","raceTime5K":1213,"raceTime10K":2576,"raceTimeHalf":6035,"raceTimeMarathon":14061},{"userProfilePK":76018113,"calendarDate":"2022-08-19","deviceId":3401978503,"timestamp":"2022-08-19T05:01:08.0","raceTime5K":1213,"raceTime10K":2576,"raceTimeHalf":6035,"raceTimeMarathon":14061},{"userProfilePK":76018113,"calendarDate":"2022-08-19","deviceId":3401978503,"timestamp":"2022-08-19T14:29:29.0","raceTime5K":1213,"raceTime10K":2576,"raceTimeHalf":6035,"raceTimeMarathon":14061},{"userProfilePK":76018113,"calendarDate":"2022-08-19","deviceId":3401978503,"timestamp":"2022-08-19T15:23:38.0","raceTime5K":1211,"raceTime10K":2573,"raceTimeHalf":5999,"raceTimeMarathon":13980},{"userProfilePK":76018113,"calendarDate":"2022-08-20","deviceId":3401978503,"timestamp":"2022-08-20T05:01:15.0","raceTime5K":1215,"raceTime10K":2580,"raceTimeHalf":6035,"raceTimeMarathon":14062},{"userProfilePK":76018113,"calendarDate":"2022-08-21","deviceId":3401978503,"timestamp":"2022-08-21T05:01:19.0","raceTime5K":1215,"raceTime10K":2580,"raceTimeHalf":6035,"raceTimeMarathon":14062},{"userProfilePK":76018113,"calendarDate":"2022-08-21","deviceId":3401978503,"timestamp":"2022-08-21T15:37:11.0","raceTime5K":1212,"raceTime10K":2575,"raceTimeHalf":5998,"raceTimeMarathon":13977},{"userProfilePK":76018113,"calendarDate":"2022-08-22","deviceId":3401978503,"timestamp":"2022-08-22T05:01:25.0","raceTime5K":1212,"raceTime10K":2575,"raceTimeHalf":6013,"raceTimeMarathon":14026},{"userProfilePK":76018113,"calendarDate":"2022-08-23","deviceId":3401978503,"timestamp":"2022-08-22T22:01:27.0","raceTime5K":1214,"raceTime10K":2579,"raceTimeHalf":6055,"raceTimeMarathon":14137},{"userProfilePK":76018113,"calendarDate":"2022-08-23","deviceId":3401978503,"timestamp":"2022-08-23T06:23:13.0","raceTime5K":1212,"raceTime10K":2573,"raceTimeHalf":6022,"raceTimeMarathon":14060},{"userProfilePK":76018113,"calendarDate":"2022-08-24","deviceId":3401978503,"timestamp":"2022-08-23T22:01:32.0","raceTime5K":1215,"raceTime10K":2580,"raceTimeHalf":6075,"raceTimeMarathon":14195},{"userProfilePK":76018113,"calendarDate":"2022-08-24","deviceId":3401978503,"timestamp":"2022-08-24T05:07:52.0","raceTime5K":1215,"raceTime10K":2580,"raceTimeHalf":6075,"raceTimeMarathon":14195},{"userProfilePK":76018113,"calendarDate":"2022-08-24","deviceId":3401978503,"timestamp":"2022-08-24T05:58:25.0","raceTime5K":1210,"raceTime10K":2574,"raceTimeHalf":6042,"raceTimeMarathon":14116},{"userProfilePK":76018113,"calendarDate":"2022-08-25","deviceId":3401978503,"timestamp":"2022-08-24T22:01:35.0","raceTime5K":1210,"raceTime10K":2574,"raceTimeHalf":6056,"raceTimeMarathon":14160},{"userProfilePK":76018113,"calendarDate":"2022-08-26","deviceId":3401978503,"timestamp":"2022-08-26T06:01:13.0","raceTime5K":1210,"raceTime10K":2568,"raceTimeHalf":6045,"raceTimeMarathon":14135},{"userProfilePK":76018113,"calendarDate":"2022-08-26","deviceId":3401978503,"timestamp":"2022-08-25T22:01:41.0","raceTime5K":1212,"raceTime10K":2577,"raceTimeHalf":6081,"raceTimeMarathon":14218},{"userProfilePK":76018113,"calendarDate":"2022-08-27","deviceId":3401978503,"timestamp":"2022-08-26T22:01:47.0","raceTime5K":1210,"raceTime10K":2568,"raceTimeHalf":6045,"raceTimeMarathon":14135},{"userProfilePK":76018113,"calendarDate":"2022-08-28","deviceId":3401978503,"timestamp":"2022-08-27T22:01:52.0","raceTime5K":1210,"raceTime10K":2568,"raceTimeHalf":6045,"raceTimeMarathon":14135},{"userProfilePK":76018113,"calendarDate":"2022-08-28","deviceId":3401978503,"timestamp":"2022-08-28T11:36:39.0","raceTime5K":1204,"raceTime10K":2557,"raceTimeHalf":5978,"raceTimeMarathon":13961},{"userProfilePK":76018113,"calendarDate":"2022-08-29","deviceId":3401978503,"timestamp":"2022-08-28T22:01:57.0","raceTime5K":1204,"raceTime10K":2557,"raceTimeHalf":5993,"raceTimeMarathon":14009},{"userProfilePK":76018113,"calendarDate":"2022-08-30","deviceId":3401978503,"timestamp":"2022-08-29T22:02:01.0","raceTime5K":1206,"raceTime10K":2565,"raceTimeHalf":6031,"raceTimeMarathon":14080},{"userProfilePK":76018113,"calendarDate":"2022-08-30","deviceId":3401978503,"timestamp":"2022-08-30T06:21:57.0","raceTime5K":1202,"raceTime10K":2557,"raceTimeHalf":5995,"raceTimeMarathon":13996},{"userProfilePK":76018113,"calendarDate":"2022-08-31","deviceId":3401978503,"timestamp":"2022-08-30T22:02:07.0","raceTime5K":1203,"raceTime10K":2565,"raceTimeHalf":6023,"raceTimeMarathon":14027},{"userProfilePK":76018113,"calendarDate":"2022-08-31","deviceId":3401978503,"timestamp":"2022-08-31T05:57:02.0","raceTime5K":1201,"raceTime10K":2561,"raceTimeHalf":6006,"raceTimeMarathon":13988},{"userProfilePK":76018113,"calendarDate":"2022-09-01","deviceId":3401978503,"timestamp":"2022-08-31T22:02:14.0","raceTime5K":1201,"raceTime10K":2566,"raceTimeHalf":6020,"raceTimeMarathon":13988},{"userProfilePK":76018113,"calendarDate":"2022-09-02","deviceId":3401978503,"timestamp":"2022-09-02T05:50:33.0","raceTime5K":1197,"raceTime10K":2556,"raceTimeHalf":5994,"raceTimeMarathon":13928},{"userProfilePK":76018113,"calendarDate":"2022-09-02","deviceId":3401978503,"timestamp":"2022-09-01T22:02:19.0","raceTime5K":1201,"raceTime10K":2566,"raceTimeHalf":6020,"raceTimeMarathon":13988},{"userProfilePK":76018113,"calendarDate":"2022-09-03","deviceId":3401978503,"timestamp":"2022-09-02T22:02:23.0","raceTime5K":1200,"raceTime10K":2563,"raceTimeHalf":6010,"raceTimeMarathon":13962},{"userProfilePK":76018113,"calendarDate":"2022-09-03","deviceId":3401978503,"timestamp":"2022-09-03T09:23:11.0","raceTime5K":1196,"raceTime10K":2541,"raceTimeHalf":5951,"raceTimeMarathon":13909},{"userProfilePK":76018113,"calendarDate":"2022-09-04","deviceId":3401978503,"timestamp":"2022-09-03T22:02:30.0","raceTime5K":1196,"raceTime10K":2541,"raceTimeHalf":5951,"raceTimeMarathon":13909},{"userProfilePK":76018113,"calendarDate":"2022-09-05","deviceId":3401978503,"timestamp":"2022-09-04T22:02:37.0","raceTime5K":1196,"raceTime10K":2541,"raceTimeHalf":5951,"raceTimeMarathon":13909},{"userProfilePK":76018113,"calendarDate":"2022-09-06","deviceId":3401978503,"timestamp":"2022-09-05T22:02:43.0","raceTime5K":1198,"raceTime10K":2545,"raceTimeHalf":5960,"raceTimeMarathon":13930},{"userProfilePK":76018113,"calendarDate":"2022-09-06","deviceId":3401978503,"timestamp":"2022-09-06T06:01:25.0","raceTime5K":1193,"raceTime10K":2536,"raceTimeHalf":5938,"raceTimeMarathon":13881},{"userProfilePK":76018113,"calendarDate":"2022-09-07","deviceId":3401978503,"timestamp":"2022-09-06T22:02:47.0","raceTime5K":1193,"raceTime10K":2536,"raceTimeHalf":5938,"raceTimeMarathon":13881},{"userProfilePK":76018113,"calendarDate":"2022-09-07","deviceId":3401978503,"timestamp":"2022-09-07T05:58:12.0","raceTime5K":1191,"raceTime10K":2529,"raceTimeHalf":5924,"raceTimeMarathon":13849},{"userProfilePK":76018113,"calendarDate":"2022-09-08","deviceId":3401978503,"timestamp":"2022-09-07T22:02:51.0","raceTime5K":1193,"raceTime10K":2533,"raceTimeHalf":5932,"raceTimeMarathon":13867},{"userProfilePK":76018113,"calendarDate":"2022-09-09","deviceId":3401978503,"timestamp":"2022-09-08T22:02:57.0","raceTime5K":1196,"raceTime10K":2540,"raceTimeHalf":5948,"raceTimeMarathon":13902},{"userProfilePK":76018113,"calendarDate":"2022-09-10","deviceId":3401978503,"timestamp":"2022-09-09T22:03:01.0","raceTime5K":1196,"raceTime10K":2540,"raceTimeHalf":5948,"raceTimeMarathon":13902},{"userProfilePK":76018113,"calendarDate":"2022-09-10","deviceId":3401978503,"timestamp":"2022-09-10T09:35:34.0","raceTime5K":1190,"raceTime10K":2532,"raceTimeHalf":5882,"raceTimeMarathon":13704},{"userProfilePK":76018113,"calendarDate":"2022-09-11","deviceId":3401978503,"timestamp":"2022-09-10T22:03:06.0","raceTime5K":1194,"raceTime10K":2539,"raceTimeHalf":5897,"raceTimeMarathon":13735},{"userProfilePK":76018113,"calendarDate":"2022-09-11","deviceId":3401978503,"timestamp":"2022-09-11T10:18:04.0","raceTime5K":1191,"raceTime10K":2534,"raceTimeHalf":5886,"raceTimeMarathon":13711},{"userProfilePK":76018113,"calendarDate":"2022-09-12","deviceId":3401978503,"timestamp":"2022-09-11T22:03:09.0","raceTime5K":1191,"raceTime10K":2534,"raceTimeHalf":5886,"raceTimeMarathon":13711},{"userProfilePK":76018113,"calendarDate":"2022-09-13","deviceId":3401978503,"timestamp":"2022-09-12T22:03:12.0","raceTime5K":1193,"raceTime10K":2538,"raceTimeHalf":5896,"raceTimeMarathon":13733},{"userProfilePK":76018113,"calendarDate":"2022-09-13","deviceId":3401978503,"timestamp":"2022-09-13T06:04:56.0","raceTime5K":1191,"raceTime10K":2531,"raceTimeHalf":5880,"raceTimeMarathon":13698},{"userProfilePK":76018113,"calendarDate":"2022-09-14","deviceId":3401978503,"timestamp":"2022-09-13T22:03:17.0","raceTime5K":1193,"raceTime10K":2535,"raceTimeHalf":5890,"raceTimeMarathon":13721},{"userProfilePK":76018113,"calendarDate":"2022-09-15","deviceId":3401978503,"timestamp":"2022-09-15T05:59:52.0","raceTime5K":1191,"raceTime10K":2532,"raceTimeHalf":5881,"raceTimeMarathon":13701},{"userProfilePK":76018113,"calendarDate":"2022-09-15","deviceId":3401978503,"timestamp":"2022-09-14T22:03:21.0","raceTime5K":1193,"raceTime10K":2535,"raceTimeHalf":5890,"raceTimeMarathon":13721},{"userProfilePK":76018113,"calendarDate":"2022-09-16","deviceId":3401978503,"timestamp":"2022-09-15T22:03:24.0","raceTime5K":1191,"raceTime10K":2532,"raceTimeHalf":5881,"raceTimeMarathon":13700},{"userProfilePK":76018113,"calendarDate":"2022-09-17","deviceId":3401978503,"timestamp":"2022-09-16T22:03:26.0","raceTime5K":1191,"raceTime10K":2532,"raceTimeHalf":5881,"raceTimeMarathon":13701},{"userProfilePK":76018113,"calendarDate":"2022-09-17","deviceId":3401978503,"timestamp":"2022-09-17T07:21:06.0","raceTime5K":1188,"raceTime10K":2524,"raceTimeHalf":5863,"raceTimeMarathon":13657},{"userProfilePK":76018113,"calendarDate":"2022-09-18","deviceId":3401978503,"timestamp":"2022-09-17T22:03:31.0","raceTime5K":1192,"raceTime10K":2532,"raceTimeHalf":5880,"raceTimeMarathon":13694},{"userProfilePK":76018113,"calendarDate":"2022-09-18","deviceId":3401978503,"timestamp":"2022-09-18T06:14:01.0","raceTime5K":1186,"raceTime10K":2519,"raceTimeHalf":5853,"raceTimeMarathon":13630},{"userProfilePK":76018113,"calendarDate":"2022-09-19","deviceId":3401978503,"timestamp":"2022-09-18T22:03:35.0","raceTime5K":1186,"raceTime10K":2519,"raceTimeHalf":5853,"raceTimeMarathon":13630},{"userProfilePK":76018113,"calendarDate":"2022-09-20","deviceId":3401978503,"timestamp":"2022-09-19T22:03:38.0","raceTime5K":1186,"raceTime10K":2519,"raceTimeHalf":5853,"raceTimeMarathon":13630},{"userProfilePK":76018113,"calendarDate":"2022-09-21","deviceId":3401978503,"timestamp":"2022-09-20T22:04:31.0","raceTime5K":1188,"raceTime10K":2524,"raceTimeHalf":5863,"raceTimeMarathon":13652},{"userProfilePK":76018113,"calendarDate":"2022-09-21","deviceId":3401978503,"timestamp":"2022-09-21T05:53:52.0","raceTime5K":1186,"raceTime10K":2519,"raceTimeHalf":5849,"raceTimeMarathon":13623},{"userProfilePK":76018113,"calendarDate":"2022-09-22","deviceId":3401978503,"timestamp":"2022-09-22T05:52:00.0","raceTime5K":1183,"raceTime10K":2516,"raceTimeHalf":5843,"raceTimeMarathon":13609},{"userProfilePK":76018113,"calendarDate":"2022-09-22","deviceId":3401978503,"timestamp":"2022-09-21T22:04:36.0","raceTime5K":1188,"raceTime10K":2523,"raceTimeHalf":5858,"raceTimeMarathon":13642},{"userProfilePK":76018113,"calendarDate":"2022-09-23","deviceId":3401978503,"timestamp":"2022-09-23T05:53:56.0","raceTime5K":1180,"raceTime10K":2511,"raceTimeHalf":5832,"raceTimeMarathon":13580},{"userProfilePK":76018113,"calendarDate":"2022-09-23","deviceId":3401978503,"timestamp":"2022-09-22T22:02:01.0","raceTime5K":1183,"raceTime10K":2516,"raceTimeHalf":5843,"raceTimeMarathon":13609},{"userProfilePK":76018113,"calendarDate":"2022-09-24","deviceId":3401978503,"timestamp":"2022-09-23T22:02:04.0","raceTime5K":1180,"raceTime10K":2511,"raceTimeHalf":5832,"raceTimeMarathon":13580},{"userProfilePK":76018113,"calendarDate":"2022-09-25","deviceId":3401978503,"timestamp":"2022-09-24T22:02:06.0","raceTime5K":1184,"raceTime10K":2519,"raceTimeHalf":5849,"raceTimeMarathon":13617},{"userProfilePK":76018113,"calendarDate":"2022-09-25","deviceId":3401978503,"timestamp":"2022-09-25T10:21:12.0","raceTime5K":1180,"raceTime10K":2511,"raceTimeHalf":5787,"raceTimeMarathon":13434},{"userProfilePK":76018113,"calendarDate":"2022-09-26","deviceId":3401978503,"timestamp":"2022-09-25T22:02:10.0","raceTime5K":1180,"raceTime10K":2511,"raceTimeHalf":5787,"raceTimeMarathon":13434},{"userProfilePK":76018113,"calendarDate":"2022-09-27","deviceId":3401978503,"timestamp":"2022-09-26T22:02:14.0","raceTime5K":1180,"raceTime10K":2511,"raceTimeHalf":5787,"raceTimeMarathon":13434},{"userProfilePK":76018113,"calendarDate":"2022-09-28","deviceId":3401978503,"timestamp":"2022-09-27T22:02:14.0","raceTime5K":1180,"raceTime10K":2511,"raceTimeHalf":5787,"raceTimeMarathon":13434},{"userProfilePK":76018113,"calendarDate":"2022-09-28","deviceId":3401978503,"timestamp":"2022-09-28T05:47:15.0","raceTime5K":1181,"raceTime10K":2509,"raceTimeHalf":5783,"raceTimeMarathon":13429},{"userProfilePK":76018113,"calendarDate":"2022-09-29","deviceId":3401978503,"timestamp":"2022-09-29T05:52:07.0","raceTime5K":1181,"raceTime10K":2503,"raceTimeHalf":5768,"raceTimeMarathon":13397},{"userProfilePK":76018113,"calendarDate":"2022-09-29","deviceId":3401978503,"timestamp":"2022-09-28T22:02:19.0","raceTime5K":1181,"raceTime10K":2509,"raceTimeHalf":5783,"raceTimeMarathon":13429},{"userProfilePK":76018113,"calendarDate":"2022-09-30","deviceId":3401978503,"timestamp":"2022-09-30T06:03:09.0","raceTime5K":1181,"raceTime10K":2497,"raceTimeHalf":5756,"raceTimeMarathon":13367},{"userProfilePK":76018113,"calendarDate":"2022-09-30","deviceId":3401978503,"timestamp":"2022-09-29T22:02:24.0","raceTime5K":1181,"raceTime10K":2503,"raceTimeHalf":5768,"raceTimeMarathon":13397},{"userProfilePK":76018113,"calendarDate":"2022-10-01","deviceId":3401978503,"timestamp":"2022-09-30T22:02:28.0","raceTime5K":1181,"raceTime10K":2497,"raceTimeHalf":5756,"raceTimeMarathon":13367},{"userProfilePK":76018113,"calendarDate":"2022-10-01","deviceId":3401978503,"timestamp":"2022-10-01T07:03:54.0","raceTime5K":1179,"raceTime10K":2488,"raceTimeHalf":5737,"raceTimeMarathon":13326},{"userProfilePK":76018113,"calendarDate":"2022-10-02","deviceId":3401978503,"timestamp":"2022-10-01T22:02:32.0","raceTime5K":1179,"raceTime10K":2488,"raceTimeHalf":5737,"raceTimeMarathon":13326},{"userProfilePK":76018113,"calendarDate":"2022-10-03","deviceId":3401978503,"timestamp":"2022-10-02T22:02:36.0","raceTime5K":1179,"raceTime10K":2488,"raceTimeHalf":5737,"raceTimeMarathon":13326},{"userProfilePK":76018113,"calendarDate":"2022-10-04","deviceId":3401978503,"timestamp":"2022-10-03T22:02:40.0","raceTime5K":1178,"raceTime10K":2488,"raceTimeHalf":5737,"raceTimeMarathon":13326},{"userProfilePK":76018113,"calendarDate":"2022-10-04","deviceId":3401978503,"timestamp":"2022-10-04T06:16:14.0","raceTime5K":1179,"raceTime10K":2486,"raceTimeHalf":5723,"raceTimeMarathon":13294},{"userProfilePK":76018113,"calendarDate":"2022-10-05","deviceId":3401978503,"timestamp":"2022-10-04T22:02:45.0","raceTime5K":1179,"raceTime10K":2486,"raceTimeHalf":5723,"raceTimeMarathon":13294},{"userProfilePK":76018113,"calendarDate":"2022-10-05","deviceId":3401978503,"timestamp":"2022-10-05T05:56:48.0","raceTime5K":1179,"raceTime10K":2484,"raceTimeHalf":5708,"raceTimeMarathon":13256},{"userProfilePK":76018113,"calendarDate":"2022-10-06","deviceId":3401978503,"timestamp":"2022-10-05T22:02:51.0","raceTime5K":1179,"raceTime10K":2484,"raceTimeHalf":5708,"raceTimeMarathon":13256},{"userProfilePK":76018113,"calendarDate":"2022-10-07","deviceId":3401978503,"timestamp":"2022-10-06T22:02:52.0","raceTime5K":1179,"raceTime10K":2484,"raceTimeHalf":5708,"raceTimeMarathon":13256},{"userProfilePK":76018113,"calendarDate":"2022-10-08","deviceId":3401978503,"timestamp":"2022-10-07T22:03:00.0","raceTime5K":1179,"raceTime10K":2484,"raceTimeHalf":5708,"raceTimeMarathon":13256},{"userProfilePK":76018113,"calendarDate":"2022-10-08","deviceId":3401978503,"timestamp":"2022-10-08T08:10:16.0","raceTime5K":1179,"raceTime10K":2486,"raceTimeHalf":5640,"raceTimeMarathon":13057},{"userProfilePK":76018113,"calendarDate":"2022-10-09","deviceId":3401978503,"timestamp":"2022-10-08T22:03:06.0","raceTime5K":1179,"raceTime10K":2486,"raceTimeHalf":5640,"raceTimeMarathon":13057},{"userProfilePK":76018113,"calendarDate":"2022-10-10","deviceId":3401978503,"timestamp":"2022-10-09T22:03:12.0","raceTime5K":1179,"raceTime10K":2486,"raceTimeHalf":5640,"raceTimeMarathon":13057},{"userProfilePK":76018113,"calendarDate":"2022-10-11","deviceId":3401978503,"timestamp":"2022-10-10T22:03:18.0","raceTime5K":1179,"raceTime10K":2486,"raceTimeHalf":5640,"raceTimeMarathon":13057},{"userProfilePK":76018113,"calendarDate":"2022-10-12","deviceId":3401978503,"timestamp":"2022-10-11T22:03:24.0","raceTime5K":1179,"raceTime10K":2486,"raceTimeHalf":5638,"raceTimeMarathon":13052},{"userProfilePK":76018113,"calendarDate":"2022-10-13","deviceId":3401978503,"timestamp":"2022-10-13T05:42:03.0","raceTime5K":1179,"raceTime10K":2486,"raceTimeHalf":5621,"raceTimeMarathon":13016},{"userProfilePK":76018113,"calendarDate":"2022-10-13","deviceId":3401978503,"timestamp":"2022-10-12T22:03:29.0","raceTime5K":1179,"raceTime10K":2486,"raceTimeHalf":5625,"raceTimeMarathon":13023},{"userProfilePK":76018113,"calendarDate":"2022-10-14","deviceId":3401978503,"timestamp":"2022-10-13T22:03:34.0","raceTime5K":1179,"raceTime10K":2486,"raceTimeHalf":5605,"raceTimeMarathon":12981},{"userProfilePK":76018113,"calendarDate":"2022-10-15","deviceId":3401978503,"timestamp":"2022-10-14T22:03:39.0","raceTime5K":1181,"raceTime10K":2492,"raceTimeHalf":5608,"raceTimeMarathon":12986},{"userProfilePK":76018113,"calendarDate":"2022-10-16","deviceId":3401978503,"timestamp":"2022-10-15T22:03:43.0","raceTime5K":1181,"raceTime10K":2492,"raceTimeHalf":5608,"raceTimeMarathon":12986},{"userProfilePK":76018113,"calendarDate":"2022-10-16","deviceId":3401978503,"timestamp":"2022-10-16T09:48:23.0","raceTime5K":1181,"raceTime10K":2491,"raceTimeHalf":5591,"raceTimeMarathon":12874},{"userProfilePK":76018113,"calendarDate":"2022-10-17","deviceId":3401978503,"timestamp":"2022-10-17T06:08:28.0","raceTime5K":1181,"raceTime10K":2491,"raceTimeHalf":5603,"raceTimeMarathon":12900},{"userProfilePK":76018113,"calendarDate":"2022-10-17","deviceId":3401978503,"timestamp":"2022-10-16T22:03:50.0","raceTime5K":1181,"raceTime10K":2491,"raceTimeHalf":5603,"raceTimeMarathon":12900},{"userProfilePK":76018113,"calendarDate":"2022-10-18","deviceId":3401978503,"timestamp":"2022-10-17T22:03:53.0","raceTime5K":1181,"raceTime10K":2491,"raceTimeHalf":5594,"raceTimeMarathon":12881},{"userProfilePK":76018113,"calendarDate":"2022-10-19","deviceId":3401978503,"timestamp":"2022-10-18T22:03:56.0","raceTime5K":1181,"raceTime10K":2491,"raceTimeHalf":5579,"raceTimeMarathon":12849},{"userProfilePK":76018113,"calendarDate":"2022-10-20","deviceId":3401978503,"timestamp":"2022-10-20T06:10:22.0","raceTime5K":1183,"raceTime10K":2494,"raceTimeHalf":5582,"raceTimeMarathon":12859},{"userProfilePK":76018113,"calendarDate":"2022-10-20","deviceId":3401978503,"timestamp":"2022-10-19T22:04:00.0","raceTime5K":1181,"raceTime10K":2491,"raceTimeHalf":5579,"raceTimeMarathon":12849},{"userProfilePK":76018113,"calendarDate":"2022-10-21","deviceId":3401978503,"timestamp":"2022-10-20T22:04:03.0","raceTime5K":1183,"raceTime10K":2494,"raceTimeHalf":5593,"raceTimeMarathon":12883},{"userProfilePK":76018113,"calendarDate":"2022-10-22","deviceId":3401978503,"timestamp":"2022-10-21T22:04:07.0","raceTime5K":1186,"raceTime10K":2500,"raceTimeHalf":5597,"raceTimeMarathon":12861},{"userProfilePK":76018113,"calendarDate":"2022-10-22","deviceId":3401978503,"timestamp":"2022-10-22T09:09:46.0","raceTime5K":1183,"raceTime10K":2494,"raceTimeHalf":5584,"raceTimeMarathon":12719},{"userProfilePK":76018113,"calendarDate":"2022-10-23","deviceId":3401978503,"timestamp":"2022-10-22T22:04:12.0","raceTime5K":1183,"raceTime10K":2494,"raceTimeHalf":5585,"raceTimeMarathon":12753},{"userProfilePK":76018113,"calendarDate":"2022-10-24","deviceId":3401978503,"timestamp":"2022-10-23T22:04:15.0","raceTime5K":1183,"raceTime10K":2494,"raceTimeHalf":5585,"raceTimeMarathon":12753},{"userProfilePK":76018113,"calendarDate":"2022-10-25","deviceId":3401978503,"timestamp":"2022-10-24T22:04:19.0","raceTime5K":1183,"raceTime10K":2494,"raceTimeHalf":5598,"raceTimeMarathon":12779},{"userProfilePK":76018113,"calendarDate":"2022-10-26","deviceId":3401978503,"timestamp":"2022-10-25T22:04:21.0","raceTime5K":1183,"raceTime10K":2494,"raceTimeHalf":5614,"raceTimeMarathon":12814},{"userProfilePK":76018113,"calendarDate":"2022-10-27","deviceId":3401978503,"timestamp":"2022-10-26T22:04:24.0","raceTime5K":1183,"raceTime10K":2494,"raceTimeHalf":5605,"raceTimeMarathon":12795},{"userProfilePK":76018113,"calendarDate":"2022-10-28","deviceId":3401978503,"timestamp":"2022-10-28T04:49:20.0","raceTime5K":1183,"raceTime10K":2494,"raceTimeHalf":5616,"raceTimeMarathon":12819},{"userProfilePK":76018113,"calendarDate":"2022-10-28","deviceId":3401978503,"timestamp":"2022-10-28T05:51:26.0","raceTime5K":1184,"raceTime10K":2496,"raceTimeHalf":5619,"raceTimeMarathon":12825},{"userProfilePK":76018113,"calendarDate":"2022-10-28","deviceId":3401978503,"timestamp":"2022-10-27T22:04:27.0","raceTime5K":1183,"raceTime10K":2494,"raceTimeHalf":5616,"raceTimeMarathon":12819}]