[{"userProfilePK":76018113,"calendarDate":"2023-12-02","deviceId":3401978503,"timestamp":"2023-12-01T23:59:59.0","raceTime5K":1319,"raceTime10K":2857,"raceTimeHalf":6833,"raceTimeMarathon":15704},{"userProfilePK":76018113,"calendarDate":"2023-12-03","deviceId":3401978503,"timestamp":"2023-12-02T23:59:59.0","raceTime5K":1322,"raceTime10K":2864,"raceTimeHalf":6850,"raceTimeMarathon":15742},{"userProfilePK":76018113,"calendarDate":"2023-12-03","deviceId":3401978503,"timestamp":"2023-12-03T07:09:17.0","raceTime5K":1322,"raceTime10K":2864,"raceTimeHalf":6850,"raceTimeMarathon":15742},{"userProfilePK":76018113,"calendarDate":"2023-12-03","deviceId":3401978503,"timestamp":"2023-12-03T08:25:55.0","raceTime5K":1317,"raceTime10K":2853,"raceTimeHalf":6826,"raceTimeMarathon":15689},{"userProfilePK":76018113,"calendarDate":"2023-12-04","deviceId":3401978503,"timestamp":"2023-12-03T23:05:25.0","raceTime5K":1317,"raceTime10K":2853,"raceTimeHalf":6826,"raceTimeMarathon":15689},{"userProfilePK":76018113,"calendarDate":"2023-12-05","deviceId":3401978503,"timestamp":"2023-12-04T23:05:25.0","raceTime5K":1317,"raceTime10K":2849,"raceTimeHalf":6822,"raceTimeMarathon":15676},{"userProfilePK":76018113,"calendarDate":"2023-12-06","deviceId":3401978503,"timestamp":"2023-12-05T23:05:26.0","raceTime5K":1316,"raceTime10K":2847,"raceTimeHalf":6817,"raceTimeMarathon":15667},{"userProfilePK":76018113,"calendarDate":"2023-12-07","deviceId":3401978503,"timestamp":"2023-12-06T23:05:27.0","raceTime5K":1345,"raceTime10K":2906,"raceTimeHalf":6953,"raceTimeMarathon":15962},{"userProfilePK":76018113,"calendarDate":"2023-12-08","deviceId":3401978503,"timestamp":"2023-12-07T23:05:28.0","raceTime5K":1345,"raceTime10K":2906,"raceTimeHalf":6953,"raceTimeMarathon":15962},{"userProfilePK":76018113,"calendarDate":"2023-12-09","deviceId":3401978503,"timestamp":"2023-12-08T23:05:29.0","raceTime5K":1343,"raceTime10K":2896,"raceTimeHalf":6937,"raceTimeMarathon":15924},{"userProfilePK":76018113,"calendarDate":"2023-12-10","deviceId":3401978503,"timestamp":"2023-12-09T23:05:30.0","raceTime5K":1342,"raceTime10K":2894,"raceTimeHalf":6933,"raceTimeMarathon":15914},{"userProfilePK":76018113,"calendarDate":"2023-12-11","deviceId":3401978503,"timestamp":"2023-12-10T23:05:31.0","raceTime5K":1342,"raceTime10K":2894,"raceTimeHalf":6933,"raceTimeMarathon":15914},{"userProfilePK":76018113,"calendarDate":"2023-12-12","deviceId":3401978503,"timestamp":"2023-12-11T23:05:34.0","raceTime5K":1342,"raceTime10K":2894,"raceTimeHalf":6933,"raceTimeMarathon":15914},{"userProfilePK":76018113,"calendarDate":"2023-12-13","deviceId":3401978503,"timestamp":"2023-12-12T23:05:37.0","raceTime5K":1342,"raceTime10K":2894,"raceTimeHalf":6933,"raceTimeMarathon":15914},{"userProfilePK":76018113,"calendarDate":"2023-12-14","deviceId":3401978503,"timestamp":"2023-12-13T23:05:40.0","raceTime5K":1342,"raceTime10K":2896,"raceTimeHalf":6941,"raceTimeMarathon":15914},{"userProfilePK":76018113,"calendarDate":"2023-12-15","deviceId":3401978503,"timestamp":"2023-12-14T23:05:42.0","raceTime5K":1346,"raceTime10K":2908,"raceTimeHalf":6963,"raceTimeMarathon":15966},{"userProfilePK":76018113,"calendarDate":"2023-12-16","deviceId":3401978503,"timestamp":"2023-12-15T23:05:46.0","raceTime5K":1346,"raceTime10K":2908,"raceTimeHalf":6963,"raceTimeMarathon":15966},{"userProfilePK":76018113,"calendarDate":"2023-12-16","deviceId":3401978503,"timestamp":"2023-12-16T08:03:16.0","raceTime5K":1343,"raceTime10K":2903,"raceTimeHalf":6951,"raceTimeMarathon":15943},{"userProfilePK":76018113,"calendarDate":"2023-12-17","deviceId":3401978503,"timestamp":"2023-12-16T23:05:55.0","raceTime5K":1343,"raceTime10K":2901,"raceTimeHalf":6949,"raceTimeMarathon":15938},{"userProfilePK":76018113,"calendarDate":"2023-12-17","deviceId":3401978503,"timestamp":"2023-12-17T09:09:53.0","raceTime5K":1343,"raceTime10K":2901,"raceTimeHalf":6949,"raceTimeMarathon":15938},{"userProfilePK":76018113,"calendarDate":"2023-12-18","deviceId":3401978503,"timestamp":"2023-12-17T23:05:57.0","raceTime5K":1343,"raceTime10K":2901,"raceTimeHalf":6949,"raceTimeMarathon":15938},{"userProfilePK":76018113,"calendarDate":"2023-12-19","deviceId":3401978503,"timestamp":"2023-12-18T23:05:59.0","raceTime5K":1343,"raceTime10K":2901,"raceTimeHalf":6949,"raceTimeMarathon":15938},{"userProfilePK":76018113,"calendarDate":"2023-12-19","deviceId":3401978503,"timestamp":"2023-12-19T05:59:19.0","raceTime5K":1310,"raceTime10K":2829,"raceTimeHalf":6788,"raceTimeMarathon":15586},{"userProfilePK":76018113,"calendarDate":"2023-12-20","deviceId":3401978503,"timestamp":"2023-12-19T23:01:05.0","raceTime5K":1313,"raceTime10K":2840,"raceTimeHalf":6808,"raceTimeMarathon":15631},{"userProfilePK":76018113,"calendarDate":"2023-12-21","deviceId":3401978503,"timestamp":"2023-12-20T23:01:09.0","raceTime5K":1313,"raceTime10K":2840,"raceTimeHalf":6808,"raceTimeMarathon":15631},{"userProfilePK":76018113,"calendarDate":"2023-12-22","deviceId":3401978503,"timestamp":"2023-12-22T15:29:14.0","raceTime5K":1307,"raceTime10K":2827,"raceTimeHalf":6787,"raceTimeMarathon":15595},{"userProfilePK":76018113,"calendarDate":"2023-12-22","deviceId":3401978503,"timestamp":"2023-12-21T23:01:12.0","raceTime5K":1313,"raceTime10K":2840,"raceTimeHalf":6808,"raceTimeMarathon":15631},{"userProfilePK":76018113,"calendarDate":"2023-12-23","deviceId":3401978503,"timestamp":"2023-12-23T05:01:18.0","raceTime5K":1307,"raceTime10K":2827,"raceTimeHalf":6787,"raceTimeMarathon":15595},{"userProfilePK":76018113,"calendarDate":"2023-12-24","deviceId":3401978503,"timestamp":"2023-12-24T05:01:20.0","raceTime5K":1308,"raceTime10K":2829,"raceTimeHalf":6791,"raceTimeMarathon":15605},{"userProfilePK":76018113,"calendarDate":"2023-12-24","deviceId":3401978503,"timestamp":"2023-12-24T16:33:21.0","raceTime5K":1299,"raceTime10K":2796,"raceTimeHalf":6716,"raceTimeMarathon":15478},{"userProfilePK":76018113,"calendarDate":"2023-12-25","deviceId":3401978503,"timestamp":"2023-12-25T05:01:24.0","raceTime5K":1299,"raceTime10K":2796,"raceTimeHalf":6716,"raceTimeMarathon":15478},{"userProfilePK":76018113,"calendarDate":"2023-12-25","deviceId":3401978503,"timestamp":"2023-12-25T23:27:24.0","raceTime5K":1295,"raceTime10K":2788,"raceTimeHalf":6673,"raceTimeMarathon":15384},{"userProfilePK":76018113,"calendarDate":"2023-12-26","deviceId":3401978503,"timestamp":"2023-12-26T05:01:28.0","raceTime5K":1295,"raceTime10K":2788,"raceTimeHalf":6674,"raceTimeMarathon":15386},{"userProfilePK":76018113,"calendarDate":"2023-12-27","deviceId":3401978503,"timestamp":"2023-12-27T05:01:31.0","raceTime5K":1295,"raceTime10K":2789,"raceTimeHalf":6676,"raceTimeMarathon":15384},{"userProfilePK":76018113,"calendarDate":"2023-12-28","deviceId":3401978503,"timestamp":"2023-12-28T05:01:34.0","raceTime5K":1295,"raceTime10K":2789,"raceTimeHalf":6676,"raceTimeMarathon":15384},{"userProfilePK":76018113,"calendarDate":"2023-12-29","deviceId":3401978503,"timestamp":"2023-12-29T05:01:37.0","raceTime5K":1295,"raceTime10K":2789,"raceTimeHalf":6676,"raceTimeMarathon":15384},{"userProfilePK":76018113,"calendarDate":"2023-12-30","deviceId":3401978503,"timestamp":"2023-12-30T05:01:41.0","raceTime5K":1298,"raceTime10K":2799,"raceTimeHalf":6718,"raceTimeMarathon":15455},{"userProfilePK":76018113,"calendarDate":"2023-12-31","deviceId":3401978503,"timestamp":"2023-12-31T05:01:44.0","raceTime5K":1298,"raceTime10K":2803,"raceTimeHalf":6730,"raceTimeMarathon":15459},{"userProfilePK":76018113,"calendarDate":"2023-12-31","deviceId":3401978503,"timestamp":"2023-12-31T13:59:23.0","raceTime5K":1297,"raceTime10K":2804,"raceTimeHalf":6711,"raceTimeMarathon":15428},{"userProfilePK":76018113,"calendarDate":"2024-01-01","deviceId":3401978503,"timestamp":"2024-01-01T05:01:51.0","raceTime5K":1297,"raceTime10K":2809,"raceTimeHalf":6726,"raceTimeMarathon":15428},{"userProfilePK":76018113,"calendarDate":"2024-01-01","deviceId":3401978503,"timestamp":"2024-01-01T16:55:30.0","raceTime5K":1292,"raceTime10K":2798,"raceTimeHalf":6675,"raceTimeMarathon":15311},{"userProfilePK":76018113,"calendarDate":"2024-01-02","deviceId":3401978503,"timestamp":"2024-01-02T05:01:56.0","raceTime5K":1297,"raceTime10K":2811,"raceTimeHalf":6721,"raceTimeMarathon":15401},{"userProfilePK":76018113,"calendarDate":"2024-01-03","deviceId":3401978503,"timestamp":"2024-01-03T05:01:59.0","raceTime5K":1297,"raceTime10K":2811,"raceTimeHalf":6723,"raceTimeMarathon":15406},{"userProfilePK":76018113,"calendarDate":"2024-01-03","deviceId":3401978503,"timestamp":"2024-01-03T15:25:52.0","raceTime5K":1286,"raceTime10K":2778,"raceTimeHalf":6620,"raceTimeMarathon":15235},{"userProfilePK":76018113,"calendarDate":"2024-01-04","deviceId":3401978503,"timestamp":"2024-01-04T05:02:02.0","raceTime5K":1286,"raceTime10K":2778,"raceTimeHalf":6622,"raceTimeMarathon":15240},{"userProfilePK":76018113,"calendarDate":"2024-01-05","deviceId":3401978503,"timestamp":"2024-01-05T05:02:04.0","raceTime5K":1292,"raceTime10K":2791,"raceTimeHalf":6662,"raceTimeMarathon":15330},{"userProfilePK":76018113,"calendarDate":"2024-01-05","deviceId":3401978503,"timestamp":"2024-01-05T16:16:26.0","raceTime5K":1281,"raceTime10K":2768,"raceTimeHalf":6591,"raceTimeMarathon":15160},{"userProfilePK":76018113,"calendarDate":"2024-01-06","deviceId":3401978503,"timestamp":"2024-01-05T23:02:08.0","raceTime5K":1281,"raceTime10K":2768,"raceTimeHalf":6598,"raceTimeMarathon":15174},{"userProfilePK":76018113,"calendarDate":"2024-01-07","deviceId":3401978503,"timestamp":"2024-01-06T23:02:13.0","raceTime5K":1289,"raceTime10K":2787,"raceTimeHalf":6663,"raceTimeMarathon":15306},{"userProfilePK":76018113,"calendarDate":"2024-01-07","deviceId":3401978503,"timestamp":"2024-01-07T10:22:33.0","raceTime5K":1280,"raceTime10K":2767,"raceTimeHalf":6596,"raceTimeMarathon":15157},{"userProfilePK":76018113,"calendarDate":"2024-01-08","deviceId":3401978503,"timestamp":"2024-01-07T23:02:18.0","raceTime5K":1280,"raceTime10K":2767,"raceTimeHalf":6596,"raceTimeMarathon":15157},{"userProfilePK":76018113,"calendarDate":"2024-01-09","deviceId":3401978503,"timestamp":"2024-01-08T23:02:20.0","raceTime5K":1284,"raceTime10K":2774,"raceTimeHalf":6617,"raceTimeMarathon":15204},{"userProfilePK":76018113,"calendarDate":"2024-01-09","deviceId":3401978503,"timestamp":"2024-01-09T06:23:50.0","raceTime5K":1275,"raceTime10K":2753,"raceTimeHalf":6547,"raceTimeMarathon":15040},{"userProfilePK":76018113,"calendarDate":"2024-01-10","deviceId":3401978503,"timestamp":"2024-01-09T23:02:25.0","raceTime5K":1277,"raceTime10K":2757,"raceTimeHalf":6572,"raceTimeMarathon":15096},{"userProfilePK":76018113,"calendarDate":"2024-01-10","deviceId":3401978503,"timestamp":"2024-01-10T06:24:10.0","raceTime5K":1277,"raceTime10K":2757,"raceTimeHalf":6571,"raceTimeMarathon":15094},{"userProfilePK":76018113,"calendarDate":"2024-01-11","deviceId":3401978503,"timestamp":"2024-01-11T06:42:16.0","raceTime5K":1268,"raceTime10K":2735,"raceTimeHalf":6491,"raceTimeMarathon":14944},{"userProfilePK":76018113,"calendarDate":"2024-01-11","deviceId":3401978503,"timestamp":"2024-01-10T23:02:27.0","raceTime5K":1277,"raceTime10K":2757,"raceTimeHalf":6571,"raceTimeMarathon":15094},{"userProfilePK":76018113,"calendarDate":"2024-01-12","deviceId":3401978503,"timestamp":"2024-01-11T23:02:31.0","raceTime5K":1270,"raceTime10K":2739,"raceTimeHalf":6512,"raceTimeMarathon":14994},{"userProfilePK":76018113,"calendarDate":"2024-01-13","deviceId":3401978503,"timestamp":"2024-01-12T23:02:35.0","raceTime5K":1270,"raceTime10K":2739,"raceTimeHalf":6517,"raceTimeMarathon":15003},{"userProfilePK":76018113,"calendarDate":"2024-01-13","deviceId":3401978503,"timestamp":"2024-01-13T10:26:40.0","raceTime5K":1270,"raceTime10K":2739,"raceTimeHalf":6513,"raceTimeMarathon":14996},{"userProfilePK":76018113,"calendarDate":"2024-01-14","deviceId":3401978503,"timestamp":"2024-01-13T23:02:36.0","raceTime5K":1275,"raceTime10K":2748,"raceTimeHalf":6557,"raceTimeMarathon":15094},{"userProfilePK":76018113,"calendarDate":"2024-01-14","deviceId":3401978503,"timestamp":"2024-01-14T09:32:02.0","raceTime5K":1266,"raceTime10K":2706,"raceTimeHalf":6416,"raceTimeMarathon":14939},{"userProfilePK":76018113,"calendarDate":"2024-01-15","deviceId":3401978503,"timestamp":"2024-01-15T21:50:30.0","raceTime5K":1261,"raceTime10K":2696,"raceTimeHalf":6373,"raceTimeMarathon":14836},{"userProfilePK":76018113,"calendarDate":"2024-01-15","deviceId":3401978503,"timestamp":"2024-01-14T23:02:39.0","raceTime5K":1266,"raceTime10K":2706,"raceTimeHalf":6416,"raceTimeMarathon":14939},{"userProfilePK":76018113,"calendarDate":"2024-01-16","deviceId":3401978503,"timestamp":"2024-01-15T23:02:43.0","raceTime5K":1264,"raceTime10K":2701,"raceTimeHalf":6402,"raceTimeMarathon":14902},{"userProfilePK":76018113,"calendarDate":"2024-01-16","deviceId":3401978503,"timestamp":"2024-01-16T06:33:39.0","raceTime5K":1264,"raceTime10K":2701,"raceTimeHalf":6401,"raceTimeMarathon":14899},{"userProfilePK":76018113,"calendarDate":"2024-01-17","deviceId":3401978503,"timestamp":"2024-01-16T23:02:45.0","raceTime5K":1264,"raceTime10K":2701,"raceTimeHalf":6401,"raceTimeMarathon":14899},{"userProfilePK":76018113,"calendarDate":"2024-01-18","deviceId":3401978503,"timestamp":"2024-01-17T23:02:49.0","raceTime5K":1266,"raceTime10K":2705,"raceTimeHalf":6426,"raceTimeMarathon":14956},{"userProfilePK":76018113,"calendarDate":"2024-01-19","deviceId":3401978503,"timestamp":"2024-01-19T06:51:06.0","raceTime5K":1264,"raceTime10K":2703,"raceTimeHalf":6400,"raceTimeMarathon":14898},{"userProfilePK":76018113,"calendarDate":"2024-01-19","deviceId":3401978503,"timestamp":"2024-01-18T23:02:51.0","raceTime5K":1269,"raceTime10K":2711,"raceTimeHalf":6442,"raceTimeMarathon":14991},{"userProfilePK":76018113,"calendarDate":"2024-01-20","deviceId":3401978503,"timestamp":"2024-01-19T23:02:56.0","raceTime5K":1264,"raceTime10K":2703,"raceTimeHalf":6400,"raceTimeMarathon":14898},{"userProfilePK":76018113,"calendarDate":"2024-01-21","deviceId":3401978503,"timestamp":"2024-01-21T21:27:11.0","raceTime5K":1269,"raceTime10K":2713,"raceTimeHalf":6441,"raceTimeMarathon":14989},{"userProfilePK":76018113,"calendarDate":"2024-01-22","deviceId":3401978503,"timestamp":"2024-01-21T23:02:58.0","raceTime5K":1269,"raceTime10K":2713,"raceTimeHalf":6441,"raceTimeMarathon":14989},{"userProfilePK":76018113,"calendarDate":"2024-01-23","deviceId":3401978503,"timestamp":"2024-01-22T23:03:00.0","raceTime5K":1275,"raceTime10K":2726,"raceTimeHalf":6482,"raceTimeMarathon":15082},{"userProfilePK":76018113,"calendarDate":"2024-01-23","deviceId":3401978503,"timestamp":"2024-01-23T06:46:29.0","raceTime5K":1266,"raceTime10K":2705,"raceTimeHalf":6415,"raceTimeMarathon":14935},{"userProfilePK":76018113,"calendarDate":"2024-01-24","deviceId":3401978503,"timestamp":"2024-01-23T23:03:05.0","raceTime5K":1266,"raceTime10K":2705,"raceTimeHalf":6416,"raceTimeMarathon":14937},{"userProfilePK":76018113,"calendarDate":"2024-01-25","deviceId":3401978503,"timestamp":"2024-01-25T07:03:35.0","raceTime5K":1262,"raceTime10K":2691,"raceTimeHalf":6345,"raceTimeMarathon":14806},{"userProfilePK":76018113,"calendarDate":"2024-01-25","deviceId":3401978503,"timestamp":"2024-01-24T23:03:07.0","raceTime5K":1272,"raceTime10K":2717,"raceTimeHalf":6444,"raceTimeMarathon":14999},{"userProfilePK":76018113,"calendarDate":"2024-01-26","deviceId":3401978503,"timestamp":"2024-01-26T08:28:12.0","raceTime5K":1264,"raceTime10K":2696,"raceTimeHalf":6372,"raceTimeMarathon":14866},{"userProfilePK":76018113,"calendarDate":"2024-01-26","deviceId":3401978503,"timestamp":"2024-01-25T23:03:09.0","raceTime5K":1264,"raceTime10K":2696,"raceTimeHalf":6373,"raceTimeMarathon":14868},{"userProfilePK":76018113,"calendarDate":"2024-01-27","deviceId":3401978503,"timestamp":"2024-01-26T23:03:11.0","raceTime5K":1264,"raceTime10K":2696,"raceTimeHalf":6372,"raceTimeMarathon":14866},{"userProfilePK":76018113,"calendarDate":"2024-01-27","deviceId":3401978503,"timestamp":"2024-01-27T11:14:33.0","raceTime5K":1262,"raceTime10K":2690,"raceTimeHalf":6339,"raceTimeMarathon":14789},{"userProfilePK":76018113,"calendarDate":"2024-01-28","deviceId":3401978503,"timestamp":"2024-01-27T23:03:13.0","raceTime5K":1267,"raceTime10K":2701,"raceTimeHalf":6381,"raceTimeMarathon":14884},{"userProfilePK":76018113,"calendarDate":"2024-01-28","deviceId":3401978503,"timestamp":"2024-01-28T08:39:45.0","raceTime5K":1256,"raceTime10K":2667,"raceTimeHalf":6235,"raceTimeMarathon":14598},{"userProfilePK":76018113,"calendarDate":"2024-01-29","deviceId":3401978503,"timestamp":"2024-01-28T23:03:16.0","raceTime5K":1256,"raceTime10K":2667,"raceTimeHalf":6235,"raceTimeMarathon":14598},{"userProfilePK":76018113,"calendarDate":"2024-01-30","deviceId":3401978503,"timestamp":"2024-01-29T23:03:19.0","raceTime5K":1258,"raceTime10K":2670,"raceTimeHalf":6249,"raceTimeMarathon":14632},{"userProfilePK":76018113,"calendarDate":"2024-01-30","deviceId":3401978503,"timestamp":"2024-01-30T06:51:10.0","raceTime5K":1258,"raceTime10K":2670,"raceTimeHalf":6248,"raceTimeMarathon":14629},{"userProfilePK":76018113,"calendarDate":"2024-01-31","deviceId":3401978503,"timestamp":"2024-01-30T23:03:20.0","raceTime5K":1258,"raceTime10K":2670,"raceTimeHalf":6251,"raceTimeMarathon":14636},{"userProfilePK":76018113,"calendarDate":"2024-01-31","deviceId":3401978503,"timestamp":"2024-01-31T07:02:00.0","raceTime5K":1254,"raceTime10K":2663,"raceTimeHalf":6222,"raceTimeMarathon":14569},{"userProfilePK":76018113,"calendarDate":"2024-02-01","deviceId":3401978503,"timestamp":"2024-01-31T23:03:23.0","raceTime5K":1256,"raceTime10K":2666,"raceTimeHalf":6230,"raceTimeMarathon":14587},{"userProfilePK":76018113,"calendarDate":"2024-02-02","deviceId":3401978503,"timestamp":"2024-02-02T06:39:46.0","raceTime5K":1251,"raceTime10K":2659,"raceTimeHalf":6212,"raceTimeMarathon":14540},{"userProfilePK":76018113,"calendarDate":"2024-02-02","deviceId":3401978503,"timestamp":"2024-02-01T23:02:32.0","raceTime5K":1256,"raceTime10K":2666,"raceTimeHalf":6230,"raceTimeMarathon":14587},{"userProfilePK":76018113,"calendarDate":"2024-02-03","deviceId":3401978503,"timestamp":"2024-02-02T23:02:36.0","raceTime5K":1253,"raceTime10K":2663,"raceTimeHalf":6221,"raceTimeMarathon":14561},{"userProfilePK":76018113,"calendarDate":"2024-02-04","deviceId":3401978503,"timestamp":"2024-02-03T23:02:40.0","raceTime5K":1253,"raceTime10K":2663,"raceTimeHalf":6221,"raceTimeMarathon":14561},{"userProfilePK":76018113,"calendarDate":"2024-02-04","deviceId":3401978503,"timestamp":"2024-02-04T09:24:12.0","raceTime5K":1245,"raceTime10K":2646,"raceTimeHalf":6179,"raceTimeMarathon":14459},{"userProfilePK":76018113,"calendarDate":"2024-02-05","deviceId":3401978503,"timestamp":"2024-02-04T23:02:45.0","raceTime5K":1245,"raceTime10K":2646,"raceTimeHalf":6179,"raceTimeMarathon":14459},{"userProfilePK":76018113,"calendarDate":"2024-02-06","deviceId":3401978503,"timestamp":"2024-02-05T23:02:47.0","raceTime5K":1245,"raceTime10K":2646,"raceTimeHalf":6179,"raceTimeMarathon":14459},{"userProfilePK":76018113,"calendarDate":"2024-02-06","deviceId":3401978503,"timestamp":"2024-02-06T06:54:51.0","raceTime5K":1241,"raceTime10K":2636,"raceTimeHalf":6155,"raceTimeMarathon":14398},{"userProfilePK":76018113,"calendarDate":"2024-02-07","deviceId":3401978503,"timestamp":"2024-02-06T23:02:50.0","raceTime5K":1241,"raceTime10K":2636,"raceTimeHalf":6155,"raceTimeMarathon":14398},{"userProfilePK":76018113,"calendarDate":"2024-02-07","deviceId":3401978503,"timestamp":"2024-02-07T21:30:40.0","raceTime5K":1241,"raceTime10K":2636,"raceTimeHalf":6155,"raceTimeMarathon":14398},{"userProfilePK":76018113,"calendarDate":"2024-02-08","deviceId":3401978503,"timestamp":"2024-02-08T15:10:47.0","raceTime5K":1241,"raceTime10K":2636,"raceTimeHalf":6155,"raceTimeMarathon":14398},{"userProfilePK":76018113,"calendarDate":"2024-02-08","deviceId":3401978503,"timestamp":"2024-02-07T23:02:51.0","raceTime5K":1241,"raceTime10K":2636,"raceTimeHalf":6155,"raceTimeMarathon":14398},{"userProfilePK":76018113,"calendarDate":"2024-02-09","deviceId":3401978503,"timestamp":"2024-02-09T05:45:25.0","raceTime5K":1241,"raceTime10K":2636,"raceTimeHalf":6155,"raceTimeMarathon":14398},{"userProfilePK":76018113,"calendarDate":"2024-02-09","deviceId":3401978503,"timestamp":"2024-02-09T07:00:06.0","raceTime5K":1237,"raceTime10K":2628,"raceTimeHalf":6137,"raceTimeMarathon":14357},{"userProfilePK":76018113,"calendarDate":"2024-02-09","deviceId":3401978503,"timestamp":"2024-02-08T23:59:59.0","raceTime5K":1241,"raceTime10K":2636,"raceTimeHalf":6155,"raceTimeMarathon":14398},{"userProfilePK":76018113,"calendarDate":"2024-02-10","deviceId":3401978503,"timestamp":"2024-02-09T23:01:28.0","raceTime5K":1237,"raceTime10K":2628,"raceTimeHalf":6137,"raceTimeMarathon":14357},{"userProfilePK":76018113,"calendarDate":"2024-02-11","deviceId":3401978503,"timestamp":"2024-02-10T23:01:30.0","raceTime5K":1239,"raceTime10K":2630,"raceTimeHalf":6143,"raceTimeMarathon":14371},{"userProfilePK":76018113,"calendarDate":"2024-02-11","deviceId":3401978503,"timestamp":"2024-02-11T09:45:43.0","raceTime5K":1233,"raceTime10K":2618,"raceTimeHalf":6069,"raceTimeMarathon":14156},{"userProfilePK":76018113,"calendarDate":"2024-02-12","deviceId":3401978503,"timestamp":"2024-02-11T23:01:33.0","raceTime5K":1233,"raceTime10K":2618,"raceTimeHalf":6069,"raceTimeMarathon":14156},{"userProfilePK":76018113,"calendarDate":"2024-02-13","deviceId":3401978503,"timestamp":"2024-02-12T23:01:35.0","raceTime5K":1233,"raceTime10K":2618,"raceTimeHalf":6069,"raceTimeMarathon":14156},{"userProfilePK":76018113,"calendarDate":"2024-02-13","deviceId":3401978503,"timestamp":"2024-02-13T06:36:01.0","raceTime5K":1233,"raceTime10K":2618,"raceTimeHalf":6069,"raceTimeMarathon":14156},{"userProfilePK":76018113,"calendarDate":"2024-02-14","deviceId":3401978503,"timestamp":"2024-02-13T23:01:38.0","raceTime5K":1233,"raceTime10K":2618,"raceTimeHalf":6069,"raceTimeMarathon":14156},{"userProfilePK":76018113,"calendarDate":"2024-02-14","deviceId":3401978503,"timestamp":"2024-02-14T06:42:11.0","raceTime5K":1224,"raceTime10K":2601,"raceTimeHalf":6032,"raceTimeMarathon":14065},{"userProfilePK":76018113,"calendarDate":"2024-02-15","deviceId":3401978503,"timestamp":"2024-02-14T23:01:40.0","raceTime5K":1224,"raceTime10K":2601,"raceTimeHalf":6032,"raceTimeMarathon":14065},{"userProfilePK":76018113,"calendarDate":"2024-02-16","deviceId":3401978503,"timestamp":"2024-02-16T07:08:59.0","raceTime5K":1219,"raceTime10K":2594,"raceTimeHalf":6009,"raceTimeMarathon":14012},{"userProfilePK":76018113,"calendarDate":"2024-02-16","deviceId":3401978503,"timestamp":"2024-02-15T23:01:43.0","raceTime5K":1224,"raceTime10K":2601,"raceTimeHalf":6032,"raceTimeMarathon":14065},{"userProfilePK":76018113,"calendarDate":"2024-02-17","deviceId":3401978503,"timestamp":"2024-02-16T23:01:47.0","raceTime5K":1219,"raceTime10K":2594,"raceTimeHalf":6009,"raceTimeMarathon":14012},{"userProfilePK":76018113,"calendarDate":"2024-02-17","deviceId":3401978503,"timestamp":"2024-02-17T10:06:22.0","raceTime5K":1219,"raceTime10K":2594,"raceTimeHalf":6009,"raceTimeMarathon":14012},{"userProfilePK":76018113,"calendarDate":"2024-02-18","deviceId":3401978503,"timestamp":"2024-02-17T23:01:51.0","raceTime5K":1219,"raceTime10K":2594,"raceTimeHalf":6009,"raceTimeMarathon":14012},{"userProfilePK":76018113,"calendarDate":"2024-02-18","deviceId":3401978503,"timestamp":"2024-02-18T10:13:01.0","raceTime5K":1216,"raceTime10K":2583,"raceTimeHalf":5985,"raceTimeMarathon":13954},{"userProfilePK":76018113,"calendarDate":"2024-02-19","deviceId":3401978503,"timestamp":"2024-02-18T23:01:57.0","raceTime5K":1216,"raceTime10K":2583,"raceTimeHalf":5985,"raceTimeMarathon":13954},{"userProfilePK":76018113,"calendarDate":"2024-02-20","deviceId":3401978503,"timestamp":"2024-02-19T23:01:59.0","raceTime5K":1216,"raceTime10K":2583,"raceTimeHalf":5985,"raceTimeMarathon":13954},{"userProfilePK":76018113,"calendarDate":"2024-02-20","deviceId":3401978503,"timestamp":"2024-02-20T06:39:49.0","raceTime5K":1216,"raceTime10K":2583,"raceTimeHalf":5985,"raceTimeMarathon":13954},{"userProfilePK":76018113,"calendarDate":"2024-02-21","deviceId":3401978503,"timestamp":"2024-02-20T23:02:01.0","raceTime5K":1216,"raceTime10K":2583,"raceTimeHalf":5985,"raceTimeMarathon":13954},{"userProfilePK":76018113,"calendarDate":"2024-02-21","deviceId":3401978503,"timestamp":"2024-02-21T06:49:51.0","raceTime5K":1208,"raceTime10K":2568,"raceTimeHalf":5950,"raceTimeMarathon":13867},{"userProfilePK":76018113,"calendarDate":"2024-02-22","deviceId":3401978503,"timestamp":"2024-02-21T23:02:04.0","raceTime5K":1208,"raceTime10K":2568,"raceTimeHalf":5950,"raceTimeMarathon":13867},{"userProfilePK":76018113,"calendarDate":"2024-02-23","deviceId":3401978503,"timestamp":"2024-02-23T06:42:11.0","raceTime5K":1203,"raceTime10K":2560,"raceTimeHalf":5929,"raceTimeMarathon":13818},{"userProfilePK":76018113,"calendarDate":"2024-02-23","deviceId":3401978503,"timestamp":"2024-02-22T23:02:05.0","raceTime5K":1208,"raceTime10K":2568,"raceTimeHalf":5950,"raceTimeMarathon":13867},{"userProfilePK":76018113,"calendarDate":"2024-02-24","deviceId":3401978503,"timestamp":"2024-02-23T23:02:08.0","raceTime5K":1204,"raceTime10K":2563,"raceTimeHalf":5935,"raceTimeMarathon":13832},{"userProfilePK":76018113,"calendarDate":"2024-02-24","deviceId":3401978503,"timestamp":"2024-02-24T10:58:30.0","raceTime5K":1204,"raceTime10K":2563,"raceTimeHalf":5935,"raceTimeMarathon":13832},{"userProfilePK":76018113,"calendarDate":"2024-02-25","deviceId":3401978503,"timestamp":"2024-02-24T23:02:12.0","raceTime5K":1204,"raceTime10K":2563,"raceTimeHalf":5935,"raceTimeMarathon":13832},{"userProfilePK":76018113,"calendarDate":"2024-02-25","deviceId":3401978503,"timestamp":"2024-02-25T10:32:58.0","raceTime5K":1200,"raceTime10K":2551,"raceTimeHalf":5905,"raceTimeMarathon":13759},{"userProfilePK":76018113,"calendarDate":"2024-02-26","deviceId":3401978503,"timestamp":"2024-02-25T23:02:17.0","raceTime5K":1200,"raceTime10K":2551,"raceTimeHalf":5912,"raceTimeMarathon":13783},{"userProfilePK":76018113,"calendarDate":"2024-02-27","deviceId":3401978503,"timestamp":"2024-02-26T23:02:20.0","raceTime5K":1201,"raceTime10K":2554,"raceTimeHalf":5919,"raceTimeMarathon":13799},{"userProfilePK":76018113,"calendarDate":"2024-02-27","deviceId":3401978503,"timestamp":"2024-02-27T06:29:00.0","raceTime5K":1201,"raceTime10K":2554,"raceTimeHalf":5919,"raceTimeMarathon":13799},{"userProfilePK":76018113,"calendarDate":"2024-02-28","deviceId":3401978503,"timestamp":"2024-02-27T23:02:21.0","raceTime5K":1201,"raceTime10K":2553,"raceTimeHalf":5916,"raceTimeMarathon":13792},{"userProfilePK":76018113,"calendarDate":"2024-02-28","deviceId":3401978503,"timestamp":"2024-02-28T06:38:15.0","raceTime5K":1196,"raceTime10K":2544,"raceTimeHalf":5898,"raceTimeMarathon":13746},{"userProfilePK":76018113,"calendarDate":"2024-02-29","deviceId":3401978503,"timestamp":"2024-02-29T06:48:37.0","raceTime5K":1196,"raceTime10K":2544,"raceTimeHalf":5898,"raceTimeMarathon":13746},{"userProfilePK":76018113,"calendarDate":"2024-02-29","deviceId":3401978503,"timestamp":"2024-02-28T23:02:26.0","raceTime5K":1196,"raceTime10K":2544,"raceTimeHalf":5898,"raceTimeMarathon":13746},{"userProfilePK":76018113,"calendarDate":"2024-03-01","deviceId":3401978503,"timestamp":"2024-03-01T06:53:35.0","raceTime5K":1194,"raceTime10K":2536,"raceTimeHalf":5882,"raceTimeMarathon":13707},{"userProfilePK":76018113,"calendarDate":"2024-03-01","deviceId":3401978503,"timestamp":"2024-02-29T23:02:27.0","raceTime5K":1197,"raceTime10K":2545,"raceTimeHalf":5901,"raceTimeMarathon":13753},{"userProfilePK":76018113,"calendarDate":"2024-03-02","deviceId":3401978503,"timestamp":"2024-03-01T23:02:30.0","raceTime5K":1194,"raceTime10K":2536,"raceTimeHalf":5882,"raceTimeMarathon":13707},{"userProfilePK":76018113,"calendarDate":"2024-03-03","deviceId":3401978503,"timestamp":"2024-03-02T23:02:31.0","raceTime5K":1194,"raceTime10K":2540,"raceTimeHalf":5890,"raceTimeMarathon":13724},{"userProfilePK":76018113,"calendarDate":"2024-03-03","deviceId":3401978503,"timestamp":"2024-03-03T17:56:19.0","raceTime5K":1193,"raceTime10K":2532,"raceTimeHalf":5868,"raceTimeMarathon":13671},{"userProfilePK":76018113,"calendarDate":"2024-03-04","deviceId":3401978503,"timestamp":"2024-03-03T23:02:33.0","raceTime5K":1192,"raceTime10K":2532,"raceTimeHalf":5868,"raceTimeMarathon":13671},{"userProfilePK":76018113,"calendarDate":"2024-03-05","deviceId":3401978503,"timestamp":"2024-03-04T23:02:35.0","raceTime5K":1193,"raceTime10K":2535,"raceTimeHalf":5875,"raceTimeMarathon":13685},{"userProfilePK":76018113,"calendarDate":"2024-03-06","deviceId":3401978503,"timestamp":"2024-03-05T23:02:36.0","raceTime5K":1193,"raceTime10K":2533,"raceTimeHalf":5869,"raceTimeMarathon":13673},{"userProfilePK":76018113,"calendarDate":"2024-03-06","deviceId":3401978503,"timestamp":"2024-03-06T06:45:40.0","raceTime5K":1193,"raceTime10K":2529,"raceTimeHalf":5864,"raceTimeMarathon":13660},{"userProfilePK":76018113,"calendarDate":"2024-03-07","deviceId":3401978503,"timestamp":"2024-03-06T23:02:39.0","raceTime5K":1193,"raceTime10K":2529,"raceTimeHalf":5864,"raceTimeMarathon":13660},{"userProfilePK":76018113,"calendarDate":"2024-03-08","deviceId":3401978503,"timestamp":"2024-03-07T23:02:40.0","raceTime5K":1193,"raceTime10K":2525,"raceTimeHalf":5854,"raceTimeMarathon":13639},{"userProfilePK":76018113,"calendarDate":"2024-03-09","deviceId":3401978503,"timestamp":"2024-03-08T23:02:41.0","raceTime5K":1193,"raceTime10K":2525,"raceTimeHalf":5854,"raceTimeMarathon":13639},{"userProfilePK":76018113,"calendarDate":"2024-03-09","deviceId":3401978503,"timestamp":"2024-03-09T09:35:06.0","raceTime5K":1193,"raceTime10K":2525,"raceTimeHalf":5854,"raceTimeMarathon":13639},{"userProfilePK":76018113,"calendarDate":"2024-03-10","deviceId":3401978503,"timestamp":"2024-03-09T23:02:44.0","raceTime5K":1197,"raceTime10K":2531,"raceTimeHalf":5868,"raceTimeMarathon":13668},{"userProfilePK":76018113,"calendarDate":"2024-03-10","deviceId":3401978503,"timestamp":"2024-03-10T10:48:21.0","raceTime5K":1194,"raceTime10K":2527,"raceTimeHalf":5858,"raceTimeMarathon":13648},{"userProfilePK":76018113,"calendarDate":"2024-03-11","deviceId":3401978503,"timestamp":"2024-03-10T23:02:50.0","raceTime5K":1194,"raceTime10K":2531,"raceTimeHalf":5881,"raceTimeMarathon":13714}]