[{"userProfilePK":76018113,"calendarDate":"2022-04-11","deviceId":3401978503,"timestamp":"2022-04-10T22:01:30.0","raceTime5K":1234,"raceTime10K":2622,"raceTimeHalf":6080,"raceTimeMarathon":14200},{"userProfilePK":76018113,"calendarDate":"2022-04-12","deviceId":3401978503,"timestamp":"2022-04-11T22:01:38.0","raceTime5K":1234,"raceTime10K":2622,"raceTimeHalf":6096,"raceTimeMarathon":14253},{"userProfilePK":76018113,"calendarDate":"2022-04-13","deviceId":3401978503,"timestamp":"2022-04-12T22:01:46.0","raceTime5K":1239,"raceTime10K":2632,"raceTimeHalf":6134,"raceTimeMarathon":14353},{"userProfilePK":76018113,"calendarDate":"2022-04-13","deviceId":3401978503,"timestamp":"2022-04-13T08:52:57.0","raceTime5K":1231,"raceTime10K":2619,"raceTimeHalf":6104,"raceTimeMarathon":14283},{"userProfilePK":76018113,"calendarDate":"2022-04-14","deviceId":3401978503,"timestamp":"2022-04-14T08:40:51.0","raceTime5K":1215,"raceTime10K":2582,"raceTimeHalf":6023,"raceTimeMarathon":14078},{"userProfilePK":76018113,"calendarDate":"2022-04-14","deviceId":3401978503,"timestamp":"2022-04-13T22:01:55.0","raceTime5K":1234,"raceTime10K":2625,"raceTimeHalf":6133,"raceTimeMarathon":14364},{"userProfilePK":76018113,"calendarDate":"2022-04-15","deviceId":3401978503,"timestamp":"2022-04-14T22:02:03.0","raceTime5K":1215,"raceTime10K":2582,"raceTimeHalf":6034,"raceTimeMarathon":14117},{"userProfilePK":76018113,"calendarDate":"2022-04-16","deviceId":3401978503,"timestamp":"2022-04-15T22:02:11.0","raceTime5K":1215,"raceTime10K":2582,"raceTimeHalf":6034,"raceTimeMarathon":14117},{"userProfilePK":76018113,"calendarDate":"2022-04-16","deviceId":3401978503,"timestamp":"2022-04-16T08:17:42.0","raceTime5K":1213,"raceTime10K":2582,"raceTimeHalf":6037,"raceTimeMarathon":14127},{"userProfilePK":76018113,"calendarDate":"2022-04-17","deviceId":3401978503,"timestamp":"2022-04-16T22:02:19.0","raceTime5K":1217,"raceTime10K":2589,"raceTimeHalf":6053,"raceTimeMarathon":14163},{"userProfilePK":76018113,"calendarDate":"2022-04-17","deviceId":3401978503,"timestamp":"2022-04-17T11:15:44.0","raceTime5K":1214,"raceTime10K":2578,"raceTimeHalf":6026,"raceTimeMarathon":14100},{"userProfilePK":76018113,"calendarDate":"2022-04-18","deviceId":3401978503,"timestamp":"2022-04-17T22:02:28.0","raceTime5K":1214,"raceTime10K":2578,"raceTimeHalf":6041,"raceTimeMarathon":14148},{"userProfilePK":76018113,"calendarDate":"2022-04-19","deviceId":3401978503,"timestamp":"2022-04-18T22:02:35.0","raceTime5K":1216,"raceTime10K":2584,"raceTimeHalf":6065,"raceTimeMarathon":14199},{"userProfilePK":76018113,"calendarDate":"2022-04-19","deviceId":3401978503,"timestamp":"2022-04-19T06:21:43.0","raceTime5K":1210,"raceTime10K":2575,"raceTimeHalf":6041,"raceTimeMarathon":14139},{"userProfilePK":76018113,"calendarDate":"2022-04-20","deviceId":3401978503,"timestamp":"2022-04-19T22:02:44.0","raceTime5K":1212,"raceTime10K":2584,"raceTimeHalf":6065,"raceTimeMarathon":14158},{"userProfilePK":76018113,"calendarDate":"2022-04-21","deviceId":3401978503,"timestamp":"2022-04-21T05:30:46.0","raceTime5K":1210,"raceTime10K":2585,"raceTimeHalf":6076,"raceTimeMarathon":14150},{"userProfilePK":76018113,"calendarDate":"2022-04-21","deviceId":3401978503,"timestamp":"2022-04-20T22:02:52.0","raceTime5K":1212,"raceTime10K":2589,"raceTimeHalf":6080,"raceTimeMarathon":14158},{"userProfilePK":76018113,"calendarDate":"2022-04-22","deviceId":3401978503,"timestamp":"2022-04-21T22:03:00.0","raceTime5K":1210,"raceTime10K":2586,"raceTimeHalf":6078,"raceTimeMarathon":14150},{"userProfilePK":76018113,"calendarDate":"2022-04-23","deviceId":3401978503,"timestamp":"2022-04-22T22:03:07.0","raceTime5K":1210,"raceTime10K":2586,"raceTimeHalf":6078,"raceTimeMarathon":14150},{"userProfilePK":76018113,"calendarDate":"2022-04-23","deviceId":3401978503,"timestamp":"2022-04-23T15:47:45.0","raceTime5K":1223,"raceTime10K":2612,"raceTimeHalf":6145,"raceTimeMarathon":14329},{"userProfilePK":76018113,"calendarDate":"2022-04-24","deviceId":3401978503,"timestamp":"2022-04-23T22:03:16.0","raceTime5K":1227,"raceTime10K":2618,"raceTimeHalf":6161,"raceTimeMarathon":14364},{"userProfilePK":76018113,"calendarDate":"2022-04-24","deviceId":3401978503,"timestamp":"2022-04-24T11:37:59.0","raceTime5K":1223,"raceTime10K":2603,"raceTimeHalf":6115,"raceTimeMarathon":14333},{"userProfilePK":76018113,"calendarDate":"2022-04-25","deviceId":3401978503,"timestamp":"2022-04-24T22:03:25.0","raceTime5K":1223,"raceTime10K":2603,"raceTimeHalf":6115,"raceTimeMarathon":14333},{"userProfilePK":76018113,"calendarDate":"2022-04-26","deviceId":3401978503,"timestamp":"2022-04-25T22:03:33.0","raceTime5K":1223,"raceTime10K":2603,"raceTimeHalf":6115,"raceTimeMarathon":14333},{"userProfilePK":76018113,"calendarDate":"2022-04-27","deviceId":3401978503,"timestamp":"2022-04-26T22:03:37.0","raceTime5K":1223,"raceTime10K":2603,"raceTimeHalf":6115,"raceTimeMarathon":14333},{"userProfilePK":76018113,"calendarDate":"2022-04-27","deviceId":3401978503,"timestamp":"2022-04-27T06:05:54.0","raceTime5K":1216,"raceTime10K":2589,"raceTimeHalf":6079,"raceTimeMarathon":14246},{"userProfilePK":76018113,"calendarDate":"2022-04-28","deviceId":3401978503,"timestamp":"2022-04-28T05:57:57.0","raceTime5K":1215,"raceTime10K":2587,"raceTimeHalf":6075,"raceTimeMarathon":14237},{"userProfilePK":76018113,"calendarDate":"2022-04-28","deviceId":3401978503,"timestamp":"2022-04-27T22:03:41.0","raceTime5K":1217,"raceTime10K":2590,"raceTimeHalf":6083,"raceTimeMarathon":14255},{"userProfilePK":76018113,"calendarDate":"2022-04-29","deviceId":3401978503,"timestamp":"2022-04-28T22:03:45.0","raceTime5K":1215,"raceTime10K":2587,"raceTimeHalf":6075,"raceTimeMarathon":14237},{"userProfilePK":76018113,"calendarDate":"2022-04-30","deviceId":3401978503,"timestamp":"2022-04-29T22:03:49.0","raceTime5K":1220,"raceTime10K":2595,"raceTimeHalf":6093,"raceTimeMarathon":14278},{"userProfilePK":76018113,"calendarDate":"2022-04-30","deviceId":3401978503,"timestamp":"2022-04-30T11:36:30.0","raceTime5K":1212,"raceTime10K":2579,"raceTimeHalf":6052,"raceTimeMarathon":14178},{"userProfilePK":76018113,"calendarDate":"2022-05-01","deviceId":3401978503,"timestamp":"2022-04-30T22:03:53.0","raceTime5K":1214,"raceTime10K":2582,"raceTimeHalf":6060,"raceTimeMarathon":14195},{"userProfilePK":76018113,"calendarDate":"2022-05-01","deviceId":3401978503,"timestamp":"2022-05-01T11:25:31.0","raceTime5K":1206,"raceTime10K":2565,"raceTimeHalf":6020,"raceTimeMarathon":14087},{"userProfilePK":76018113,"calendarDate":"2022-05-02","deviceId":3401978503,"timestamp":"2022-05-02T11:17:46.0","raceTime5K":1200,"raceTime10K":2552,"raceTimeHalf":5984,"raceTimeMarathon":14003},{"userProfilePK":76018113,"calendarDate":"2022-05-02","deviceId":3401978503,"timestamp":"2022-05-01T22:03:57.0","raceTime5K":1206,"raceTime10K":2565,"raceTimeHalf":6020,"raceTimeMarathon":14087},{"userProfilePK":76018113,"calendarDate":"2022-05-03","deviceId":3401978503,"timestamp":"2022-05-02T22:05:41.0","raceTime5K":1200,"raceTime10K":2552,"raceTimeHalf":5984,"raceTimeMarathon":14003},{"userProfilePK":76018113,"calendarDate":"2022-05-04","deviceId":3401978503,"timestamp":"2022-05-03T22:05:44.0","raceTime5K":1202,"raceTime10K":2556,"raceTimeHalf":5992,"raceTimeMarathon":14022},{"userProfilePK":76018113,"calendarDate":"2022-05-04","deviceId":3401978503,"timestamp":"2022-05-04T06:06:35.0","raceTime5K":1189,"raceTime10K":2527,"raceTimeHalf":5923,"raceTimeMarathon":13841},{"userProfilePK":76018113,"calendarDate":"2022-05-05","deviceId":3401978503,"timestamp":"2022-05-04T22:05:48.0","raceTime5K":1189,"raceTime10K":2527,"raceTimeHalf":5923,"raceTimeMarathon":13841},{"userProfilePK":76018113,"calendarDate":"2022-05-06","deviceId":3401978503,"timestamp":"2022-05-05T22:05:53.0","raceTime5K":1190,"raceTime10K":2530,"raceTimeHalf":5931,"raceTimeMarathon":13857},{"userProfilePK":76018113,"calendarDate":"2022-05-07","deviceId":3401978503,"timestamp":"2022-05-06T22:05:55.0","raceTime5K":1190,"raceTime10K":2530,"raceTimeHalf":5931,"raceTimeMarathon":13857},{"userProfilePK":76018113,"calendarDate":"2022-05-07","deviceId":3401978503,"timestamp":"2022-05-07T12:10:52.0","raceTime5K":1196,"raceTime10K":2546,"raceTimeHalf":5971,"raceTimeMarathon":13971},{"userProfilePK":76018113,"calendarDate":"2022-05-08","deviceId":3401978503,"timestamp":"2022-05-07T22:05:59.0","raceTime5K":1200,"raceTime10K":2554,"raceTimeHalf":5989,"raceTimeMarathon":14011},{"userProfilePK":76018113,"calendarDate":"2022-05-08","deviceId":3401978503,"timestamp":"2022-05-08T09:19:19.0","raceTime5K":1195,"raceTime10K":2542,"raceTimeHalf":5963,"raceTimeMarathon":13951},{"userProfilePK":76018113,"calendarDate":"2022-05-09","deviceId":3401978503,"timestamp":"2022-05-08T22:01:02.0","raceTime5K":1195,"raceTime10K":2542,"raceTimeHalf":5963,"raceTimeMarathon":13951},{"userProfilePK":76018113,"calendarDate":"2022-05-10","deviceId":3401978503,"timestamp":"2022-05-09T22:01:06.0","raceTime5K":1195,"raceTime10K":2542,"raceTimeHalf":5963,"raceTimeMarathon":13951},{"userProfilePK":76018113,"calendarDate":"2022-05-10","deviceId":3401978503,"timestamp":"2022-05-10T06:22:21.0","raceTime5K":1196,"raceTime10K":2542,"raceTimeHalf":5962,"raceTimeMarathon":13950},{"userProfilePK":76018113,"calendarDate":"2022-05-11","deviceId":3401978503,"timestamp":"2022-05-10T22:01:07.0","raceTime5K":1196,"raceTime10K":2546,"raceTimeHalf":5970,"raceTimeMarathon":13968},{"userProfilePK":76018113,"calendarDate":"2022-05-11","deviceId":3401978503,"timestamp":"2022-05-11T06:17:00.0","raceTime5K":1196,"raceTime10K":2542,"raceTimeHalf":5962,"raceTimeMarathon":13949},{"userProfilePK":76018113,"calendarDate":"2022-05-12","deviceId":3401978503,"timestamp":"2022-05-11T22:05:09.0","raceTime5K":1196,"raceTime10K":2542,"raceTimeHalf":5962,"raceTimeMarathon":13949},{"userProfilePK":76018113,"calendarDate":"2022-05-13","deviceId":3401978503,"timestamp":"2022-05-13T05:56:01.0","raceTime5K":1196,"raceTime10K":2541,"raceTimeHalf":5960,"raceTimeMarathon":13944},{"userProfilePK":76018113,"calendarDate":"2022-05-13","deviceId":3401978503,"timestamp":"2022-05-12T22:05:11.0","raceTime5K":1196,"raceTime10K":2545,"raceTimeHalf":5969,"raceTimeMarathon":13964},{"userProfilePK":76018113,"calendarDate":"2022-05-14","deviceId":3401978503,"timestamp":"2022-05-13T22:05:15.0","raceTime5K":1196,"raceTime10K":2541,"raceTimeHalf":5960,"raceTimeMarathon":13944},{"userProfilePK":76018113,"calendarDate":"2022-05-14","deviceId":3401978503,"timestamp":"2022-05-14T11:14:26.0","raceTime5K":1199,"raceTime10K":2542,"raceTimeHalf":5965,"raceTimeMarathon":13964},{"userProfilePK":76018113,"calendarDate":"2022-05-15","deviceId":3401978503,"timestamp":"2022-05-14T22:05:18.0","raceTime5K":1199,"raceTime10K":2549,"raceTimeHalf":5982,"raceTimeMarathon":14001},{"userProfilePK":76018113,"calendarDate":"2022-05-16","deviceId":3401978503,"timestamp":"2022-05-16T10:18:56.0","raceTime5K":1199,"raceTime10K":2549,"raceTimeHalf":5982,"raceTimeMarathon":14001},{"userProfilePK":76018113,"calendarDate":"2022-05-16","deviceId":3401978503,"timestamp":"2022-05-16T11:43:02.0","raceTime5K":1201,"raceTime10K":2544,"raceTimeHalf":5938,"raceTimeMarathon":13880},{"userProfilePK":76018113,"calendarDate":"2022-05-16","deviceId":3401978503,"timestamp":"2022-05-15T23:05:20.0","raceTime5K":1199,"raceTime10K":2549,"raceTimeHalf":5982,"raceTimeMarathon":14001},{"userProfilePK":76018113,"calendarDate":"2022-05-17","deviceId":3401978503,"timestamp":"2022-05-16T22:05:22.0","raceTime5K":1201,"raceTime10K":2548,"raceTimeHalf":5948,"raceTimeMarathon":13900},{"userProfilePK":76018113,"calendarDate":"2022-05-18","deviceId":3401978503,"timestamp":"2022-05-18T05:05:25.0","raceTime5K":1201,"raceTime10K":2548,"raceTimeHalf":5948,"raceTimeMarathon":13900},{"userProfilePK":76018113,"calendarDate":"2022-05-19","deviceId":3401978503,"timestamp":"2022-05-19T05:05:27.0","raceTime5K":1201,"raceTime10K":2548,"raceTimeHalf":5948,"raceTimeMarathon":13900},{"userProfilePK":76018113,"calendarDate":"2022-05-20","deviceId":3401978503,"timestamp":"2022-05-20T05:05:29.0","raceTime5K":1201,"raceTime10K":2548,"raceTimeHalf":5948,"raceTimeMarathon":13900},{"userProfilePK":76018113,"calendarDate":"2022-05-21","deviceId":3401978503,"timestamp":"2022-05-21T05:05:31.0","raceTime5K":1201,"raceTime10K":2552,"raceTimeHalf":5956,"raceTimeMarathon":13918},{"userProfilePK":76018113,"calendarDate":"2022-05-21","deviceId":3401978503,"timestamp":"2022-05-21T10:58:07.0","raceTime5K":1201,"raceTime10K":2552,"raceTimeHalf":5956,"raceTimeMarathon":13918},{"userProfilePK":76018113,"calendarDate":"2022-05-21","deviceId":3401978503,"timestamp":"2022-05-21T11:02:42.0","raceTime5K":1201,"raceTime10K":2552,"raceTimeHalf":5956,"raceTimeMarathon":13918},{"userProfilePK":76018113,"calendarDate":"2022-05-21","deviceId":3401978503,"timestamp":"2022-05-21T11:52:43.0","raceTime5K":1201,"raceTime10K":2551,"raceTimeHalf":5953,"raceTimeMarathon":13912},{"userProfilePK":76018113,"calendarDate":"2022-05-22","deviceId":3401978503,"timestamp":"2022-05-21T22:05:35.0","raceTime5K":1201,"raceTime10K":2555,"raceTimeHalf":5961,"raceTimeMarathon":13930},{"userProfilePK":76018113,"calendarDate":"2022-05-22","deviceId":3401978503,"timestamp":"2022-05-22T10:47:31.0","raceTime5K":1201,"raceTime10K":2552,"raceTimeHalf":5955,"raceTimeMarathon":13922},{"userProfilePK":76018113,"calendarDate":"2022-05-23","deviceId":3401978503,"timestamp":"2022-05-22T22:05:39.0","raceTime5K":1200,"raceTime10K":2552,"raceTimeHalf":5969,"raceTimeMarathon":13965},{"userProfilePK":76018113,"calendarDate":"2022-05-24","deviceId":3401978503,"timestamp":"2022-05-23T22:05:42.0","raceTime5K":1201,"raceTime10K":2548,"raceTimeHalf":5973,"raceTimeMarathon":13989},{"userProfilePK":76018113,"calendarDate":"2022-05-24","deviceId":3401978503,"timestamp":"2022-05-24T05:56:37.0","raceTime5K":1201,"raceTime10K":2548,"raceTimeHalf":5973,"raceTimeMarathon":13989},{"userProfilePK":76018113,"calendarDate":"2022-05-25","deviceId":3401978503,"timestamp":"2022-05-24T22:05:44.0","raceTime5K":1201,"raceTime10K":2545,"raceTimeHalf":5971,"raceTimeMarathon":13984},{"userProfilePK":76018113,"calendarDate":"2022-05-26","deviceId":3401978503,"timestamp":"2022-05-25T22:05:48.0","raceTime5K":1201,"raceTime10K":2545,"raceTimeHalf":5971,"raceTimeMarathon":13984},{"userProfilePK":76018113,"calendarDate":"2022-05-27","deviceId":3401978503,"timestamp":"2022-05-27T05:52:31.0","raceTime5K":1201,"raceTime10K":2547,"raceTimeHalf":5976,"raceTimeMarathon":13996},{"userProfilePK":76018113,"calendarDate":"2022-05-27","deviceId":3401978503,"timestamp":"2022-05-26T22:05:50.0","raceTime5K":1205,"raceTime10K":2553,"raceTimeHalf":5990,"raceTimeMarathon":14026},{"userProfilePK":76018113,"calendarDate":"2022-05-28","deviceId":3401978503,"timestamp":"2022-05-27T22:05:52.0","raceTime5K":1206,"raceTime10K":2552,"raceTimeHalf":5989,"raceTimeMarathon":14022},{"userProfilePK":76018113,"calendarDate":"2022-05-29","deviceId":3401978503,"timestamp":"2022-05-28T22:05:55.0","raceTime5K":1206,"raceTime10K":2559,"raceTimeHalf":6004,"raceTimeMarathon":14055},{"userProfilePK":76018113,"calendarDate":"2022-05-29","deviceId":3401978503,"timestamp":"2022-05-29T06:49:24.0","raceTime5K":1206,"raceTime10K":2559,"raceTimeHalf":6004,"raceTimeMarathon":14055},{"userProfilePK":76018113,"calendarDate":"2022-05-29","deviceId":3401978503,"timestamp":"2022-05-29T07:50:27.0","raceTime5K":1211,"raceTime10K":2569,"raceTimeHalf":6034,"raceTimeMarathon":14147},{"userProfilePK":76018113,"calendarDate":"2022-05-30","deviceId":3401978503,"timestamp":"2022-05-29T22:05:58.0","raceTime5K":1219,"raceTime10K":2578,"raceTimeHalf":6053,"raceTimeMarathon":14189},{"userProfilePK":76018113,"calendarDate":"2022-05-31","deviceId":3401978503,"timestamp":"2022-05-30T22:05:59.0","raceTime5K":1219,"raceTime10K":2578,"raceTimeHalf":6053,"raceTimeMarathon":14189},{"userProfilePK":76018113,"calendarDate":"2022-05-31","deviceId":3401978503,"timestamp":"2022-05-31T05:58:15.0","raceTime5K":1217,"raceTime10K":2572,"raceTimeHalf":6044,"raceTimeMarathon":14168},{"userProfilePK":76018113,"calendarDate":"2022-06-01","deviceId":3401978503,"timestamp":"2022-05-31T22:01:02.0","raceTime5K":1217,"raceTime10K":2577,"raceTimeHalf":6055,"raceTimeMarathon":14193},{"userProfilePK":76018113,"calendarDate":"2022-06-02","deviceId":3401978503,"timestamp":"2022-06-02T06:10:50.0","raceTime5K":1209,"raceTime10K":2566,"raceTimeHalf":6025,"raceTimeMarathon":14119},{"userProfilePK":76018113,"calendarDate":"2022-06-02","deviceId":3401978503,"timestamp":"2022-06-01T22:01:04.0","raceTime5K":1217,"raceTime10K":2582,"raceTimeHalf":6067,"raceTimeMarathon":14220},{"userProfilePK":76018113,"calendarDate":"2022-06-03","deviceId":3401978503,"timestamp":"2022-06-02T22:01:07.0","raceTime5K":1209,"raceTime10K":2566,"raceTimeHalf":6025,"raceTimeMarathon":14119},{"userProfilePK":76018113,"calendarDate":"2022-06-04","deviceId":3401978503,"timestamp":"2022-06-03T22:01:09.0","raceTime5K":1212,"raceTime10K":2569,"raceTimeHalf":6032,"raceTimeMarathon":14135},{"userProfilePK":76018113,"calendarDate":"2022-06-04","deviceId":3401978503,"timestamp":"2022-06-04T07:40:02.0","raceTime5K":1212,"raceTime10K":2569,"raceTimeHalf":6032,"raceTimeMarathon":14135},{"userProfilePK":76018113,"calendarDate":"2022-06-04","deviceId":3401978503,"timestamp":"2022-06-04T09:09:17.0","raceTime5K":1209,"raceTime10K":2561,"raceTimeHalf":5982,"raceTimeMarathon":14005},{"userProfilePK":76018113,"calendarDate":"2022-06-05","deviceId":3401978503,"timestamp":"2022-06-04T22:01:12.0","raceTime5K":1209,"raceTime10K":2564,"raceTimeHalf":5989,"raceTimeMarathon":14020},{"userProfilePK":76018113,"calendarDate":"2022-06-06","deviceId":3401978503,"timestamp":"2022-06-05T22:01:14.0","raceTime5K":1209,"raceTime10K":2564,"raceTimeHalf":6002,"raceTimeMarathon":14062},{"userProfilePK":76018113,"calendarDate":"2022-06-07","deviceId":3401978503,"timestamp":"2022-06-06T22:01:15.0","raceTime5K":1213,"raceTime10K":2568,"raceTimeHalf":6023,"raceTimeMarathon":14123},{"userProfilePK":76018113,"calendarDate":"2022-06-07","deviceId":3401978503,"timestamp":"2022-06-07T06:08:04.0","raceTime5K":1209,"raceTime10K":2556,"raceTimeHalf":6000,"raceTimeMarathon":14066},{"userProfilePK":76018113,"calendarDate":"2022-06-08","deviceId":3401978503,"timestamp":"2022-06-07T22:01:19.0","raceTime5K":1209,"raceTime10K":2561,"raceTimeHalf":6015,"raceTimeMarathon":14099},{"userProfilePK":76018113,"calendarDate":"2022-06-08","deviceId":3401978503,"timestamp":"2022-06-08T06:03:22.0","raceTime5K":1209,"raceTime10K":2563,"raceTimeHalf":6018,"raceTimeMarathon":14108},{"userProfilePK":76018113,"calendarDate":"2022-06-09","deviceId":3401978503,"timestamp":"2022-06-08T22:04:08.0","raceTime5K":1209,"raceTime10K":2563,"raceTimeHalf":6018,"raceTimeMarathon":14108},{"userProfilePK":76018113,"calendarDate":"2022-06-10","deviceId":3401978503,"timestamp":"2022-06-09T22:04:09.0","raceTime5K":1209,"raceTime10K":2559,"raceTimeHalf":6009,"raceTimeMarathon":14088},{"userProfilePK":76018113,"calendarDate":"2022-06-11","deviceId":3401978503,"timestamp":"2022-06-10T22:04:10.0","raceTime5K":1209,"raceTime10K":2559,"raceTimeHalf":6009,"raceTimeMarathon":14088},{"userProfilePK":76018113,"calendarDate":"2022-06-11","deviceId":3401978503,"timestamp":"2022-06-11T07:52:00.0","raceTime5K":1209,"raceTime10K":2556,"raceTimeHalf":5953,"raceTimeMarathon":13914},{"userProfilePK":76018113,"calendarDate":"2022-06-12","deviceId":3401978503,"timestamp":"2022-06-11T22:04:13.0","raceTime5K":1209,"raceTime10K":2557,"raceTimeHalf":5955,"raceTimeMarathon":13917},{"userProfilePK":76018113,"calendarDate":"2022-06-13","deviceId":3401978503,"timestamp":"2022-06-12T22:04:14.0","raceTime5K":1209,"raceTime10K":2557,"raceTimeHalf":5955,"raceTimeMarathon":13917},{"userProfilePK":76018113,"calendarDate":"2022-06-14","deviceId":3401978503,"timestamp":"2022-06-13T22:04:15.0","raceTime5K":1209,"raceTime10K":2560,"raceTimeHalf":5963,"raceTimeMarathon":13935},{"userProfilePK":76018113,"calendarDate":"2022-06-14","deviceId":3401978503,"timestamp":"2022-06-14T04:56:57.0","raceTime5K":1209,"raceTime10K":2560,"raceTimeHalf":5963,"raceTimeMarathon":13935},{"userProfilePK":76018113,"calendarDate":"2022-06-14","deviceId":3401978503,"timestamp":"2022-06-14T05:55:14.0","raceTime5K":1209,"raceTime10K":2559,"raceTimeHalf":5957,"raceTimeMarathon":13924},{"userProfilePK":76018113,"calendarDate":"2022-06-15","deviceId":3401978503,"timestamp":"2022-06-14T22:02:06.0","raceTime5K":1209,"raceTime10K":2564,"raceTimeHalf":5968,"raceTimeMarathon":13949},{"userProfilePK":76018113,"calendarDate":"2022-06-15","deviceId":3401978503,"timestamp":"2022-06-15T06:37:08.0","raceTime5K":1209,"raceTime10K":2559,"raceTimeHalf":5952,"raceTimeMarathon":13909},{"userProfilePK":76018113,"calendarDate":"2022-06-16","deviceId":3401978503,"timestamp":"2022-06-15T22:02:07.0","raceTime5K":1209,"raceTime10K":2559,"raceTimeHalf":5952,"raceTimeMarathon":13909},{"userProfilePK":76018113,"calendarDate":"2022-06-17","deviceId":3401978503,"timestamp":"2022-06-17T05:39:17.0","raceTime5K":1209,"raceTime10K":2557,"raceTimeHalf":5952,"raceTimeMarathon":13910},{"userProfilePK":76018113,"calendarDate":"2022-06-17","deviceId":3401978503,"timestamp":"2022-06-17T06:04:19.0","raceTime5K":1209,"raceTime10K":2556,"raceTimeHalf":5948,"raceTimeMarathon":13900},{"userProfilePK":76018113,"calendarDate":"2022-06-17","deviceId":3401978503,"timestamp":"2022-06-16T22:02:09.0","raceTime5K":1208,"raceTime10K":2559,"raceTimeHalf":5952,"raceTimeMarathon":13909},{"userProfilePK":76018113,"calendarDate":"2022-06-18","deviceId":3401978503,"timestamp":"2022-06-17T22:02:12.0","raceTime5K":1209,"raceTime10K":2551,"raceTimeHalf":5937,"raceTimeMarathon":13876},{"userProfilePK":76018113,"calendarDate":"2022-06-19","deviceId":3401978503,"timestamp":"2022-06-18T22:02:13.0","raceTime5K":1209,"raceTime10K":2559,"raceTimeHalf":5956,"raceTimeMarathon":13918},{"userProfilePK":76018113,"calendarDate":"2022-06-20","deviceId":3401978503,"timestamp":"2022-06-19T22:02:14.0","raceTime5K":1209,"raceTime10K":2559,"raceTimeHalf":5956,"raceTimeMarathon":13918},{"userProfilePK":76018113,"calendarDate":"2022-06-21","deviceId":3401978503,"timestamp":"2022-06-20T22:02:16.0","raceTime5K":1209,"raceTime10K":2556,"raceTimeHalf":5949,"raceTimeMarathon":13903},{"userProfilePK":76018113,"calendarDate":"2022-06-21","deviceId":3401978503,"timestamp":"2022-06-21T06:05:57.0","raceTime5K":1209,"raceTime10K":2554,"raceTimeHalf":5945,"raceTimeMarathon":13891},{"userProfilePK":76018113,"calendarDate":"2022-06-22","deviceId":3401978503,"timestamp":"2022-06-21T22:02:19.0","raceTime5K":1209,"raceTime10K":2557,"raceTimeHalf":5951,"raceTimeMarathon":13903},{"userProfilePK":76018113,"calendarDate":"2022-06-22","deviceId":3401978503,"timestamp":"2022-06-22T05:30:55.0","raceTime5K":1208,"raceTime10K":2555,"raceTimeHalf":5946,"raceTimeMarathon":13892},{"userProfilePK":76018113,"calendarDate":"2022-06-23","deviceId":3401978503,"timestamp":"2022-06-22T22:02:20.0","raceTime5K":1208,"raceTime10K":2560,"raceTimeHalf":5958,"raceTimeMarathon":13919},{"userProfilePK":76018113,"calendarDate":"2022-06-24","deviceId":3401978503,"timestamp":"2022-06-23T22:02:22.0","raceTime5K":1208,"raceTime10K":2560,"raceTimeHalf":5958,"raceTimeMarathon":13919},{"userProfilePK":76018113,"calendarDate":"2022-06-25","deviceId":3401978503,"timestamp":"2022-06-24T22:02:26.0","raceTime5K":1212,"raceTime10K":2564,"raceTimeHalf":5967,"raceTimeMarathon":13939},{"userProfilePK":76018113,"calendarDate":"2022-06-25","deviceId":3401978503,"timestamp":"2022-06-25T09:22:55.0","raceTime5K":1209,"raceTime10K":2560,"raceTimeHalf":5951,"raceTimeMarathon":13901},{"userProfilePK":76018113,"calendarDate":"2022-06-26","deviceId":3401978503,"timestamp":"2022-06-25T22:02:36.0","raceTime5K":1209,"raceTime10K":2566,"raceTimeHalf":5964,"raceTimeMarathon":13928},{"userProfilePK":76018113,"calendarDate":"2022-06-27","deviceId":3401978503,"timestamp":"2022-06-26T22:02:43.0","raceTime5K":1209,"raceTime10K":2566,"raceTimeHalf":5964,"raceTimeMarathon":13928},{"userProfilePK":76018113,"calendarDate":"2022-06-28","deviceId":3401978503,"timestamp":"2022-06-27T22:02:51.0","raceTime5K":1210,"raceTime10K":2567,"raceTimeHalf":5967,"raceTimeMarathon":13935},{"userProfilePK":76018113,"calendarDate":"2022-06-28","deviceId":3401978503,"timestamp":"2022-06-28T05:58:09.0","raceTime5K":1209,"raceTime10K":2565,"raceTimeHalf":5959,"raceTimeMarathon":13919},{"userProfilePK":76018113,"calendarDate":"2022-06-29","deviceId":3401978503,"timestamp":"2022-06-28T22:03:00.0","raceTime5K":1213,"raceTime10K":2565,"raceTimeHalf":5959,"raceTimeMarathon":13920},{"userProfilePK":76018113,"calendarDate":"2022-06-30","deviceId":3401978503,"timestamp":"2022-06-30T05:55:44.0","raceTime5K":1208,"raceTime10K":2555,"raceTimeHalf":5940,"raceTimeMarathon":13869},{"userProfilePK":76018113,"calendarDate":"2022-06-30","deviceId":3401978503,"timestamp":"2022-06-29T22:03:08.0","raceTime5K":1213,"raceTime10K":2569,"raceTimeHalf":5969,"raceTimeMarathon":13941},{"userProfilePK":76018113,"calendarDate":"2022-07-01","deviceId":3401978503,"timestamp":"2022-07-01T06:00:20.0","raceTime5K":1206,"raceTime10K":2547,"raceTimeHalf":5907,"raceTimeMarathon":13777},{"userProfilePK":76018113,"calendarDate":"2022-07-01","deviceId":3401978503,"timestamp":"2022-06-30T22:03:11.0","raceTime5K":1211,"raceTime10K":2559,"raceTimeHalf":5947,"raceTimeMarathon":13885},{"userProfilePK":76018113,"calendarDate":"2022-07-02","deviceId":3401978503,"timestamp":"2022-07-01T22:03:13.0","raceTime5K":1206,"raceTime10K":2551,"raceTimeHalf":5918,"raceTimeMarathon":13801},{"userProfilePK":76018113,"calendarDate":"2022-07-03","deviceId":3401978503,"timestamp":"2022-07-02T22:03:14.0","raceTime5K":1206,"raceTime10K":2560,"raceTimeHalf":5936,"raceTimeMarathon":13842},{"userProfilePK":76018113,"calendarDate":"2022-07-03","deviceId":3401978503,"timestamp":"2022-07-03T08:24:12.0","raceTime5K":1204,"raceTime10K":2552,"raceTimeHalf":5913,"raceTimeMarathon":13791},{"userProfilePK":76018113,"calendarDate":"2022-07-04","deviceId":3401978503,"timestamp":"2022-07-03T22:03:16.0","raceTime5K":1204,"raceTime10K":2552,"raceTimeHalf":5913,"raceTimeMarathon":13791},{"userProfilePK":76018113,"calendarDate":"2022-07-05","deviceId":3401978503,"timestamp":"2022-07-04T22:03:18.0","raceTime5K":1204,"raceTime10K":2552,"raceTimeHalf":5913,"raceTimeMarathon":13791},{"userProfilePK":76018113,"calendarDate":"2022-07-05","deviceId":3401978503,"timestamp":"2022-07-05T04:45:57.0","raceTime5K":1203,"raceTime10K":2552,"raceTimeHalf":5913,"raceTimeMarathon":13791},{"userProfilePK":76018113,"calendarDate":"2022-07-05","deviceId":3401978503,"timestamp":"2022-07-05T05:41:31.0","raceTime5K":1204,"raceTime10K":2545,"raceTimeHalf":5900,"raceTimeMarathon":13762},{"userProfilePK":76018113,"calendarDate":"2022-07-06","deviceId":3401978503,"timestamp":"2022-07-05T22:03:20.0","raceTime5K":1203,"raceTime10K":2549,"raceTimeHalf":5909,"raceTimeMarathon":13781},{"userProfilePK":76018113,"calendarDate":"2022-07-06","deviceId":3401978503,"timestamp":"2022-07-06T20:15:10.0","raceTime5K":1204,"raceTime10K":2544,"raceTimeHalf":5898,"raceTimeMarathon":13755},{"userProfilePK":76018113,"calendarDate":"2022-07-07","deviceId":3401978503,"timestamp":"2022-07-06T22:03:22.0","raceTime5K":1204,"raceTime10K":2548,"raceTimeHalf":5907,"raceTimeMarathon":13773},{"userProfilePK":76018113,"calendarDate":"2022-07-08","deviceId":3401978503,"timestamp":"2022-07-07T22:03:24.0","raceTime5K":1204,"raceTime10K":2548,"raceTimeHalf":5907,"raceTimeMarathon":13773},{"userProfilePK":76018113,"calendarDate":"2022-07-09","deviceId":3401978503,"timestamp":"2022-07-08T22:03:26.0","raceTime5K":1204,"raceTime10K":2552,"raceTimeHalf":5916,"raceTimeMarathon":13793},{"userProfilePK":76018113,"calendarDate":"2022-07-10","deviceId":3401978503,"timestamp":"2022-07-09T22:03:27.0","raceTime5K":1204,"raceTime10K":2557,"raceTimeHalf":5926,"raceTimeMarathon":13816},{"userProfilePK":76018113,"calendarDate":"2022-07-10","deviceId":3401978503,"timestamp":"2022-07-10T07:56:35.0","raceTime5K":1203,"raceTime10K":2546,"raceTimeHalf":5881,"raceTimeMarathon":13694},{"userProfilePK":76018113,"calendarDate":"2022-07-11","deviceId":3401978503,"timestamp":"2022-07-10T22:03:30.0","raceTime5K":1203,"raceTime10K":2550,"raceTimeHalf":5891,"raceTimeMarathon":13715},{"userProfilePK":76018113,"calendarDate":"2022-07-12","deviceId":3401978503,"timestamp":"2022-07-11T22:03:32.0","raceTime5K":1203,"raceTime10K":2550,"raceTimeHalf":5891,"raceTimeMarathon":13715},{"userProfilePK":76018113,"calendarDate":"2022-07-13","deviceId":3401978503,"timestamp":"2022-07-12T22:03:34.0","raceTime5K":1203,"raceTime10K":2554,"raceTimeHalf":5900,"raceTimeMarathon":13735},{"userProfilePK":76018113,"calendarDate":"2022-07-13","deviceId":3401978503,"timestamp":"2022-07-13T05:54:54.0","raceTime5K":1201,"raceTime10K":2548,"raceTimeHalf":5883,"raceTimeMarathon":13692},{"userProfilePK":76018113,"calendarDate":"2022-07-14","deviceId":3401978503,"timestamp":"2022-07-14T05:22:50.0","raceTime5K":1201,"raceTime10K":2541,"raceTimeHalf":5869,"raceTimeMarathon":13661},{"userProfilePK":76018113,"calendarDate":"2022-07-14","deviceId":3401978503,"timestamp":"2022-07-13T22:03:37.0","raceTime5K":1201,"raceTime10K":2548,"raceTimeHalf":5883,"raceTimeMarathon":13692},{"userProfilePK":76018113,"calendarDate":"2022-07-15","deviceId":3401978503,"timestamp":"2022-07-14T22:03:39.0","raceTime5K":1201,"raceTime10K":2541,"raceTimeHalf":5869,"raceTimeMarathon":13661},{"userProfilePK":76018113,"calendarDate":"2022-07-16","deviceId":3401978503,"timestamp":"2022-07-15T22:03:41.0","raceTime5K":1201,"raceTime10K":2546,"raceTimeHalf":5881,"raceTimeMarathon":13688},{"userProfilePK":76018113,"calendarDate":"2022-07-17","deviceId":3401978503,"timestamp":"2022-07-16T22:03:42.0","raceTime5K":1201,"raceTime10K":2547,"raceTimeHalf":5883,"raceTimeMarathon":13690},{"userProfilePK":76018113,"calendarDate":"2022-07-17","deviceId":3401978503,"timestamp":"2022-07-17T05:44:18.0","raceTime5K":1201,"raceTime10K":2547,"raceTimeHalf":5883,"raceTimeMarathon":13690},{"userProfilePK":76018113,"calendarDate":"2022-07-17","deviceId":3401978503,"timestamp":"2022-07-17T07:22:51.0","raceTime5K":1199,"raceTime10K":2541,"raceTimeHalf":5854,"raceTimeMarathon":13614},{"userProfilePK":76018113,"calendarDate":"2022-07-18","deviceId":3401978503,"timestamp":"2022-07-17T22:03:45.0","raceTime5K":1199,"raceTime10K":2541,"raceTimeHalf":5854,"raceTimeMarathon":13614},{"userProfilePK":76018113,"calendarDate":"2022-07-19","deviceId":3401978503,"timestamp":"2022-07-18T22:03:46.0","raceTime5K":1199,"raceTime10K":2545,"raceTimeHalf":5862,"raceTimeMarathon":13632},{"userProfilePK":76018113,"calendarDate":"2022-07-20","deviceId":3401978503,"timestamp":"2022-07-19T22:03:47.0","raceTime5K":1200,"raceTime10K":2547,"raceTimeHalf":5867,"raceTimeMarathon":13642}]