[{"userProfilePK":76018113,"calendarDate":"2022-02-01","deviceId":3401978503,"timestamp":"2022-02-01T16:00:53.0","raceTime5K":1392,"raceTime10K":3028,"raceTimeHalf":7032,"raceTimeMarathon":15911},{"userProfilePK":76018113,"calendarDate":"2022-02-01","deviceId":3401978503,"timestamp":"2022-02-01T16:00:54.0","raceTime5K":1318,"raceTime10K":2803,"raceTimeHalf":6711,"raceTimeMarathon":15794},{"userProfilePK":76018113,"calendarDate":"2022-02-01","deviceId":3401978503,"timestamp":"2022-02-01T16:00:55.0","raceTime5K":1315,"raceTime10K":2796,"raceTimeHalf":6696,"raceTimeMarathon":15759},{"userProfilePK":76018113,"calendarDate":"2022-02-01","deviceId":3401978503,"timestamp":"2022-02-01T16:00:56.0","raceTime5K":1317,"raceTime10K":2801,"raceTimeHalf":6706,"raceTimeMarathon":15783},{"userProfilePK":76018113,"calendarDate":"2022-02-01","deviceId":3401978503,"timestamp":"2022-02-01T16:00:57.0","raceTime5K":1317,"raceTime10K":2801,"raceTimeHalf":6706,"raceTimeMarathon":15783},{"userProfilePK":76018113,"calendarDate":"2022-02-02","deviceId":3401978503,"timestamp":"2022-02-01T23:02:56.0","raceTime5K":1323,"raceTime10K":2818,"raceTimeHalf":6739,"raceTimeMarathon":15859},{"userProfilePK":76018113,"calendarDate":"2022-02-02","deviceId":3401978503,"timestamp":"2022-02-02T06:16:13.0","raceTime5K":1323,"raceTime10K":2818,"raceTimeHalf":6739,"raceTimeMarathon":15859},{"userProfilePK":76018113,"calendarDate":"2022-02-02","deviceId":3401978503,"timestamp":"2022-02-02T07:04:37.0","raceTime5K":1305,"raceTime10K":2774,"raceTimeHalf":6640,"raceTimeMarathon":15617},{"userProfilePK":76018113,"calendarDate":"2022-02-03","deviceId":3401978503,"timestamp":"2022-02-03T07:18:14.0","raceTime5K":1294,"raceTime10K":2749,"raceTimeHalf":6582,"raceTimeMarathon":15486},{"userProfilePK":76018113,"calendarDate":"2022-02-03","deviceId":3401978503,"timestamp":"2022-02-02T23:03:49.0","raceTime5K":1305,"raceTime10K":2774,"raceTimeHalf":6640,"raceTimeMarathon":15617},{"userProfilePK":76018113,"calendarDate":"2022-02-04","deviceId":3401978503,"timestamp":"2022-02-03T23:03:52.0","raceTime5K":1294,"raceTime10K":2749,"raceTimeHalf":6582,"raceTimeMarathon":15486},{"userProfilePK":76018113,"calendarDate":"2022-02-05","deviceId":3401978503,"timestamp":"2022-02-04T23:03:53.0","raceTime5K":1302,"raceTime10K":2769,"raceTimeHalf":6623,"raceTimeMarathon":15579},{"userProfilePK":76018113,"calendarDate":"2022-02-06","deviceId":3401978503,"timestamp":"2022-02-05T23:03:54.0","raceTime5K":1307,"raceTime10K":2781,"raceTimeHalf":6651,"raceTimeMarathon":15640},{"userProfilePK":76018113,"calendarDate":"2022-02-06","deviceId":3401978503,"timestamp":"2022-02-06T10:39:25.0","raceTime5K":1307,"raceTime10K":2781,"raceTimeHalf":6651,"raceTimeMarathon":15640},{"userProfilePK":76018113,"calendarDate":"2022-02-06","deviceId":3401978503,"timestamp":"2022-02-06T10:40:12.0","raceTime5K":1307,"raceTime10K":2781,"raceTimeHalf":6651,"raceTimeMarathon":15640},{"userProfilePK":76018113,"calendarDate":"2022-02-06","deviceId":3401978503,"timestamp":"2022-02-06T12:20:47.0","raceTime5K":1292,"raceTime10K":2745,"raceTimeHalf":6541,"raceTimeMarathon":15356},{"userProfilePK":76018113,"calendarDate":"2022-02-07","deviceId":3401978503,"timestamp":"2022-02-06T23:03:57.0","raceTime5K":1292,"raceTime10K":2745,"raceTimeHalf":6541,"raceTimeMarathon":15356},{"userProfilePK":76018113,"calendarDate":"2022-02-08","deviceId":3401978503,"timestamp":"2022-02-07T23:03:58.0","raceTime5K":1301,"raceTime10K":2768,"raceTimeHalf":6601,"raceTimeMarathon":15507},{"userProfilePK":76018113,"calendarDate":"2022-02-08","deviceId":3401978503,"timestamp":"2022-02-08T07:09:53.0","raceTime5K":1289,"raceTime10K":2739,"raceTimeHalf":6537,"raceTimeMarathon":15353},{"userProfilePK":76018113,"calendarDate":"2022-02-09","deviceId":3401978503,"timestamp":"2022-02-08T23:03:59.0","raceTime5K":1289,"raceTime10K":2739,"raceTimeHalf":6551,"raceTimeMarathon":15399},{"userProfilePK":76018113,"calendarDate":"2022-02-09","deviceId":3401978503,"timestamp":"2022-02-09T07:22:59.0","raceTime5K":1283,"raceTime10K":2724,"raceTimeHalf":6504,"raceTimeMarathon":15285},{"userProfilePK":76018113,"calendarDate":"2022-02-10","deviceId":3401978503,"timestamp":"2022-02-09T23:04:01.0","raceTime5K":1283,"raceTime10K":2724,"raceTimeHalf":6509,"raceTimeMarathon":15300},{"userProfilePK":76018113,"calendarDate":"2022-02-11","deviceId":3401978503,"timestamp":"2022-02-10T23:04:01.0","raceTime5K":1283,"raceTime10K":2724,"raceTimeHalf":6509,"raceTimeMarathon":15300},{"userProfilePK":76018113,"calendarDate":"2022-02-12","deviceId":3401978503,"timestamp":"2022-02-11T23:04:02.0","raceTime5K":1283,"raceTime10K":2724,"raceTimeHalf":6509,"raceTimeMarathon":15300},{"userProfilePK":76018113,"calendarDate":"2022-02-13","deviceId":3401978503,"timestamp":"2022-02-12T23:04:03.0","raceTime5K":1285,"raceTime10K":2729,"raceTimeHalf":6520,"raceTimeMarathon":15325},{"userProfilePK":76018113,"calendarDate":"2022-02-13","deviceId":3401978503,"timestamp":"2022-02-13T12:11:58.0","raceTime5K":1277,"raceTime10K":2710,"raceTimeHalf":6416,"raceTimeMarathon":15053},{"userProfilePK":76018113,"calendarDate":"2022-02-14","deviceId":3401978503,"timestamp":"2022-02-13T23:04:06.0","raceTime5K":1277,"raceTime10K":2710,"raceTimeHalf":6425,"raceTimeMarathon":15083},{"userProfilePK":76018113,"calendarDate":"2022-02-15","deviceId":3401978503,"timestamp":"2022-02-14T23:04:07.0","raceTime5K":1277,"raceTime10K":2710,"raceTimeHalf":6425,"raceTimeMarathon":15083},{"userProfilePK":76018113,"calendarDate":"2022-02-16","deviceId":3401978503,"timestamp":"2022-02-15T23:04:09.0","raceTime5K":1277,"raceTime10K":2710,"raceTimeHalf":6425,"raceTimeMarathon":15083},{"userProfilePK":76018113,"calendarDate":"2022-02-17","deviceId":3401978503,"timestamp":"2022-02-17T06:58:25.0","raceTime5K":1284,"raceTime10K":2726,"raceTimeHalf":6454,"raceTimeMarathon":15162},{"userProfilePK":76018113,"calendarDate":"2022-02-17","deviceId":3401978503,"timestamp":"2022-02-16T23:04:10.0","raceTime5K":1281,"raceTime10K":2719,"raceTimeHalf":6443,"raceTimeMarathon":15124},{"userProfilePK":76018113,"calendarDate":"2022-02-18","deviceId":3401978503,"timestamp":"2022-02-17T23:04:13.0","raceTime5K":1286,"raceTime10K":2730,"raceTimeHalf":6477,"raceTimeMarathon":15215},{"userProfilePK":76018113,"calendarDate":"2022-02-19","deviceId":3401978503,"timestamp":"2022-02-18T23:04:13.0","raceTime5K":1289,"raceTime10K":2736,"raceTimeHalf":6522,"raceTimeMarathon":15317},{"userProfilePK":76018113,"calendarDate":"2022-02-19","deviceId":3401978503,"timestamp":"2022-02-19T13:04:46.0","raceTime5K":1288,"raceTime10K":2736,"raceTimeHalf":6428,"raceTimeMarathon":15050},{"userProfilePK":76018113,"calendarDate":"2022-02-20","deviceId":3401978503,"timestamp":"2022-02-19T23:04:16.0","raceTime5K":1288,"raceTime10K":2737,"raceTimeHalf":6431,"raceTimeMarathon":15055},{"userProfilePK":76018113,"calendarDate":"2022-02-20","deviceId":3401978503,"timestamp":"2022-02-20T17:30:00.0","raceTime5K":1284,"raceTime10K":2728,"raceTimeHalf":6386,"raceTimeMarathon":14948},{"userProfilePK":76018113,"calendarDate":"2022-02-21","deviceId":3401978503,"timestamp":"2022-02-20T23:04:20.0","raceTime5K":1284,"raceTime10K":2728,"raceTimeHalf":6386,"raceTimeMarathon":14948},{"userProfilePK":76018113,"calendarDate":"2022-02-22","deviceId":3401978503,"timestamp":"2022-02-21T23:04:20.0","raceTime5K":1285,"raceTime10K":2731,"raceTimeHalf":6393,"raceTimeMarathon":14962},{"userProfilePK":76018113,"calendarDate":"2022-02-23","deviceId":3401978503,"timestamp":"2022-02-22T23:04:21.0","raceTime5K":1290,"raceTime10K":2741,"raceTimeHalf":6402,"raceTimeMarathon":14981},{"userProfilePK":76018113,"calendarDate":"2022-02-23","deviceId":3401978503,"timestamp":"2022-02-23T07:19:08.0","raceTime5K":1264,"raceTime10K":2686,"raceTimeHalf":6259,"raceTimeMarathon":14619},{"userProfilePK":76018113,"calendarDate":"2022-02-24","deviceId":3401978503,"timestamp":"2022-02-23T23:04:24.0","raceTime5K":1264,"raceTime10K":2686,"raceTimeHalf":6259,"raceTimeMarathon":14619},{"userProfilePK":76018113,"calendarDate":"2022-02-25","deviceId":3401978503,"timestamp":"2022-02-25T07:04:52.0","raceTime5K":1258,"raceTime10K":2672,"raceTimeHalf":6212,"raceTimeMarathon":14510},{"userProfilePK":76018113,"calendarDate":"2022-02-25","deviceId":3401978503,"timestamp":"2022-02-24T23:04:24.0","raceTime5K":1264,"raceTime10K":2686,"raceTimeHalf":6259,"raceTimeMarathon":14619},{"userProfilePK":76018113,"calendarDate":"2022-02-26","deviceId":3401978503,"timestamp":"2022-02-25T23:04:26.0","raceTime5K":1258,"raceTime10K":2672,"raceTimeHalf":6212,"raceTimeMarathon":14510},{"userProfilePK":76018113,"calendarDate":"2022-02-27","deviceId":3401978503,"timestamp":"2022-02-26T23:04:27.0","raceTime5K":1263,"raceTime10K":2684,"raceTimeHalf":6224,"raceTimeMarathon":14535},{"userProfilePK":76018113,"calendarDate":"2022-02-27","deviceId":3401978503,"timestamp":"2022-02-27T16:20:16.0","raceTime5K":1263,"raceTime10K":2684,"raceTimeHalf":6224,"raceTimeMarathon":14535},{"userProfilePK":76018113,"calendarDate":"2022-02-27","deviceId":3401978503,"timestamp":"2022-02-27T18:08:15.0","raceTime5K":1257,"raceTime10K":2669,"raceTimeHalf":6152,"raceTimeMarathon":14338},{"userProfilePK":76018113,"calendarDate":"2022-02-28","deviceId":3401978503,"timestamp":"2022-02-27T23:04:28.0","raceTime5K":1259,"raceTime10K":2674,"raceTimeHalf":6164,"raceTimeMarathon":14364},{"userProfilePK":76018113,"calendarDate":"2022-03-01","deviceId":3401978503,"timestamp":"2022-02-28T23:04:29.0","raceTime5K":1259,"raceTime10K":2674,"raceTimeHalf":6164,"raceTimeMarathon":14364},{"userProfilePK":76018113,"calendarDate":"2022-03-02","deviceId":3401978503,"timestamp":"2022-03-01T23:04:30.0","raceTime5K":1262,"raceTime10K":2679,"raceTimeHalf":6215,"raceTimeMarathon":14481},{"userProfilePK":76018113,"calendarDate":"2022-03-02","deviceId":3401978503,"timestamp":"2022-03-02T07:32:58.0","raceTime5K":1260,"raceTime10K":2676,"raceTimeHalf":6181,"raceTimeMarathon":14405},{"userProfilePK":76018113,"calendarDate":"2022-03-03","deviceId":3401978503,"timestamp":"2022-03-02T23:04:32.0","raceTime5K":1260,"raceTime10K":2676,"raceTimeHalf":6181,"raceTimeMarathon":14405},{"userProfilePK":76018113,"calendarDate":"2022-03-04","deviceId":3401978503,"timestamp":"2022-03-04T07:02:13.0","raceTime5K":1247,"raceTime10K":2648,"raceTimeHalf":6107,"raceTimeMarathon":14213},{"userProfilePK":76018113,"calendarDate":"2022-03-04","deviceId":3401978503,"timestamp":"2022-03-03T23:04:33.0","raceTime5K":1262,"raceTime10K":2679,"raceTimeHalf":6208,"raceTimeMarathon":14465},{"userProfilePK":76018113,"calendarDate":"2022-03-05","deviceId":3401978503,"timestamp":"2022-03-04T23:04:34.0","raceTime5K":1247,"raceTime10K":2648,"raceTimeHalf":6107,"raceTimeMarathon":14213},{"userProfilePK":76018113,"calendarDate":"2022-03-06","deviceId":3401978503,"timestamp":"2022-03-05T23:01:37.0","raceTime5K":1250,"raceTime10K":2656,"raceTimeHalf":6124,"raceTimeMarathon":14251},{"userProfilePK":76018113,"calendarDate":"2022-03-06","deviceId":3401978503,"timestamp":"2022-03-06T12:43:49.0","raceTime5K":1241,"raceTime10K":2637,"raceTimeHalf":6056,"raceTimeMarathon":14082},{"userProfilePK":76018113,"calendarDate":"2022-03-07","deviceId":3401978503,"timestamp":"2022-03-06T23:01:39.0","raceTime5K":1245,"raceTime10K":2644,"raceTimeHalf":6088,"raceTimeMarathon":14153},{"userProfilePK":76018113,"calendarDate":"2022-03-08","deviceId":3401978503,"timestamp":"2022-03-07T23:02:52.0","raceTime5K":1245,"raceTime10K":2644,"raceTimeHalf":6088,"raceTimeMarathon":14153},{"userProfilePK":76018113,"calendarDate":"2022-03-08","deviceId":3401978503,"timestamp":"2022-03-08T07:17:19.0","raceTime5K":1242,"raceTime10K":2640,"raceTimeHalf":6063,"raceTimeMarathon":14096},{"userProfilePK":76018113,"calendarDate":"2022-03-09","deviceId":3401978503,"timestamp":"2022-03-08T23:02:54.0","raceTime5K":1242,"raceTime10K":2640,"raceTimeHalf":6063,"raceTimeMarathon":14096},{"userProfilePK":76018113,"calendarDate":"2022-03-10","deviceId":3401978503,"timestamp":"2022-03-09T23:02:56.0","raceTime5K":1242,"raceTime10K":2640,"raceTimeHalf":6063,"raceTimeMarathon":14096},{"userProfilePK":76018113,"calendarDate":"2022-03-11","deviceId":3401978503,"timestamp":"2022-03-10T23:02:58.0","raceTime5K":1242,"raceTime10K":2640,"raceTimeHalf":6063,"raceTimeMarathon":14096},{"userProfilePK":76018113,"calendarDate":"2022-03-12","deviceId":3401978503,"timestamp":"2022-03-11T23:03:00.0","raceTime5K":1242,"raceTime10K":2640,"raceTimeHalf":6063,"raceTimeMarathon":14096},{"userProfilePK":76018113,"calendarDate":"2022-03-12","deviceId":3401978503,"timestamp":"2022-03-12T16:37:36.0","raceTime5K":1240,"raceTime10K":2634,"raceTimeHalf":6047,"raceTimeMarathon":14056},{"userProfilePK":76018113,"calendarDate":"2022-03-12","deviceId":3401978503,"timestamp":"2022-03-12T16:39:04.0","raceTime5K":1240,"raceTime10K":2634,"raceTimeHalf":6047,"raceTimeMarathon":14056},{"userProfilePK":76018113,"calendarDate":"2022-03-12","deviceId":3401978503,"timestamp":"2022-03-12T16:59:11.0","raceTime5K":1239,"raceTime10K":2632,"raceTimeHalf":6044,"raceTimeMarathon":14049},{"userProfilePK":76018113,"calendarDate":"2022-03-13","deviceId":3401978503,"timestamp":"2022-03-12T23:03:02.0","raceTime5K":1246,"raceTime10K":2646,"raceTimeHalf":6079,"raceTimeMarathon":14126},{"userProfilePK":76018113,"calendarDate":"2022-03-13","deviceId":3401978503,"timestamp":"2022-03-13T12:27:50.0","raceTime5K":1238,"raceTime10K":2631,"raceTimeHalf":6041,"raceTimeMarathon":14040},{"userProfilePK":76018113,"calendarDate":"2022-03-14","deviceId":3401978503,"timestamp":"2022-03-13T23:03:03.0","raceTime5K":1238,"raceTime10K":2631,"raceTimeHalf":6041,"raceTimeMarathon":14040},{"userProfilePK":76018113,"calendarDate":"2022-03-15","deviceId":3401978503,"timestamp":"2022-03-14T23:03:05.0","raceTime5K":1238,"raceTime10K":2631,"raceTimeHalf":6041,"raceTimeMarathon":14040},{"userProfilePK":76018113,"calendarDate":"2022-03-16","deviceId":3401978503,"timestamp":"2022-03-15T23:03:06.0","raceTime5K":1240,"raceTime10K":2635,"raceTimeHalf":6050,"raceTimeMarathon":14059},{"userProfilePK":76018113,"calendarDate":"2022-03-17","deviceId":3401978503,"timestamp":"2022-03-16T23:03:06.0","raceTime5K":1240,"raceTime10K":2635,"raceTimeHalf":6050,"raceTimeMarathon":14059},{"userProfilePK":76018113,"calendarDate":"2022-03-18","deviceId":3401978503,"timestamp":"2022-03-18T07:15:45.0","raceTime5K":1236,"raceTime10K":2630,"raceTimeHalf":6033,"raceTimeMarathon":14022},{"userProfilePK":76018113,"calendarDate":"2022-03-18","deviceId":3401978503,"timestamp":"2022-03-17T23:03:13.0","raceTime5K":1244,"raceTime10K":2645,"raceTimeHalf":6071,"raceTimeMarathon":14106},{"userProfilePK":76018113,"calendarDate":"2022-03-19","deviceId":3401978503,"timestamp":"2022-03-18T23:03:23.0","raceTime5K":1236,"raceTime10K":2630,"raceTimeHalf":6033,"raceTimeMarathon":14022},{"userProfilePK":76018113,"calendarDate":"2022-03-20","deviceId":3401978503,"timestamp":"2022-03-19T23:03:31.0","raceTime5K":1246,"raceTime10K":2649,"raceTimeHalf":6077,"raceTimeMarathon":14116},{"userProfilePK":76018113,"calendarDate":"2022-03-20","deviceId":3401978503,"timestamp":"2022-03-20T12:49:55.0","raceTime5K":1244,"raceTime10K":2644,"raceTimeHalf":6072,"raceTimeMarathon":14117},{"userProfilePK":76018113,"calendarDate":"2022-03-21","deviceId":3401978503,"timestamp":"2022-03-20T23:03:39.0","raceTime5K":1244,"raceTime10K":2644,"raceTimeHalf":6072,"raceTimeMarathon":14117},{"userProfilePK":76018113,"calendarDate":"2022-03-22","deviceId":3401978503,"timestamp":"2022-03-21T23:03:47.0","raceTime5K":1247,"raceTime10K":2650,"raceTimeHalf":6084,"raceTimeMarathon":14143},{"userProfilePK":76018113,"calendarDate":"2022-03-23","deviceId":3401978503,"timestamp":"2022-03-22T23:03:55.0","raceTime5K":1247,"raceTime10K":2650,"raceTimeHalf":6084,"raceTimeMarathon":14143},{"userProfilePK":76018113,"calendarDate":"2022-03-23","deviceId":3401978503,"timestamp":"2022-03-23T06:57:35.0","raceTime5K":1235,"raceTime10K":2623,"raceTimeHalf":6021,"raceTimeMarathon":13985},{"userProfilePK":76018113,"calendarDate":"2022-03-24","deviceId":3401978503,"timestamp":"2022-03-24T07:09:54.0","raceTime5K":1228,"raceTime10K":2612,"raceTimeHalf":5994,"raceTimeMarathon":13923},{"userProfilePK":76018113,"calendarDate":"2022-03-24","deviceId":3401978503,"timestamp":"2022-03-23T23:04:04.0","raceTime5K":1235,"raceTime10K":2623,"raceTimeHalf":6021,"raceTimeMarathon":13985},{"userProfilePK":76018113,"calendarDate":"2022-03-25","deviceId":3401978503,"timestamp":"2022-03-24T23:04:12.0","raceTime5K":1228,"raceTime10K":2612,"raceTimeHalf":5994,"raceTimeMarathon":13923},{"userProfilePK":76018113,"calendarDate":"2022-03-26","deviceId":3401978503,"timestamp":"2022-03-25T23:04:20.0","raceTime5K":1230,"raceTime10K":2616,"raceTimeHalf":6003,"raceTimeMarathon":13943},{"userProfilePK":76018113,"calendarDate":"2022-03-27","deviceId":3401978503,"timestamp":"2022-03-26T23:04:28.0","raceTime5K":1233,"raceTime10K":2622,"raceTimeHalf":6018,"raceTimeMarathon":13975},{"userProfilePK":76018113,"calendarDate":"2022-03-27","deviceId":3401978503,"timestamp":"2022-03-27T11:32:22.0","raceTime5K":1225,"raceTime10K":2604,"raceTimeHalf":5974,"raceTimeMarathon":13874},{"userProfilePK":76018113,"calendarDate":"2022-03-28","deviceId":3401978503,"timestamp":"2022-03-27T22:04:36.0","raceTime5K":1225,"raceTime10K":2604,"raceTimeHalf":5974,"raceTimeMarathon":13874},{"userProfilePK":76018113,"calendarDate":"2022-03-29","deviceId":3401978503,"timestamp":"2022-03-28T22:04:44.0","raceTime5K":1225,"raceTime10K":2604,"raceTimeHalf":5974,"raceTimeMarathon":13874},{"userProfilePK":76018113,"calendarDate":"2022-03-30","deviceId":3401978503,"timestamp":"2022-03-29T22:04:52.0","raceTime5K":1225,"raceTime10K":2604,"raceTimeHalf":5974,"raceTimeMarathon":13874},{"userProfilePK":76018113,"calendarDate":"2022-03-30","deviceId":3401978503,"timestamp":"2022-03-30T06:08:31.0","raceTime5K":1219,"raceTime10K":2588,"raceTimeHalf":5939,"raceTimeMarathon":13793},{"userProfilePK":76018113,"calendarDate":"2022-03-31","deviceId":3401978503,"timestamp":"2022-03-30T22:05:00.0","raceTime5K":1219,"raceTime10K":2588,"raceTimeHalf":5939,"raceTimeMarathon":13793},{"userProfilePK":76018113,"calendarDate":"2022-04-01","deviceId":3401978503,"timestamp":"2022-03-31T22:05:08.0","raceTime5K":1219,"raceTime10K":2590,"raceTimeHalf":5943,"raceTimeMarathon":13802},{"userProfilePK":76018113,"calendarDate":"2022-04-02","deviceId":3401978503,"timestamp":"2022-04-01T22:05:16.0","raceTime5K":1219,"raceTime10K":2590,"raceTimeHalf":5943,"raceTimeMarathon":13802},{"userProfilePK":76018113,"calendarDate":"2022-04-03","deviceId":3401978503,"timestamp":"2022-04-02T22:05:24.0","raceTime5K":1226,"raceTime10K":2604,"raceTimeHalf":5991,"raceTimeMarathon":13923},{"userProfilePK":76018113,"calendarDate":"2022-04-03","deviceId":3401978503,"timestamp":"2022-04-03T12:06:26.0","raceTime5K":1226,"raceTime10K":2605,"raceTimeHalf":5995,"raceTimeMarathon":13943},{"userProfilePK":76018113,"calendarDate":"2022-04-04","deviceId":3401978503,"timestamp":"2022-04-03T22:05:34.0","raceTime5K":1226,"raceTime10K":2605,"raceTimeHalf":6011,"raceTimeMarathon":13996},{"userProfilePK":76018113,"calendarDate":"2022-04-05","deviceId":3401978503,"timestamp":"2022-04-04T22:05:41.0","raceTime5K":1228,"raceTime10K":2610,"raceTimeHalf":6036,"raceTimeMarathon":14068},{"userProfilePK":76018113,"calendarDate":"2022-04-05","deviceId":3401978503,"timestamp":"2022-04-05T06:30:25.0","raceTime5K":1230,"raceTime10K":2615,"raceTimeHalf":6055,"raceTimeMarathon":14124},{"userProfilePK":76018113,"calendarDate":"2022-04-06","deviceId":3401978503,"timestamp":"2022-04-05T22:05:50.0","raceTime5K":1231,"raceTime10K":2616,"raceTimeHalf":6074,"raceTimeMarathon":14184},{"userProfilePK":76018113,"calendarDate":"2022-04-06","deviceId":3401978503,"timestamp":"2022-04-06T06:13:33.0","raceTime5K":1229,"raceTime10K":2613,"raceTimeHalf":6065,"raceTimeMarathon":14166},{"userProfilePK":76018113,"calendarDate":"2022-04-07","deviceId":3401978503,"timestamp":"2022-04-06T22:05:58.0","raceTime5K":1232,"raceTime10K":2619,"raceTimeHalf":6091,"raceTimeMarathon":14237},{"userProfilePK":76018113,"calendarDate":"2022-04-08","deviceId":3401978503,"timestamp":"2022-04-07T22:01:05.0","raceTime5K":1232,"raceTime10K":2619,"raceTimeHalf":6091,"raceTimeMarathon":14237},{"userProfilePK":76018113,"calendarDate":"2022-04-09","deviceId":3401978503,"timestamp":"2022-04-08T22:01:13.0","raceTime5K":1232,"raceTime10K":2619,"raceTimeHalf":6091,"raceTimeMarathon":14237},{"userProfilePK":76018113,"calendarDate":"2022-04-10","deviceId":3401978503,"timestamp":"2022-04-09T22:01:21.0","raceTime5K":1238,"raceTime10K":2632,"raceTimeHalf":6122,"raceTimeMarathon":14305},{"userProfilePK":76018113,"calendarDate":"2022-04-10","deviceId":3401978503,"timestamp":"2022-04-10T12:19:14.0","raceTime5K":1234,"raceTime10K":2622,"raceTimeHalf":6064,"raceTimeMarathon":14147},{"userProfilePK":76018113,"calendarDate":"2022-04-11","deviceId":3401978503,"timestamp":"2022-04-10T22:01:30.0","raceTime5K":1234,"raceTime10K":2622,"raceTimeHalf":6080,"raceTimeMarathon":14200}]