[{"userProfilePK":76018113,"calendarDate":"2023-05-16","deviceId":3401978503,"timestamp":"2023-05-15T22:04:44.0","raceTime5K":1198,"raceTime10K":2561,"raceTimeHalf":6016,"raceTimeMarathon":13972},{"userProfilePK":76018113,"calendarDate":"2023-05-17","deviceId":3401978503,"timestamp":"2023-05-16T22:04:48.0","raceTime5K":1198,"raceTime10K":2561,"raceTimeHalf":6016,"raceTimeMarathon":13972},{"userProfilePK":76018113,"calendarDate":"2023-05-17","deviceId":3401978503,"timestamp":"2023-05-17T05:32:24.0","raceTime5K":1198,"raceTime10K":2560,"raceTimeHalf":6015,"raceTimeMarathon":13969},{"userProfilePK":76018113,"calendarDate":"2023-05-18","deviceId":3401978503,"timestamp":"2023-05-18T05:24:56.0","raceTime5K":1196,"raceTime10K":2555,"raceTimeHalf":6002,"raceTimeMarathon":13936},{"userProfilePK":76018113,"calendarDate":"2023-05-18","deviceId":3401978503,"timestamp":"2023-05-17T22:04:51.0","raceTime5K":1197,"raceTime10K":2560,"raceTimeHalf":6015,"raceTimeMarathon":13969},{"userProfilePK":76018113,"calendarDate":"2023-05-19","deviceId":3401978503,"timestamp":"2023-05-19T05:53:01.0","raceTime5K":1196,"raceTime10K":2560,"raceTimeHalf":6013,"raceTimeMarathon":13959},{"userProfilePK":76018113,"calendarDate":"2023-05-19","deviceId":3401978503,"timestamp":"2023-05-18T22:04:56.0","raceTime5K":1195,"raceTime10K":2560,"raceTimeHalf":6013,"raceTimeMarathon":13959},{"userProfilePK":76018113,"calendarDate":"2023-05-20","deviceId":3401978503,"timestamp":"2023-05-19T22:05:00.0","raceTime5K":1196,"raceTime10K":2560,"raceTimeHalf":6013,"raceTimeMarathon":13959},{"userProfilePK":76018113,"calendarDate":"2023-05-20","deviceId":3401978503,"timestamp":"2023-05-20T08:53:57.0","raceTime5K":1194,"raceTime10K":2550,"raceTimeHalf":5991,"raceTimeMarathon":13911},{"userProfilePK":76018113,"calendarDate":"2023-05-21","deviceId":3401978503,"timestamp":"2023-05-20T22:05:03.0","raceTime5K":1194,"raceTime10K":2552,"raceTimeHalf":5996,"raceTimeMarathon":13922},{"userProfilePK":76018113,"calendarDate":"2023-05-21","deviceId":3401978503,"timestamp":"2023-05-21T11:32:37.0","raceTime5K":1194,"raceTime10K":2552,"raceTimeHalf":5996,"raceTimeMarathon":13922},{"userProfilePK":76018113,"calendarDate":"2023-05-22","deviceId":3401978503,"timestamp":"2023-05-22T05:29:54.0","raceTime5K":1194,"raceTime10K":2552,"raceTimeHalf":5999,"raceTimeMarathon":13901},{"userProfilePK":76018113,"calendarDate":"2023-05-22","deviceId":3401978503,"timestamp":"2023-05-21T22:05:07.0","raceTime5K":1194,"raceTime10K":2556,"raceTimeHalf":6007,"raceTimeMarathon":13922},{"userProfilePK":76018113,"calendarDate":"2023-05-23","deviceId":3401978503,"timestamp":"2023-05-22T22:05:10.0","raceTime5K":1194,"raceTime10K":2556,"raceTimeHalf":6009,"raceTimeMarathon":13921},{"userProfilePK":76018113,"calendarDate":"2023-05-24","deviceId":3401978503,"timestamp":"2023-05-23T22:05:14.0","raceTime5K":1194,"raceTime10K":2563,"raceTimeHalf":6027,"raceTimeMarathon":13938},{"userProfilePK":76018113,"calendarDate":"2023-05-24","deviceId":3401978503,"timestamp":"2023-05-24T05:34:19.0","raceTime5K":1194,"raceTime10K":2559,"raceTimeHalf":6013,"raceTimeMarathon":13904},{"userProfilePK":76018113,"calendarDate":"2023-05-25","deviceId":3401978503,"timestamp":"2023-05-24T22:05:20.0","raceTime5K":1194,"raceTime10K":2559,"raceTimeHalf":6013,"raceTimeMarathon":13904},{"userProfilePK":76018113,"calendarDate":"2023-05-26","deviceId":3401978503,"timestamp":"2023-05-25T22:51:59.0","raceTime5K":1193,"raceTime10K":2555,"raceTimeHalf":6008,"raceTimeMarathon":13892},{"userProfilePK":76018113,"calendarDate":"2023-05-27","deviceId":3401978503,"timestamp":"2023-05-26T22:05:26.0","raceTime5K":1194,"raceTime10K":2560,"raceTimeHalf":6018,"raceTimeMarathon":13914},{"userProfilePK":76018113,"calendarDate":"2023-05-27","deviceId":3401978503,"timestamp":"2023-05-27T08:21:26.0","raceTime5K":1191,"raceTime10K":2552,"raceTimeHalf":6001,"raceTimeMarathon":13872},{"userProfilePK":76018113,"calendarDate":"2023-05-28","deviceId":3401978503,"timestamp":"2023-05-27T22:05:30.0","raceTime5K":1191,"raceTime10K":2552,"raceTimeHalf":6001,"raceTimeMarathon":13872},{"userProfilePK":76018113,"calendarDate":"2023-05-28","deviceId":3401978503,"timestamp":"2023-05-28T19:43:21.0","raceTime5K":1189,"raceTime10K":2543,"raceTimeHalf":5974,"raceTimeMarathon":13814},{"userProfilePK":76018113,"calendarDate":"2023-05-29","deviceId":3401978503,"timestamp":"2023-05-29T17:17:36.0","raceTime5K":1189,"raceTime10K":2548,"raceTimeHalf":5984,"raceTimeMarathon":13836},{"userProfilePK":76018113,"calendarDate":"2023-05-29","deviceId":3401978503,"timestamp":"2023-05-28T22:05:35.0","raceTime5K":1189,"raceTime10K":2548,"raceTimeHalf":5984,"raceTimeMarathon":13836},{"userProfilePK":76018113,"calendarDate":"2023-05-30","deviceId":3401978503,"timestamp":"2023-05-29T22:05:38.0","raceTime5K":1189,"raceTime10K":2548,"raceTimeHalf":5984,"raceTimeMarathon":13836},{"userProfilePK":76018113,"calendarDate":"2023-05-31","deviceId":3401978503,"timestamp":"2023-05-30T22:05:42.0","raceTime5K":1189,"raceTime10K":2551,"raceTimeHalf":5991,"raceTimeMarathon":13851},{"userProfilePK":76018113,"calendarDate":"2023-05-31","deviceId":3401978503,"timestamp":"2023-05-31T05:50:09.0","raceTime5K":1188,"raceTime10K":2542,"raceTimeHalf":5975,"raceTimeMarathon":13812},{"userProfilePK":76018113,"calendarDate":"2023-06-01","deviceId":3401978503,"timestamp":"2023-06-01T05:54:28.0","raceTime5K":1186,"raceTime10K":2539,"raceTimeHalf":5965,"raceTimeMarathon":13792},{"userProfilePK":76018113,"calendarDate":"2023-06-01","deviceId":3401978503,"timestamp":"2023-05-31T22:05:47.0","raceTime5K":1188,"raceTime10K":2542,"raceTimeHalf":5975,"raceTimeMarathon":13812},{"userProfilePK":76018113,"calendarDate":"2023-06-02","deviceId":3401978503,"timestamp":"2023-06-01T22:05:50.0","raceTime5K":1186,"raceTime10K":2542,"raceTimeHalf":5971,"raceTimeMarathon":13805},{"userProfilePK":76018113,"calendarDate":"2023-06-03","deviceId":3401978503,"timestamp":"2023-06-02T22:05:52.0","raceTime5K":1186,"raceTime10K":2541,"raceTimeHalf":5969,"raceTimeMarathon":13800},{"userProfilePK":76018113,"calendarDate":"2023-06-03","deviceId":3401978503,"timestamp":"2023-06-03T19:29:25.0","raceTime5K":1188,"raceTime10K":2541,"raceTimeHalf":5970,"raceTimeMarathon":13804},{"userProfilePK":76018113,"calendarDate":"2023-06-03","deviceId":3401978503,"timestamp":"2023-06-03T19:59:56.0","raceTime5K":1188,"raceTime10K":2539,"raceTimeHalf":5966,"raceTimeMarathon":13793},{"userProfilePK":76018113,"calendarDate":"2023-06-04","deviceId":3401978503,"timestamp":"2023-06-03T22:05:58.0","raceTime5K":1188,"raceTime10K":2541,"raceTimeHalf":5970,"raceTimeMarathon":13804},{"userProfilePK":76018113,"calendarDate":"2023-06-05","deviceId":3401978503,"timestamp":"2023-06-04T22:01:01.0","raceTime5K":1188,"raceTime10K":2545,"raceTimeHalf":5980,"raceTimeMarathon":13825},{"userProfilePK":76018113,"calendarDate":"2023-06-06","deviceId":3401978503,"timestamp":"2023-06-05T22:01:05.0","raceTime5K":1187,"raceTime10K":2545,"raceTimeHalf":5980,"raceTimeMarathon":13825},{"userProfilePK":76018113,"calendarDate":"2023-06-07","deviceId":3401978503,"timestamp":"2023-06-06T22:01:10.0","raceTime5K":1188,"raceTime10K":2548,"raceTimeHalf":5986,"raceTimeMarathon":13838},{"userProfilePK":76018113,"calendarDate":"2023-06-07","deviceId":3401978503,"timestamp":"2023-06-07T05:59:09.0","raceTime5K":1188,"raceTime10K":2548,"raceTimeHalf":5986,"raceTimeMarathon":13838},{"userProfilePK":76018113,"calendarDate":"2023-06-07","deviceId":3401978503,"timestamp":"2023-06-07T19:11:20.0","raceTime5K":1189,"raceTime10K":2549,"raceTimeHalf":5989,"raceTimeMarathon":13850},{"userProfilePK":76018113,"calendarDate":"2023-06-08","deviceId":3401978503,"timestamp":"2023-06-07T22:01:13.0","raceTime5K":1189,"raceTime10K":2552,"raceTimeHalf":5996,"raceTimeMarathon":13850},{"userProfilePK":76018113,"calendarDate":"2023-06-09","deviceId":3401978503,"timestamp":"2023-06-09T04:52:38.0","raceTime5K":1189,"raceTime10K":2547,"raceTimeHalf":5985,"raceTimeMarathon":13825},{"userProfilePK":76018113,"calendarDate":"2023-06-09","deviceId":3401978503,"timestamp":"2023-06-09T05:44:15.0","raceTime5K":1188,"raceTime10K":2543,"raceTimeHalf":5977,"raceTimeMarathon":13801},{"userProfilePK":76018113,"calendarDate":"2023-06-09","deviceId":3401978503,"timestamp":"2023-06-08T22:01:18.0","raceTime5K":1189,"raceTime10K":2547,"raceTimeHalf":5985,"raceTimeMarathon":13825},{"userProfilePK":76018113,"calendarDate":"2023-06-10","deviceId":3401978503,"timestamp":"2023-06-09T22:01:23.0","raceTime5K":1188,"raceTime10K":2548,"raceTimeHalf":5991,"raceTimeMarathon":13811},{"userProfilePK":76018113,"calendarDate":"2023-06-10","deviceId":3401978503,"timestamp":"2023-06-10T09:57:12.0","raceTime5K":1188,"raceTime10K":2548,"raceTimeHalf":5991,"raceTimeMarathon":13810},{"userProfilePK":76018113,"calendarDate":"2023-06-10","deviceId":3401978503,"timestamp":"2023-06-10T11:21:51.0","raceTime5K":1186,"raceTime10K":2533,"raceTimeHalf":5946,"raceTimeMarathon":13788},{"userProfilePK":76018113,"calendarDate":"2023-06-11","deviceId":3401978503,"timestamp":"2023-06-10T22:01:28.0","raceTime5K":1186,"raceTime10K":2527,"raceTimeHalf":5933,"raceTimeMarathon":13761},{"userProfilePK":76018113,"calendarDate":"2023-06-11","deviceId":3401978503,"timestamp":"2023-06-11T09:56:27.0","raceTime5K":1186,"raceTime10K":2527,"raceTimeHalf":5933,"raceTimeMarathon":13761},{"userProfilePK":76018113,"calendarDate":"2023-06-11","deviceId":3401978503,"timestamp":"2023-06-11T17:40:23.0","raceTime5K":1186,"raceTime10K":2527,"raceTimeHalf":5936,"raceTimeMarathon":13765},{"userProfilePK":76018113,"calendarDate":"2023-06-12","deviceId":3401978503,"timestamp":"2023-06-11T22:01:33.0","raceTime5K":1186,"raceTime10K":2527,"raceTimeHalf":5936,"raceTimeMarathon":13765},{"userProfilePK":76018113,"calendarDate":"2023-06-13","deviceId":3401978503,"timestamp":"2023-06-12T22:01:36.0","raceTime5K":1186,"raceTime10K":2527,"raceTimeHalf":5936,"raceTimeMarathon":13765},{"userProfilePK":76018113,"calendarDate":"2023-06-13","deviceId":3401978503,"timestamp":"2023-06-13T05:42:46.0","raceTime5K":1186,"raceTime10K":2526,"raceTimeHalf":5934,"raceTimeMarathon":13759},{"userProfilePK":76018113,"calendarDate":"2023-06-14","deviceId":3401978503,"timestamp":"2023-06-13T22:01:41.0","raceTime5K":1186,"raceTime10K":2527,"raceTimeHalf":5937,"raceTimeMarathon":13766},{"userProfilePK":76018113,"calendarDate":"2023-06-14","deviceId":3401978503,"timestamp":"2023-06-14T05:54:25.0","raceTime5K":1186,"raceTime10K":2527,"raceTimeHalf":5937,"raceTimeMarathon":13766},{"userProfilePK":76018113,"calendarDate":"2023-06-15","deviceId":3401978503,"timestamp":"2023-06-15T05:41:47.0","raceTime5K":1188,"raceTime10K":2525,"raceTimeHalf":5932,"raceTimeMarathon":13756},{"userProfilePK":76018113,"calendarDate":"2023-06-15","deviceId":3401978503,"timestamp":"2023-06-14T22:01:45.0","raceTime5K":1186,"raceTime10K":2524,"raceTimeHalf":5929,"raceTimeMarathon":13749},{"userProfilePK":76018113,"calendarDate":"2023-06-16","deviceId":3401978503,"timestamp":"2023-06-16T05:27:43.0","raceTime5K":1186,"raceTime10K":2531,"raceTimeHalf":5942,"raceTimeMarathon":13779},{"userProfilePK":76018113,"calendarDate":"2023-06-16","deviceId":3401978503,"timestamp":"2023-06-15T22:01:51.0","raceTime5K":1188,"raceTime10K":2531,"raceTimeHalf":5944,"raceTimeMarathon":13782},{"userProfilePK":76018113,"calendarDate":"2023-06-17","deviceId":3401978503,"timestamp":"2023-06-16T22:01:55.0","raceTime5K":1186,"raceTime10K":2525,"raceTimeHalf":5929,"raceTimeMarathon":13751},{"userProfilePK":76018113,"calendarDate":"2023-06-18","deviceId":3401978503,"timestamp":"2023-06-17T22:01:58.0","raceTime5K":1186,"raceTime10K":2532,"raceTimeHalf":5945,"raceTimeMarathon":13786},{"userProfilePK":76018113,"calendarDate":"2023-06-19","deviceId":3401978503,"timestamp":"2023-06-18T22:02:01.0","raceTime5K":1186,"raceTime10K":2532,"raceTimeHalf":5945,"raceTimeMarathon":13786},{"userProfilePK":76018113,"calendarDate":"2023-06-20","deviceId":3401978503,"timestamp":"2023-06-19T22:02:05.0","raceTime5K":1186,"raceTime10K":2539,"raceTimeHalf":5961,"raceTimeMarathon":13821},{"userProfilePK":76018113,"calendarDate":"2023-06-21","deviceId":3401978503,"timestamp":"2023-06-20T22:02:09.0","raceTime5K":1188,"raceTime10K":2540,"raceTimeHalf":5964,"raceTimeMarathon":13827},{"userProfilePK":76018113,"calendarDate":"2023-06-22","deviceId":3401978503,"timestamp":"2023-06-21T22:02:12.0","raceTime5K":1188,"raceTime10K":2545,"raceTimeHalf":5975,"raceTimeMarathon":13851},{"userProfilePK":76018113,"calendarDate":"2023-06-23","deviceId":3401978503,"timestamp":"2023-06-22T22:02:15.0","raceTime5K":1193,"raceTime10K":2550,"raceTimeHalf":5986,"raceTimeMarathon":13875},{"userProfilePK":76018113,"calendarDate":"2023-06-23","deviceId":3401978503,"timestamp":"2023-06-22T23:59:59.0","raceTime5K":1193,"raceTime10K":2550,"raceTimeHalf":5986,"raceTimeMarathon":13875},{"userProfilePK":76018113,"calendarDate":"2023-06-24","deviceId":3401978503,"timestamp":"2023-06-23T23:59:59.0","raceTime5K":1200,"raceTime10K":2562,"raceTimeHalf":6013,"raceTimeMarathon":13935},{"userProfilePK":76018113,"calendarDate":"2023-06-24","deviceId":3401978503,"timestamp":"2023-06-24T07:57:40.0","raceTime5K":1200,"raceTime10K":2562,"raceTimeHalf":6013,"raceTimeMarathon":13935},{"userProfilePK":76018113,"calendarDate":"2023-06-24","deviceId":3401978503,"timestamp":"2023-06-24T11:11:34.0","raceTime5K":1197,"raceTime10K":2551,"raceTimeHalf":5984,"raceTimeMarathon":13890},{"userProfilePK":76018113,"calendarDate":"2023-06-25","deviceId":3401978503,"timestamp":"2023-06-24T22:03:48.0","raceTime5K":1201,"raceTime10K":2561,"raceTimeHalf":6008,"raceTimeMarathon":13942},{"userProfilePK":76018113,"calendarDate":"2023-06-25","deviceId":3401978503,"timestamp":"2023-06-25T17:05:49.0","raceTime5K":1195,"raceTime10K":2549,"raceTimeHalf":5982,"raceTimeMarathon":13886},{"userProfilePK":76018113,"calendarDate":"2023-06-26","deviceId":3401978503,"timestamp":"2023-06-25T22:03:53.0","raceTime5K":1195,"raceTime10K":2549,"raceTimeHalf":5982,"raceTimeMarathon":13886},{"userProfilePK":76018113,"calendarDate":"2023-06-27","deviceId":3401978503,"timestamp":"2023-06-26T22:03:54.0","raceTime5K":1199,"raceTime10K":2552,"raceTimeHalf":5990,"raceTimeMarathon":13903},{"userProfilePK":76018113,"calendarDate":"2023-06-27","deviceId":3401978503,"timestamp":"2023-06-27T05:49:59.0","raceTime5K":1195,"raceTime10K":2546,"raceTimeHalf":5977,"raceTimeMarathon":13873},{"userProfilePK":76018113,"calendarDate":"2023-06-28","deviceId":3401978503,"timestamp":"2023-06-27T22:03:58.0","raceTime5K":1195,"raceTime10K":2546,"raceTimeHalf":5977,"raceTimeMarathon":13873},{"userProfilePK":76018113,"calendarDate":"2023-06-28","deviceId":3401978503,"timestamp":"2023-06-28T20:56:50.0","raceTime5K":1192,"raceTime10K":2540,"raceTimeHalf":5963,"raceTimeMarathon":13848},{"userProfilePK":76018113,"calendarDate":"2023-06-29","deviceId":3401978503,"timestamp":"2023-06-28T22:04:01.0","raceTime5K":1196,"raceTime10K":2550,"raceTimeHalf":5986,"raceTimeMarathon":13898},{"userProfilePK":76018113,"calendarDate":"2023-06-30","deviceId":3401978503,"timestamp":"2023-06-30T05:47:38.0","raceTime5K":1195,"raceTime10K":2550,"raceTimeHalf":5985,"raceTimeMarathon":13896},{"userProfilePK":76018113,"calendarDate":"2023-06-30","deviceId":3401978503,"timestamp":"2023-06-29T22:04:04.0","raceTime5K":1199,"raceTime10K":2559,"raceTimeHalf":6005,"raceTimeMarathon":13940},{"userProfilePK":76018113,"calendarDate":"2023-07-01","deviceId":3401978503,"timestamp":"2023-06-30T22:04:08.0","raceTime5K":1195,"raceTime10K":2550,"raceTimeHalf":5985,"raceTimeMarathon":13896},{"userProfilePK":76018113,"calendarDate":"2023-07-01","deviceId":3401978503,"timestamp":"2023-07-01T16:04:52.0","raceTime5K":1193,"raceTime10K":2535,"raceTimeHalf":5947,"raceTimeMarathon":13867},{"userProfilePK":76018113,"calendarDate":"2023-07-02","deviceId":3401978503,"timestamp":"2023-07-01T22:04:12.0","raceTime5K":1192,"raceTime10K":2542,"raceTimeHalf":5962,"raceTimeMarathon":13898},{"userProfilePK":76018113,"calendarDate":"2023-07-03","deviceId":3401978503,"timestamp":"2023-07-02T22:04:17.0","raceTime5K":1192,"raceTime10K":2542,"raceTimeHalf":5962,"raceTimeMarathon":13898},{"userProfilePK":76018113,"calendarDate":"2023-07-04","deviceId":3401978503,"timestamp":"2023-07-03T22:04:21.0","raceTime5K":1195,"raceTime10K":2548,"raceTimeHalf":5976,"raceTimeMarathon":13929},{"userProfilePK":76018113,"calendarDate":"2023-07-04","deviceId":3401978503,"timestamp":"2023-07-04T05:55:35.0","raceTime5K":1194,"raceTime10K":2545,"raceTimeHalf":5971,"raceTimeMarathon":13919},{"userProfilePK":76018113,"calendarDate":"2023-07-05","deviceId":3401978503,"timestamp":"2023-07-04T22:04:27.0","raceTime5K":1196,"raceTime10K":2550,"raceTimeHalf":5984,"raceTimeMarathon":13946},{"userProfilePK":76018113,"calendarDate":"2023-07-05","deviceId":3401978503,"timestamp":"2023-07-05T21:15:14.0","raceTime5K":1193,"raceTime10K":2545,"raceTimeHalf":5971,"raceTimeMarathon":13913},{"userProfilePK":76018113,"calendarDate":"2023-07-06","deviceId":3401978503,"timestamp":"2023-07-05T22:04:32.0","raceTime5K":1193,"raceTime10K":2545,"raceTimeHalf":5971,"raceTimeMarathon":13913},{"userProfilePK":76018113,"calendarDate":"2023-07-06","deviceId":3401978503,"timestamp":"2023-07-05T23:59:59.0","raceTime5K":1193,"raceTime10K":2545,"raceTimeHalf":5971,"raceTimeMarathon":13913},{"userProfilePK":76018113,"calendarDate":"2023-07-07","deviceId":3401978503,"timestamp":"2023-07-06T23:59:59.0","raceTime5K":1195,"raceTime10K":2550,"raceTimeHalf":5983,"raceTimeMarathon":13940},{"userProfilePK":76018113,"calendarDate":"2023-07-08","deviceId":3401978503,"timestamp":"2023-07-07T23:59:59.0","raceTime5K":1195,"raceTime10K":2550,"raceTimeHalf":5983,"raceTimeMarathon":13940},{"userProfilePK":76018113,"calendarDate":"2023-07-08","deviceId":3401978503,"timestamp":"2023-07-08T09:37:48.0","raceTime5K":1195,"raceTime10K":2550,"raceTimeHalf":5983,"raceTimeMarathon":13940},{"userProfilePK":76018113,"calendarDate":"2023-07-09","deviceId":3401978503,"timestamp":"2023-07-08T22:03:50.0","raceTime5K":1197,"raceTime10K":2554,"raceTimeHalf":5991,"raceTimeMarathon":13958},{"userProfilePK":76018113,"calendarDate":"2023-07-09","deviceId":3401978503,"timestamp":"2023-07-09T09:51:07.0","raceTime5K":1197,"raceTime10K":2554,"raceTimeHalf":5991,"raceTimeMarathon":13958},{"userProfilePK":76018113,"calendarDate":"2023-07-09","deviceId":3401978503,"timestamp":"2023-07-09T11:12:03.0","raceTime5K":1196,"raceTime10K":2543,"raceTimeHalf":5955,"raceTimeMarathon":13930},{"userProfilePK":76018113,"calendarDate":"2023-07-10","deviceId":3401978503,"timestamp":"2023-07-09T22:03:55.0","raceTime5K":1196,"raceTime10K":2543,"raceTimeHalf":5955,"raceTimeMarathon":13930},{"userProfilePK":76018113,"calendarDate":"2023-07-11","deviceId":3401978503,"timestamp":"2023-07-10T22:03:57.0","raceTime5K":1196,"raceTime10K":2543,"raceTimeHalf":5955,"raceTimeMarathon":13930},{"userProfilePK":76018113,"calendarDate":"2023-07-12","deviceId":3401978503,"timestamp":"2023-07-11T22:01:16.0","raceTime5K":1195,"raceTime10K":2541,"raceTimeHalf":5952,"raceTimeMarathon":13923},{"userProfilePK":76018113,"calendarDate":"2023-07-13","deviceId":3401978503,"timestamp":"2023-07-12T22:01:19.0","raceTime5K":1195,"raceTime10K":2541,"raceTimeHalf":5952,"raceTimeMarathon":13923},{"userProfilePK":76018113,"calendarDate":"2023-07-14","deviceId":3401978503,"timestamp":"2023-07-14T19:05:55.0","raceTime5K":1197,"raceTime10K":2542,"raceTimeHalf":5956,"raceTimeMarathon":13933},{"userProfilePK":76018113,"calendarDate":"2023-07-14","deviceId":3401978503,"timestamp":"2023-07-13T22:01:23.0","raceTime5K":1199,"raceTime10K":2546,"raceTimeHalf":5962,"raceTimeMarathon":13945},{"userProfilePK":76018113,"calendarDate":"2023-07-15","deviceId":3401978503,"timestamp":"2023-07-14T22:01:29.0","raceTime5K":1204,"raceTime10K":2554,"raceTimeHalf":5982,"raceTimeMarathon":13989},{"userProfilePK":76018113,"calendarDate":"2023-07-16","deviceId":3401978503,"timestamp":"2023-07-15T22:01:32.0","raceTime5K":1204,"raceTime10K":2554,"raceTimeHalf":5982,"raceTimeMarathon":13989},{"userProfilePK":76018113,"calendarDate":"2023-07-16","deviceId":3401978503,"timestamp":"2023-07-16T06:37:03.0","raceTime5K":1201,"raceTime10K":2546,"raceTimeHalf":5967,"raceTimeMarathon":13963},{"userProfilePK":76018113,"calendarDate":"2023-07-17","deviceId":3401978503,"timestamp":"2023-07-16T22:01:36.0","raceTime5K":1201,"raceTime10K":2550,"raceTimeHalf":5977,"raceTimeMarathon":13983},{"userProfilePK":76018113,"calendarDate":"2023-07-18","deviceId":3401978503,"timestamp":"2023-07-17T22:01:40.0","raceTime5K":1206,"raceTime10K":2555,"raceTimeHalf":5988,"raceTimeMarathon":14007},{"userProfilePK":76018113,"calendarDate":"2023-07-18","deviceId":3401978503,"timestamp":"2023-07-18T05:52:20.0","raceTime5K":1204,"raceTime10K":2553,"raceTimeHalf":5982,"raceTimeMarathon":14001},{"userProfilePK":76018113,"calendarDate":"2023-07-19","deviceId":3401978503,"timestamp":"2023-07-18T22:01:46.0","raceTime5K":1208,"raceTime10K":2562,"raceTimeHalf":6004,"raceTimeMarathon":14049},{"userProfilePK":76018113,"calendarDate":"2023-07-20","deviceId":3401978503,"timestamp":"2023-07-19T22:01:50.0","raceTime5K":1208,"raceTime10K":2562,"raceTimeHalf":6004,"raceTimeMarathon":14049},{"userProfilePK":76018113,"calendarDate":"2023-07-21","deviceId":3401978503,"timestamp":"2023-07-21T06:00:14.0","raceTime5K":1208,"raceTime10K":2568,"raceTimeHalf":6016,"raceTimeMarathon":14075},{"userProfilePK":76018113,"calendarDate":"2023-07-21","deviceId":3401978503,"timestamp":"2023-07-20T22:05:30.0","raceTime5K":1208,"raceTime10K":2568,"raceTimeHalf":6016,"raceTimeMarathon":14075},{"userProfilePK":76018113,"calendarDate":"2023-07-22","deviceId":3401978503,"timestamp":"2023-07-21T22:05:34.0","raceTime5K":1211,"raceTime10K":2573,"raceTimeHalf":6029,"raceTimeMarathon":14103},{"userProfilePK":76018113,"calendarDate":"2023-07-22","deviceId":3401978503,"timestamp":"2023-07-22T09:24:08.0","raceTime5K":1207,"raceTime10K":2565,"raceTimeHalf":6015,"raceTimeMarathon":14070},{"userProfilePK":76018113,"calendarDate":"2023-07-23","deviceId":3401978503,"timestamp":"2023-07-22T22:05:39.0","raceTime5K":1212,"raceTime10K":2576,"raceTimeHalf":6045,"raceTimeMarathon":14121},{"userProfilePK":76018113,"calendarDate":"2023-07-24","deviceId":3401978503,"timestamp":"2023-07-24T05:39:12.0","raceTime5K":1211,"raceTime10K":2582,"raceTimeHalf":6059,"raceTimeMarathon":14131},{"userProfilePK":76018113,"calendarDate":"2023-07-24","deviceId":3401978503,"timestamp":"2023-07-23T22:05:42.0","raceTime5K":1214,"raceTime10K":2587,"raceTimeHalf":6072,"raceTimeMarathon":14153},{"userProfilePK":76018113,"calendarDate":"2023-07-25","deviceId":3401978503,"timestamp":"2023-07-24T22:05:45.0","raceTime5K":1211,"raceTime10K":2582,"raceTimeHalf":6059,"raceTimeMarathon":14131},{"userProfilePK":76018113,"calendarDate":"2023-07-25","deviceId":3401978503,"timestamp":"2023-07-25T20:26:48.0","raceTime5K":1208,"raceTime10K":2575,"raceTimeHalf":6043,"raceTimeMarathon":14097},{"userProfilePK":76018113,"calendarDate":"2023-07-26","deviceId":3401978503,"timestamp":"2023-07-25T22:05:50.0","raceTime5K":1210,"raceTime10K":2579,"raceTimeHalf":6052,"raceTimeMarathon":14117},{"userProfilePK":76018113,"calendarDate":"2023-07-27","deviceId":3401978503,"timestamp":"2023-07-27T06:05:16.0","raceTime5K":1213,"raceTime10K":2585,"raceTimeHalf":6065,"raceTimeMarathon":14146},{"userProfilePK":76018113,"calendarDate":"2023-07-27","deviceId":3401978503,"timestamp":"2023-07-26T22:05:53.0","raceTime5K":1213,"raceTime10K":2585,"raceTimeHalf":6065,"raceTimeMarathon":14146},{"userProfilePK":76018113,"calendarDate":"2023-07-28","deviceId":3401978503,"timestamp":"2023-07-28T17:46:10.0","raceTime5K":1209,"raceTime10K":2577,"raceTimeHalf":6049,"raceTimeMarathon":14116},{"userProfilePK":76018113,"calendarDate":"2023-07-28","deviceId":3401978503,"timestamp":"2023-07-27T22:05:56.0","raceTime5K":1215,"raceTime10K":2588,"raceTimeHalf":6072,"raceTimeMarathon":14162},{"userProfilePK":76018113,"calendarDate":"2023-07-29","deviceId":3401978503,"timestamp":"2023-07-28T22:01:02.0","raceTime5K":1212,"raceTime10K":2583,"raceTimeHalf":6063,"raceTimeMarathon":14147},{"userProfilePK":76018113,"calendarDate":"2023-07-29","deviceId":3401978503,"timestamp":"2023-07-29T10:49:05.0","raceTime5K":1212,"raceTime10K":2583,"raceTimeHalf":6063,"raceTimeMarathon":14147},{"userProfilePK":76018113,"calendarDate":"2023-07-30","deviceId":3401978503,"timestamp":"2023-07-29T22:01:06.0","raceTime5K":1214,"raceTime10K":2588,"raceTimeHalf":6074,"raceTimeMarathon":14171},{"userProfilePK":76018113,"calendarDate":"2023-07-30","deviceId":3401978503,"timestamp":"2023-07-30T10:15:18.0","raceTime5K":1210,"raceTime10K":2580,"raceTimeHalf":6056,"raceTimeMarathon":14127},{"userProfilePK":76018113,"calendarDate":"2023-07-31","deviceId":3401978503,"timestamp":"2023-07-30T22:01:12.0","raceTime5K":1213,"raceTime10K":2585,"raceTimeHalf":6066,"raceTimeMarathon":14149},{"userProfilePK":76018113,"calendarDate":"2023-07-31","deviceId":3401978503,"timestamp":"2023-07-30T23:59:59.0","raceTime5K":1213,"raceTime10K":2585,"raceTimeHalf":6066,"raceTimeMarathon":14149},{"userProfilePK":76018113,"calendarDate":"2023-08-01","deviceId":3401978503,"timestamp":"2023-07-31T23:59:59.0","raceTime5K":1214,"raceTime10K":2589,"raceTimeHalf":6075,"raceTimeMarathon":14168},{"userProfilePK":76018113,"calendarDate":"2023-08-01","deviceId":3401978503,"timestamp":"2023-08-01T16:39:00.0","raceTime5K":1214,"raceTime10K":2589,"raceTimeHalf":6075,"raceTimeMarathon":14168},{"userProfilePK":76018113,"calendarDate":"2023-08-01","deviceId":3401978503,"timestamp":"2023-08-01T16:39:01.0","raceTime5K":1214,"raceTime10K":2589,"raceTimeHalf":6075,"raceTimeMarathon":14168},{"userProfilePK":76018113,"calendarDate":"2023-08-01","deviceId":3401978503,"timestamp":"2023-08-01T18:48:18.0","raceTime5K":1208,"raceTime10K":2574,"raceTimeHalf":6042,"raceTimeMarathon":14099},{"userProfilePK":76018113,"calendarDate":"2023-08-02","deviceId":3401978503,"timestamp":"2023-08-01T22:05:04.0","raceTime5K":1210,"raceTime10K":2579,"raceTimeHalf":6052,"raceTimeMarathon":14121},{"userProfilePK":76018113,"calendarDate":"2023-08-02","deviceId":3401978503,"timestamp":"2023-08-02T18:40:51.0","raceTime5K":1206,"raceTime10K":2569,"raceTimeHalf":6032,"raceTimeMarathon":14074},{"userProfilePK":76018113,"calendarDate":"2023-08-03","deviceId":3401978503,"timestamp":"2023-08-03T08:01:51.0","raceTime5K":1204,"raceTime10K":2566,"raceTimeHalf":6024,"raceTimeMarathon":14054},{"userProfilePK":76018113,"calendarDate":"2023-08-03","deviceId":3401978503,"timestamp":"2023-08-02T22:05:08.0","raceTime5K":1206,"raceTime10K":2569,"raceTimeHalf":6032,"raceTimeMarathon":14074},{"userProfilePK":76018113,"calendarDate":"2023-08-04","deviceId":3401978503,"timestamp":"2023-08-03T22:05:10.0","raceTime5K":1206,"raceTime10K":2570,"raceTimeHalf":6034,"raceTimeMarathon":14077},{"userProfilePK":76018113,"calendarDate":"2023-08-05","deviceId":3401978503,"timestamp":"2023-08-04T22:05:13.0","raceTime5K":1208,"raceTime10K":2575,"raceTimeHalf":6044,"raceTimeMarathon":14099},{"userProfilePK":76018113,"calendarDate":"2023-08-05","deviceId":3401978503,"timestamp":"2023-08-05T12:45:15.0","raceTime5K":1207,"raceTime10K":2571,"raceTimeHalf":6037,"raceTimeMarathon":14082},{"userProfilePK":76018113,"calendarDate":"2023-08-05","deviceId":3401978503,"timestamp":"2023-08-05T12:57:01.0","raceTime5K":1207,"raceTime10K":2571,"raceTimeHalf":6037,"raceTimeMarathon":14082},{"userProfilePK":76018113,"calendarDate":"2023-08-06","deviceId":3401978503,"timestamp":"2023-08-06T05:04:13.0","raceTime5K":1209,"raceTime10K":2578,"raceTimeHalf":6054,"raceTimeMarathon":14109},{"userProfilePK":76018113,"calendarDate":"2023-08-07","deviceId":3401978503,"timestamp":"2023-08-07T12:41:59.0","raceTime5K":1209,"raceTime10K":2578,"raceTimeHalf":6054,"raceTimeMarathon":14109},{"userProfilePK":76018113,"calendarDate":"2023-08-07","deviceId":3401978503,"timestamp":"2023-08-07T14:06:17.0","raceTime5K":1207,"raceTime10K":2574,"raceTimeHalf":6044,"raceTimeMarathon":14087},{"userProfilePK":76018113,"calendarDate":"2023-08-08","deviceId":3401978503,"timestamp":"2023-08-08T05:04:17.0","raceTime5K":1207,"raceTime10K":2574,"raceTimeHalf":6044,"raceTimeMarathon":14087},{"userProfilePK":76018113,"calendarDate":"2023-08-09","deviceId":3401978503,"timestamp":"2023-08-09T05:04:21.0","raceTime5K":1209,"raceTime10K":2578,"raceTimeHalf":6054,"raceTimeMarathon":14109},{"userProfilePK":76018113,"calendarDate":"2023-08-09","deviceId":3401978503,"timestamp":"2023-08-09T13:26:30.0","raceTime5K":1207,"raceTime10K":2574,"raceTimeHalf":6044,"raceTimeMarathon":14087},{"userProfilePK":76018113,"calendarDate":"2023-08-10","deviceId":3401978503,"timestamp":"2023-08-10T05:04:25.0","raceTime5K":1209,"raceTime10K":2577,"raceTimeHalf":6052,"raceTimeMarathon":14104},{"userProfilePK":76018113,"calendarDate":"2023-08-11","deviceId":3401978503,"timestamp":"2023-08-11T05:04:28.0","raceTime5K":1209,"raceTime10K":2577,"raceTimeHalf":6052,"raceTimeMarathon":14104},{"userProfilePK":76018113,"calendarDate":"2023-08-11","deviceId":3401978503,"timestamp":"2023-08-11T13:17:57.0","raceTime5K":1204,"raceTime10K":2568,"raceTimeHalf":6028,"raceTimeMarathon":14048},{"userProfilePK":76018113,"calendarDate":"2023-08-12","deviceId":3401978503,"timestamp":"2023-08-12T05:04:32.0","raceTime5K":1206,"raceTime10K":2573,"raceTimeHalf":6039,"raceTimeMarathon":14071},{"userProfilePK":76018113,"calendarDate":"2023-08-13","deviceId":3401978503,"timestamp":"2023-08-13T05:04:36.0","raceTime5K":1206,"raceTime10K":2577,"raceTimeHalf":6051,"raceTimeMarathon":14071},{"userProfilePK":76018113,"calendarDate":"2023-08-14","deviceId":3401978503,"timestamp":"2023-08-14T10:46:10.0","raceTime5K":1206,"raceTime10K":2581,"raceTimeHalf":6063,"raceTimeMarathon":14071},{"userProfilePK":76018113,"calendarDate":"2023-08-14","deviceId":3401978503,"timestamp":"2023-08-13T22:04:39.0","raceTime5K":1206,"raceTime10K":2581,"raceTimeHalf":6063,"raceTimeMarathon":14071},{"userProfilePK":76018113,"calendarDate":"2023-08-15","deviceId":3401978503,"timestamp":"2023-08-14T22:04:41.0","raceTime5K":1206,"raceTime10K":2585,"raceTimeHalf":6075,"raceTimeMarathon":14072},{"userProfilePK":76018113,"calendarDate":"2023-08-15","deviceId":3401978503,"timestamp":"2023-08-14T23:59:59.0","raceTime5K":1206,"raceTime10K":2585,"raceTimeHalf":6075,"raceTimeMarathon":14072},{"userProfilePK":76018113,"calendarDate":"2023-08-16","deviceId":3401978503,"timestamp":"2023-08-15T23:59:59.0","raceTime5K":1211,"raceTime10K":2596,"raceTimeHalf":6101,"raceTimeMarathon":14119},{"userProfilePK":76018113,"calendarDate":"2023-08-16","deviceId":3401978503,"timestamp":"2023-08-16T17:07:08.0","raceTime5K":1211,"raceTime10K":2596,"raceTimeHalf":6101,"raceTimeMarathon":14119},{"userProfilePK":76018113,"calendarDate":"2023-08-16","deviceId":3401978503,"timestamp":"2023-08-16T18:08:49.0","raceTime5K":1211,"raceTime10K":2596,"raceTimeHalf":6101,"raceTimeMarathon":14119},{"userProfilePK":76018113,"calendarDate":"2023-08-17","deviceId":3401978503,"timestamp":"2023-08-16T22:03:13.0","raceTime5K":1213,"raceTime10K":2601,"raceTimeHalf":6112,"raceTimeMarathon":14144},{"userProfilePK":76018113,"calendarDate":"2023-08-18","deviceId":3401978503,"timestamp":"2023-08-18T16:45:29.0","raceTime5K":1215,"raceTime10K":2606,"raceTimeHalf":6123,"raceTimeMarathon":14168},{"userProfilePK":76018113,"calendarDate":"2023-08-18","deviceId":3401978503,"timestamp":"2023-08-17T22:03:16.0","raceTime5K":1215,"raceTime10K":2606,"raceTimeHalf":6123,"raceTimeMarathon":14168},{"userProfilePK":76018113,"calendarDate":"2023-08-19","deviceId":3401978503,"timestamp":"2023-08-18T22:03:24.0","raceTime5K":1221,"raceTime10K":2618,"raceTimeHalf":6151,"raceTimeMarathon":14228},{"userProfilePK":76018113,"calendarDate":"2023-08-20","deviceId":3401978503,"timestamp":"2023-08-19T22:03:27.0","raceTime5K":1224,"raceTime10K":2623,"raceTimeHalf":6161,"raceTimeMarathon":14252},{"userProfilePK":76018113,"calendarDate":"2023-08-21","deviceId":3401978503,"timestamp":"2023-08-21T16:48:14.0","raceTime5K":1226,"raceTime10K":2633,"raceTimeHalf":6186,"raceTimeMarathon":14279},{"userProfilePK":76018113,"calendarDate":"2023-08-21","deviceId":3401978503,"timestamp":"2023-08-20T22:03:31.0","raceTime5K":1226,"raceTime10K":2633,"raceTimeHalf":6186,"raceTimeMarathon":14279},{"userProfilePK":76018113,"calendarDate":"2023-08-22","deviceId":3401978503,"timestamp":"2023-08-21T22:03:36.0","raceTime5K":1228,"raceTime10K":2640,"raceTimeHalf":6207,"raceTimeMarathon":14296},{"userProfilePK":76018113,"calendarDate":"2023-08-23","deviceId":3401978503,"timestamp":"2023-08-22T22:03:37.0","raceTime5K":1231,"raceTime10K":2650,"raceTimeHalf":6232,"raceTimeMarathon":14323},{"userProfilePK":76018113,"calendarDate":"2023-08-24","deviceId":3401978503,"timestamp":"2023-08-24T08:52:35.0","raceTime5K":1232,"raceTime10K":2658,"raceTimeHalf":6252,"raceTimeMarathon":14341},{"userProfilePK":76018113,"calendarDate":"2023-08-24","deviceId":3401978503,"timestamp":"2023-08-23T22:03:39.0","raceTime5K":1232,"raceTime10K":2658,"raceTimeHalf":6252,"raceTimeMarathon":14341}]