[{"userProfilePK":76018113,"calendarDate":"2022-02-01","deviceId":3401978503,"timestamp":"2022-02-01T16:00:53.0","sport":"RUNNING","subSport":"GENERIC","weeklyTrainingLoadSum":656,"loadTunnelMin":559,"loadTunnelMax":1258,"trainingStatus":"MAINTAINING","fitnessLevelTrend":"NO_CHANGE","loadLevelTrend":"NO_CHANGE","trainingStatusFeedbackPhrase":"MAINTAINING_BELOW_TARGETS"},{"userProfilePK":76018113,"calendarDate":"2022-02-01","deviceId":3401978503,"timestamp":"2022-02-01T16:00:54.0","sport":"RUNNING","subSport":"GENERIC","weeklyTrainingLoadSum":656,"loadTunnelMin":281,"loadTunnelMax":640,"trainingStatus":"PRODUCTIVE","fitnessLevelTrend":"NO_CHANGE","loadLevelTrend":"INCREASING","trainingStatusFeedbackPhrase":"PRODUCTIVE_BELOW_TARGETS"},{"userProfilePK":76018113,"calendarDate":"2022-02-01","deviceId":3401978503,"timestamp":"2022-02-01T16:00:55.0","sport":"RUNNING","subSport":"GENERIC","weeklyTrainingLoadSum":656,"loadTunnelMin":281,"loadTunnelMax":640,"trainingStatus":"PRODUCTIVE","fitnessLevelTrend":"NO_CHANGE","loadLevelTrend":"INCREASING","trainingStatusFeedbackPhrase":"PRODUCTIVE_BELOW_TARGETS"},{"userProfilePK":76018113,"calendarDate":"2022-02-01","deviceId":3401978503,"timestamp":"2022-02-01T16:00:56.0","sport":"RUNNING","subSport":"GENERIC","weeklyTrainingLoadSum":656,"loadTunnelMin":281,"loadTunnelMax":640,"trainingStatus":"PRODUCTIVE","fitnessLevelTrend":"NO_CHANGE","loadLevelTrend":"INCREASING","trainingStatusFeedbackPhrase":"PRODUCTIVE_BELOW_TARGETS"},{"userProfilePK":76018113,"calendarDate":"2022-02-01","deviceId":3401978503,"timestamp":"2022-02-01T16:00:57.0","sport":"RUNNING","subSport":"GENERIC","weeklyTrainingLoadSum":656,"loadTunnelMin":281,"loadTunnelMax":640,"trainingStatus":"PRODUCTIVE","fitnessLevelTrend":"NO_CHANGE","loadLevelTrend":"INCREASING","trainingStatusFeedbackPhrase":"PRODUCTIVE_BELOW_TARGETS"},{"userProfilePK":76018113,"calendarDate":"2022-02-02","deviceId":3401978503,"timestamp":"2022-02-01T23:02:56.0","sport":"RUNNING","subSport":"GENERIC","weeklyTrainingLoadSum":656,"loadTunnelMin":281,"loadTunnelMax":640,"trainingStatus":"PRODUCTIVE","fitnessLevelTrend":"NO_CHANGE","loadLevelTrend":"INCREASING","trainingStatusFeedbackPhrase":"PRODUCTIVE_BELOW_TARGETS"},{"userProfilePK":76018113,"calendarDate":"2022-02-02","deviceId":3401978503,"timestamp":"2022-02-02T06:16:13.0","sport":"RUNNING","subSport":"GENERIC","weeklyTrainingLoadSum":656,"loadTunnelMin":281,"loadTunnelMax":640,"trainingStatus":"PRODUCTIVE","fitnessLevelTrend":"NO_CHANGE","loadLevelTrend":"INCREASING","trainingStatusFeedbackPhrase":"PRODUCTIVE_BELOW_TARGETS"},{"userProfilePK":76018113,"calendarDate":"2022-02-02","deviceId":3401978503,"timestamp":"2022-02-02T07:04:37.0","sport":"RUNNING","subSport":"GENERIC","weeklyTrainingLoadSum":877,"loadTunnelMin":281,"loadTunnelMax":640,"trainingStatus":"PRODUCTIVE","fitnessLevelTrend":"INCREASING","loadLevelTrend":"INCREASING","trainingStatusFeedbackPhrase":"PRODUCTIVE_BELOW_TARGETS"},{"userProfilePK":76018113,"calendarDate":"2022-02-03","deviceId":3401978503,"timestamp":"2022-02-02T23:03:49.0","sport":"RUNNING","subSport":"GENERIC","weeklyTrainingLoadSum":605,"loadTunnelMin":281,"loadTunnelMax":640,"trainingStatus":"PRODUCTIVE","fitnessLevelTrend":"INCREASING","loadLevelTrend":"INCREASING","trainingStatusFeedbackPhrase":"PRODUCTIVE_BELOW_TARGETS"},{"userProfilePK":76018113,"calendarDate":"2022-02-03","deviceId":3401978503,"timestamp":"2022-02-03T07:18:14.0","sport":"RUNNING","subSport":"GENERIC","weeklyTrainingLoadSum":827,"loadTunnelMin":360,"loadTunnelMax":794,"trainingStatus":"PRODUCTIVE","fitnessLevelTrend":"INCREASING","loadLevelTrend":"INCREASING","trainingStatusFeedbackPhrase":"PRODUCTIVE_AER_LOW_SHORT"},{"userProfilePK":76018113,"calendarDate":"2022-02-04","deviceId":3401978503,"timestamp":"2022-02-03T23:03:52.0","sport":"RUNNING","subSport":"GENERIC","weeklyTrainingLoadSum":827,"loadTunnelMin":360,"loadTunnelMax":794,"trainingStatus":"PRODUCTIVE","fitnessLevelTrend":"INCREASING","loadLevelTrend":"INCREASING","trainingStatusFeedbackPhrase":"PRODUCTIVE_AER_LOW_SHORT"},{"userProfilePK":76018113,"calendarDate":"2022-02-05","deviceId":3401978503,"timestamp":"2022-02-04T23:03:53.0","sport":"RUNNING","subSport":"GENERIC","weeklyTrainingLoadSum":827,"loadTunnelMin":360,"loadTunnelMax":794,"trainingStatus":"PRODUCTIVE","fitnessLevelTrend":"INCREASING","loadLevelTrend":"INCREASING","trainingStatusFeedbackPhrase":"PRODUCTIVE_AER_LOW_SHORT"},{"userProfilePK":76018113,"calendarDate":"2022-02-06","deviceId":3401978503,"timestamp":"2022-02-05T23:03:54.0","sport":"RUNNING","subSport":"GENERIC","weeklyTrainingLoadSum":443,"loadTunnelMin":281,"loadTunnelMax":640,"trainingStatus":"PRODUCTIVE","fitnessLevelTrend":"INCREASING","loadLevelTrend":"INCREASING","trainingStatusFeedbackPhrase":"PRODUCTIVE_AER_LOW_SHORT"},{"userProfilePK":76018113,"calendarDate":"2022-02-06","deviceId":3401978503,"timestamp":"2022-02-06T10:39:25.0","sport":"RUNNING","subSport":"GENERIC","weeklyTrainingLoadSum":443,"loadTunnelMin":281,"loadTunnelMax":640,"trainingStatus":"PRODUCTIVE","fitnessLevelTrend":"INCREASING","loadLevelTrend":"INCREASING","trainingStatusFeedbackPhrase":"PRODUCTIVE_AER_LOW_SHORT"},{"userProfilePK":76018113,"calendarDate":"2022-02-06","deviceId":3401978503,"timestamp":"2022-02-06T10:40:12.0","sport":"RUNNING","subSport":"GENERIC","weeklyTrainingLoadSum":443,"loadTunnelMin":281,"loadTunnelMax":640,"trainingStatus":"PRODUCTIVE","fitnessLevelTrend":"INCREASING","loadLevelTrend":"INCREASING","trainingStatusFeedbackPhrase":"PRODUCTIVE_AER_LOW_SHORT"},{"userProfilePK":76018113,"calendarDate":"2022-02-06","deviceId":3401978503,"timestamp":"2022-02-06T12:20:47.0","sport":"RUNNING","subSport":"GENERIC","weeklyTrainingLoadSum":791,"loadTunnelMin":360,"loadTunnelMax":794,"trainingStatus":"PRODUCTIVE","fitnessLevelTrend":"NO_CHANGE","loadLevelTrend":"INCREASING","trainingStatusFeedbackPhrase":"PRODUCTIVE_AER_LOW_SHORT"},{"userProfilePK":76018113,"calendarDate":"2022-02-07","deviceId":3401978503,"timestamp":"2022-02-06T23:03:57.0","sport":"RUNNING","subSport":"GENERIC","weeklyTrainingLoadSum":791,"loadTunnelMin":360,"loadTunnelMax":794,"trainingStatus":"PRODUCTIVE","fitnessLevelTrend":"NO_CHANGE","loadLevelTrend":"INCREASING","trainingStatusFeedbackPhrase":"PRODUCTIVE_AER_LOW_SHORT"},{"userProfilePK":76018113,"calendarDate":"2022-02-08","deviceId":3401978503,"timestamp":"2022-02-07T23:03:58.0","sport":"RUNNING","subSport":"GENERIC","weeklyTrainingLoadSum":791,"loadTunnelMin":360,"loadTunnelMax":794,"trainingStatus":"PRODUCTIVE","fitnessLevelTrend":"NO_CHANGE","loadLevelTrend":"INCREASING","trainingStatusFeedbackPhrase":"PRODUCTIVE_AER_LOW_SHORT"},{"userProfilePK":76018113,"calendarDate":"2022-02-08","deviceId":3401978503,"timestamp":"2022-02-08T07:09:53.0","sport":"RUNNING","subSport":"GENERIC","weeklyTrainingLoadSum":1003,"loadTunnelMin":360,"loadTunnelMax":794,"trainingStatus":"PRODUCTIVE","fitnessLevelTrend":"NO_CHANGE","loadLevelTrend":"INCREASING","trainingStatusFeedbackPhrase":"PRODUCTIVE_AER_LOW_SHORT"},{"userProfilePK":76018113,"calendarDate":"2022-02-09","deviceId":3401978503,"timestamp":"2022-02-08T23:03:59.0","sport":"RUNNING","subSport":"GENERIC","weeklyTrainingLoadSum":782,"loadTunnelMin":360,"loadTunnelMax":794,"trainingStatus":"PRODUCTIVE","fitnessLevelTrend":"NO_CHANGE","loadLevelTrend":"INCREASING","trainingStatusFeedbackPhrase":"PRODUCTIVE_AER_LOW_SHORT"},{"userProfilePK":76018113,"calendarDate":"2022-02-09","deviceId":3401978503,"timestamp":"2022-02-09T07:22:59.0","sport":"RUNNING","subSport":"GENERIC","weeklyTrainingLoadSum":1042,"loadTunnelMin":446,"loadTunnelMax":988,"trainingStatus":"PRODUCTIVE","fitnessLevelTrend":"INCREASING","loadLevelTrend":"INCREASING","trainingStatusFeedbackPhrase":"PRODUCTIVE_AER_LOW_SHORT"},{"userProfilePK":76018113,"calendarDate":"2022-02-10","deviceId":3401978503,"timestamp":"2022-02-09T23:04:01.0","sport":"RUNNING","subSport":"GENERIC","weeklyTrainingLoadSum":820,"loadTunnelMin":446,"loadTunnelMax":988,"trainingStatus":"PRODUCTIVE","fitnessLevelTrend":"INCREASING","loadLevelTrend":"INCREASING","trainingStatusFeedbackPhrase":"PRODUCTIVE_AER_LOW_SHORT"},{"userProfilePK":76018113,"calendarDate":"2022-02-11","deviceId":3401978503,"timestamp":"2022-02-10T23:04:01.0","sport":"RUNNING","subSport":"GENERIC","weeklyTrainingLoadSum":820,"loadTunnelMin":446,"loadTunnelMax":988,"trainingStatus":"PRODUCTIVE","fitnessLevelTrend":"INCREASING","loadLevelTrend":"INCREASING","trainingStatusFeedbackPhrase":"PRODUCTIVE_AER_LOW_SHORT"},{"userProfilePK":76018113,"calendarDate":"2022-02-12","deviceId":3401978503,"timestamp":"2022-02-11T23:04:02.0","sport":"RUNNING","subSport":"GENERIC","weeklyTrainingLoadSum":820,"loadTunnelMin":446,"loadTunnelMax":988,"trainingStatus":"PRODUCTIVE","fitnessLevelTrend":"INCREASING","loadLevelTrend":"INCREASING","trainingStatusFeedbackPhrase":"PRODUCTIVE_AER_LOW_SHORT"},{"userProfilePK":76018113,"calendarDate":"2022-02-13","deviceId":3401978503,"timestamp":"2022-02-12T23:04:03.0","sport":"RUNNING","subSport":"GENERIC","weeklyTrainingLoadSum":472,"loadTunnelMin":446,"loadTunnelMax":988,"trainingStatus":"PRODUCTIVE","fitnessLevelTrend":"INCREASING","loadLevelTrend":"DECREASING","trainingStatusFeedbackPhrase":"PRODUCTIVE_AER_LOW_SHORT"},{"userProfilePK":76018113,"calendarDate":"2022-02-13","deviceId":3401978503,"timestamp":"2022-02-13T12:11:58.0","sport":"RUNNING","subSport":"GENERIC","weeklyTrainingLoadSum":743,"loadTunnelMin":446,"loadTunnelMax":988,"trainingStatus":"MAINTAINING","fitnessLevelTrend":"NO_CHANGE","loadLevelTrend":"INCREASING","trainingStatusFeedbackPhrase":"MAINTAINING_AER_LOW_SHORT"},{"userProfilePK":76018113,"calendarDate":"2022-02-14","deviceId":3401978503,"timestamp":"2022-02-13T23:04:06.0","sport":"RUNNING","subSport":"GENERIC","weeklyTrainingLoadSum":743,"loadTunnelMin":446,"loadTunnelMax":988,"trainingStatus":"MAINTAINING","fitnessLevelTrend":"NO_CHANGE","loadLevelTrend":"INCREASING","trainingStatusFeedbackPhrase":"MAINTAINING_AER_LOW_SHORT"},{"userProfilePK":76018113,"calendarDate":"2022-02-15","deviceId":3401978503,"timestamp":"2022-02-14T23:04:07.0","sport":"RUNNING","subSport":"GENERIC","weeklyTrainingLoadSum":531,"loadTunnelMin":446,"loadTunnelMax":988,"trainingStatus":"RECOVERY","fitnessLevelTrend":"NO_CHANGE","loadLevelTrend":"DECREASING","trainingStatusFeedbackPhrase":"RECOVERY_AER_LOW_SHORT"},{"userProfilePK":76018113,"calendarDate":"2022-02-16","deviceId":3401978503,"timestamp":"2022-02-15T23:04:09.0","sport":"RUNNING","subSport":"GENERIC","weeklyTrainingLoadSum":271,"loadTunnelMin":446,"loadTunnelMax":988,"trainingStatus":"RECOVERY","fitnessLevelTrend":"NO_CHANGE","loadLevelTrend":"DECREASING","trainingStatusFeedbackPhrase":"RECOVERY_AER_LOW_SHORT"},{"userProfilePK":76018113,"calendarDate":"2022-02-17","deviceId":3401978503,"timestamp":"2022-02-16T23:04:10.0","sport":"RUNNING","subSport":"GENERIC","weeklyTrainingLoadSum":271,"loadTunnelMin":446,"loadTunnelMax":988,"trainingStatus":"RECOVERY","fitnessLevelTrend":"NO_CHANGE","loadLevelTrend":"DECREASING","trainingStatusFeedbackPhrase":"RECOVERY_AER_LOW_SHORT"},{"userProfilePK":76018113,"calendarDate":"2022-02-17","deviceId":3401978503,"timestamp":"2022-02-17T06:58:25.0","sport":"RUNNING","subSport":"GENERIC","weeklyTrainingLoadSum":384,"loadTunnelMin":446,"loadTunnelMax":988,"trainingStatus":"RECOVERY","fitnessLevelTrend":"NO_CHANGE","loadLevelTrend":"DECREASING","trainingStatusFeedbackPhrase":"RECOVERY_AER_LOW_SHORT"},{"userProfilePK":76018113,"calendarDate":"2022-02-18","deviceId":3401978503,"timestamp":"2022-02-17T23:04:13.0","sport":"RUNNING","subSport":"GENERIC","weeklyTrainingLoadSum":384,"loadTunnelMin":446,"loadTunnelMax":988,"trainingStatus":"RECOVERY","fitnessLevelTrend":"NO_CHANGE","loadLevelTrend":"DECREASING","trainingStatusFeedbackPhrase":"RECOVERY_AER_LOW_SHORT"},{"userProfilePK":76018113,"calendarDate":"2022-02-19","deviceId":3401978503,"timestamp":"2022-02-18T23:04:13.0","sport":"RUNNING","subSport":"GENERIC","weeklyTrainingLoadSum":384,"loadTunnelMin":446,"loadTunnelMax":988,"trainingStatus":"RECOVERY","fitnessLevelTrend":"NO_CHANGE","loadLevelTrend":"DECREASING","trainingStatusFeedbackPhrase":"RECOVERY_AER_LOW_SHORT"},{"userProfilePK":76018113,"calendarDate":"2022-02-19","deviceId":3401978503,"timestamp":"2022-02-19T13:04:46.0","sport":"RUNNING","subSport":"GENERIC","weeklyTrainingLoadSum":683,"loadTunnelMin":559,"loadTunnelMax":1258,"trainingStatus":"UNPRODUCTIVE","fitnessLevelTrend":"DECREASING","loadLevelTrend":"NO_CHANGE","trainingStatusFeedbackPhrase":"UNPRODUCTIVE_AER_LOW_SHORT"},{"userProfilePK":76018113,"calendarDate":"2022-02-20","deviceId":3401978503,"timestamp":"2022-02-19T23:04:16.0","sport":"RUNNING","subSport":"GENERIC","weeklyTrainingLoadSum":412,"loadTunnelMin":446,"loadTunnelMax":988,"trainingStatus":"UNPRODUCTIVE","fitnessLevelTrend":"DECREASING","loadLevelTrend":"DECREASING","trainingStatusFeedbackPhrase":"UNPRODUCTIVE_AER_LOW_SHORT"},{"userProfilePK":76018113,"calendarDate":"2022-02-20","deviceId":3401978503,"timestamp":"2022-02-20T17:30:00.0","sport":"RUNNING","subSport":"GENERIC","weeklyTrainingLoadSum":618,"loadTunnelMin":559,"loadTunnelMax":1258,"trainingStatus":"RECOVERY","fitnessLevelTrend":"NO_CHANGE","loadLevelTrend":"DECREASING","trainingStatusFeedbackPhrase":"RECOVERY_AER_LOW_SHORT"},{"userProfilePK":76018113,"calendarDate":"2022-02-21","deviceId":3401978503,"timestamp":"2022-02-20T23:04:20.0","sport":"RUNNING","subSport":"GENERIC","weeklyTrainingLoadSum":618,"loadTunnelMin":559,"loadTunnelMax":1258,"trainingStatus":"RECOVERY","fitnessLevelTrend":"NO_CHANGE","loadLevelTrend":"DECREASING","trainingStatusFeedbackPhrase":"RECOVERY_AER_LOW_SHORT"},{"userProfilePK":76018113,"calendarDate":"2022-02-22","deviceId":3401978503,"timestamp":"2022-02-21T23:04:20.0","sport":"RUNNING","subSport":"GENERIC","weeklyTrainingLoadSum":618,"loadTunnelMin":559,"loadTunnelMax":1258,"trainingStatus":"RECOVERY","fitnessLevelTrend":"NO_CHANGE","loadLevelTrend":"NO_CHANGE","trainingStatusFeedbackPhrase":"RECOVERY_AER_LOW_SHORT"},{"userProfilePK":76018113,"calendarDate":"2022-02-23","deviceId":3401978503,"timestamp":"2022-02-22T23:04:21.0","sport":"RUNNING","subSport":"GENERIC","weeklyTrainingLoadSum":618,"loadTunnelMin":559,"loadTunnelMax":1258,"trainingStatus":"RECOVERY","fitnessLevelTrend":"NO_CHANGE","loadLevelTrend":"NO_CHANGE","trainingStatusFeedbackPhrase":"RECOVERY_AER_LOW_SHORT"},{"userProfilePK":76018113,"calendarDate":"2022-02-23","deviceId":3401978503,"timestamp":"2022-02-23T07:19:08.0","sport":"RUNNING","subSport":"GENERIC","weeklyTrainingLoadSum":804,"loadTunnelMin":559,"loadTunnelMax":1258,"trainingStatus":"PRODUCTIVE","fitnessLevelTrend":"INCREASING","loadLevelTrend":"NO_CHANGE","trainingStatusFeedbackPhrase":"PRODUCTIVE_AER_LOW_SHORT"},{"userProfilePK":76018113,"calendarDate":"2022-02-24","deviceId":3401978503,"timestamp":"2022-02-23T23:04:24.0","sport":"RUNNING","subSport":"GENERIC","weeklyTrainingLoadSum":691,"loadTunnelMin":446,"loadTunnelMax":988,"trainingStatus":"PRODUCTIVE","fitnessLevelTrend":"INCREASING","loadLevelTrend":"NO_CHANGE","trainingStatusFeedbackPhrase":"PRODUCTIVE_AER_LOW_SHORT"},{"userProfilePK":76018113,"calendarDate":"2022-02-25","deviceId":3401978503,"timestamp":"2022-02-24T23:04:24.0","sport":"RUNNING","subSport":"GENERIC","weeklyTrainingLoadSum":691,"loadTunnelMin":446,"loadTunnelMax":988,"trainingStatus":"PRODUCTIVE","fitnessLevelTrend":"INCREASING","loadLevelTrend":"NO_CHANGE","trainingStatusFeedbackPhrase":"PRODUCTIVE_AER_LOW_SHORT"},{"userProfilePK":76018113,"calendarDate":"2022-02-25","deviceId":3401978503,"timestamp":"2022-02-25T07:04:52.0","sport":"RUNNING","subSport":"GENERIC","weeklyTrainingLoadSum":827,"loadTunnelMin":559,"loadTunnelMax":1258,"trainingStatus":"PRODUCTIVE","fitnessLevelTrend":"INCREASING","loadLevelTrend":"INCREASING","trainingStatusFeedbackPhrase":"PRODUCTIVE_AER_LOW_SHORT"},{"userProfilePK":76018113,"calendarDate":"2022-02-26","deviceId":3401978503,"timestamp":"2022-02-25T23:04:26.0","sport":"RUNNING","subSport":"GENERIC","weeklyTrainingLoadSum":528,"loadTunnelMin":559,"loadTunnelMax":1258,"trainingStatus":"PRODUCTIVE","fitnessLevelTrend":"INCREASING","loadLevelTrend":"DECREASING","trainingStatusFeedbackPhrase":"PRODUCTIVE_AER_LOW_SHORT"},{"userProfilePK":76018113,"calendarDate":"2022-02-27","deviceId":3401978503,"timestamp":"2022-02-26T23:04:27.0","sport":"RUNNING","subSport":"GENERIC","weeklyTrainingLoadSum":322,"loadTunnelMin":446,"loadTunnelMax":988,"trainingStatus":"PRODUCTIVE","fitnessLevelTrend":"INCREASING","loadLevelTrend":"DECREASING","trainingStatusFeedbackPhrase":"PRODUCTIVE_AER_LOW_SHORT"},{"userProfilePK":76018113,"calendarDate":"2022-02-27","deviceId":3401978503,"timestamp":"2022-02-27T16:20:16.0","sport":"RUNNING","subSport":"GENERIC","weeklyTrainingLoadSum":322,"loadTunnelMin":446,"loadTunnelMax":988,"trainingStatus":"PRODUCTIVE","fitnessLevelTrend":"INCREASING","loadLevelTrend":"DECREASING","trainingStatusFeedbackPhrase":"PRODUCTIVE_AER_LOW_SHORT"},{"userProfilePK":76018113,"calendarDate":"2022-02-27","deviceId":3401978503,"timestamp":"2022-02-27T18:08:15.0","sport":"RUNNING","subSport":"GENERIC","weeklyTrainingLoadSum":638,"loadTunnelMin":446,"loadTunnelMax":988,"trainingStatus":"MAINTAINING","fitnessLevelTrend":"NO_CHANGE","loadLevelTrend":"NO_CHANGE","trainingStatusFeedbackPhrase":"MAINTAINING_AER_LOW_SHORT"},{"userProfilePK":76018113,"calendarDate":"2022-02-28","deviceId":3401978503,"timestamp":"2022-02-27T23:04:28.0","sport":"RUNNING","subSport":"GENERIC","weeklyTrainingLoadSum":638,"loadTunnelMin":446,"loadTunnelMax":988,"trainingStatus":"MAINTAINING","fitnessLevelTrend":"NO_CHANGE","loadLevelTrend":"NO_CHANGE","trainingStatusFeedbackPhrase":"MAINTAINING_AER_LOW_SHORT"},{"userProfilePK":76018113,"calendarDate":"2022-03-01","deviceId":3401978503,"timestamp":"2022-02-28T23:04:29.0","sport":"RUNNING","subSport":"GENERIC","weeklyTrainingLoadSum":638,"loadTunnelMin":446,"loadTunnelMax":988,"trainingStatus":"MAINTAINING","fitnessLevelTrend":"NO_CHANGE","loadLevelTrend":"NO_CHANGE","trainingStatusFeedbackPhrase":"MAINTAINING_AER_LOW_SHORT"},{"userProfilePK":76018113,"calendarDate":"2022-03-02","deviceId":3401978503,"timestamp":"2022-03-01T23:04:30.0","sport":"RUNNING","subSport":"GENERIC","weeklyTrainingLoadSum":452,"loadTunnelMin":446,"loadTunnelMax":988,"trainingStatus":"RECOVERY","fitnessLevelTrend":"NO_CHANGE","loadLevelTrend":"DECREASING","trainingStatusFeedbackPhrase":"RECOVERY_AER_LOW_SHORT"},{"userProfilePK":76018113,"calendarDate":"2022-03-02","deviceId":3401978503,"timestamp":"2022-03-02T07:32:58.0","sport":"RUNNING","subSport":"GENERIC","weeklyTrainingLoadSum":653,"loadTunnelMin":446,"loadTunnelMax":988,"trainingStatus":"MAINTAINING","fitnessLevelTrend":"NO_CHANGE","loadLevelTrend":"NO_CHANGE","trainingStatusFeedbackPhrase":"MAINTAINING_AER_LOW_SHORT"},{"userProfilePK":76018113,"calendarDate":"2022-03-03","deviceId":3401978503,"timestamp":"2022-03-02T23:04:32.0","sport":"RUNNING","subSport":"GENERIC","weeklyTrainingLoadSum":653,"loadTunnelMin":446,"loadTunnelMax":988,"trainingStatus":"MAINTAINING","fitnessLevelTrend":"NO_CHANGE","loadLevelTrend":"NO_CHANGE","trainingStatusFeedbackPhrase":"MAINTAINING_AER_LOW_SHORT"},{"userProfilePK":76018113,"calendarDate":"2022-03-04","deviceId":3401978503,"timestamp":"2022-03-03T23:04:33.0","sport":"RUNNING","subSport":"GENERIC","weeklyTrainingLoadSum":517,"loadTunnelMin":446,"loadTunnelMax":988,"trainingStatus":"RECOVERY","fitnessLevelTrend":"NO_CHANGE","loadLevelTrend":"DECREASING","trainingStatusFeedbackPhrase":"RECOVERY_AER_LOW_SHORT"},{"userProfilePK":76018113,"calendarDate":"2022-03-04","deviceId":3401978503,"timestamp":"2022-03-04T07:02:13.0","sport":"RUNNING","subSport":"GENERIC","weeklyTrainingLoadSum":748,"loadTunnelMin":446,"loadTunnelMax":988,"trainingStatus":"PRODUCTIVE","fitnessLevelTrend":"INCREASING","loadLevelTrend":"NO_CHANGE","trainingStatusFeedbackPhrase":"PRODUCTIVE_AER_LOW_SHORT"},{"userProfilePK":76018113,"calendarDate":"2022-03-05","deviceId":3401978503,"timestamp":"2022-03-04T23:04:34.0","sport":"RUNNING","subSport":"GENERIC","weeklyTrainingLoadSum":748,"loadTunnelMin":446,"loadTunnelMax":988,"trainingStatus":"PRODUCTIVE","fitnessLevelTrend":"INCREASING","loadLevelTrend":"NO_CHANGE","trainingStatusFeedbackPhrase":"PRODUCTIVE_AER_LOW_SHORT"},{"userProfilePK":76018113,"calendarDate":"2022-03-06","deviceId":3401978503,"timestamp":"2022-03-05T23:01:37.0","sport":"RUNNING","subSport":"GENERIC","weeklyTrainingLoadSum":432,"loadTunnelMin":446,"loadTunnelMax":988,"trainingStatus":"PRODUCTIVE","fitnessLevelTrend":"INCREASING","loadLevelTrend":"DECREASING","trainingStatusFeedbackPhrase":"PRODUCTIVE_AER_LOW_SHORT"},{"userProfilePK":76018113,"calendarDate":"2022-03-06","deviceId":3401978503,"timestamp":"2022-03-06T12:43:49.0","sport":"RUNNING","subSport":"GENERIC","weeklyTrainingLoadSum":735,"loadTunnelMin":446,"loadTunnelMax":988,"trainingStatus":"PRODUCTIVE","fitnessLevelTrend":"INCREASING","loadLevelTrend":"NO_CHANGE","trainingStatusFeedbackPhrase":"PRODUCTIVE_AER_LOW_SHORT"},{"userProfilePK":76018113,"calendarDate":"2022-03-07","deviceId":3401978503,"timestamp":"2022-03-06T23:01:39.0","sport":"RUNNING","subSport":"GENERIC","weeklyTrainingLoadSum":735,"loadTunnelMin":446,"loadTunnelMax":988,"trainingStatus":"PRODUCTIVE","fitnessLevelTrend":"INCREASING","loadLevelTrend":"NO_CHANGE","trainingStatusFeedbackPhrase":"PRODUCTIVE_AER_LOW_SHORT"},{"userProfilePK":76018113,"calendarDate":"2022-03-08","deviceId":3401978503,"timestamp":"2022-03-07T23:02:52.0","sport":"RUNNING","subSport":"GENERIC","weeklyTrainingLoadSum":735,"loadTunnelMin":446,"loadTunnelMax":988,"trainingStatus":"PRODUCTIVE","fitnessLevelTrend":"INCREASING","loadLevelTrend":"INCREASING","trainingStatusFeedbackPhrase":"PRODUCTIVE_AER_LOW_SHORT"},{"userProfilePK":76018113,"calendarDate":"2022-03-08","deviceId":3401978503,"timestamp":"2022-03-08T07:17:19.0","sport":"RUNNING","subSport":"GENERIC","weeklyTrainingLoadSum":903,"loadTunnelMin":446,"loadTunnelMax":988,"trainingStatus":"PRODUCTIVE","fitnessLevelTrend":"INCREASING","loadLevelTrend":"INCREASING","trainingStatusFeedbackPhrase":"PRODUCTIVE_AER_LOW_SHORT"},{"userProfilePK":76018113,"calendarDate":"2022-03-09","deviceId":3401978503,"timestamp":"2022-03-08T23:02:54.0","sport":"RUNNING","subSport":"GENERIC","weeklyTrainingLoadSum":702,"loadTunnelMin":446,"loadTunnelMax":988,"trainingStatus":"PRODUCTIVE","fitnessLevelTrend":"INCREASING","loadLevelTrend":"INCREASING","trainingStatusFeedbackPhrase":"PRODUCTIVE_AER_LOW_SHORT"},{"userProfilePK":76018113,"calendarDate":"2022-03-10","deviceId":3401978503,"timestamp":"2022-03-09T23:02:56.0","sport":"RUNNING","subSport":"GENERIC","weeklyTrainingLoadSum":702,"loadTunnelMin":446,"loadTunnelMax":988,"trainingStatus":"PRODUCTIVE","fitnessLevelTrend":"INCREASING","loadLevelTrend":"INCREASING","trainingStatusFeedbackPhrase":"PRODUCTIVE_AER_LOW_SHORT"},{"userProfilePK":76018113,"calendarDate":"2022-03-11","deviceId":3401978503,"timestamp":"2022-03-10T23:02:58.0","sport":"RUNNING","subSport":"GENERIC","weeklyTrainingLoadSum":471,"loadTunnelMin":446,"loadTunnelMax":988,"trainingStatus":"RECOVERY","fitnessLevelTrend":"NO_CHANGE","loadLevelTrend":"DECREASING","trainingStatusFeedbackPhrase":"RECOVERY_AER_LOW_SHORT"},{"userProfilePK":76018113,"calendarDate":"2022-03-12","deviceId":3401978503,"timestamp":"2022-03-11T23:03:00.0","sport":"RUNNING","subSport":"GENERIC","weeklyTrainingLoadSum":471,"loadTunnelMin":446,"loadTunnelMax":988,"trainingStatus":"RECOVERY","fitnessLevelTrend":"NO_CHANGE","loadLevelTrend":"DECREASING","trainingStatusFeedbackPhrase":"RECOVERY_AER_LOW_SHORT"},{"userProfilePK":76018113,"calendarDate":"2022-03-12","deviceId":3401978503,"timestamp":"2022-03-12T16:37:36.0","sport":"RUNNING","subSport":"GENERIC","weeklyTrainingLoadSum":622,"loadTunnelMin":446,"loadTunnelMax":988,"trainingStatus":"MAINTAINING","fitnessLevelTrend":"NO_CHANGE","loadLevelTrend":"NO_CHANGE","trainingStatusFeedbackPhrase":"MAINTAINING_AER_LOW_SHORT"},{"userProfilePK":76018113,"calendarDate":"2022-03-12","deviceId":3401978503,"timestamp":"2022-03-12T16:39:04.0","sport":"RUNNING","subSport":"GENERIC","weeklyTrainingLoadSum":622,"loadTunnelMin":446,"loadTunnelMax":988,"trainingStatus":"MAINTAINING","fitnessLevelTrend":"NO_CHANGE","loadLevelTrend":"NO_CHANGE","trainingStatusFeedbackPhrase":"MAINTAINING_AER_LOW_SHORT"},{"userProfilePK":76018113,"calendarDate":"2022-03-12","deviceId":3401978503,"timestamp":"2022-03-12T16:59:11.0","sport":"RUNNING","subSport":"GENERIC","weeklyTrainingLoadSum":702,"loadTunnelMin":446,"loadTunnelMax":988,"trainingStatus":"MAINTAINING","fitnessLevelTrend":"NO_CHANGE","loadLevelTrend":"NO_CHANGE","trainingStatusFeedbackPhrase":"MAINTAINING_AER_LOW_SHORT"},{"userProfilePK":76018113,"calendarDate":"2022-03-13","deviceId":3401978503,"timestamp":"2022-03-12T23:03:02.0","sport":"RUNNING","subSport":"GENERIC","weeklyTrainingLoadSum":399,"loadTunnelMin":446,"loadTunnelMax":988,"trainingStatus":"RECOVERY","fitnessLevelTrend":"NO_CHANGE","loadLevelTrend":"DECREASING","trainingStatusFeedbackPhrase":"RECOVERY_AER_LOW_SHORT"},{"userProfilePK":76018113,"calendarDate":"2022-03-13","deviceId":3401978503,"timestamp":"2022-03-13T12:27:50.0","sport":"RUNNING","subSport":"GENERIC","weeklyTrainingLoadSum":676,"loadTunnelMin":446,"loadTunnelMax":988,"trainingStatus":"MAINTAINING","fitnessLevelTrend":"NO_CHANGE","loadLevelTrend":"NO_CHANGE","trainingStatusFeedbackPhrase":"MAINTAINING_AER_LOW_SHORT"},{"userProfilePK":76018113,"calendarDate":"2022-03-14","deviceId":3401978503,"timestamp":"2022-03-13T23:03:03.0","sport":"RUNNING","subSport":"GENERIC","weeklyTrainingLoadSum":676,"loadTunnelMin":446,"loadTunnelMax":988,"trainingStatus":"MAINTAINING","fitnessLevelTrend":"NO_CHANGE","loadLevelTrend":"NO_CHANGE","trainingStatusFeedbackPhrase":"MAINTAINING_AER_LOW_SHORT"},{"userProfilePK":76018113,"calendarDate":"2022-03-15","deviceId":3401978503,"timestamp":"2022-03-14T23:03:05.0","sport":"RUNNING","subSport":"GENERIC","weeklyTrainingLoadSum":508,"loadTunnelMin":446,"loadTunnelMax":988,"trainingStatus":"RECOVERY","fitnessLevelTrend":"NO_CHANGE","loadLevelTrend":"DECREASING","trainingStatusFeedbackPhrase":"RECOVERY_AER_LOW_SHORT"},{"userProfilePK":76018113,"calendarDate":"2022-03-16","deviceId":3401978503,"timestamp":"2022-03-15T23:03:06.0","sport":"RUNNING","subSport":"GENERIC","weeklyTrainingLoadSum":508,"loadTunnelMin":446,"loadTunnelMax":988,"trainingStatus":"RECOVERY","fitnessLevelTrend":"NO_CHANGE","loadLevelTrend":"DECREASING","trainingStatusFeedbackPhrase":"RECOVERY_AER_LOW_SHORT"},{"userProfilePK":76018113,"calendarDate":"2022-03-17","deviceId":3401978503,"timestamp":"2022-03-16T23:03:06.0","sport":"RUNNING","subSport":"GENERIC","weeklyTrainingLoadSum":508,"loadTunnelMin":446,"loadTunnelMax":988,"trainingStatus":"RECOVERY","fitnessLevelTrend":"NO_CHANGE","loadLevelTrend":"DECREASING","trainingStatusFeedbackPhrase":"RECOVERY_AER_LOW_SHORT"},{"userProfilePK":76018113,"calendarDate":"2022-03-18","deviceId":3401978503,"timestamp":"2022-03-17T23:03:13.0","sport":"RUNNING","subSport":"GENERIC","weeklyTrainingLoadSum":508,"loadTunnelMin":446,"loadTunnelMax":988,"trainingStatus":"RECOVERY","fitnessLevelTrend":"NO_CHANGE","loadLevelTrend":"DECREASING","trainingStatusFeedbackPhrase":"RECOVERY_AER_LOW_SHORT"},{"userProfilePK":76018113,"calendarDate":"2022-03-18","deviceId":3401978503,"timestamp":"2022-03-18T07:15:45.0","sport":"RUNNING","subSport":"GENERIC","weeklyTrainingLoadSum":732,"loadTunnelMin":446,"loadTunnelMax":988,"trainingStatus":"MAINTAINING","fitnessLevelTrend":"NO_CHANGE","loadLevelTrend":"NO_CHANGE","trainingStatusFeedbackPhrase":"MAINTAINING_AER_LOW_SHORT"},{"userProfilePK":76018113,"calendarDate":"2022-03-19","deviceId":3401978503,"timestamp":"2022-03-18T23:03:23.0","sport":"RUNNING","subSport":"GENERIC","weeklyTrainingLoadSum":501,"loadTunnelMin":446,"loadTunnelMax":988,"trainingStatus":"RECOVERY","fitnessLevelTrend":"NO_CHANGE","loadLevelTrend":"DECREASING","trainingStatusFeedbackPhrase":"RECOVERY_AER_LOW_SHORT"},{"userProfilePK":76018113,"calendarDate":"2022-03-20","deviceId":3401978503,"timestamp":"2022-03-19T23:03:31.0","sport":"RUNNING","subSport":"GENERIC","weeklyTrainingLoadSum":224,"loadTunnelMin":446,"loadTunnelMax":988,"trainingStatus":"RECOVERY","fitnessLevelTrend":"NO_CHANGE","loadLevelTrend":"DECREASING","trainingStatusFeedbackPhrase":"RECOVERY_AER_LOW_SHORT"},{"userProfilePK":76018113,"calendarDate":"2022-03-20","deviceId":3401978503,"timestamp":"2022-03-20T12:49:55.0","sport":"RUNNING","subSport":"GENERIC","weeklyTrainingLoadSum":475,"loadTunnelMin":446,"loadTunnelMax":988,"trainingStatus":"RECOVERY","fitnessLevelTrend":"NO_CHANGE","loadLevelTrend":"DECREASING","trainingStatusFeedbackPhrase":"RECOVERY_AER_LOW_SHORT"},{"userProfilePK":76018113,"calendarDate":"2022-03-21","deviceId":3401978503,"timestamp":"2022-03-20T23:03:39.0","sport":"RUNNING","subSport":"GENERIC","weeklyTrainingLoadSum":475,"loadTunnelMin":446,"loadTunnelMax":988,"trainingStatus":"RECOVERY","fitnessLevelTrend":"NO_CHANGE","loadLevelTrend":"DECREASING","trainingStatusFeedbackPhrase":"RECOVERY_AER_LOW_SHORT"},{"userProfilePK":76018113,"calendarDate":"2022-03-22","deviceId":3401978503,"timestamp":"2022-03-21T23:03:47.0","sport":"RUNNING","subSport":"GENERIC","weeklyTrainingLoadSum":475,"loadTunnelMin":446,"loadTunnelMax":988,"trainingStatus":"RECOVERY","fitnessLevelTrend":"NO_CHANGE","loadLevelTrend":"DECREASING","trainingStatusFeedbackPhrase":"RECOVERY_AER_LOW_SHORT"},{"userProfilePK":76018113,"calendarDate":"2022-03-23","deviceId":3401978503,"timestamp":"2022-03-22T23:03:55.0","sport":"RUNNING","subSport":"GENERIC","weeklyTrainingLoadSum":475,"loadTunnelMin":446,"loadTunnelMax":988,"trainingStatus":"RECOVERY","fitnessLevelTrend":"NO_CHANGE","loadLevelTrend":"DECREASING","trainingStatusFeedbackPhrase":"RECOVERY_AER_LOW_SHORT"},{"userProfilePK":76018113,"calendarDate":"2022-03-23","deviceId":3401978503,"timestamp":"2022-03-23T06:57:35.0","sport":"RUNNING","subSport":"GENERIC","weeklyTrainingLoadSum":688,"loadTunnelMin":446,"loadTunnelMax":988,"trainingStatus":"PRODUCTIVE","fitnessLevelTrend":"INCREASING","loadLevelTrend":"NO_CHANGE","trainingStatusFeedbackPhrase":"PRODUCTIVE_AER_LOW_SHORT"},{"userProfilePK":76018113,"calendarDate":"2022-03-24","deviceId":3401978503,"timestamp":"2022-03-23T23:04:04.0","sport":"RUNNING","subSport":"GENERIC","weeklyTrainingLoadSum":688,"loadTunnelMin":446,"loadTunnelMax":988,"trainingStatus":"PRODUCTIVE","fitnessLevelTrend":"INCREASING","loadLevelTrend":"NO_CHANGE","trainingStatusFeedbackPhrase":"PRODUCTIVE_AER_LOW_SHORT"},{"userProfilePK":76018113,"calendarDate":"2022-03-24","deviceId":3401978503,"timestamp":"2022-03-24T07:09:54.0","sport":"RUNNING","subSport":"GENERIC","weeklyTrainingLoadSum":890,"loadTunnelMin":446,"loadTunnelMax":988,"trainingStatus":"PRODUCTIVE","fitnessLevelTrend":"INCREASING","loadLevelTrend":"INCREASING","trainingStatusFeedbackPhrase":"PRODUCTIVE_AER_LOW_SHORT"},{"userProfilePK":76018113,"calendarDate":"2022-03-25","deviceId":3401978503,"timestamp":"2022-03-24T23:04:12.0","sport":"RUNNING","subSport":"GENERIC","weeklyTrainingLoadSum":666,"loadTunnelMin":446,"loadTunnelMax":988,"trainingStatus":"PRODUCTIVE","fitnessLevelTrend":"INCREASING","loadLevelTrend":"NO_CHANGE","trainingStatusFeedbackPhrase":"PRODUCTIVE_AER_LOW_SHORT"},{"userProfilePK":76018113,"calendarDate":"2022-03-26","deviceId":3401978503,"timestamp":"2022-03-25T23:04:20.0","sport":"RUNNING","subSport":"GENERIC","weeklyTrainingLoadSum":666,"loadTunnelMin":446,"loadTunnelMax":988,"trainingStatus":"PRODUCTIVE","fitnessLevelTrend":"INCREASING","loadLevelTrend":"NO_CHANGE","trainingStatusFeedbackPhrase":"PRODUCTIVE_AER_LOW_SHORT"},{"userProfilePK":76018113,"calendarDate":"2022-03-27","deviceId":3401978503,"timestamp":"2022-03-26T23:04:28.0","sport":"RUNNING","subSport":"GENERIC","weeklyTrainingLoadSum":415,"loadTunnelMin":446,"loadTunnelMax":988,"trainingStatus":"PRODUCTIVE","fitnessLevelTrend":"INCREASING","loadLevelTrend":"DECREASING","trainingStatusFeedbackPhrase":"PRODUCTIVE_AER_LOW_SHORT"},{"userProfilePK":76018113,"calendarDate":"2022-03-27","deviceId":3401978503,"timestamp":"2022-03-27T11:32:22.0","sport":"RUNNING","subSport":"GENERIC","weeklyTrainingLoadSum":634,"loadTunnelMin":446,"loadTunnelMax":988,"trainingStatus":"MAINTAINING","fitnessLevelTrend":"NO_CHANGE","loadLevelTrend":"NO_CHANGE","trainingStatusFeedbackPhrase":"MAINTAINING_AER_LOW_SHORT"},{"userProfilePK":76018113,"calendarDate":"2022-03-28","deviceId":3401978503,"timestamp":"2022-03-27T22:04:36.0","sport":"RUNNING","subSport":"GENERIC","weeklyTrainingLoadSum":634,"loadTunnelMin":446,"loadTunnelMax":988,"trainingStatus":"MAINTAINING","fitnessLevelTrend":"NO_CHANGE","loadLevelTrend":"NO_CHANGE","trainingStatusFeedbackPhrase":"MAINTAINING_AER_LOW_SHORT"},{"userProfilePK":76018113,"calendarDate":"2022-03-29","deviceId":3401978503,"timestamp":"2022-03-28T22:04:44.0","sport":"RUNNING","subSport":"GENERIC","weeklyTrainingLoadSum":634,"loadTunnelMin":446,"loadTunnelMax":988,"trainingStatus":"MAINTAINING","fitnessLevelTrend":"NO_CHANGE","loadLevelTrend":"NO_CHANGE","trainingStatusFeedbackPhrase":"MAINTAINING_AER_LOW_SHORT"},{"userProfilePK":76018113,"calendarDate":"2022-03-30","deviceId":3401978503,"timestamp":"2022-03-29T22:04:52.0","sport":"RUNNING","subSport":"GENERIC","weeklyTrainingLoadSum":421,"loadTunnelMin":446,"loadTunnelMax":988,"trainingStatus":"RECOVERY","fitnessLevelTrend":"NO_CHANGE","loadLevelTrend":"DECREASING","trainingStatusFeedbackPhrase":"RECOVERY_AER_LOW_SHORT"},{"userProfilePK":76018113,"calendarDate":"2022-03-30","deviceId":3401978503,"timestamp":"2022-03-30T06:08:31.0","sport":"RUNNING","subSport":"GENERIC","weeklyTrainingLoadSum":648,"loadTunnelMin":446,"loadTunnelMax":988,"trainingStatus":"MAINTAINING","fitnessLevelTrend":"NO_CHANGE","loadLevelTrend":"NO_CHANGE","trainingStatusFeedbackPhrase":"MAINTAINING_AER_LOW_SHORT"},{"userProfilePK":76018113,"calendarDate":"2022-03-31","deviceId":3401978503,"timestamp":"2022-03-30T22:05:00.0","sport":"RUNNING","subSport":"GENERIC","weeklyTrainingLoadSum":446,"loadTunnelMin":446,"loadTunnelMax":988,"trainingStatus":"RECOVERY","fitnessLevelTrend":"NO_CHANGE","loadLevelTrend":"DECREASING","trainingStatusFeedbackPhrase":"RECOVERY_AER_LOW_SHORT"},{"userProfilePK":76018113,"calendarDate":"2022-04-01","deviceId":3401978503,"timestamp":"2022-03-31T22:05:08.0","sport":"RUNNING","subSport":"GENERIC","weeklyTrainingLoadSum":446,"loadTunnelMin":446,"loadTunnelMax":988,"trainingStatus":"RECOVERY","fitnessLevelTrend":"NO_CHANGE","loadLevelTrend":"DECREASING","trainingStatusFeedbackPhrase":"RECOVERY_AER_LOW_SHORT"},{"userProfilePK":76018113,"calendarDate":"2022-04-02","deviceId":3401978503,"timestamp":"2022-04-01T22:05:16.0","sport":"RUNNING","subSport":"GENERIC","weeklyTrainingLoadSum":446,"loadTunnelMin":446,"loadTunnelMax":988,"trainingStatus":"RECOVERY","fitnessLevelTrend":"NO_CHANGE","loadLevelTrend":"DECREASING","trainingStatusFeedbackPhrase":"RECOVERY_AER_LOW_SHORT"},{"userProfilePK":76018113,"calendarDate":"2022-04-03","deviceId":3401978503,"timestamp":"2022-04-02T22:05:24.0","sport":"RUNNING","subSport":"GENERIC","weeklyTrainingLoadSum":227,"loadTunnelMin":360,"loadTunnelMax":794,"trainingStatus":"RECOVERY","fitnessLevelTrend":"NO_CHANGE","loadLevelTrend":"DECREASING","trainingStatusFeedbackPhrase":"RECOVERY_AER_LOW_SHORT"},{"userProfilePK":76018113,"calendarDate":"2022-04-03","deviceId":3401978503,"timestamp":"2022-04-03T12:06:26.0","sport":"RUNNING","subSport":"GENERIC","weeklyTrainingLoadSum":441,"loadTunnelMin":446,"loadTunnelMax":988,"trainingStatus":"RECOVERY","fitnessLevelTrend":"NO_CHANGE","loadLevelTrend":"DECREASING","trainingStatusFeedbackPhrase":"RECOVERY_AER_LOW_SHORT"},{"userProfilePK":76018113,"calendarDate":"2022-04-04","deviceId":3401978503,"timestamp":"2022-04-03T22:05:34.0","sport":"RUNNING","subSport":"GENERIC","weeklyTrainingLoadSum":441,"loadTunnelMin":446,"loadTunnelMax":988,"trainingStatus":"RECOVERY","fitnessLevelTrend":"NO_CHANGE","loadLevelTrend":"DECREASING","trainingStatusFeedbackPhrase":"RECOVERY_AER_LOW_SHORT"},{"userProfilePK":76018113,"calendarDate":"2022-04-05","deviceId":3401978503,"timestamp":"2022-04-04T22:05:41.0","sport":"RUNNING","subSport":"GENERIC","weeklyTrainingLoadSum":441,"loadTunnelMin":360,"loadTunnelMax":794,"trainingStatus":"RECOVERY","fitnessLevelTrend":"NO_CHANGE","loadLevelTrend":"NO_CHANGE","trainingStatusFeedbackPhrase":"RECOVERY_AER_LOW_SHORT"},{"userProfilePK":76018113,"calendarDate":"2022-04-05","deviceId":3401978503,"timestamp":"2022-04-05T06:30:25.0","sport":"RUNNING","subSport":"GENERIC","weeklyTrainingLoadSum":689,"loadTunnelMin":446,"loadTunnelMax":988,"trainingStatus":"UNPRODUCTIVE","fitnessLevelTrend":"DECREASING","loadLevelTrend":"INCREASING","trainingStatusFeedbackPhrase":"UNPRODUCTIVE_AER_LOW_SHORT"},{"userProfilePK":76018113,"calendarDate":"2022-04-06","deviceId":3401978503,"timestamp":"2022-04-05T22:05:50.0","sport":"RUNNING","subSport":"GENERIC","weeklyTrainingLoadSum":462,"loadTunnelMin":446,"loadTunnelMax":988,"trainingStatus":"UNPRODUCTIVE","fitnessLevelTrend":"DECREASING","loadLevelTrend":"DECREASING","trainingStatusFeedbackPhrase":"UNPRODUCTIVE_AER_LOW_SHORT"},{"userProfilePK":76018113,"calendarDate":"2022-04-06","deviceId":3401978503,"timestamp":"2022-04-06T06:13:33.0","sport":"RUNNING","subSport":"GENERIC","weeklyTrainingLoadSum":691,"loadTunnelMin":446,"loadTunnelMax":988,"trainingStatus":"UNPRODUCTIVE","fitnessLevelTrend":"DECREASING","loadLevelTrend":"NO_CHANGE","trainingStatusFeedbackPhrase":"UNPRODUCTIVE_AER_LOW_SHORT"},{"userProfilePK":76018113,"calendarDate":"2022-04-07","deviceId":3401978503,"timestamp":"2022-04-06T22:05:58.0","sport":"RUNNING","subSport":"GENERIC","weeklyTrainingLoadSum":691,"loadTunnelMin":446,"loadTunnelMax":988,"trainingStatus":"UNPRODUCTIVE","fitnessLevelTrend":"DECREASING","loadLevelTrend":"NO_CHANGE","trainingStatusFeedbackPhrase":"UNPRODUCTIVE_AER_LOW_SHORT"},{"userProfilePK":76018113,"calendarDate":"2022-04-08","deviceId":3401978503,"timestamp":"2022-04-07T22:01:05.0","sport":"RUNNING","subSport":"GENERIC","weeklyTrainingLoadSum":691,"loadTunnelMin":446,"loadTunnelMax":988,"trainingStatus":"UNPRODUCTIVE","fitnessLevelTrend":"DECREASING","loadLevelTrend":"NO_CHANGE","trainingStatusFeedbackPhrase":"UNPRODUCTIVE_AER_LOW_SHORT"},{"userProfilePK":76018113,"calendarDate":"2022-04-09","deviceId":3401978503,"timestamp":"2022-04-08T22:01:13.0","sport":"RUNNING","subSport":"GENERIC","weeklyTrainingLoadSum":691,"loadTunnelMin":446,"loadTunnelMax":988,"trainingStatus":"UNPRODUCTIVE","fitnessLevelTrend":"DECREASING","loadLevelTrend":"INCREASING","trainingStatusFeedbackPhrase":"UNPRODUCTIVE_AER_LOW_SHORT"},{"userProfilePK":76018113,"calendarDate":"2022-04-10","deviceId":3401978503,"timestamp":"2022-04-09T22:01:21.0","sport":"RUNNING","subSport":"GENERIC","weeklyTrainingLoadSum":477,"loadTunnelMin":360,"loadTunnelMax":794,"trainingStatus":"UNPRODUCTIVE","fitnessLevelTrend":"DECREASING","loadLevelTrend":"NO_CHANGE","trainingStatusFeedbackPhrase":"UNPRODUCTIVE_AER_LOW_SHORT"},{"userProfilePK":76018113,"calendarDate":"2022-04-10","deviceId":3401978503,"timestamp":"2022-04-10T12:19:14.0","sport":"RUNNING","subSport":"GENERIC","weeklyTrainingLoadSum":775,"loadTunnelMin":446,"loadTunnelMax":988,"trainingStatus":"MAINTAINING","fitnessLevelTrend":"NO_CHANGE","loadLevelTrend":"INCREASING","trainingStatusFeedbackPhrase":"MAINTAINING_AER_LOW_SHORT"},{"userProfilePK":76018113,"calendarDate":"2022-04-11","deviceId":3401978503,"timestamp":"2022-04-10T22:01:30.0","sport":"RUNNING","subSport":"GENERIC","weeklyTrainingLoadSum":775,"loadTunnelMin":446,"loadTunnelMax":988,"trainingStatus":"MAINTAINING","fitnessLevelTrend":"NO_CHANGE","loadLevelTrend":"INCREASING","trainingStatusFeedbackPhrase":"MAINTAINING_AER_LOW_SHORT"}]