[{"userProfilePK":76018113,"calendarDate":"2023-02-05","deviceId":3401978503,"timestamp":"2023-02-04T23:02:59.0","sport":"RUNNING","subSport":"GENERIC","weeklyTrainingLoadSum":573,"loadTunnelMin":559,"loadTunnelMax":1258,"trainingStatus":"RECOVERY","fitnessLevelTrend":"NO_CHANGE","loadLevelTrend":"DECREASING","trainingStatusFeedbackPhrase":"RECOVERY_AER_LOW_SHORT"},{"userProfilePK":76018113,"calendarDate":"2023-02-05","deviceId":3401978503,"timestamp":"2023-02-05T09:41:31.0","sport":"RUNNING","subSport":"GENERIC","weeklyTrainingLoadSum":811,"loadTunnelMin":722,"loadTunnelMax":1540,"trainingStatus":"MAINTAINING","fitnessLevelTrend":"NO_CHANGE","loadLevelTrend":"NO_CHANGE","trainingStatusFeedbackPhrase":"MAINTAINING_AER_LOW_SHORT"},{"userProfilePK":76018113,"calendarDate":"2023-02-06","deviceId":3401978503,"timestamp":"2023-02-05T23:03:01.0","sport":"RUNNING","subSport":"GENERIC","weeklyTrainingLoadSum":686,"loadTunnelMin":722,"loadTunnelMax":1540,"trainingStatus":"RECOVERY","fitnessLevelTrend":"NO_CHANGE","loadLevelTrend":"DECREASING","trainingStatusFeedbackPhrase":"RECOVERY_AER_LOW_SHORT"},{"userProfilePK":76018113,"calendarDate":"2023-02-06","deviceId":3401978503,"timestamp":"2023-02-06T07:29:14.0","sport":"RUNNING","subSport":"GENERIC","weeklyTrainingLoadSum":1017,"loadTunnelMin":722,"loadTunnelMax":1540,"trainingStatus":"MAINTAINING","fitnessLevelTrend":"NO_CHANGE","loadLevelTrend":"NO_CHANGE","trainingStatusFeedbackPhrase":"MAINTAINING_AER_LOW_SHORT"},{"userProfilePK":76018113,"calendarDate":"2023-02-07","deviceId":3401978503,"timestamp":"2023-02-06T23:03:03.0","sport":"RUNNING","subSport":"GENERIC","weeklyTrainingLoadSum":1017,"loadTunnelMin":722,"loadTunnelMax":1540,"trainingStatus":"MAINTAINING","fitnessLevelTrend":"NO_CHANGE","loadLevelTrend":"NO_CHANGE","trainingStatusFeedbackPhrase":"MAINTAINING_AER_LOW_SHORT"},{"userProfilePK":76018113,"calendarDate":"2023-02-08","deviceId":3401978503,"timestamp":"2023-02-07T23:03:06.0","sport":"RUNNING","subSport":"GENERIC","weeklyTrainingLoadSum":774,"loadTunnelMin":722,"loadTunnelMax":1540,"trainingStatus":"RECOVERY","fitnessLevelTrend":"NO_CHANGE","loadLevelTrend":"DECREASING","trainingStatusFeedbackPhrase":"RECOVERY_AER_LOW_SHORT"},{"userProfilePK":76018113,"calendarDate":"2023-02-08","deviceId":3401978503,"timestamp":"2023-02-08T06:30:21.0","sport":"RUNNING","subSport":"GENERIC","weeklyTrainingLoadSum":892,"loadTunnelMin":722,"loadTunnelMax":1540,"trainingStatus":"MAINTAINING","fitnessLevelTrend":"NO_CHANGE","loadLevelTrend":"NO_CHANGE","trainingStatusFeedbackPhrase":"MAINTAINING_AER_LOW_SHORT"},{"userProfilePK":76018113,"calendarDate":"2023-02-09","deviceId":3401978503,"timestamp":"2023-02-08T23:03:11.0","sport":"RUNNING","subSport":"GENERIC","weeklyTrainingLoadSum":892,"loadTunnelMin":722,"loadTunnelMax":1540,"trainingStatus":"MAINTAINING","fitnessLevelTrend":"NO_CHANGE","loadLevelTrend":"NO_CHANGE","trainingStatusFeedbackPhrase":"MAINTAINING_AER_LOW_SHORT"},{"userProfilePK":76018113,"calendarDate":"2023-02-10","deviceId":3401978503,"timestamp":"2023-02-09T23:03:13.0","sport":"RUNNING","subSport":"GENERIC","weeklyTrainingLoadSum":687,"loadTunnelMin":559,"loadTunnelMax":1258,"trainingStatus":"RECOVERY","fitnessLevelTrend":"NO_CHANGE","loadLevelTrend":"DECREASING","trainingStatusFeedbackPhrase":"RECOVERY_AER_LOW_SHORT"},{"userProfilePK":76018113,"calendarDate":"2023-02-10","deviceId":3401978503,"timestamp":"2023-02-10T07:20:53.0","sport":"RUNNING","subSport":"GENERIC","weeklyTrainingLoadSum":910,"loadTunnelMin":722,"loadTunnelMax":1540,"trainingStatus":"MAINTAINING","fitnessLevelTrend":"NO_CHANGE","loadLevelTrend":"NO_CHANGE","trainingStatusFeedbackPhrase":"MAINTAINING_AER_LOW_SHORT"},{"userProfilePK":76018113,"calendarDate":"2023-02-11","deviceId":3401978503,"timestamp":"2023-02-10T23:03:17.0","sport":"RUNNING","subSport":"GENERIC","weeklyTrainingLoadSum":910,"loadTunnelMin":559,"loadTunnelMax":1258,"trainingStatus":"MAINTAINING","fitnessLevelTrend":"NO_CHANGE","loadLevelTrend":"NO_CHANGE","trainingStatusFeedbackPhrase":"MAINTAINING_AER_LOW_SHORT"},{"userProfilePK":76018113,"calendarDate":"2023-02-11","deviceId":3401978503,"timestamp":"2023-02-11T08:50:31.0","sport":"RUNNING","subSport":"GENERIC","weeklyTrainingLoadSum":1063,"loadTunnelMin":559,"loadTunnelMax":1258,"trainingStatus":"PRODUCTIVE","fitnessLevelTrend":"NO_CHANGE","loadLevelTrend":"INCREASING","trainingStatusFeedbackPhrase":"PRODUCTIVE_AER_LOW_SHORT"},{"userProfilePK":76018113,"calendarDate":"2023-02-12","deviceId":3401978503,"timestamp":"2023-02-11T23:03:18.0","sport":"RUNNING","subSport":"GENERIC","weeklyTrainingLoadSum":825,"loadTunnelMin":559,"loadTunnelMax":1258,"trainingStatus":"PRODUCTIVE","fitnessLevelTrend":"NO_CHANGE","loadLevelTrend":"NO_CHANGE","trainingStatusFeedbackPhrase":"PRODUCTIVE_AER_LOW_SHORT"},{"userProfilePK":76018113,"calendarDate":"2023-02-12","deviceId":3401978503,"timestamp":"2023-02-12T09:24:45.0","sport":"RUNNING","subSport":"GENERIC","weeklyTrainingLoadSum":1040,"loadTunnelMin":722,"loadTunnelMax":1540,"trainingStatus":"MAINTAINING","fitnessLevelTrend":"NO_CHANGE","loadLevelTrend":"NO_CHANGE","trainingStatusFeedbackPhrase":"MAINTAINING_AER_LOW_SHORT"},{"userProfilePK":76018113,"calendarDate":"2023-02-13","deviceId":3401978503,"timestamp":"2023-02-12T23:03:22.0","sport":"RUNNING","subSport":"GENERIC","weeklyTrainingLoadSum":709,"loadTunnelMin":722,"loadTunnelMax":1540,"trainingStatus":"RECOVERY","fitnessLevelTrend":"NO_CHANGE","loadLevelTrend":"DECREASING","trainingStatusFeedbackPhrase":"RECOVERY_AER_LOW_SHORT"},{"userProfilePK":76018113,"calendarDate":"2023-02-14","deviceId":3401978503,"timestamp":"2023-02-13T23:03:26.0","sport":"RUNNING","subSport":"GENERIC","weeklyTrainingLoadSum":709,"loadTunnelMin":559,"loadTunnelMax":1258,"trainingStatus":"RECOVERY","fitnessLevelTrend":"NO_CHANGE","loadLevelTrend":"DECREASING","trainingStatusFeedbackPhrase":"RECOVERY_AER_LOW_SHORT"},{"userProfilePK":76018113,"calendarDate":"2023-02-14","deviceId":3401978503,"timestamp":"2023-02-14T06:49:11.0","sport":"RUNNING","subSport":"GENERIC","weeklyTrainingLoadSum":828,"loadTunnelMin":722,"loadTunnelMax":1540,"trainingStatus":"MAINTAINING","fitnessLevelTrend":"NO_CHANGE","loadLevelTrend":"NO_CHANGE","trainingStatusFeedbackPhrase":"MAINTAINING_AER_LOW_SHORT"},{"userProfilePK":76018113,"calendarDate":"2023-02-15","deviceId":3401978503,"timestamp":"2023-02-14T23:03:30.0","sport":"RUNNING","subSport":"GENERIC","weeklyTrainingLoadSum":710,"loadTunnelMin":559,"loadTunnelMax":1258,"trainingStatus":"RECOVERY","fitnessLevelTrend":"NO_CHANGE","loadLevelTrend":"DECREASING","trainingStatusFeedbackPhrase":"RECOVERY_AER_LOW_SHORT"},{"userProfilePK":76018113,"calendarDate":"2023-02-16","deviceId":3401978503,"timestamp":"2023-02-15T23:03:34.0","sport":"RUNNING","subSport":"GENERIC","weeklyTrainingLoadSum":710,"loadTunnelMin":559,"loadTunnelMax":1258,"trainingStatus":"RECOVERY","fitnessLevelTrend":"NO_CHANGE","loadLevelTrend":"DECREASING","trainingStatusFeedbackPhrase":"RECOVERY_AER_LOW_SHORT"},{"userProfilePK":76018113,"calendarDate":"2023-02-16","deviceId":3401978503,"timestamp":"2023-02-16T07:04:38.0","sport":"RUNNING","subSport":"GENERIC","weeklyTrainingLoadSum":891,"loadTunnelMin":722,"loadTunnelMax":1540,"trainingStatus":"MAINTAINING","fitnessLevelTrend":"NO_CHANGE","loadLevelTrend":"NO_CHANGE","trainingStatusFeedbackPhrase":"MAINTAINING_AER_LOW_SHORT"},{"userProfilePK":76018113,"calendarDate":"2023-02-17","deviceId":3401978503,"timestamp":"2023-02-16T23:03:38.0","sport":"RUNNING","subSport":"GENERIC","weeklyTrainingLoadSum":668,"loadTunnelMin":559,"loadTunnelMax":1258,"trainingStatus":"RECOVERY","fitnessLevelTrend":"NO_CHANGE","loadLevelTrend":"DECREASING","trainingStatusFeedbackPhrase":"RECOVERY_AER_LOW_SHORT"},{"userProfilePK":76018113,"calendarDate":"2023-02-18","deviceId":3401978503,"timestamp":"2023-02-17T23:03:41.0","sport":"RUNNING","subSport":"GENERIC","weeklyTrainingLoadSum":515,"loadTunnelMin":559,"loadTunnelMax":1258,"trainingStatus":"RECOVERY","fitnessLevelTrend":"NO_CHANGE","loadLevelTrend":"DECREASING","trainingStatusFeedbackPhrase":"RECOVERY_AER_LOW_SHORT"},{"userProfilePK":76018113,"calendarDate":"2023-02-19","deviceId":3401978503,"timestamp":"2023-02-18T23:03:45.0","sport":"RUNNING","subSport":"GENERIC","weeklyTrainingLoadSum":300,"loadTunnelMin":559,"loadTunnelMax":1258,"trainingStatus":"RECOVERY","fitnessLevelTrend":"NO_CHANGE","loadLevelTrend":"DECREASING","trainingStatusFeedbackPhrase":"RECOVERY_AER_LOW_SHORT"},{"userProfilePK":76018113,"calendarDate":"2023-02-19","deviceId":3401978503,"timestamp":"2023-02-19T11:31:29.0","sport":"RUNNING","subSport":"GENERIC","weeklyTrainingLoadSum":719,"loadTunnelMin":559,"loadTunnelMax":1258,"trainingStatus":"RECOVERY","fitnessLevelTrend":"NO_CHANGE","loadLevelTrend":"DECREASING","trainingStatusFeedbackPhrase":"RECOVERY_AER_LOW_SHORT"},{"userProfilePK":76018113,"calendarDate":"2023-02-20","deviceId":3401978503,"timestamp":"2023-02-19T23:03:48.0","sport":"RUNNING","subSport":"GENERIC","weeklyTrainingLoadSum":719,"loadTunnelMin":559,"loadTunnelMax":1258,"trainingStatus":"RECOVERY","fitnessLevelTrend":"NO_CHANGE","loadLevelTrend":"NO_CHANGE","trainingStatusFeedbackPhrase":"RECOVERY_AER_LOW_SHORT"},{"userProfilePK":76018113,"calendarDate":"2023-02-21","deviceId":3401978503,"timestamp":"2023-02-20T23:03:52.0","sport":"RUNNING","subSport":"GENERIC","weeklyTrainingLoadSum":600,"loadTunnelMin":559,"loadTunnelMax":1258,"trainingStatus":"RECOVERY","fitnessLevelTrend":"NO_CHANGE","loadLevelTrend":"DECREASING","trainingStatusFeedbackPhrase":"RECOVERY_AER_LOW_SHORT"},{"userProfilePK":76018113,"calendarDate":"2023-02-22","deviceId":3401978503,"timestamp":"2023-02-21T23:03:56.0","sport":"RUNNING","subSport":"GENERIC","weeklyTrainingLoadSum":600,"loadTunnelMin":559,"loadTunnelMax":1258,"trainingStatus":"RECOVERY","fitnessLevelTrend":"NO_CHANGE","loadLevelTrend":"DECREASING","trainingStatusFeedbackPhrase":"RECOVERY_AER_LOW_SHORT"},{"userProfilePK":76018113,"calendarDate":"2023-02-23","deviceId":3401978503,"timestamp":"2023-02-22T23:04:00.0","sport":"RUNNING","subSport":"GENERIC","weeklyTrainingLoadSum":419,"loadTunnelMin":559,"loadTunnelMax":1258,"trainingStatus":"RECOVERY","fitnessLevelTrend":"NO_CHANGE","loadLevelTrend":"DECREASING","trainingStatusFeedbackPhrase":"RECOVERY_AER_LOW_SHORT"},{"userProfilePK":76018113,"calendarDate":"2023-02-24","deviceId":3401978503,"timestamp":"2023-02-23T23:04:05.0","sport":"RUNNING","subSport":"GENERIC","weeklyTrainingLoadSum":419,"loadTunnelMin":559,"loadTunnelMax":1258,"trainingStatus":"RECOVERY","fitnessLevelTrend":"NO_CHANGE","loadLevelTrend":"DECREASING","trainingStatusFeedbackPhrase":"RECOVERY_AER_LOW_SHORT"},{"userProfilePK":76018113,"calendarDate":"2023-02-25","deviceId":3401978503,"timestamp":"2023-02-24T23:04:08.0","sport":"RUNNING","subSport":"GENERIC","weeklyTrainingLoadSum":419,"loadTunnelMin":446,"loadTunnelMax":988,"trainingStatus":"RECOVERY","fitnessLevelTrend":"NO_CHANGE","loadLevelTrend":"DECREASING","trainingStatusFeedbackPhrase":"RECOVERY_AER_LOW_SHORT"},{"userProfilePK":76018113,"calendarDate":"2023-02-26","deviceId":3401978503,"timestamp":"2023-02-25T23:04:12.0","sport":"RUNNING","subSport":"GENERIC","weeklyTrainingLoadSum":0,"loadTunnelMin":446,"loadTunnelMax":988,"trainingStatus":"DETRAINING","fitnessLevelTrend":"NO_CHANGE","loadLevelTrend":"DECREASING","trainingStatusFeedbackPhrase":"DETRAINING_AER_LOW_SHORT"},{"userProfilePK":76018113,"calendarDate":"2023-02-27","deviceId":3401978503,"timestamp":"2023-02-26T23:04:15.0","sport":"RUNNING","subSport":"GENERIC","weeklyTrainingLoadSum":0,"loadTunnelMin":446,"loadTunnelMax":988,"trainingStatus":"DETRAINING","fitnessLevelTrend":"NO_CHANGE","loadLevelTrend":"DECREASING","trainingStatusFeedbackPhrase":"DETRAINING_AER_LOW_SHORT"},{"userProfilePK":76018113,"calendarDate":"2023-02-28","deviceId":3401978503,"timestamp":"2023-02-27T23:04:15.0","sport":"RUNNING","subSport":"GENERIC","weeklyTrainingLoadSum":0,"loadTunnelMin":446,"loadTunnelMax":988,"trainingStatus":"DETRAINING","fitnessLevelTrend":"NO_CHANGE","loadLevelTrend":"DECREASING","trainingStatusFeedbackPhrase":"DETRAINING_AER_LOW_SHORT"},{"userProfilePK":76018113,"calendarDate":"2023-02-28","deviceId":3401978503,"timestamp":"2023-02-28T06:57:14.0","sport":"RUNNING","subSport":"GENERIC","weeklyTrainingLoadSum":150,"loadTunnelMin":446,"loadTunnelMax":988,"trainingStatus":"MAINTAINING","fitnessLevelTrend":"NO_CHANGE","loadLevelTrend":"DECREASING","trainingStatusFeedbackPhrase":"MAINTAINING_AER_LOW_SHORT"},{"userProfilePK":76018113,"calendarDate":"2023-03-01","deviceId":3401978503,"timestamp":"2023-02-28T23:04:21.0","sport":"RUNNING","subSport":"GENERIC","weeklyTrainingLoadSum":150,"loadTunnelMin":446,"loadTunnelMax":988,"trainingStatus":"MAINTAINING","fitnessLevelTrend":"NO_CHANGE","loadLevelTrend":"DECREASING","trainingStatusFeedbackPhrase":"MAINTAINING_AER_LOW_SHORT"},{"userProfilePK":76018113,"calendarDate":"2023-03-02","deviceId":3401978503,"timestamp":"2023-03-01T23:05:56.0","sport":"RUNNING","subSport":"GENERIC","weeklyTrainingLoadSum":150,"loadTunnelMin":446,"loadTunnelMax":988,"trainingStatus":"MAINTAINING","fitnessLevelTrend":"NO_CHANGE","loadLevelTrend":"DECREASING","trainingStatusFeedbackPhrase":"MAINTAINING_AER_LOW_SHORT"},{"userProfilePK":76018113,"calendarDate":"2023-03-02","deviceId":3401978503,"timestamp":"2023-03-02T06:57:12.0","sport":"RUNNING","subSport":"GENERIC","weeklyTrainingLoadSum":378,"loadTunnelMin":446,"loadTunnelMax":988,"trainingStatus":"MAINTAINING","fitnessLevelTrend":"NO_CHANGE","loadLevelTrend":"DECREASING","trainingStatusFeedbackPhrase":"MAINTAINING_AER_LOW_SHORT"},{"userProfilePK":76018113,"calendarDate":"2023-03-03","deviceId":3401978503,"timestamp":"2023-03-02T23:01:01.0","sport":"RUNNING","subSport":"GENERIC","weeklyTrainingLoadSum":378,"loadTunnelMin":446,"loadTunnelMax":988,"trainingStatus":"MAINTAINING","fitnessLevelTrend":"NO_CHANGE","loadLevelTrend":"DECREASING","trainingStatusFeedbackPhrase":"MAINTAINING_AER_LOW_SHORT"},{"userProfilePK":76018113,"calendarDate":"2023-03-03","deviceId":3401978503,"timestamp":"2023-03-03T07:11:03.0","sport":"RUNNING","subSport":"GENERIC","weeklyTrainingLoadSum":582,"loadTunnelMin":446,"loadTunnelMax":988,"trainingStatus":"MAINTAINING","fitnessLevelTrend":"NO_CHANGE","loadLevelTrend":"NO_CHANGE","trainingStatusFeedbackPhrase":"MAINTAINING_AER_LOW_SHORT"},{"userProfilePK":76018113,"calendarDate":"2023-03-04","deviceId":3401978503,"timestamp":"2023-03-03T23:01:04.0","sport":"RUNNING","subSport":"GENERIC","weeklyTrainingLoadSum":582,"loadTunnelMin":446,"loadTunnelMax":988,"trainingStatus":"MAINTAINING","fitnessLevelTrend":"NO_CHANGE","loadLevelTrend":"NO_CHANGE","trainingStatusFeedbackPhrase":"MAINTAINING_AER_LOW_SHORT"},{"userProfilePK":76018113,"calendarDate":"2023-03-05","deviceId":3401978503,"timestamp":"2023-03-04T23:01:07.0","sport":"RUNNING","subSport":"GENERIC","weeklyTrainingLoadSum":582,"loadTunnelMin":446,"loadTunnelMax":988,"trainingStatus":"MAINTAINING","fitnessLevelTrend":"NO_CHANGE","loadLevelTrend":"NO_CHANGE","trainingStatusFeedbackPhrase":"MAINTAINING_AER_LOW_SHORT"},{"userProfilePK":76018113,"calendarDate":"2023-03-05","deviceId":3401978503,"timestamp":"2023-03-05T11:53:19.0","sport":"RUNNING","subSport":"GENERIC","weeklyTrainingLoadSum":741,"loadTunnelMin":446,"loadTunnelMax":988,"trainingStatus":"MAINTAINING","fitnessLevelTrend":"NO_CHANGE","loadLevelTrend":"INCREASING","trainingStatusFeedbackPhrase":"MAINTAINING_AER_LOW_SHORT"},{"userProfilePK":76018113,"calendarDate":"2023-03-06","deviceId":3401978503,"timestamp":"2023-03-05T23:01:12.0","sport":"RUNNING","subSport":"GENERIC","weeklyTrainingLoadSum":741,"loadTunnelMin":360,"loadTunnelMax":794,"trainingStatus":"MAINTAINING","fitnessLevelTrend":"NO_CHANGE","loadLevelTrend":"INCREASING","trainingStatusFeedbackPhrase":"MAINTAINING_AER_LOW_SHORT"},{"userProfilePK":76018113,"calendarDate":"2023-03-06","deviceId":3401978503,"timestamp":"2023-03-06T22:28:54.0","sport":"RUNNING","subSport":"GENERIC","weeklyTrainingLoadSum":929,"loadTunnelMin":446,"loadTunnelMax":988,"trainingStatus":"PRODUCTIVE","fitnessLevelTrend":"NO_CHANGE","loadLevelTrend":"INCREASING","trainingStatusFeedbackPhrase":"PRODUCTIVE_AER_LOW_SHORT"},{"userProfilePK":76018113,"calendarDate":"2023-03-07","deviceId":3401978503,"timestamp":"2023-03-06T23:01:16.0","sport":"RUNNING","subSport":"GENERIC","weeklyTrainingLoadSum":779,"loadTunnelMin":446,"loadTunnelMax":988,"trainingStatus":"PRODUCTIVE","fitnessLevelTrend":"NO_CHANGE","loadLevelTrend":"INCREASING","trainingStatusFeedbackPhrase":"PRODUCTIVE_AER_LOW_SHORT"},{"userProfilePK":76018113,"calendarDate":"2023-03-08","deviceId":3401978503,"timestamp":"2023-03-07T23:01:21.0","sport":"RUNNING","subSport":"GENERIC","weeklyTrainingLoadSum":779,"loadTunnelMin":446,"loadTunnelMax":988,"trainingStatus":"PRODUCTIVE","fitnessLevelTrend":"NO_CHANGE","loadLevelTrend":"INCREASING","trainingStatusFeedbackPhrase":"PRODUCTIVE_AER_LOW_SHORT"},{"userProfilePK":76018113,"calendarDate":"2023-03-09","deviceId":3401978503,"timestamp":"2023-03-08T23:01:24.0","sport":"RUNNING","subSport":"GENERIC","weeklyTrainingLoadSum":551,"loadTunnelMin":446,"loadTunnelMax":988,"trainingStatus":"PRODUCTIVE","fitnessLevelTrend":"NO_CHANGE","loadLevelTrend":"NO_CHANGE","trainingStatusFeedbackPhrase":"PRODUCTIVE_AER_LOW_SHORT"},{"userProfilePK":76018113,"calendarDate":"2023-03-10","deviceId":3401978503,"timestamp":"2023-03-09T23:01:27.0","sport":"RUNNING","subSport":"GENERIC","weeklyTrainingLoadSum":347,"loadTunnelMin":360,"loadTunnelMax":794,"trainingStatus":"RECOVERY","fitnessLevelTrend":"NO_CHANGE","loadLevelTrend":"DECREASING","trainingStatusFeedbackPhrase":"RECOVERY_AER_LOW_SHORT"},{"userProfilePK":76018113,"calendarDate":"2023-03-10","deviceId":3401978503,"timestamp":"2023-03-10T06:55:55.0","sport":"RUNNING","subSport":"GENERIC","weeklyTrainingLoadSum":525,"loadTunnelMin":446,"loadTunnelMax":988,"trainingStatus":"MAINTAINING","fitnessLevelTrend":"NO_CHANGE","loadLevelTrend":"NO_CHANGE","trainingStatusFeedbackPhrase":"MAINTAINING_AER_LOW_SHORT"},{"userProfilePK":76018113,"calendarDate":"2023-03-11","deviceId":3401978503,"timestamp":"2023-03-10T23:01:33.0","sport":"RUNNING","subSport":"GENERIC","weeklyTrainingLoadSum":525,"loadTunnelMin":360,"loadTunnelMax":794,"trainingStatus":"MAINTAINING","fitnessLevelTrend":"NO_CHANGE","loadLevelTrend":"NO_CHANGE","trainingStatusFeedbackPhrase":"MAINTAINING_AER_LOW_SHORT"},{"userProfilePK":76018113,"calendarDate":"2023-03-12","deviceId":3401978503,"timestamp":"2023-03-11T23:01:37.0","sport":"RUNNING","subSport":"GENERIC","weeklyTrainingLoadSum":366,"loadTunnelMin":360,"loadTunnelMax":794,"trainingStatus":"RECOVERY","fitnessLevelTrend":"NO_CHANGE","loadLevelTrend":"DECREASING","trainingStatusFeedbackPhrase":"RECOVERY_AER_LOW_SHORT"},{"userProfilePK":76018113,"calendarDate":"2023-03-12","deviceId":3401978503,"timestamp":"2023-03-12T10:35:33.0","sport":"RUNNING","subSport":"GENERIC","weeklyTrainingLoadSum":584,"loadTunnelMin":360,"loadTunnelMax":794,"trainingStatus":"MAINTAINING","fitnessLevelTrend":"NO_CHANGE","loadLevelTrend":"NO_CHANGE","trainingStatusFeedbackPhrase":"MAINTAINING_AER_LOW_SHORT"},{"userProfilePK":76018113,"calendarDate":"2023-03-13","deviceId":3401978503,"timestamp":"2023-03-12T23:01:41.0","sport":"RUNNING","subSport":"GENERIC","weeklyTrainingLoadSum":396,"loadTunnelMin":360,"loadTunnelMax":794,"trainingStatus":"RECOVERY","fitnessLevelTrend":"NO_CHANGE","loadLevelTrend":"DECREASING","trainingStatusFeedbackPhrase":"RECOVERY_AER_LOW_SHORT"},{"userProfilePK":76018113,"calendarDate":"2023-03-13","deviceId":3401978503,"timestamp":"2023-03-12T23:53:35.0","sport":"RUNNING","subSport":"GENERIC","weeklyTrainingLoadSum":423,"loadTunnelMin":360,"loadTunnelMax":794,"trainingStatus":"RECOVERY","fitnessLevelTrend":"NO_CHANGE","loadLevelTrend":"DECREASING","trainingStatusFeedbackPhrase":"RECOVERY_AER_LOW_SHORT"},{"userProfilePK":76018113,"calendarDate":"2023-03-14","deviceId":3401978503,"timestamp":"2023-03-13T23:01:44.0","sport":"RUNNING","subSport":"GENERIC","weeklyTrainingLoadSum":423,"loadTunnelMin":360,"loadTunnelMax":794,"trainingStatus":"RECOVERY","fitnessLevelTrend":"NO_CHANGE","loadLevelTrend":"NO_CHANGE","trainingStatusFeedbackPhrase":"RECOVERY_AER_LOW_SHORT"},{"userProfilePK":76018113,"calendarDate":"2023-03-14","deviceId":3401978503,"timestamp":"2023-03-14T06:08:11.0","sport":"RUNNING","subSport":"GENERIC","weeklyTrainingLoadSum":617,"loadTunnelMin":360,"loadTunnelMax":794,"trainingStatus":"MAINTAINING","fitnessLevelTrend":"NO_CHANGE","loadLevelTrend":"INCREASING","trainingStatusFeedbackPhrase":"MAINTAINING_AER_LOW_SHORT"},{"userProfilePK":76018113,"calendarDate":"2023-03-15","deviceId":3401978503,"timestamp":"2023-03-14T23:01:48.0","sport":"RUNNING","subSport":"GENERIC","weeklyTrainingLoadSum":617,"loadTunnelMin":360,"loadTunnelMax":794,"trainingStatus":"MAINTAINING","fitnessLevelTrend":"NO_CHANGE","loadLevelTrend":"INCREASING","trainingStatusFeedbackPhrase":"MAINTAINING_AER_LOW_SHORT"},{"userProfilePK":76018113,"calendarDate":"2023-03-15","deviceId":3401978503,"timestamp":"2023-03-15T05:38:54.0","sport":"RUNNING","subSport":"GENERIC","weeklyTrainingLoadSum":835,"loadTunnelMin":446,"loadTunnelMax":988,"trainingStatus":"PRODUCTIVE","fitnessLevelTrend":"NO_CHANGE","loadLevelTrend":"INCREASING","trainingStatusFeedbackPhrase":"PRODUCTIVE_AER_LOW_SHORT"},{"userProfilePK":76018113,"calendarDate":"2023-03-16","deviceId":3401978503,"timestamp":"2023-03-15T23:01:51.0","sport":"RUNNING","subSport":"GENERIC","weeklyTrainingLoadSum":835,"loadTunnelMin":446,"loadTunnelMax":988,"trainingStatus":"PRODUCTIVE","fitnessLevelTrend":"NO_CHANGE","loadLevelTrend":"INCREASING","trainingStatusFeedbackPhrase":"PRODUCTIVE_AER_LOW_SHORT"},{"userProfilePK":76018113,"calendarDate":"2023-03-17","deviceId":3401978503,"timestamp":"2023-03-16T23:01:58.0","sport":"RUNNING","subSport":"GENERIC","weeklyTrainingLoadSum":657,"loadTunnelMin":446,"loadTunnelMax":988,"trainingStatus":"PRODUCTIVE","fitnessLevelTrend":"NO_CHANGE","loadLevelTrend":"INCREASING","trainingStatusFeedbackPhrase":"PRODUCTIVE_AER_LOW_SHORT"},{"userProfilePK":76018113,"calendarDate":"2023-03-17","deviceId":3401978503,"timestamp":"2023-03-17T06:27:34.0","sport":"RUNNING","subSport":"GENERIC","weeklyTrainingLoadSum":840,"loadTunnelMin":446,"loadTunnelMax":988,"trainingStatus":"PRODUCTIVE","fitnessLevelTrend":"NO_CHANGE","loadLevelTrend":"INCREASING","trainingStatusFeedbackPhrase":"PRODUCTIVE_AER_LOW_SHORT"},{"userProfilePK":76018113,"calendarDate":"2023-03-18","deviceId":3401978503,"timestamp":"2023-03-17T23:02:06.0","sport":"RUNNING","subSport":"GENERIC","weeklyTrainingLoadSum":840,"loadTunnelMin":446,"loadTunnelMax":988,"trainingStatus":"PRODUCTIVE","fitnessLevelTrend":"NO_CHANGE","loadLevelTrend":"INCREASING","trainingStatusFeedbackPhrase":"PRODUCTIVE_AER_LOW_SHORT"},{"userProfilePK":76018113,"calendarDate":"2023-03-18","deviceId":3401978503,"timestamp":"2023-03-18T10:06:23.0","sport":"RUNNING","subSport":"GENERIC","weeklyTrainingLoadSum":840,"loadTunnelMin":446,"loadTunnelMax":988,"trainingStatus":"PRODUCTIVE","fitnessLevelTrend":"NO_CHANGE","loadLevelTrend":"INCREASING","trainingStatusFeedbackPhrase":"PRODUCTIVE_AER_LOW_SHORT"},{"userProfilePK":76018113,"calendarDate":"2023-03-18","deviceId":3401978503,"timestamp":"2023-03-18T11:13:06.0","sport":"RUNNING","subSport":"GENERIC","weeklyTrainingLoadSum":1017,"loadTunnelMin":446,"loadTunnelMax":988,"trainingStatus":"PRODUCTIVE","fitnessLevelTrend":"NO_CHANGE","loadLevelTrend":"INCREASING","trainingStatusFeedbackPhrase":"PRODUCTIVE_AER_LOW_SHORT"},{"userProfilePK":76018113,"calendarDate":"2023-03-19","deviceId":3401978503,"timestamp":"2023-03-18T23:02:09.0","sport":"RUNNING","subSport":"GENERIC","weeklyTrainingLoadSum":772,"loadTunnelMin":360,"loadTunnelMax":794,"trainingStatus":"PRODUCTIVE","fitnessLevelTrend":"NO_CHANGE","loadLevelTrend":"INCREASING","trainingStatusFeedbackPhrase":"PRODUCTIVE_AER_LOW_SHORT"},{"userProfilePK":76018113,"calendarDate":"2023-03-20","deviceId":3401978503,"timestamp":"2023-03-19T23:02:12.0","sport":"RUNNING","subSport":"GENERIC","weeklyTrainingLoadSum":772,"loadTunnelMin":360,"loadTunnelMax":794,"trainingStatus":"PRODUCTIVE","fitnessLevelTrend":"NO_CHANGE","loadLevelTrend":"INCREASING","trainingStatusFeedbackPhrase":"PRODUCTIVE_AER_LOW_SHORT"},{"userProfilePK":76018113,"calendarDate":"2023-03-20","deviceId":3401978503,"timestamp":"2023-03-19T23:59:59.0","sport":"RUNNING","subSport":"GENERIC","weeklyTrainingLoadSum":855,"loadTunnelMin":446,"loadTunnelMax":988,"trainingStatus":"PRODUCTIVE","fitnessLevelTrend":"NO_CHANGE","loadLevelTrend":"INCREASING","trainingStatusFeedbackPhrase":"PRODUCTIVE_AER_LOW_SHORT"},{"userProfilePK":76018113,"calendarDate":"2023-03-20","deviceId":3401978503,"timestamp":"2023-03-20T06:41:44.0","sport":"RUNNING","subSport":"GENERIC","weeklyTrainingLoadSum":855,"loadTunnelMin":446,"loadTunnelMax":988,"trainingStatus":"PRODUCTIVE","fitnessLevelTrend":"NO_CHANGE","loadLevelTrend":"INCREASING","trainingStatusFeedbackPhrase":"PRODUCTIVE_AER_LOW_SHORT"},{"userProfilePK":76018113,"calendarDate":"2023-03-20","deviceId":3401978503,"timestamp":"2023-03-20T18:35:28.0","sport":"RUNNING","subSport":"GENERIC","weeklyTrainingLoadSum":1070,"loadTunnelMin":446,"loadTunnelMax":988,"trainingStatus":"PRODUCTIVE","fitnessLevelTrend":"NO_CHANGE","loadLevelTrend":"INCREASING","trainingStatusFeedbackPhrase":"PRODUCTIVE_AER_LOW_SHORT"},{"userProfilePK":76018113,"calendarDate":"2023-03-21","deviceId":3401978503,"timestamp":"2023-03-20T23:02:17.0","sport":"RUNNING","subSport":"GENERIC","weeklyTrainingLoadSum":876,"loadTunnelMin":446,"loadTunnelMax":988,"trainingStatus":"PRODUCTIVE","fitnessLevelTrend":"NO_CHANGE","loadLevelTrend":"INCREASING","trainingStatusFeedbackPhrase":"PRODUCTIVE_AER_LOW_SHORT"},{"userProfilePK":76018113,"calendarDate":"2023-03-22","deviceId":3401978503,"timestamp":"2023-03-21T23:04:05.0","sport":"RUNNING","subSport":"GENERIC","weeklyTrainingLoadSum":658,"loadTunnelMin":446,"loadTunnelMax":988,"trainingStatus":"PRODUCTIVE","fitnessLevelTrend":"NO_CHANGE","loadLevelTrend":"NO_CHANGE","trainingStatusFeedbackPhrase":"PRODUCTIVE_AER_LOW_SHORT"},{"userProfilePK":76018113,"calendarDate":"2023-03-22","deviceId":3401978503,"timestamp":"2023-03-22T06:42:55.0","sport":"RUNNING","subSport":"GENERIC","weeklyTrainingLoadSum":780,"loadTunnelMin":446,"loadTunnelMax":988,"trainingStatus":"MAINTAINING","fitnessLevelTrend":"NO_CHANGE","loadLevelTrend":"INCREASING","trainingStatusFeedbackPhrase":"MAINTAINING_AER_LOW_SHORT"},{"userProfilePK":76018113,"calendarDate":"2023-03-23","deviceId":3401978503,"timestamp":"2023-03-22T23:04:09.0","sport":"RUNNING","subSport":"GENERIC","weeklyTrainingLoadSum":780,"loadTunnelMin":446,"loadTunnelMax":988,"trainingStatus":"MAINTAINING","fitnessLevelTrend":"NO_CHANGE","loadLevelTrend":"INCREASING","trainingStatusFeedbackPhrase":"MAINTAINING_AER_LOW_SHORT"},{"userProfilePK":76018113,"calendarDate":"2023-03-24","deviceId":3401978503,"timestamp":"2023-03-23T23:04:15.0","sport":"RUNNING","subSport":"GENERIC","weeklyTrainingLoadSum":597,"loadTunnelMin":446,"loadTunnelMax":988,"trainingStatus":"MAINTAINING","fitnessLevelTrend":"NO_CHANGE","loadLevelTrend":"NO_CHANGE","trainingStatusFeedbackPhrase":"MAINTAINING_AER_LOW_SHORT"},{"userProfilePK":76018113,"calendarDate":"2023-03-24","deviceId":3401978503,"timestamp":"2023-03-24T06:37:13.0","sport":"RUNNING","subSport":"GENERIC","weeklyTrainingLoadSum":721,"loadTunnelMin":446,"loadTunnelMax":988,"trainingStatus":"MAINTAINING","fitnessLevelTrend":"NO_CHANGE","loadLevelTrend":"NO_CHANGE","trainingStatusFeedbackPhrase":"MAINTAINING_AER_LOW_SHORT"},{"userProfilePK":76018113,"calendarDate":"2023-03-25","deviceId":3401978503,"timestamp":"2023-03-24T23:04:19.0","sport":"RUNNING","subSport":"GENERIC","weeklyTrainingLoadSum":544,"loadTunnelMin":446,"loadTunnelMax":988,"trainingStatus":"RECOVERY","fitnessLevelTrend":"NO_CHANGE","loadLevelTrend":"DECREASING","trainingStatusFeedbackPhrase":"RECOVERY_AER_LOW_SHORT"},{"userProfilePK":76018113,"calendarDate":"2023-03-26","deviceId":3401978503,"timestamp":"2023-03-25T23:01:39.0","sport":"RUNNING","subSport":"GENERIC","weeklyTrainingLoadSum":461,"loadTunnelMin":446,"loadTunnelMax":988,"trainingStatus":"RECOVERY","fitnessLevelTrend":"NO_CHANGE","loadLevelTrend":"DECREASING","trainingStatusFeedbackPhrase":"RECOVERY_AER_LOW_SHORT"},{"userProfilePK":76018113,"calendarDate":"2023-03-26","deviceId":3401978503,"timestamp":"2023-03-26T07:51:24.0","sport":"RUNNING","subSport":"GENERIC","weeklyTrainingLoadSum":684,"loadTunnelMin":559,"loadTunnelMax":1258,"trainingStatus":"MAINTAINING","fitnessLevelTrend":"NO_CHANGE","loadLevelTrend":"NO_CHANGE","trainingStatusFeedbackPhrase":"MAINTAINING_AER_LOW_SHORT"},{"userProfilePK":76018113,"calendarDate":"2023-03-27","deviceId":3401978503,"timestamp":"2023-03-26T22:01:44.0","sport":"RUNNING","subSport":"GENERIC","weeklyTrainingLoadSum":469,"loadTunnelMin":559,"loadTunnelMax":1258,"trainingStatus":"RECOVERY","fitnessLevelTrend":"NO_CHANGE","loadLevelTrend":"DECREASING","trainingStatusFeedbackPhrase":"RECOVERY_AER_LOW_SHORT"},{"userProfilePK":76018113,"calendarDate":"2023-03-27","deviceId":3401978503,"timestamp":"2023-03-27T05:00:04.0","sport":"RUNNING","subSport":"GENERIC","weeklyTrainingLoadSum":469,"loadTunnelMin":559,"loadTunnelMax":1258,"trainingStatus":"RECOVERY","fitnessLevelTrend":"NO_CHANGE","loadLevelTrend":"DECREASING","trainingStatusFeedbackPhrase":"RECOVERY_AER_LOW_SHORT"},{"userProfilePK":76018113,"calendarDate":"2023-03-27","deviceId":3401978503,"timestamp":"2023-03-27T05:59:12.0","sport":"RUNNING","subSport":"GENERIC","weeklyTrainingLoadSum":576,"loadTunnelMin":559,"loadTunnelMax":1258,"trainingStatus":"RECOVERY","fitnessLevelTrend":"NO_CHANGE","loadLevelTrend":"DECREASING","trainingStatusFeedbackPhrase":"RECOVERY_AER_LOW_SHORT"},{"userProfilePK":76018113,"calendarDate":"2023-03-28","deviceId":3401978503,"timestamp":"2023-03-27T22:01:47.0","sport":"RUNNING","subSport":"GENERIC","weeklyTrainingLoadSum":576,"loadTunnelMin":559,"loadTunnelMax":1258,"trainingStatus":"RECOVERY","fitnessLevelTrend":"NO_CHANGE","loadLevelTrend":"DECREASING","trainingStatusFeedbackPhrase":"RECOVERY_AER_LOW_SHORT"},{"userProfilePK":76018113,"calendarDate":"2023-03-29","deviceId":3401978503,"timestamp":"2023-03-28T22:01:51.0","sport":"RUNNING","subSport":"GENERIC","weeklyTrainingLoadSum":454,"loadTunnelMin":559,"loadTunnelMax":1258,"trainingStatus":"RECOVERY","fitnessLevelTrend":"NO_CHANGE","loadLevelTrend":"DECREASING","trainingStatusFeedbackPhrase":"RECOVERY_AER_LOW_SHORT"},{"userProfilePK":76018113,"calendarDate":"2023-03-29","deviceId":3401978503,"timestamp":"2023-03-29T04:45:47.0","sport":"RUNNING","subSport":"GENERIC","weeklyTrainingLoadSum":454,"loadTunnelMin":559,"loadTunnelMax":1258,"trainingStatus":"RECOVERY","fitnessLevelTrend":"NO_CHANGE","loadLevelTrend":"DECREASING","trainingStatusFeedbackPhrase":"RECOVERY_AER_LOW_SHORT"},{"userProfilePK":76018113,"calendarDate":"2023-03-29","deviceId":3401978503,"timestamp":"2023-03-29T05:57:14.0","sport":"RUNNING","subSport":"GENERIC","weeklyTrainingLoadSum":644,"loadTunnelMin":559,"loadTunnelMax":1258,"trainingStatus":"RECOVERY","fitnessLevelTrend":"NO_CHANGE","loadLevelTrend":"DECREASING","trainingStatusFeedbackPhrase":"RECOVERY_AER_LOW_SHORT"},{"userProfilePK":76018113,"calendarDate":"2023-03-30","deviceId":3401978503,"timestamp":"2023-03-29T22:01:56.0","sport":"RUNNING","subSport":"GENERIC","weeklyTrainingLoadSum":644,"loadTunnelMin":559,"loadTunnelMax":1258,"trainingStatus":"RECOVERY","fitnessLevelTrend":"NO_CHANGE","loadLevelTrend":"NO_CHANGE","trainingStatusFeedbackPhrase":"RECOVERY_AER_LOW_SHORT"},{"userProfilePK":76018113,"calendarDate":"2023-03-31","deviceId":3401978503,"timestamp":"2023-03-30T22:01:59.0","sport":"RUNNING","subSport":"GENERIC","weeklyTrainingLoadSum":520,"loadTunnelMin":446,"loadTunnelMax":988,"trainingStatus":"RECOVERY","fitnessLevelTrend":"NO_CHANGE","loadLevelTrend":"DECREASING","trainingStatusFeedbackPhrase":"RECOVERY_AER_LOW_SHORT"},{"userProfilePK":76018113,"calendarDate":"2023-04-01","deviceId":3401978503,"timestamp":"2023-03-31T22:02:02.0","sport":"RUNNING","subSport":"GENERIC","weeklyTrainingLoadSum":520,"loadTunnelMin":446,"loadTunnelMax":988,"trainingStatus":"RECOVERY","fitnessLevelTrend":"NO_CHANGE","loadLevelTrend":"DECREASING","trainingStatusFeedbackPhrase":"RECOVERY_AER_LOW_SHORT"},{"userProfilePK":76018113,"calendarDate":"2023-04-01","deviceId":3401978503,"timestamp":"2023-04-01T10:59:32.0","sport":"RUNNING","subSport":"GENERIC","weeklyTrainingLoadSum":727,"loadTunnelMin":559,"loadTunnelMax":1258,"trainingStatus":"MAINTAINING","fitnessLevelTrend":"NO_CHANGE","loadLevelTrend":"NO_CHANGE","trainingStatusFeedbackPhrase":"MAINTAINING_AER_LOW_SHORT"},{"userProfilePK":76018113,"calendarDate":"2023-04-02","deviceId":3401978503,"timestamp":"2023-04-01T22:02:06.0","sport":"RUNNING","subSport":"GENERIC","weeklyTrainingLoadSum":504,"loadTunnelMin":446,"loadTunnelMax":988,"trainingStatus":"RECOVERY","fitnessLevelTrend":"NO_CHANGE","loadLevelTrend":"DECREASING","trainingStatusFeedbackPhrase":"RECOVERY_AER_LOW_SHORT"},{"userProfilePK":76018113,"calendarDate":"2023-04-03","deviceId":3401978503,"timestamp":"2023-04-02T22:02:09.0","sport":"RUNNING","subSport":"GENERIC","weeklyTrainingLoadSum":397,"loadTunnelMin":446,"loadTunnelMax":988,"trainingStatus":"RECOVERY","fitnessLevelTrend":"NO_CHANGE","loadLevelTrend":"DECREASING","trainingStatusFeedbackPhrase":"RECOVERY_AER_LOW_SHORT"},{"userProfilePK":76018113,"calendarDate":"2023-04-04","deviceId":3401978503,"timestamp":"2023-04-03T22:02:13.0","sport":"RUNNING","subSport":"GENERIC","weeklyTrainingLoadSum":397,"loadTunnelMin":446,"loadTunnelMax":988,"trainingStatus":"RECOVERY","fitnessLevelTrend":"NO_CHANGE","loadLevelTrend":"DECREASING","trainingStatusFeedbackPhrase":"RECOVERY_AER_LOW_SHORT"},{"userProfilePK":76018113,"calendarDate":"2023-04-04","deviceId":3401978503,"timestamp":"2023-04-03T23:59:59.0","sport":"RUNNING","subSport":"GENERIC","weeklyTrainingLoadSum":397,"loadTunnelMin":446,"loadTunnelMax":988,"trainingStatus":"RECOVERY","fitnessLevelTrend":"NO_CHANGE","loadLevelTrend":"DECREASING","trainingStatusFeedbackPhrase":"RECOVERY_AER_LOW_SHORT"},{"userProfilePK":76018113,"calendarDate":"2023-04-05","deviceId":3401978503,"timestamp":"2023-04-04T23:59:59.0","sport":"RUNNING","subSport":"GENERIC","weeklyTrainingLoadSum":207,"loadTunnelMin":446,"loadTunnelMax":988,"trainingStatus":"RECOVERY","fitnessLevelTrend":"NO_CHANGE","loadLevelTrend":"DECREASING","trainingStatusFeedbackPhrase":"RECOVERY_AER_LOW_SHORT"},{"userProfilePK":76018113,"calendarDate":"2023-04-05","deviceId":3401978503,"timestamp":"2023-04-05T07:35:32.0","sport":"RUNNING","subSport":"GENERIC","weeklyTrainingLoadSum":207,"loadTunnelMin":446,"loadTunnelMax":988,"trainingStatus":"RECOVERY","fitnessLevelTrend":"NO_CHANGE","loadLevelTrend":"DECREASING","trainingStatusFeedbackPhrase":"RECOVERY_AER_LOW_SHORT"},{"userProfilePK":76018113,"calendarDate":"2023-04-05","deviceId":3401978503,"timestamp":"2023-04-05T09:08:42.0","sport":"RUNNING","subSport":"GENERIC","weeklyTrainingLoadSum":395,"loadTunnelMin":446,"loadTunnelMax":988,"trainingStatus":"RECOVERY","fitnessLevelTrend":"NO_CHANGE","loadLevelTrend":"DECREASING","trainingStatusFeedbackPhrase":"RECOVERY_AER_LOW_SHORT"},{"userProfilePK":76018113,"calendarDate":"2023-04-06","deviceId":3401978503,"timestamp":"2023-04-05T22:01:38.0","sport":"RUNNING","subSport":"GENERIC","weeklyTrainingLoadSum":395,"loadTunnelMin":446,"loadTunnelMax":988,"trainingStatus":"RECOVERY","fitnessLevelTrend":"NO_CHANGE","loadLevelTrend":"DECREASING","trainingStatusFeedbackPhrase":"RECOVERY_AER_LOW_SHORT"},{"userProfilePK":76018113,"calendarDate":"2023-04-06","deviceId":3401978503,"timestamp":"2023-04-05T23:59:59.0","sport":"RUNNING","subSport":"GENERIC","weeklyTrainingLoadSum":395,"loadTunnelMin":446,"loadTunnelMax":988,"trainingStatus":"RECOVERY","fitnessLevelTrend":"NO_CHANGE","loadLevelTrend":"DECREASING","trainingStatusFeedbackPhrase":"RECOVERY_AER_LOW_SHORT"},{"userProfilePK":76018113,"calendarDate":"2023-04-07","deviceId":3401978503,"timestamp":"2023-04-06T23:59:59.0","sport":"RUNNING","subSport":"GENERIC","weeklyTrainingLoadSum":395,"loadTunnelMin":446,"loadTunnelMax":988,"trainingStatus":"RECOVERY","fitnessLevelTrend":"NO_CHANGE","loadLevelTrend":"DECREASING","trainingStatusFeedbackPhrase":"RECOVERY_AER_LOW_SHORT"},{"userProfilePK":76018113,"calendarDate":"2023-04-07","deviceId":3401978503,"timestamp":"2023-04-07T16:46:59.0","sport":"RUNNING","subSport":"GENERIC","weeklyTrainingLoadSum":395,"loadTunnelMin":446,"loadTunnelMax":988,"trainingStatus":"RECOVERY","fitnessLevelTrend":"NO_CHANGE","loadLevelTrend":"DECREASING","trainingStatusFeedbackPhrase":"RECOVERY_AER_LOW_SHORT"},{"userProfilePK":76018113,"calendarDate":"2023-04-07","deviceId":3401978503,"timestamp":"2023-04-07T18:04:13.0","sport":"RUNNING","subSport":"GENERIC","weeklyTrainingLoadSum":766,"loadTunnelMin":559,"loadTunnelMax":1258,"trainingStatus":"MAINTAINING","fitnessLevelTrend":"NO_CHANGE","loadLevelTrend":"NO_CHANGE","trainingStatusFeedbackPhrase":"MAINTAINING_AER_LOW_SHORT"},{"userProfilePK":76018113,"calendarDate":"2023-04-08","deviceId":3401978503,"timestamp":"2023-04-07T22:03:02.0","sport":"RUNNING","subSport":"GENERIC","weeklyTrainingLoadSum":559,"loadTunnelMin":559,"loadTunnelMax":1258,"trainingStatus":"RECOVERY","fitnessLevelTrend":"NO_CHANGE","loadLevelTrend":"DECREASING","trainingStatusFeedbackPhrase":"RECOVERY_AER_LOW_SHORT"},{"userProfilePK":76018113,"calendarDate":"2023-04-09","deviceId":3401978503,"timestamp":"2023-04-08T22:03:06.0","sport":"RUNNING","subSport":"GENERIC","weeklyTrainingLoadSum":559,"loadTunnelMin":446,"loadTunnelMax":988,"trainingStatus":"RECOVERY","fitnessLevelTrend":"NO_CHANGE","loadLevelTrend":"NO_CHANGE","trainingStatusFeedbackPhrase":"RECOVERY_AER_LOW_SHORT"},{"userProfilePK":76018113,"calendarDate":"2023-04-09","deviceId":3401978503,"timestamp":"2023-04-09T11:06:05.0","sport":"RUNNING","subSport":"GENERIC","weeklyTrainingLoadSum":626,"loadTunnelMin":446,"loadTunnelMax":988,"trainingStatus":"MAINTAINING","fitnessLevelTrend":"NO_CHANGE","loadLevelTrend":"NO_CHANGE","trainingStatusFeedbackPhrase":"MAINTAINING_AER_LOW_SHORT"},{"userProfilePK":76018113,"calendarDate":"2023-04-09","deviceId":3401978503,"timestamp":"2023-04-09T13:32:43.0","sport":"RUNNING","subSport":"GENERIC","weeklyTrainingLoadSum":626,"loadTunnelMin":446,"loadTunnelMax":988,"trainingStatus":"MAINTAINING","fitnessLevelTrend":"NO_CHANGE","loadLevelTrend":"NO_CHANGE","trainingStatusFeedbackPhrase":"MAINTAINING_AER_LOW_SHORT"},{"userProfilePK":76018113,"calendarDate":"2023-04-09","deviceId":3401978503,"timestamp":"2023-04-09T19:01:56.0","sport":"RUNNING","subSport":"GENERIC","weeklyTrainingLoadSum":831,"loadTunnelMin":559,"loadTunnelMax":1258,"trainingStatus":"MAINTAINING","fitnessLevelTrend":"NO_CHANGE","loadLevelTrend":"INCREASING","trainingStatusFeedbackPhrase":"MAINTAINING_AER_LOW_SHORT"},{"userProfilePK":76018113,"calendarDate":"2023-04-10","deviceId":3401978503,"timestamp":"2023-04-09T22:01:18.0","sport":"RUNNING","subSport":"GENERIC","weeklyTrainingLoadSum":831,"loadTunnelMin":559,"loadTunnelMax":1258,"trainingStatus":"MAINTAINING","fitnessLevelTrend":"NO_CHANGE","loadLevelTrend":"INCREASING","trainingStatusFeedbackPhrase":"MAINTAINING_AER_LOW_SHORT"},{"userProfilePK":76018113,"calendarDate":"2023-04-11","deviceId":3401978503,"timestamp":"2023-04-10T22:01:22.0","sport":"RUNNING","subSport":"GENERIC","weeklyTrainingLoadSum":831,"loadTunnelMin":446,"loadTunnelMax":988,"trainingStatus":"MAINTAINING","fitnessLevelTrend":"NO_CHANGE","loadLevelTrend":"INCREASING","trainingStatusFeedbackPhrase":"MAINTAINING_AER_LOW_SHORT"},{"userProfilePK":76018113,"calendarDate":"2023-04-11","deviceId":3401978503,"timestamp":"2023-04-11T18:43:32.0","sport":"RUNNING","subSport":"GENERIC","weeklyTrainingLoadSum":1108,"loadTunnelMin":559,"loadTunnelMax":1258,"trainingStatus":"PRODUCTIVE","fitnessLevelTrend":"NO_CHANGE","loadLevelTrend":"INCREASING","trainingStatusFeedbackPhrase":"PRODUCTIVE_AER_LOW_SHORT"},{"userProfilePK":76018113,"calendarDate":"2023-04-12","deviceId":3401978503,"timestamp":"2023-04-11T22:01:25.0","sport":"RUNNING","subSport":"GENERIC","weeklyTrainingLoadSum":920,"loadTunnelMin":446,"loadTunnelMax":988,"trainingStatus":"PRODUCTIVE","fitnessLevelTrend":"NO_CHANGE","loadLevelTrend":"INCREASING","trainingStatusFeedbackPhrase":"PRODUCTIVE_AER_LOW_SHORT"},{"userProfilePK":76018113,"calendarDate":"2023-04-13","deviceId":3401978503,"timestamp":"2023-04-12T22:01:29.0","sport":"RUNNING","subSport":"GENERIC","weeklyTrainingLoadSum":920,"loadTunnelMin":446,"loadTunnelMax":988,"trainingStatus":"PRODUCTIVE","fitnessLevelTrend":"NO_CHANGE","loadLevelTrend":"INCREASING","trainingStatusFeedbackPhrase":"PRODUCTIVE_AER_LOW_SHORT"},{"userProfilePK":76018113,"calendarDate":"2023-04-13","deviceId":3401978503,"timestamp":"2023-04-13T06:11:01.0","sport":"RUNNING","subSport":"GENERIC","weeklyTrainingLoadSum":1110,"loadTunnelMin":559,"loadTunnelMax":1258,"trainingStatus":"PRODUCTIVE","fitnessLevelTrend":"NO_CHANGE","loadLevelTrend":"INCREASING","trainingStatusFeedbackPhrase":"PRODUCTIVE_AER_LOW_SHORT"},{"userProfilePK":76018113,"calendarDate":"2023-04-14","deviceId":3401978503,"timestamp":"2023-04-13T22:01:33.0","sport":"RUNNING","subSport":"GENERIC","weeklyTrainingLoadSum":739,"loadTunnelMin":446,"loadTunnelMax":988,"trainingStatus":"PRODUCTIVE","fitnessLevelTrend":"NO_CHANGE","loadLevelTrend":"NO_CHANGE","trainingStatusFeedbackPhrase":"PRODUCTIVE_AER_LOW_SHORT"},{"userProfilePK":76018113,"calendarDate":"2023-04-15","deviceId":3401978503,"timestamp":"2023-04-14T22:01:36.0","sport":"RUNNING","subSport":"GENERIC","weeklyTrainingLoadSum":739,"loadTunnelMin":446,"loadTunnelMax":988,"trainingStatus":"PRODUCTIVE","fitnessLevelTrend":"NO_CHANGE","loadLevelTrend":"INCREASING","trainingStatusFeedbackPhrase":"PRODUCTIVE_AER_LOW_SHORT"},{"userProfilePK":76018113,"calendarDate":"2023-04-15","deviceId":3401978503,"timestamp":"2023-04-15T08:14:03.0","sport":"RUNNING","subSport":"GENERIC","weeklyTrainingLoadSum":777,"loadTunnelMin":446,"loadTunnelMax":988,"trainingStatus":"MAINTAINING","fitnessLevelTrend":"NO_CHANGE","loadLevelTrend":"INCREASING","trainingStatusFeedbackPhrase":"MAINTAINING_AER_LOW_SHORT"},{"userProfilePK":76018113,"calendarDate":"2023-04-15","deviceId":3401978503,"timestamp":"2023-04-15T08:46:38.0","sport":"RUNNING","subSport":"GENERIC","weeklyTrainingLoadSum":944,"loadTunnelMin":446,"loadTunnelMax":988,"trainingStatus":"PRODUCTIVE","fitnessLevelTrend":"NO_CHANGE","loadLevelTrend":"INCREASING","trainingStatusFeedbackPhrase":"PRODUCTIVE_AER_LOW_SHORT"},{"userProfilePK":76018113,"calendarDate":"2023-04-16","deviceId":3401978503,"timestamp":"2023-04-15T22:01:42.0","sport":"RUNNING","subSport":"GENERIC","weeklyTrainingLoadSum":672,"loadTunnelMin":446,"loadTunnelMax":988,"trainingStatus":"PRODUCTIVE","fitnessLevelTrend":"NO_CHANGE","loadLevelTrend":"NO_CHANGE","trainingStatusFeedbackPhrase":"PRODUCTIVE_AER_LOW_SHORT"},{"userProfilePK":76018113,"calendarDate":"2023-04-16","deviceId":3401978503,"timestamp":"2023-04-16T09:31:43.0","sport":"RUNNING","subSport":"GENERIC","weeklyTrainingLoadSum":926,"loadTunnelMin":559,"loadTunnelMax":1258,"trainingStatus":"MAINTAINING","fitnessLevelTrend":"NO_CHANGE","loadLevelTrend":"INCREASING","trainingStatusFeedbackPhrase":"MAINTAINING_AER_LOW_SHORT"},{"userProfilePK":76018113,"calendarDate":"2023-04-17","deviceId":3401978503,"timestamp":"2023-04-16T22:01:46.0","sport":"RUNNING","subSport":"GENERIC","weeklyTrainingLoadSum":926,"loadTunnelMin":446,"loadTunnelMax":988,"trainingStatus":"MAINTAINING","fitnessLevelTrend":"NO_CHANGE","loadLevelTrend":"INCREASING","trainingStatusFeedbackPhrase":"MAINTAINING_AER_LOW_SHORT"},{"userProfilePK":76018113,"calendarDate":"2023-04-18","deviceId":3401978503,"timestamp":"2023-04-17T22:01:50.0","sport":"RUNNING","subSport":"GENERIC","weeklyTrainingLoadSum":649,"loadTunnelMin":446,"loadTunnelMax":988,"trainingStatus":"MAINTAINING","fitnessLevelTrend":"NO_CHANGE","loadLevelTrend":"NO_CHANGE","trainingStatusFeedbackPhrase":"MAINTAINING_AER_LOW_SHORT"},{"userProfilePK":76018113,"calendarDate":"2023-04-19","deviceId":3401978503,"timestamp":"2023-04-18T22:01:54.0","sport":"RUNNING","subSport":"GENERIC","weeklyTrainingLoadSum":649,"loadTunnelMin":446,"loadTunnelMax":988,"trainingStatus":"MAINTAINING","fitnessLevelTrend":"NO_CHANGE","loadLevelTrend":"NO_CHANGE","trainingStatusFeedbackPhrase":"MAINTAINING_AER_LOW_SHORT"},{"userProfilePK":76018113,"calendarDate":"2023-04-20","deviceId":3401978503,"timestamp":"2023-04-19T22:01:59.0","sport":"RUNNING","subSport":"GENERIC","weeklyTrainingLoadSum":459,"loadTunnelMin":446,"loadTunnelMax":988,"trainingStatus":"RECOVERY","fitnessLevelTrend":"NO_CHANGE","loadLevelTrend":"DECREASING","trainingStatusFeedbackPhrase":"RECOVERY_AER_LOW_SHORT"},{"userProfilePK":76018113,"calendarDate":"2023-04-20","deviceId":3401978503,"timestamp":"2023-04-20T05:58:57.0","sport":"RUNNING","subSport":"GENERIC","weeklyTrainingLoadSum":625,"loadTunnelMin":446,"loadTunnelMax":988,"trainingStatus":"MAINTAINING","fitnessLevelTrend":"NO_CHANGE","loadLevelTrend":"NO_CHANGE","trainingStatusFeedbackPhrase":"MAINTAINING_AER_LOW_SHORT"},{"userProfilePK":76018113,"calendarDate":"2023-04-21","deviceId":3401978503,"timestamp":"2023-04-20T22:02:02.0","sport":"RUNNING","subSport":"GENERIC","weeklyTrainingLoadSum":625,"loadTunnelMin":446,"loadTunnelMax":988,"trainingStatus":"MAINTAINING","fitnessLevelTrend":"NO_CHANGE","loadLevelTrend":"NO_CHANGE","trainingStatusFeedbackPhrase":"MAINTAINING_AER_LOW_SHORT"},{"userProfilePK":76018113,"calendarDate":"2023-04-21","deviceId":3401978503,"timestamp":"2023-04-21T05:46:28.0","sport":"RUNNING","subSport":"GENERIC","weeklyTrainingLoadSum":725,"loadTunnelMin":446,"loadTunnelMax":988,"trainingStatus":"MAINTAINING","fitnessLevelTrend":"NO_CHANGE","loadLevelTrend":"NO_CHANGE","trainingStatusFeedbackPhrase":"MAINTAINING_AER_LOW_SHORT"},{"userProfilePK":76018113,"calendarDate":"2023-04-22","deviceId":3401978503,"timestamp":"2023-04-21T22:02:35.0","sport":"RUNNING","subSport":"GENERIC","weeklyTrainingLoadSum":520,"loadTunnelMin":446,"loadTunnelMax":988,"trainingStatus":"RECOVERY","fitnessLevelTrend":"NO_CHANGE","loadLevelTrend":"DECREASING","trainingStatusFeedbackPhrase":"RECOVERY_AER_LOW_SHORT"},{"userProfilePK":76018113,"calendarDate":"2023-04-22","deviceId":3401978503,"timestamp":"2023-04-22T17:48:37.0","sport":"RUNNING","subSport":"GENERIC","weeklyTrainingLoadSum":563,"loadTunnelMin":559,"loadTunnelMax":1258,"trainingStatus":"RECOVERY","fitnessLevelTrend":"NO_CHANGE","loadLevelTrend":"DECREASING","trainingStatusFeedbackPhrase":"RECOVERY_AER_LOW_SHORT"},{"userProfilePK":76018113,"calendarDate":"2023-04-23","deviceId":3401978503,"timestamp":"2023-04-22T22:02:39.0","sport":"RUNNING","subSport":"GENERIC","weeklyTrainingLoadSum":309,"loadTunnelMin":446,"loadTunnelMax":988,"trainingStatus":"RECOVERY","fitnessLevelTrend":"NO_CHANGE","loadLevelTrend":"DECREASING","trainingStatusFeedbackPhrase":"RECOVERY_AER_LOW_SHORT"},{"userProfilePK":76018113,"calendarDate":"2023-04-23","deviceId":3401978503,"timestamp":"2023-04-23T15:43:45.0","sport":"RUNNING","subSport":"GENERIC","weeklyTrainingLoadSum":727,"loadTunnelMin":559,"loadTunnelMax":1258,"trainingStatus":"MAINTAINING","fitnessLevelTrend":"NO_CHANGE","loadLevelTrend":"NO_CHANGE","trainingStatusFeedbackPhrase":"MAINTAINING_AER_LOW_SHORT"},{"userProfilePK":76018113,"calendarDate":"2023-04-24","deviceId":3401978503,"timestamp":"2023-04-23T22:02:44.0","sport":"RUNNING","subSport":"GENERIC","weeklyTrainingLoadSum":727,"loadTunnelMin":559,"loadTunnelMax":1258,"trainingStatus":"MAINTAINING","fitnessLevelTrend":"NO_CHANGE","loadLevelTrend":"NO_CHANGE","trainingStatusFeedbackPhrase":"MAINTAINING_AER_LOW_SHORT"},{"userProfilePK":76018113,"calendarDate":"2023-04-25","deviceId":3401978503,"timestamp":"2023-04-24T22:02:46.0","sport":"RUNNING","subSport":"GENERIC","weeklyTrainingLoadSum":727,"loadTunnelMin":559,"loadTunnelMax":1258,"trainingStatus":"MAINTAINING","fitnessLevelTrend":"NO_CHANGE","loadLevelTrend":"NO_CHANGE","trainingStatusFeedbackPhrase":"MAINTAINING_AER_LOW_SHORT"},{"userProfilePK":76018113,"calendarDate":"2023-04-25","deviceId":3401978503,"timestamp":"2023-04-25T05:49:37.0","sport":"RUNNING","subSport":"GENERIC","weeklyTrainingLoadSum":1134,"loadTunnelMin":559,"loadTunnelMax":1258,"trainingStatus":"PRODUCTIVE","fitnessLevelTrend":"NO_CHANGE","loadLevelTrend":"INCREASING","trainingStatusFeedbackPhrase":"PRODUCTIVE_AER_LOW_SHORT"},{"userProfilePK":76018113,"calendarDate":"2023-04-26","deviceId":3401978503,"timestamp":"2023-04-25T22:02:50.0","sport":"RUNNING","subSport":"GENERIC","weeklyTrainingLoadSum":1134,"loadTunnelMin":559,"loadTunnelMax":1258,"trainingStatus":"PRODUCTIVE","fitnessLevelTrend":"NO_CHANGE","loadLevelTrend":"INCREASING","trainingStatusFeedbackPhrase":"PRODUCTIVE_AER_LOW_SHORT"},{"userProfilePK":76018113,"calendarDate":"2023-04-26","deviceId":3401978503,"timestamp":"2023-04-26T06:05:52.0","sport":"RUNNING","subSport":"GENERIC","weeklyTrainingLoadSum":1297,"loadTunnelMin":559,"loadTunnelMax":1258,"trainingStatus":"PRODUCTIVE","fitnessLevelTrend":"NO_CHANGE","loadLevelTrend":"INCREASING","trainingStatusFeedbackPhrase":"PRODUCTIVE_AER_LOW_SHORT"},{"userProfilePK":76018113,"calendarDate":"2023-04-27","deviceId":3401978503,"timestamp":"2023-04-26T22:02:55.0","sport":"RUNNING","subSport":"GENERIC","weeklyTrainingLoadSum":1131,"loadTunnelMin":559,"loadTunnelMax":1258,"trainingStatus":"PRODUCTIVE","fitnessLevelTrend":"NO_CHANGE","loadLevelTrend":"INCREASING","trainingStatusFeedbackPhrase":"PRODUCTIVE_AER_LOW_SHORT"},{"userProfilePK":76018113,"calendarDate":"2023-04-27","deviceId":3401978503,"timestamp":"2023-04-27T06:01:06.0","sport":"RUNNING","subSport":"GENERIC","weeklyTrainingLoadSum":1146,"loadTunnelMin":559,"loadTunnelMax":1258,"trainingStatus":"PRODUCTIVE","fitnessLevelTrend":"NO_CHANGE","loadLevelTrend":"INCREASING","trainingStatusFeedbackPhrase":"PRODUCTIVE_AER_LOW_SHORT"},{"userProfilePK":76018113,"calendarDate":"2023-04-28","deviceId":3401978503,"timestamp":"2023-04-27T22:02:56.0","sport":"RUNNING","subSport":"GENERIC","weeklyTrainingLoadSum":1046,"loadTunnelMin":559,"loadTunnelMax":1258,"trainingStatus":"PRODUCTIVE","fitnessLevelTrend":"NO_CHANGE","loadLevelTrend":"INCREASING","trainingStatusFeedbackPhrase":"PRODUCTIVE_AER_LOW_SHORT"},{"userProfilePK":76018113,"calendarDate":"2023-04-28","deviceId":3401978503,"timestamp":"2023-04-28T05:57:03.0","sport":"RUNNING","subSport":"GENERIC","weeklyTrainingLoadSum":1236,"loadTunnelMin":559,"loadTunnelMax":1258,"trainingStatus":"PRODUCTIVE","fitnessLevelTrend":"NO_CHANGE","loadLevelTrend":"INCREASING","trainingStatusFeedbackPhrase":"PRODUCTIVE_AER_LOW_SHORT"},{"userProfilePK":76018113,"calendarDate":"2023-04-29","deviceId":3401978503,"timestamp":"2023-04-28T22:02:59.0","sport":"RUNNING","subSport":"GENERIC","weeklyTrainingLoadSum":1193,"loadTunnelMin":559,"loadTunnelMax":1258,"trainingStatus":"PRODUCTIVE","fitnessLevelTrend":"NO_CHANGE","loadLevelTrend":"INCREASING","trainingStatusFeedbackPhrase":"PRODUCTIVE_AER_LOW_SHORT"},{"userProfilePK":76018113,"calendarDate":"2023-04-30","deviceId":3401978503,"timestamp":"2023-04-29T22:03:02.0","sport":"RUNNING","subSport":"GENERIC","weeklyTrainingLoadSum":775,"loadTunnelMin":559,"loadTunnelMax":1258,"trainingStatus":"PRODUCTIVE","fitnessLevelTrend":"NO_CHANGE","loadLevelTrend":"NO_CHANGE","trainingStatusFeedbackPhrase":"PRODUCTIVE_AER_LOW_SHORT"},{"userProfilePK":76018113,"calendarDate":"2023-04-30","deviceId":3401978503,"timestamp":"2023-04-30T08:35:28.0","sport":"RUNNING","subSport":"GENERIC","weeklyTrainingLoadSum":949,"loadTunnelMin":559,"loadTunnelMax":1258,"trainingStatus":"MAINTAINING","fitnessLevelTrend":"NO_CHANGE","loadLevelTrend":"NO_CHANGE","trainingStatusFeedbackPhrase":"MAINTAINING_AER_LOW_SHORT"},{"userProfilePK":76018113,"calendarDate":"2023-05-01","deviceId":3401978503,"timestamp":"2023-04-30T22:03:06.0","sport":"RUNNING","subSport":"GENERIC","weeklyTrainingLoadSum":949,"loadTunnelMin":559,"loadTunnelMax":1258,"trainingStatus":"MAINTAINING","fitnessLevelTrend":"NO_CHANGE","loadLevelTrend":"NO_CHANGE","trainingStatusFeedbackPhrase":"MAINTAINING_AER_LOW_SHORT"},{"userProfilePK":76018113,"calendarDate":"2023-05-02","deviceId":3401978503,"timestamp":"2023-05-01T22:03:12.0","sport":"RUNNING","subSport":"GENERIC","weeklyTrainingLoadSum":542,"loadTunnelMin":559,"loadTunnelMax":1258,"trainingStatus":"RECOVERY","fitnessLevelTrend":"NO_CHANGE","loadLevelTrend":"DECREASING","trainingStatusFeedbackPhrase":"RECOVERY_AER_LOW_SHORT"},{"userProfilePK":76018113,"calendarDate":"2023-05-03","deviceId":3401978503,"timestamp":"2023-05-02T22:03:17.0","sport":"RUNNING","subSport":"GENERIC","weeklyTrainingLoadSum":379,"loadTunnelMin":559,"loadTunnelMax":1258,"trainingStatus":"RECOVERY","fitnessLevelTrend":"NO_CHANGE","loadLevelTrend":"DECREASING","trainingStatusFeedbackPhrase":"RECOVERY_AER_LOW_SHORT"},{"userProfilePK":76018113,"calendarDate":"2023-05-04","deviceId":3401978503,"timestamp":"2023-05-03T22:03:21.0","sport":"RUNNING","subSport":"GENERIC","weeklyTrainingLoadSum":364,"loadTunnelMin":559,"loadTunnelMax":1258,"trainingStatus":"RECOVERY","fitnessLevelTrend":"NO_CHANGE","loadLevelTrend":"DECREASING","trainingStatusFeedbackPhrase":"RECOVERY_AER_LOW_SHORT"},{"userProfilePK":76018113,"calendarDate":"2023-05-05","deviceId":3401978503,"timestamp":"2023-05-04T22:03:23.0","sport":"RUNNING","subSport":"GENERIC","weeklyTrainingLoadSum":174,"loadTunnelMin":559,"loadTunnelMax":1258,"trainingStatus":"RECOVERY","fitnessLevelTrend":"NO_CHANGE","loadLevelTrend":"DECREASING","trainingStatusFeedbackPhrase":"RECOVERY_AER_LOW_SHORT"},{"userProfilePK":76018113,"calendarDate":"2023-05-06","deviceId":3401978503,"timestamp":"2023-05-05T22:03:27.0","sport":"RUNNING","subSport":"GENERIC","weeklyTrainingLoadSum":174,"loadTunnelMin":559,"loadTunnelMax":1258,"trainingStatus":"RECOVERY","fitnessLevelTrend":"NO_CHANGE","loadLevelTrend":"DECREASING","trainingStatusFeedbackPhrase":"RECOVERY_AER_LOW_SHORT"},{"userProfilePK":76018113,"calendarDate":"2023-05-06","deviceId":3401978503,"timestamp":"2023-05-06T09:35:20.0","sport":"RUNNING","subSport":"GENERIC","weeklyTrainingLoadSum":315,"loadTunnelMin":559,"loadTunnelMax":1258,"trainingStatus":"RECOVERY","fitnessLevelTrend":"NO_CHANGE","loadLevelTrend":"DECREASING","trainingStatusFeedbackPhrase":"RECOVERY_AER_LOW_SHORT"},{"userProfilePK":76018113,"calendarDate":"2023-05-07","deviceId":3401978503,"timestamp":"2023-05-06T22:03:34.0","sport":"RUNNING","subSport":"GENERIC","weeklyTrainingLoadSum":141,"loadTunnelMin":446,"loadTunnelMax":988,"trainingStatus":"RECOVERY","fitnessLevelTrend":"NO_CHANGE","loadLevelTrend":"DECREASING","trainingStatusFeedbackPhrase":"RECOVERY_AER_LOW_SHORT"},{"userProfilePK":76018113,"calendarDate":"2023-05-08","deviceId":3401978503,"timestamp":"2023-05-07T22:03:37.0","sport":"RUNNING","subSport":"GENERIC","weeklyTrainingLoadSum":141,"loadTunnelMin":446,"loadTunnelMax":988,"trainingStatus":"RECOVERY","fitnessLevelTrend":"NO_CHANGE","loadLevelTrend":"DECREASING","trainingStatusFeedbackPhrase":"RECOVERY_AER_LOW_SHORT"},{"userProfilePK":76018113,"calendarDate":"2023-05-08","deviceId":3401978503,"timestamp":"2023-05-08T05:47:53.0","sport":"RUNNING","subSport":"GENERIC","weeklyTrainingLoadSum":268,"loadTunnelMin":559,"loadTunnelMax":1258,"trainingStatus":"MAINTAINING","fitnessLevelTrend":"NO_CHANGE","loadLevelTrend":"DECREASING","trainingStatusFeedbackPhrase":"MAINTAINING_AER_LOW_SHORT"},{"userProfilePK":76018113,"calendarDate":"2023-05-09","deviceId":3401978503,"timestamp":"2023-05-08T22:03:39.0","sport":"RUNNING","subSport":"GENERIC","weeklyTrainingLoadSum":268,"loadTunnelMin":446,"loadTunnelMax":988,"trainingStatus":"MAINTAINING","fitnessLevelTrend":"NO_CHANGE","loadLevelTrend":"DECREASING","trainingStatusFeedbackPhrase":"MAINTAINING_AER_LOW_SHORT"},{"userProfilePK":76018113,"calendarDate":"2023-05-10","deviceId":3401978503,"timestamp":"2023-05-09T22:03:42.0","sport":"RUNNING","subSport":"GENERIC","weeklyTrainingLoadSum":268,"loadTunnelMin":446,"loadTunnelMax":988,"trainingStatus":"MAINTAINING","fitnessLevelTrend":"NO_CHANGE","loadLevelTrend":"DECREASING","trainingStatusFeedbackPhrase":"MAINTAINING_AER_LOW_SHORT"},{"userProfilePK":76018113,"calendarDate":"2023-05-10","deviceId":3401978503,"timestamp":"2023-05-10T05:50:12.0","sport":"RUNNING","subSport":"GENERIC","weeklyTrainingLoadSum":492,"loadTunnelMin":559,"loadTunnelMax":1258,"trainingStatus":"MAINTAINING","fitnessLevelTrend":"NO_CHANGE","loadLevelTrend":"DECREASING","trainingStatusFeedbackPhrase":"MAINTAINING_AER_LOW_SHORT"},{"userProfilePK":76018113,"calendarDate":"2023-05-11","deviceId":3401978503,"timestamp":"2023-05-10T22:03:46.0","sport":"RUNNING","subSport":"GENERIC","weeklyTrainingLoadSum":492,"loadTunnelMin":446,"loadTunnelMax":988,"trainingStatus":"MAINTAINING","fitnessLevelTrend":"NO_CHANGE","loadLevelTrend":"DECREASING","trainingStatusFeedbackPhrase":"MAINTAINING_AER_LOW_SHORT"},{"userProfilePK":76018113,"calendarDate":"2023-05-12","deviceId":3401978503,"timestamp":"2023-05-11T22:03:50.0","sport":"RUNNING","subSport":"GENERIC","weeklyTrainingLoadSum":492,"loadTunnelMin":446,"loadTunnelMax":988,"trainingStatus":"MAINTAINING","fitnessLevelTrend":"NO_CHANGE","loadLevelTrend":"DECREASING","trainingStatusFeedbackPhrase":"MAINTAINING_AER_LOW_SHORT"},{"userProfilePK":76018113,"calendarDate":"2023-05-12","deviceId":3401978503,"timestamp":"2023-05-12T05:40:52.0","sport":"RUNNING","subSport":"GENERIC","weeklyTrainingLoadSum":669,"loadTunnelMin":559,"loadTunnelMax":1258,"trainingStatus":"MAINTAINING","fitnessLevelTrend":"NO_CHANGE","loadLevelTrend":"NO_CHANGE","trainingStatusFeedbackPhrase":"MAINTAINING_AER_LOW_SHORT"},{"userProfilePK":76018113,"calendarDate":"2023-05-13","deviceId":3401978503,"timestamp":"2023-05-12T22:03:55.0","sport":"RUNNING","subSport":"GENERIC","weeklyTrainingLoadSum":528,"loadTunnelMin":446,"loadTunnelMax":988,"trainingStatus":"MAINTAINING","fitnessLevelTrend":"NO_CHANGE","loadLevelTrend":"DECREASING","trainingStatusFeedbackPhrase":"MAINTAINING_AER_LOW_SHORT"},{"userProfilePK":76018113,"calendarDate":"2023-05-13","deviceId":3401978503,"timestamp":"2023-05-13T08:28:36.0","sport":"RUNNING","subSport":"GENERIC","weeklyTrainingLoadSum":955,"loadTunnelMin":559,"loadTunnelMax":1258,"trainingStatus":"MAINTAINING","fitnessLevelTrend":"NO_CHANGE","loadLevelTrend":"INCREASING","trainingStatusFeedbackPhrase":"MAINTAINING_AER_LOW_SHORT"},{"userProfilePK":76018113,"calendarDate":"2023-05-14","deviceId":3401978503,"timestamp":"2023-05-13T22:03:58.0","sport":"RUNNING","subSport":"GENERIC","weeklyTrainingLoadSum":955,"loadTunnelMin":446,"loadTunnelMax":988,"trainingStatus":"MAINTAINING","fitnessLevelTrend":"NO_CHANGE","loadLevelTrend":"INCREASING","trainingStatusFeedbackPhrase":"MAINTAINING_AER_LOW_SHORT"},{"userProfilePK":76018113,"calendarDate":"2023-05-14","deviceId":3401978503,"timestamp":"2023-05-14T16:25:06.0","sport":"RUNNING","subSport":"GENERIC","weeklyTrainingLoadSum":955,"loadTunnelMin":446,"loadTunnelMax":988,"trainingStatus":"MAINTAINING","fitnessLevelTrend":"NO_CHANGE","loadLevelTrend":"INCREASING","trainingStatusFeedbackPhrase":"MAINTAINING_AER_LOW_SHORT"},{"userProfilePK":76018113,"calendarDate":"2023-05-14","deviceId":3401978503,"timestamp":"2023-05-14T17:59:02.0","sport":"RUNNING","subSport":"GENERIC","weeklyTrainingLoadSum":983,"loadTunnelMin":559,"loadTunnelMax":1258,"trainingStatus":"MAINTAINING","fitnessLevelTrend":"NO_CHANGE","loadLevelTrend":"INCREASING","trainingStatusFeedbackPhrase":"MAINTAINING_AER_LOW_SHORT"},{"userProfilePK":76018113,"calendarDate":"2023-05-15","deviceId":3401978503,"timestamp":"2023-05-14T22:04:40.0","sport":"RUNNING","subSport":"GENERIC","weeklyTrainingLoadSum":856,"loadTunnelMin":559,"loadTunnelMax":1258,"trainingStatus":"MAINTAINING","fitnessLevelTrend":"NO_CHANGE","loadLevelTrend":"INCREASING","trainingStatusFeedbackPhrase":"MAINTAINING_AER_LOW_SHORT"},{"userProfilePK":76018113,"calendarDate":"2023-05-15","deviceId":3401978503,"timestamp":"2023-05-15T10:50:14.0","sport":"RUNNING","subSport":"GENERIC","weeklyTrainingLoadSum":1012,"loadTunnelMin":559,"loadTunnelMax":1258,"trainingStatus":"MAINTAINING","fitnessLevelTrend":"NO_CHANGE","loadLevelTrend":"INCREASING","trainingStatusFeedbackPhrase":"MAINTAINING_AER_LOW_SHORT"},{"userProfilePK":76018113,"calendarDate":"2023-05-16","deviceId":3401978503,"timestamp":"2023-05-15T22:04:44.0","sport":"RUNNING","subSport":"GENERIC","weeklyTrainingLoadSum":1012,"loadTunnelMin":559,"loadTunnelMax":1258,"trainingStatus":"MAINTAINING","fitnessLevelTrend":"NO_CHANGE","loadLevelTrend":"INCREASING","trainingStatusFeedbackPhrase":"MAINTAINING_AER_LOW_SHORT"}]