[{"userProfilePK":76018113,"calendarDate":"2022-07-20","deviceId":3401978503,"timestamp":"2022-07-19T22:03:47.0","sport":"RUNNING","subSport":"GENERIC","weeklyTrainingLoadSum":489,"loadTunnelMin":446,"loadTunnelMax":988,"trainingStatus":"RECOVERY","fitnessLevelTrend":"NO_CHANGE","loadLevelTrend":"DECREASING","trainingStatusFeedbackPhrase":"RECOVERY_AER_LOW_SHORT"},{"userProfilePK":76018113,"calendarDate":"2022-07-21","deviceId":3401978503,"timestamp":"2022-07-20T22:03:48.0","sport":"RUNNING","subSport":"GENERIC","weeklyTrainingLoadSum":275,"loadTunnelMin":446,"loadTunnelMax":988,"trainingStatus":"RECOVERY","fitnessLevelTrend":"NO_CHANGE","loadLevelTrend":"DECREASING","trainingStatusFeedbackPhrase":"RECOVERY_AER_LOW_SHORT"},{"userProfilePK":76018113,"calendarDate":"2022-07-22","deviceId":3401978503,"timestamp":"2022-07-21T22:03:49.0","sport":"RUNNING","subSport":"GENERIC","weeklyTrainingLoadSum":275,"loadTunnelMin":446,"loadTunnelMax":988,"trainingStatus":"RECOVERY","fitnessLevelTrend":"NO_CHANGE","loadLevelTrend":"DECREASING","trainingStatusFeedbackPhrase":"RECOVERY_AER_LOW_SHORT"},{"userProfilePK":76018113,"calendarDate":"2022-07-23","deviceId":3401978503,"timestamp":"2022-07-22T22:03:50.0","sport":"RUNNING","subSport":"GENERIC","weeklyTrainingLoadSum":275,"loadTunnelMin":446,"loadTunnelMax":988,"trainingStatus":"RECOVERY","fitnessLevelTrend":"NO_CHANGE","loadLevelTrend":"DECREASING","trainingStatusFeedbackPhrase":"RECOVERY_AER_LOW_SHORT"},{"userProfilePK":76018113,"calendarDate":"2022-07-24","deviceId":3401978503,"timestamp":"2022-07-23T22:03:52.0","sport":"RUNNING","subSport":"GENERIC","weeklyTrainingLoadSum":0,"loadTunnelMin":446,"loadTunnelMax":988,"trainingStatus":"DETRAINING","fitnessLevelTrend":"NO_CHANGE","loadLevelTrend":"DECREASING","trainingStatusFeedbackPhrase":"DETRAINING_AER_LOW_SHORT"},{"userProfilePK":76018113,"calendarDate":"2022-07-25","deviceId":3401978503,"timestamp":"2022-07-24T22:03:53.0","sport":"RUNNING","subSport":"GENERIC","weeklyTrainingLoadSum":0,"loadTunnelMin":446,"loadTunnelMax":988,"trainingStatus":"DETRAINING","fitnessLevelTrend":"NO_CHANGE","loadLevelTrend":"DECREASING","trainingStatusFeedbackPhrase":"DETRAINING_AER_LOW_SHORT"},{"userProfilePK":76018113,"calendarDate":"2022-07-26","deviceId":3401978503,"timestamp":"2022-07-25T22:03:54.0","sport":"RUNNING","subSport":"GENERIC","weeklyTrainingLoadSum":0,"loadTunnelMin":360,"loadTunnelMax":794,"trainingStatus":"DETRAINING","fitnessLevelTrend":"NO_CHANGE","loadLevelTrend":"DECREASING","trainingStatusFeedbackPhrase":"DETRAINING_AER_LOW_SHORT"},{"userProfilePK":76018113,"calendarDate":"2022-07-26","deviceId":3401978503,"timestamp":"2022-07-25T23:59:59.0","sport":"RUNNING","subSport":"GENERIC","weeklyTrainingLoadSum":0,"loadTunnelMin":360,"loadTunnelMax":794,"trainingStatus":"DETRAINING","fitnessLevelTrend":"NO_CHANGE","loadLevelTrend":"DECREASING","trainingStatusFeedbackPhrase":"DETRAINING_AER_LOW_SHORT"},{"userProfilePK":76018113,"calendarDate":"2022-07-27","deviceId":3401978503,"timestamp":"2022-07-26T23:59:59.0","sport":"RUNNING","subSport":"GENERIC","weeklyTrainingLoadSum":0,"loadTunnelMin":360,"loadTunnelMax":794,"trainingStatus":"DETRAINING","fitnessLevelTrend":"NO_CHANGE","loadLevelTrend":"DECREASING","trainingStatusFeedbackPhrase":"DETRAINING_AER_LOW_SHORT"},{"userProfilePK":76018113,"calendarDate":"2022-07-27","deviceId":3401978503,"timestamp":"2022-07-27T05:21:46.0","sport":"RUNNING","subSport":"GENERIC","weeklyTrainingLoadSum":0,"loadTunnelMin":360,"loadTunnelMax":794,"trainingStatus":"DETRAINING","fitnessLevelTrend":"NO_CHANGE","loadLevelTrend":"DECREASING","trainingStatusFeedbackPhrase":"DETRAINING_AER_LOW_SHORT"},{"userProfilePK":76018113,"calendarDate":"2022-07-28","deviceId":3401978503,"timestamp":"2022-07-27T22:02:48.0","sport":"RUNNING","subSport":"GENERIC","weeklyTrainingLoadSum":0,"loadTunnelMin":360,"loadTunnelMax":794,"trainingStatus":"DETRAINING","fitnessLevelTrend":"NO_CHANGE","loadLevelTrend":"DECREASING","trainingStatusFeedbackPhrase":"DETRAINING_AER_LOW_SHORT"},{"userProfilePK":76018113,"calendarDate":"2022-07-29","deviceId":3401978503,"timestamp":"2022-07-28T22:02:48.0","sport":"RUNNING","subSport":"GENERIC","weeklyTrainingLoadSum":0,"loadTunnelMin":281,"loadTunnelMax":640,"trainingStatus":"DETRAINING","fitnessLevelTrend":"NO_CHANGE","loadLevelTrend":"DECREASING","trainingStatusFeedbackPhrase":"DETRAINING_AER_LOW_SHORT"},{"userProfilePK":76018113,"calendarDate":"2022-07-30","deviceId":3401978503,"timestamp":"2022-07-29T22:02:49.0","sport":"RUNNING","subSport":"GENERIC","weeklyTrainingLoadSum":0,"loadTunnelMin":281,"loadTunnelMax":640,"trainingStatus":"DETRAINING","fitnessLevelTrend":"NO_CHANGE","loadLevelTrend":"DECREASING","trainingStatusFeedbackPhrase":"DETRAINING_AER_LOW_SHORT"},{"userProfilePK":76018113,"calendarDate":"2022-07-31","deviceId":3401978503,"timestamp":"2022-07-30T22:02:51.0","weeklyTrainingLoadSum":0,"loadTunnelMin":281,"loadTunnelMax":640,"trainingStatus":"DETRAINING","fitnessLevelTrend":"NO_RESULT","loadLevelTrend":"DECREASING","trainingStatusFeedbackPhrase":"DETRAINING_AER_LOW_SHORT"},{"userProfilePK":76018113,"calendarDate":"2022-08-01","deviceId":3401978503,"timestamp":"2022-07-31T22:02:51.0","weeklyTrainingLoadSum":0,"loadTunnelMin":281,"loadTunnelMax":640,"trainingStatus":"DETRAINING","fitnessLevelTrend":"NO_RESULT","loadLevelTrend":"DECREASING","trainingStatusFeedbackPhrase":"DETRAINING_AER_LOW_SHORT"},{"userProfilePK":76018113,"calendarDate":"2022-08-02","deviceId":3401978503,"timestamp":"2022-08-01T22:02:53.0","weeklyTrainingLoadSum":0,"loadTunnelMin":226,"loadTunnelMax":484,"trainingStatus":"DETRAINING","fitnessLevelTrend":"NO_RESULT","loadLevelTrend":"DECREASING","trainingStatusFeedbackPhrase":"DETRAINING_AER_LOW_SHORT"},{"userProfilePK":76018113,"calendarDate":"2022-08-03","deviceId":3401978503,"timestamp":"2022-08-02T22:02:54.0","weeklyTrainingLoadSum":0,"loadTunnelMin":176,"loadTunnelMax":396,"trainingStatus":"DETRAINING","fitnessLevelTrend":"NO_RESULT","loadLevelTrend":"DECREASING","trainingStatusFeedbackPhrase":"DETRAINING_AER_LOW_SHORT"},{"userProfilePK":76018113,"calendarDate":"2022-08-04","deviceId":3401978503,"timestamp":"2022-08-03T22:02:55.0","weeklyTrainingLoadSum":0,"loadTunnelMin":176,"loadTunnelMax":396,"trainingStatus":"DETRAINING","fitnessLevelTrend":"NO_RESULT","loadLevelTrend":"DECREASING","trainingStatusFeedbackPhrase":"DETRAINING_AER_LOW_SHORT"},{"userProfilePK":76018113,"calendarDate":"2022-08-05","deviceId":3401978503,"timestamp":"2022-08-04T22:02:55.0","weeklyTrainingLoadSum":0,"loadTunnelMin":176,"loadTunnelMax":396,"trainingStatus":"DETRAINING","fitnessLevelTrend":"NO_RESULT","loadLevelTrend":"DECREASING","trainingStatusFeedbackPhrase":"DETRAINING_AER_LOW_SHORT"},{"userProfilePK":76018113,"calendarDate":"2022-08-06","deviceId":3401978503,"timestamp":"2022-08-05T22:02:56.0","weeklyTrainingLoadSum":0,"loadTunnelMin":176,"loadTunnelMax":396,"trainingStatus":"DETRAINING","fitnessLevelTrend":"NO_RESULT","loadLevelTrend":"DECREASING","trainingStatusFeedbackPhrase":"DETRAINING_AER_LOW_SHORT"},{"userProfilePK":76018113,"calendarDate":"2022-08-06","deviceId":3401978503,"timestamp":"2022-08-06T07:39:35.0","weeklyTrainingLoadSum":99,"loadTunnelMin":176,"loadTunnelMax":396,"trainingStatus":"NO_STATUS","fitnessLevelTrend":"NO_RESULT","loadLevelTrend":"DECREASING","trainingStatusFeedbackPhrase":"NO_STATUS_AER_LOW_SHORT"},{"userProfilePK":76018113,"calendarDate":"2022-08-07","deviceId":3401978503,"timestamp":"2022-08-06T22:03:07.0","weeklyTrainingLoadSum":99,"loadTunnelMin":176,"loadTunnelMax":396,"trainingStatus":"NO_STATUS","fitnessLevelTrend":"NO_RESULT","loadLevelTrend":"DECREASING","trainingStatusFeedbackPhrase":"NO_STATUS_AER_LOW_SHORT"},{"userProfilePK":76018113,"calendarDate":"2022-08-08","deviceId":3401978503,"timestamp":"2022-08-07T22:03:08.0","weeklyTrainingLoadSum":99,"loadTunnelMin":176,"loadTunnelMax":396,"trainingStatus":"NO_STATUS","fitnessLevelTrend":"NO_RESULT","loadLevelTrend":"DECREASING","trainingStatusFeedbackPhrase":"NO_STATUS_AER_LOW_SHORT"},{"userProfilePK":76018113,"calendarDate":"2022-08-08","deviceId":3401978503,"timestamp":"2022-08-08T06:26:09.0","sport":"RUNNING","subSport":"GENERIC","weeklyTrainingLoadSum":314,"loadTunnelMin":176,"loadTunnelMax":396,"trainingStatus":"UNPRODUCTIVE","fitnessLevelTrend":"DECREASING","loadLevelTrend":"INCREASING","trainingStatusFeedbackPhrase":"UNPRODUCTIVE_AER_LOW_SHORT"},{"userProfilePK":76018113,"calendarDate":"2022-08-09","deviceId":3401978503,"timestamp":"2022-08-08T22:03:10.0","sport":"RUNNING","subSport":"GENERIC","weeklyTrainingLoadSum":314,"loadTunnelMin":176,"loadTunnelMax":396,"trainingStatus":"UNPRODUCTIVE","fitnessLevelTrend":"DECREASING","loadLevelTrend":"INCREASING","trainingStatusFeedbackPhrase":"UNPRODUCTIVE_AER_LOW_SHORT"},{"userProfilePK":76018113,"calendarDate":"2022-08-09","deviceId":3401978503,"timestamp":"2022-08-09T16:47:51.0","sport":"RUNNING","subSport":"GENERIC","weeklyTrainingLoadSum":440,"loadTunnelMin":226,"loadTunnelMax":484,"trainingStatus":"PRODUCTIVE","fitnessLevelTrend":"NO_CHANGE","loadLevelTrend":"INCREASING","trainingStatusFeedbackPhrase":"PRODUCTIVE_AER_LOW_SHORT"},{"userProfilePK":76018113,"calendarDate":"2022-08-10","deviceId":3401978503,"timestamp":"2022-08-09T22:03:12.0","sport":"RUNNING","subSport":"GENERIC","weeklyTrainingLoadSum":440,"loadTunnelMin":176,"loadTunnelMax":396,"trainingStatus":"PRODUCTIVE","fitnessLevelTrend":"NO_CHANGE","loadLevelTrend":"INCREASING","trainingStatusFeedbackPhrase":"PRODUCTIVE_AER_LOW_SHORT"},{"userProfilePK":76018113,"calendarDate":"2022-08-11","deviceId":3401978503,"timestamp":"2022-08-10T22:03:14.0","sport":"RUNNING","subSport":"GENERIC","weeklyTrainingLoadSum":440,"loadTunnelMin":176,"loadTunnelMax":396,"trainingStatus":"PRODUCTIVE","fitnessLevelTrend":"NO_CHANGE","loadLevelTrend":"INCREASING","trainingStatusFeedbackPhrase":"PRODUCTIVE_AER_LOW_SHORT"},{"userProfilePK":76018113,"calendarDate":"2022-08-12","deviceId":3401978503,"timestamp":"2022-08-11T22:03:17.0","sport":"RUNNING","subSport":"GENERIC","weeklyTrainingLoadSum":440,"loadTunnelMin":176,"loadTunnelMax":396,"trainingStatus":"PRODUCTIVE","fitnessLevelTrend":"NO_CHANGE","loadLevelTrend":"INCREASING","trainingStatusFeedbackPhrase":"PRODUCTIVE_AER_LOW_SHORT"},{"userProfilePK":76018113,"calendarDate":"2022-08-12","deviceId":3401978503,"timestamp":"2022-08-12T06:51:48.0","sport":"RUNNING","subSport":"GENERIC","weeklyTrainingLoadSum":653,"loadTunnelMin":176,"loadTunnelMax":396,"trainingStatus":"PRODUCTIVE","fitnessLevelTrend":"NO_CHANGE","loadLevelTrend":"INCREASING","trainingStatusFeedbackPhrase":"PRODUCTIVE_AER_LOW_SHORT"},{"userProfilePK":76018113,"calendarDate":"2022-08-13","deviceId":3401978503,"timestamp":"2022-08-12T22:03:21.0","sport":"RUNNING","subSport":"GENERIC","weeklyTrainingLoadSum":554,"loadTunnelMin":176,"loadTunnelMax":396,"trainingStatus":"PRODUCTIVE","fitnessLevelTrend":"NO_CHANGE","loadLevelTrend":"INCREASING","trainingStatusFeedbackPhrase":"PRODUCTIVE_AER_LOW_SHORT"},{"userProfilePK":76018113,"calendarDate":"2022-08-14","deviceId":3401978503,"timestamp":"2022-08-13T22:03:23.0","sport":"RUNNING","subSport":"GENERIC","weeklyTrainingLoadSum":554,"loadTunnelMin":176,"loadTunnelMax":396,"trainingStatus":"PRODUCTIVE","fitnessLevelTrend":"NO_CHANGE","loadLevelTrend":"INCREASING","trainingStatusFeedbackPhrase":"PRODUCTIVE_AER_LOW_SHORT"},{"userProfilePK":76018113,"calendarDate":"2022-08-14","deviceId":3401978503,"timestamp":"2022-08-14T07:00:37.0","sport":"RUNNING","subSport":"GENERIC","weeklyTrainingLoadSum":793,"loadTunnelMin":176,"loadTunnelMax":396,"trainingStatus":"PRODUCTIVE","fitnessLevelTrend":"NO_CHANGE","loadLevelTrend":"INCREASING","trainingStatusFeedbackPhrase":"PRODUCTIVE_AER_LOW_SHORT"},{"userProfilePK":76018113,"calendarDate":"2022-08-15","deviceId":3401978503,"timestamp":"2022-08-14T22:03:25.0","sport":"RUNNING","subSport":"GENERIC","weeklyTrainingLoadSum":578,"loadTunnelMin":176,"loadTunnelMax":396,"trainingStatus":"PRODUCTIVE","fitnessLevelTrend":"NO_CHANGE","loadLevelTrend":"INCREASING","trainingStatusFeedbackPhrase":"PRODUCTIVE_AER_LOW_SHORT"},{"userProfilePK":76018113,"calendarDate":"2022-08-16","deviceId":3401978503,"timestamp":"2022-08-15T22:03:28.0","sport":"RUNNING","subSport":"GENERIC","weeklyTrainingLoadSum":452,"loadTunnelMin":176,"loadTunnelMax":396,"trainingStatus":"PRODUCTIVE","fitnessLevelTrend":"NO_CHANGE","loadLevelTrend":"INCREASING","trainingStatusFeedbackPhrase":"PRODUCTIVE_AER_LOW_SHORT"},{"userProfilePK":76018113,"calendarDate":"2022-08-16","deviceId":3401978503,"timestamp":"2022-08-16T06:35:51.0","sport":"RUNNING","subSport":"GENERIC","weeklyTrainingLoadSum":624,"loadTunnelMin":176,"loadTunnelMax":396,"trainingStatus":"PRODUCTIVE","fitnessLevelTrend":"NO_CHANGE","loadLevelTrend":"INCREASING","trainingStatusFeedbackPhrase":"PRODUCTIVE_AER_LOW_SHORT"},{"userProfilePK":76018113,"calendarDate":"2022-08-16","deviceId":3401978503,"timestamp":"2022-08-16T23:59:59.0","sport":"RUNNING","subSport":"GENERIC","weeklyTrainingLoadSum":624,"loadTunnelMin":176,"loadTunnelMax":396,"trainingStatus":"PRODUCTIVE","fitnessLevelTrend":"NO_CHANGE","loadLevelTrend":"INCREASING","trainingStatusFeedbackPhrase":"PRODUCTIVE_AER_LOW_SHORT"},{"userProfilePK":76018113,"calendarDate":"2022-08-17","deviceId":3401978503,"timestamp":"2022-08-16T22:03:32.0","sport":"RUNNING","subSport":"GENERIC","weeklyTrainingLoadSum":624,"loadTunnelMin":176,"loadTunnelMax":396,"trainingStatus":"PRODUCTIVE","fitnessLevelTrend":"NO_CHANGE","loadLevelTrend":"INCREASING","trainingStatusFeedbackPhrase":"PRODUCTIVE_AER_LOW_SHORT"},{"userProfilePK":76018113,"calendarDate":"2022-08-17","deviceId":3401978503,"timestamp":"2022-08-17T14:25:01.0","sport":"RUNNING","subSport":"GENERIC","weeklyTrainingLoadSum":624,"loadTunnelMin":176,"loadTunnelMax":396,"trainingStatus":"PRODUCTIVE","fitnessLevelTrend":"NO_CHANGE","loadLevelTrend":"INCREASING","trainingStatusFeedbackPhrase":"PRODUCTIVE_AER_LOW_SHORT"},{"userProfilePK":76018113,"calendarDate":"2022-08-17","deviceId":3401978503,"timestamp":"2022-08-17T16:26:45.0","sport":"RUNNING","subSport":"GENERIC","weeklyTrainingLoadSum":850,"loadTunnelMin":226,"loadTunnelMax":484,"trainingStatus":"PRODUCTIVE","fitnessLevelTrend":"NO_CHANGE","loadLevelTrend":"INCREASING","trainingStatusFeedbackPhrase":"PRODUCTIVE_AER_LOW_SHORT"},{"userProfilePK":76018113,"calendarDate":"2022-08-18","deviceId":3401978503,"timestamp":"2022-08-18T05:01:04.0","sport":"RUNNING","subSport":"GENERIC","weeklyTrainingLoadSum":850,"loadTunnelMin":226,"loadTunnelMax":484,"trainingStatus":"PRODUCTIVE","fitnessLevelTrend":"NO_CHANGE","loadLevelTrend":"INCREASING","trainingStatusFeedbackPhrase":"PRODUCTIVE_AER_LOW_SHORT"},{"userProfilePK":76018113,"calendarDate":"2022-08-19","deviceId":3401978503,"timestamp":"2022-08-19T05:01:08.0","sport":"RUNNING","subSport":"GENERIC","weeklyTrainingLoadSum":637,"loadTunnelMin":226,"loadTunnelMax":484,"trainingStatus":"PRODUCTIVE","fitnessLevelTrend":"NO_CHANGE","loadLevelTrend":"INCREASING","trainingStatusFeedbackPhrase":"PRODUCTIVE_AER_LOW_SHORT"},{"userProfilePK":76018113,"calendarDate":"2022-08-19","deviceId":3401978503,"timestamp":"2022-08-19T14:29:29.0","sport":"RUNNING","subSport":"GENERIC","weeklyTrainingLoadSum":637,"loadTunnelMin":226,"loadTunnelMax":484,"trainingStatus":"PRODUCTIVE","fitnessLevelTrend":"NO_CHANGE","loadLevelTrend":"INCREASING","trainingStatusFeedbackPhrase":"PRODUCTIVE_AER_LOW_SHORT"},{"userProfilePK":76018113,"calendarDate":"2022-08-19","deviceId":3401978503,"timestamp":"2022-08-19T15:23:38.0","sport":"RUNNING","subSport":"GENERIC","weeklyTrainingLoadSum":909,"loadTunnelMin":281,"loadTunnelMax":640,"trainingStatus":"PRODUCTIVE","fitnessLevelTrend":"NO_CHANGE","loadLevelTrend":"INCREASING","trainingStatusFeedbackPhrase":"PRODUCTIVE_AER_LOW_SHORT"},{"userProfilePK":76018113,"calendarDate":"2022-08-20","deviceId":3401978503,"timestamp":"2022-08-20T05:01:15.0","sport":"RUNNING","subSport":"GENERIC","weeklyTrainingLoadSum":909,"loadTunnelMin":281,"loadTunnelMax":640,"trainingStatus":"PRODUCTIVE","fitnessLevelTrend":"NO_CHANGE","loadLevelTrend":"INCREASING","trainingStatusFeedbackPhrase":"PRODUCTIVE_AER_LOW_SHORT"},{"userProfilePK":76018113,"calendarDate":"2022-08-21","deviceId":3401978503,"timestamp":"2022-08-21T05:01:19.0","sport":"RUNNING","subSport":"GENERIC","weeklyTrainingLoadSum":670,"loadTunnelMin":281,"loadTunnelMax":640,"trainingStatus":"PRODUCTIVE","fitnessLevelTrend":"NO_CHANGE","loadLevelTrend":"INCREASING","trainingStatusFeedbackPhrase":"PRODUCTIVE_AER_LOW_SHORT"},{"userProfilePK":76018113,"calendarDate":"2022-08-21","deviceId":3401978503,"timestamp":"2022-08-21T15:37:11.0","sport":"RUNNING","subSport":"GENERIC","weeklyTrainingLoadSum":906,"loadTunnelMin":360,"loadTunnelMax":794,"trainingStatus":"PRODUCTIVE","fitnessLevelTrend":"NO_CHANGE","loadLevelTrend":"INCREASING","trainingStatusFeedbackPhrase":"PRODUCTIVE_AER_LOW_SHORT"},{"userProfilePK":76018113,"calendarDate":"2022-08-22","deviceId":3401978503,"timestamp":"2022-08-22T05:01:25.0","sport":"RUNNING","subSport":"GENERIC","weeklyTrainingLoadSum":906,"loadTunnelMin":360,"loadTunnelMax":794,"trainingStatus":"PRODUCTIVE","fitnessLevelTrend":"NO_CHANGE","loadLevelTrend":"INCREASING","trainingStatusFeedbackPhrase":"PRODUCTIVE_AER_LOW_SHORT"},{"userProfilePK":76018113,"calendarDate":"2022-08-23","deviceId":3401978503,"timestamp":"2022-08-22T22:01:27.0","sport":"RUNNING","subSport":"GENERIC","weeklyTrainingLoadSum":734,"loadTunnelMin":360,"loadTunnelMax":794,"trainingStatus":"PRODUCTIVE","fitnessLevelTrend":"NO_CHANGE","loadLevelTrend":"INCREASING","trainingStatusFeedbackPhrase":"PRODUCTIVE_AER_LOW_SHORT"},{"userProfilePK":76018113,"calendarDate":"2022-08-23","deviceId":3401978503,"timestamp":"2022-08-23T06:23:13.0","sport":"RUNNING","subSport":"GENERIC","weeklyTrainingLoadSum":925,"loadTunnelMin":360,"loadTunnelMax":794,"trainingStatus":"PRODUCTIVE","fitnessLevelTrend":"NO_CHANGE","loadLevelTrend":"INCREASING","trainingStatusFeedbackPhrase":"PRODUCTIVE_AER_LOW_SHORT"},{"userProfilePK":76018113,"calendarDate":"2022-08-24","deviceId":3401978503,"timestamp":"2022-08-23T22:01:32.0","sport":"RUNNING","subSport":"GENERIC","weeklyTrainingLoadSum":699,"loadTunnelMin":360,"loadTunnelMax":794,"trainingStatus":"PRODUCTIVE","fitnessLevelTrend":"NO_CHANGE","loadLevelTrend":"INCREASING","trainingStatusFeedbackPhrase":"PRODUCTIVE_AER_LOW_SHORT"},{"userProfilePK":76018113,"calendarDate":"2022-08-24","deviceId":3401978503,"timestamp":"2022-08-24T05:07:52.0","sport":"RUNNING","subSport":"GENERIC","weeklyTrainingLoadSum":699,"loadTunnelMin":360,"loadTunnelMax":794,"trainingStatus":"PRODUCTIVE","fitnessLevelTrend":"NO_CHANGE","loadLevelTrend":"INCREASING","trainingStatusFeedbackPhrase":"PRODUCTIVE_AER_LOW_SHORT"},{"userProfilePK":76018113,"calendarDate":"2022-08-24","deviceId":3401978503,"timestamp":"2022-08-24T05:58:25.0","sport":"RUNNING","subSport":"GENERIC","weeklyTrainingLoadSum":879,"loadTunnelMin":360,"loadTunnelMax":794,"trainingStatus":"PRODUCTIVE","fitnessLevelTrend":"NO_CHANGE","loadLevelTrend":"INCREASING","trainingStatusFeedbackPhrase":"PRODUCTIVE_AER_LOW_SHORT"},{"userProfilePK":76018113,"calendarDate":"2022-08-25","deviceId":3401978503,"timestamp":"2022-08-24T22:01:35.0","sport":"RUNNING","subSport":"GENERIC","weeklyTrainingLoadSum":879,"loadTunnelMin":360,"loadTunnelMax":794,"trainingStatus":"PRODUCTIVE","fitnessLevelTrend":"NO_CHANGE","loadLevelTrend":"INCREASING","trainingStatusFeedbackPhrase":"PRODUCTIVE_AER_LOW_SHORT"},{"userProfilePK":76018113,"calendarDate":"2022-08-26","deviceId":3401978503,"timestamp":"2022-08-25T22:01:41.0","sport":"RUNNING","subSport":"GENERIC","weeklyTrainingLoadSum":607,"loadTunnelMin":360,"loadTunnelMax":794,"trainingStatus":"PRODUCTIVE","fitnessLevelTrend":"NO_CHANGE","loadLevelTrend":"NO_CHANGE","trainingStatusFeedbackPhrase":"PRODUCTIVE_AER_LOW_SHORT"},{"userProfilePK":76018113,"calendarDate":"2022-08-26","deviceId":3401978503,"timestamp":"2022-08-26T06:01:13.0","sport":"RUNNING","subSport":"GENERIC","weeklyTrainingLoadSum":771,"loadTunnelMin":446,"loadTunnelMax":988,"trainingStatus":"MAINTAINING","fitnessLevelTrend":"NO_CHANGE","loadLevelTrend":"INCREASING","trainingStatusFeedbackPhrase":"MAINTAINING_AER_LOW_SHORT"},{"userProfilePK":76018113,"calendarDate":"2022-08-27","deviceId":3401978503,"timestamp":"2022-08-26T22:01:47.0","sport":"RUNNING","subSport":"GENERIC","weeklyTrainingLoadSum":771,"loadTunnelMin":446,"loadTunnelMax":988,"trainingStatus":"MAINTAINING","fitnessLevelTrend":"NO_CHANGE","loadLevelTrend":"INCREASING","trainingStatusFeedbackPhrase":"MAINTAINING_AER_LOW_SHORT"},{"userProfilePK":76018113,"calendarDate":"2022-08-28","deviceId":3401978503,"timestamp":"2022-08-27T22:01:52.0","sport":"RUNNING","subSport":"GENERIC","weeklyTrainingLoadSum":535,"loadTunnelMin":446,"loadTunnelMax":988,"trainingStatus":"MAINTAINING","fitnessLevelTrend":"NO_CHANGE","loadLevelTrend":"NO_CHANGE","trainingStatusFeedbackPhrase":"MAINTAINING_AER_LOW_SHORT"},{"userProfilePK":76018113,"calendarDate":"2022-08-28","deviceId":3401978503,"timestamp":"2022-08-28T11:36:39.0","sport":"RUNNING","subSport":"GENERIC","weeklyTrainingLoadSum":814,"loadTunnelMin":446,"loadTunnelMax":988,"trainingStatus":"MAINTAINING","fitnessLevelTrend":"NO_CHANGE","loadLevelTrend":"INCREASING","trainingStatusFeedbackPhrase":"MAINTAINING_AER_LOW_SHORT"},{"userProfilePK":76018113,"calendarDate":"2022-08-29","deviceId":3401978503,"timestamp":"2022-08-28T22:01:57.0","sport":"RUNNING","subSport":"GENERIC","weeklyTrainingLoadSum":814,"loadTunnelMin":446,"loadTunnelMax":988,"trainingStatus":"MAINTAINING","fitnessLevelTrend":"NO_CHANGE","loadLevelTrend":"INCREASING","trainingStatusFeedbackPhrase":"MAINTAINING_AER_LOW_SHORT"},{"userProfilePK":76018113,"calendarDate":"2022-08-30","deviceId":3401978503,"timestamp":"2022-08-29T22:02:01.0","sport":"RUNNING","subSport":"GENERIC","weeklyTrainingLoadSum":623,"loadTunnelMin":446,"loadTunnelMax":988,"trainingStatus":"MAINTAINING","fitnessLevelTrend":"NO_CHANGE","loadLevelTrend":"NO_CHANGE","trainingStatusFeedbackPhrase":"MAINTAINING_AER_LOW_SHORT"},{"userProfilePK":76018113,"calendarDate":"2022-08-30","deviceId":3401978503,"timestamp":"2022-08-30T06:21:57.0","sport":"RUNNING","subSport":"GENERIC","weeklyTrainingLoadSum":846,"loadTunnelMin":559,"loadTunnelMax":1258,"trainingStatus":"MAINTAINING","fitnessLevelTrend":"NO_CHANGE","loadLevelTrend":"INCREASING","trainingStatusFeedbackPhrase":"MAINTAINING_AER_LOW_SHORT"},{"userProfilePK":76018113,"calendarDate":"2022-08-31","deviceId":3401978503,"timestamp":"2022-08-30T22:02:07.0","sport":"RUNNING","subSport":"GENERIC","weeklyTrainingLoadSum":666,"loadTunnelMin":559,"loadTunnelMax":1258,"trainingStatus":"MAINTAINING","fitnessLevelTrend":"NO_CHANGE","loadLevelTrend":"NO_CHANGE","trainingStatusFeedbackPhrase":"MAINTAINING_AER_LOW_SHORT"},{"userProfilePK":76018113,"calendarDate":"2022-08-31","deviceId":3401978503,"timestamp":"2022-08-31T05:57:02.0","sport":"RUNNING","subSport":"GENERIC","weeklyTrainingLoadSum":839,"loadTunnelMin":559,"loadTunnelMax":1258,"trainingStatus":"MAINTAINING","fitnessLevelTrend":"NO_CHANGE","loadLevelTrend":"NO_CHANGE","trainingStatusFeedbackPhrase":"MAINTAINING_AER_LOW_SHORT"},{"userProfilePK":76018113,"calendarDate":"2022-09-01","deviceId":3401978503,"timestamp":"2022-08-31T22:02:14.0","sport":"RUNNING","subSport":"GENERIC","weeklyTrainingLoadSum":839,"loadTunnelMin":559,"loadTunnelMax":1258,"trainingStatus":"MAINTAINING","fitnessLevelTrend":"NO_CHANGE","loadLevelTrend":"NO_CHANGE","trainingStatusFeedbackPhrase":"MAINTAINING_AER_LOW_SHORT"},{"userProfilePK":76018113,"calendarDate":"2022-09-02","deviceId":3401978503,"timestamp":"2022-09-01T22:02:19.0","sport":"RUNNING","subSport":"GENERIC","weeklyTrainingLoadSum":675,"loadTunnelMin":559,"loadTunnelMax":1258,"trainingStatus":"MAINTAINING","fitnessLevelTrend":"NO_CHANGE","loadLevelTrend":"NO_CHANGE","trainingStatusFeedbackPhrase":"MAINTAINING_AER_LOW_SHORT"},{"userProfilePK":76018113,"calendarDate":"2022-09-02","deviceId":3401978503,"timestamp":"2022-09-02T05:50:33.0","sport":"RUNNING","subSport":"GENERIC","weeklyTrainingLoadSum":886,"loadTunnelMin":559,"loadTunnelMax":1258,"trainingStatus":"MAINTAINING","fitnessLevelTrend":"NO_CHANGE","loadLevelTrend":"NO_CHANGE","trainingStatusFeedbackPhrase":"MAINTAINING_AER_LOW_SHORT"},{"userProfilePK":76018113,"calendarDate":"2022-09-03","deviceId":3401978503,"timestamp":"2022-09-02T22:02:23.0","sport":"RUNNING","subSport":"GENERIC","weeklyTrainingLoadSum":886,"loadTunnelMin":559,"loadTunnelMax":1258,"trainingStatus":"MAINTAINING","fitnessLevelTrend":"NO_CHANGE","loadLevelTrend":"NO_CHANGE","trainingStatusFeedbackPhrase":"MAINTAINING_AER_LOW_SHORT"},{"userProfilePK":76018113,"calendarDate":"2022-09-03","deviceId":3401978503,"timestamp":"2022-09-03T09:23:11.0","sport":"RUNNING","subSport":"GENERIC","weeklyTrainingLoadSum":1125,"loadTunnelMin":559,"loadTunnelMax":1258,"trainingStatus":"PRODUCTIVE","fitnessLevelTrend":"NO_CHANGE","loadLevelTrend":"INCREASING","trainingStatusFeedbackPhrase":"PRODUCTIVE_AER_LOW_SHORT"},{"userProfilePK":76018113,"calendarDate":"2022-09-04","deviceId":3401978503,"timestamp":"2022-09-03T22:02:30.0","sport":"RUNNING","subSport":"GENERIC","weeklyTrainingLoadSum":846,"loadTunnelMin":559,"loadTunnelMax":1258,"trainingStatus":"PRODUCTIVE","fitnessLevelTrend":"NO_CHANGE","loadLevelTrend":"NO_CHANGE","trainingStatusFeedbackPhrase":"PRODUCTIVE_AER_LOW_SHORT"},{"userProfilePK":76018113,"calendarDate":"2022-09-05","deviceId":3401978503,"timestamp":"2022-09-04T22:02:37.0","sport":"RUNNING","subSport":"GENERIC","weeklyTrainingLoadSum":846,"loadTunnelMin":559,"loadTunnelMax":1258,"trainingStatus":"PRODUCTIVE","fitnessLevelTrend":"NO_CHANGE","loadLevelTrend":"NO_CHANGE","trainingStatusFeedbackPhrase":"PRODUCTIVE_AER_LOW_SHORT"},{"userProfilePK":76018113,"calendarDate":"2022-09-06","deviceId":3401978503,"timestamp":"2022-09-05T22:02:43.0","sport":"RUNNING","subSport":"GENERIC","weeklyTrainingLoadSum":623,"loadTunnelMin":559,"loadTunnelMax":1258,"trainingStatus":"RECOVERY","fitnessLevelTrend":"NO_CHANGE","loadLevelTrend":"DECREASING","trainingStatusFeedbackPhrase":"RECOVERY_AER_LOW_SHORT"},{"userProfilePK":76018113,"calendarDate":"2022-09-06","deviceId":3401978503,"timestamp":"2022-09-06T06:01:25.0","sport":"RUNNING","subSport":"GENERIC","weeklyTrainingLoadSum":890,"loadTunnelMin":559,"loadTunnelMax":1258,"trainingStatus":"MAINTAINING","fitnessLevelTrend":"NO_CHANGE","loadLevelTrend":"NO_CHANGE","trainingStatusFeedbackPhrase":"MAINTAINING_AER_LOW_SHORT"},{"userProfilePK":76018113,"calendarDate":"2022-09-07","deviceId":3401978503,"timestamp":"2022-09-06T22:02:47.0","sport":"RUNNING","subSport":"GENERIC","weeklyTrainingLoadSum":717,"loadTunnelMin":559,"loadTunnelMax":1258,"trainingStatus":"MAINTAINING","fitnessLevelTrend":"NO_CHANGE","loadLevelTrend":"NO_CHANGE","trainingStatusFeedbackPhrase":"MAINTAINING_AER_LOW_SHORT"},{"userProfilePK":76018113,"calendarDate":"2022-09-07","deviceId":3401978503,"timestamp":"2022-09-07T05:58:12.0","sport":"RUNNING","subSport":"GENERIC","weeklyTrainingLoadSum":981,"loadTunnelMin":722,"loadTunnelMax":1540,"trainingStatus":"MAINTAINING","fitnessLevelTrend":"NO_CHANGE","loadLevelTrend":"NO_CHANGE","trainingStatusFeedbackPhrase":"MAINTAINING_AER_LOW_SHORT"},{"userProfilePK":76018113,"calendarDate":"2022-09-08","deviceId":3401978503,"timestamp":"2022-09-07T22:02:51.0","sport":"RUNNING","subSport":"GENERIC","weeklyTrainingLoadSum":981,"loadTunnelMin":722,"loadTunnelMax":1540,"trainingStatus":"MAINTAINING","fitnessLevelTrend":"NO_CHANGE","loadLevelTrend":"NO_CHANGE","trainingStatusFeedbackPhrase":"MAINTAINING_AER_LOW_SHORT"},{"userProfilePK":76018113,"calendarDate":"2022-09-09","deviceId":3401978503,"timestamp":"2022-09-08T22:02:57.0","sport":"RUNNING","subSport":"GENERIC","weeklyTrainingLoadSum":770,"loadTunnelMin":559,"loadTunnelMax":1258,"trainingStatus":"MAINTAINING","fitnessLevelTrend":"NO_CHANGE","loadLevelTrend":"NO_CHANGE","trainingStatusFeedbackPhrase":"MAINTAINING_AER_LOW_SHORT"},{"userProfilePK":76018113,"calendarDate":"2022-09-10","deviceId":3401978503,"timestamp":"2022-09-09T22:03:01.0","sport":"RUNNING","subSport":"GENERIC","weeklyTrainingLoadSum":531,"loadTunnelMin":559,"loadTunnelMax":1258,"trainingStatus":"RECOVERY","fitnessLevelTrend":"NO_CHANGE","loadLevelTrend":"DECREASING","trainingStatusFeedbackPhrase":"RECOVERY_AER_LOW_SHORT"},{"userProfilePK":76018113,"calendarDate":"2022-09-10","deviceId":3401978503,"timestamp":"2022-09-10T09:35:34.0","sport":"RUNNING","subSport":"GENERIC","weeklyTrainingLoadSum":794,"loadTunnelMin":722,"loadTunnelMax":1540,"trainingStatus":"MAINTAINING","fitnessLevelTrend":"NO_CHANGE","loadLevelTrend":"NO_CHANGE","trainingStatusFeedbackPhrase":"MAINTAINING_AER_LOW_SHORT"},{"userProfilePK":76018113,"calendarDate":"2022-09-11","deviceId":3401978503,"timestamp":"2022-09-10T22:03:06.0","sport":"RUNNING","subSport":"GENERIC","weeklyTrainingLoadSum":794,"loadTunnelMin":559,"loadTunnelMax":1258,"trainingStatus":"MAINTAINING","fitnessLevelTrend":"NO_CHANGE","loadLevelTrend":"NO_CHANGE","trainingStatusFeedbackPhrase":"MAINTAINING_AER_LOW_SHORT"},{"userProfilePK":76018113,"calendarDate":"2022-09-11","deviceId":3401978503,"timestamp":"2022-09-11T10:18:04.0","sport":"RUNNING","subSport":"GENERIC","weeklyTrainingLoadSum":1065,"loadTunnelMin":722,"loadTunnelMax":1540,"trainingStatus":"MAINTAINING","fitnessLevelTrend":"NO_CHANGE","loadLevelTrend":"INCREASING","trainingStatusFeedbackPhrase":"MAINTAINING_AER_LOW_SHORT"},{"userProfilePK":76018113,"calendarDate":"2022-09-12","deviceId":3401978503,"timestamp":"2022-09-11T22:03:09.0","sport":"RUNNING","subSport":"GENERIC","weeklyTrainingLoadSum":1065,"loadTunnelMin":722,"loadTunnelMax":1540,"trainingStatus":"MAINTAINING","fitnessLevelTrend":"NO_CHANGE","loadLevelTrend":"INCREASING","trainingStatusFeedbackPhrase":"MAINTAINING_AER_LOW_SHORT"},{"userProfilePK":76018113,"calendarDate":"2022-09-13","deviceId":3401978503,"timestamp":"2022-09-12T22:03:12.0","sport":"RUNNING","subSport":"GENERIC","weeklyTrainingLoadSum":798,"loadTunnelMin":559,"loadTunnelMax":1258,"trainingStatus":"MAINTAINING","fitnessLevelTrend":"NO_CHANGE","loadLevelTrend":"NO_CHANGE","trainingStatusFeedbackPhrase":"MAINTAINING_AER_LOW_SHORT"},{"userProfilePK":76018113,"calendarDate":"2022-09-13","deviceId":3401978503,"timestamp":"2022-09-13T06:04:56.0","sport":"RUNNING","subSport":"GENERIC","weeklyTrainingLoadSum":989,"loadTunnelMin":722,"loadTunnelMax":1540,"trainingStatus":"MAINTAINING","fitnessLevelTrend":"NO_CHANGE","loadLevelTrend":"NO_CHANGE","trainingStatusFeedbackPhrase":"MAINTAINING_AER_LOW_SHORT"},{"userProfilePK":76018113,"calendarDate":"2022-09-14","deviceId":3401978503,"timestamp":"2022-09-13T22:03:17.0","sport":"RUNNING","subSport":"GENERIC","weeklyTrainingLoadSum":725,"loadTunnelMin":559,"loadTunnelMax":1258,"trainingStatus":"RECOVERY","fitnessLevelTrend":"NO_CHANGE","loadLevelTrend":"DECREASING","trainingStatusFeedbackPhrase":"RECOVERY_AER_LOW_SHORT"},{"userProfilePK":76018113,"calendarDate":"2022-09-15","deviceId":3401978503,"timestamp":"2022-09-14T22:03:21.0","sport":"RUNNING","subSport":"GENERIC","weeklyTrainingLoadSum":725,"loadTunnelMin":559,"loadTunnelMax":1258,"trainingStatus":"RECOVERY","fitnessLevelTrend":"NO_CHANGE","loadLevelTrend":"DECREASING","trainingStatusFeedbackPhrase":"RECOVERY_AER_LOW_SHORT"},{"userProfilePK":76018113,"calendarDate":"2022-09-15","deviceId":3401978503,"timestamp":"2022-09-15T05:59:52.0","sport":"RUNNING","subSport":"GENERIC","weeklyTrainingLoadSum":946,"loadTunnelMin":722,"loadTunnelMax":1540,"trainingStatus":"MAINTAINING","fitnessLevelTrend":"NO_CHANGE","loadLevelTrend":"NO_CHANGE","trainingStatusFeedbackPhrase":"MAINTAINING_AER_LOW_SHORT"},{"userProfilePK":76018113,"calendarDate":"2022-09-16","deviceId":3401978503,"timestamp":"2022-09-15T22:03:24.0","sport":"RUNNING","subSport":"GENERIC","weeklyTrainingLoadSum":946,"loadTunnelMin":559,"loadTunnelMax":1258,"trainingStatus":"MAINTAINING","fitnessLevelTrend":"NO_CHANGE","loadLevelTrend":"NO_CHANGE","trainingStatusFeedbackPhrase":"MAINTAINING_AER_LOW_SHORT"},{"userProfilePK":76018113,"calendarDate":"2022-09-17","deviceId":3401978503,"timestamp":"2022-09-16T22:03:26.0","sport":"RUNNING","subSport":"GENERIC","weeklyTrainingLoadSum":683,"loadTunnelMin":559,"loadTunnelMax":1258,"trainingStatus":"RECOVERY","fitnessLevelTrend":"NO_CHANGE","loadLevelTrend":"DECREASING","trainingStatusFeedbackPhrase":"RECOVERY_AER_LOW_SHORT"},{"userProfilePK":76018113,"calendarDate":"2022-09-17","deviceId":3401978503,"timestamp":"2022-09-17T07:21:06.0","sport":"RUNNING","subSport":"GENERIC","weeklyTrainingLoadSum":844,"loadTunnelMin":722,"loadTunnelMax":1540,"trainingStatus":"MAINTAINING","fitnessLevelTrend":"NO_CHANGE","loadLevelTrend":"NO_CHANGE","trainingStatusFeedbackPhrase":"MAINTAINING_AER_LOW_SHORT"},{"userProfilePK":76018113,"calendarDate":"2022-09-18","deviceId":3401978503,"timestamp":"2022-09-17T22:03:31.0","sport":"RUNNING","subSport":"GENERIC","weeklyTrainingLoadSum":573,"loadTunnelMin":559,"loadTunnelMax":1258,"trainingStatus":"RECOVERY","fitnessLevelTrend":"NO_CHANGE","loadLevelTrend":"DECREASING","trainingStatusFeedbackPhrase":"RECOVERY_AER_LOW_SHORT"},{"userProfilePK":76018113,"calendarDate":"2022-09-18","deviceId":3401978503,"timestamp":"2022-09-18T06:14:01.0","sport":"RUNNING","subSport":"GENERIC","weeklyTrainingLoadSum":836,"loadTunnelMin":722,"loadTunnelMax":1540,"trainingStatus":"MAINTAINING","fitnessLevelTrend":"NO_CHANGE","loadLevelTrend":"NO_CHANGE","trainingStatusFeedbackPhrase":"MAINTAINING_AER_LOW_SHORT"},{"userProfilePK":76018113,"calendarDate":"2022-09-19","deviceId":3401978503,"timestamp":"2022-09-18T22:03:35.0","sport":"RUNNING","subSport":"GENERIC","weeklyTrainingLoadSum":836,"loadTunnelMin":722,"loadTunnelMax":1540,"trainingStatus":"MAINTAINING","fitnessLevelTrend":"NO_CHANGE","loadLevelTrend":"NO_CHANGE","trainingStatusFeedbackPhrase":"MAINTAINING_AER_LOW_SHORT"},{"userProfilePK":76018113,"calendarDate":"2022-09-20","deviceId":3401978503,"timestamp":"2022-09-19T22:03:38.0","sport":"RUNNING","subSport":"GENERIC","weeklyTrainingLoadSum":645,"loadTunnelMin":559,"loadTunnelMax":1258,"trainingStatus":"RECOVERY","fitnessLevelTrend":"NO_CHANGE","loadLevelTrend":"DECREASING","trainingStatusFeedbackPhrase":"RECOVERY_AER_LOW_SHORT"},{"userProfilePK":76018113,"calendarDate":"2022-09-21","deviceId":3401978503,"timestamp":"2022-09-20T22:04:31.0","sport":"RUNNING","subSport":"GENERIC","weeklyTrainingLoadSum":645,"loadTunnelMin":559,"loadTunnelMax":1258,"trainingStatus":"RECOVERY","fitnessLevelTrend":"NO_CHANGE","loadLevelTrend":"DECREASING","trainingStatusFeedbackPhrase":"RECOVERY_AER_LOW_SHORT"},{"userProfilePK":76018113,"calendarDate":"2022-09-21","deviceId":3401978503,"timestamp":"2022-09-21T05:53:52.0","sport":"RUNNING","subSport":"GENERIC","weeklyTrainingLoadSum":847,"loadTunnelMin":559,"loadTunnelMax":1258,"trainingStatus":"MAINTAINING","fitnessLevelTrend":"NO_CHANGE","loadLevelTrend":"NO_CHANGE","trainingStatusFeedbackPhrase":"MAINTAINING_AER_LOW_SHORT"},{"userProfilePK":76018113,"calendarDate":"2022-09-22","deviceId":3401978503,"timestamp":"2022-09-21T22:04:36.0","sport":"RUNNING","subSport":"GENERIC","weeklyTrainingLoadSum":626,"loadTunnelMin":559,"loadTunnelMax":1258,"trainingStatus":"RECOVERY","fitnessLevelTrend":"NO_CHANGE","loadLevelTrend":"DECREASING","trainingStatusFeedbackPhrase":"RECOVERY_AER_LOW_SHORT"},{"userProfilePK":76018113,"calendarDate":"2022-09-22","deviceId":3401978503,"timestamp":"2022-09-22T05:52:00.0","sport":"RUNNING","subSport":"GENERIC","weeklyTrainingLoadSum":895,"loadTunnelMin":722,"loadTunnelMax":1540,"trainingStatus":"MAINTAINING","fitnessLevelTrend":"NO_CHANGE","loadLevelTrend":"NO_CHANGE","trainingStatusFeedbackPhrase":"MAINTAINING_AER_LOW_SHORT"},{"userProfilePK":76018113,"calendarDate":"2022-09-23","deviceId":3401978503,"timestamp":"2022-09-22T22:02:01.0","sport":"RUNNING","subSport":"GENERIC","weeklyTrainingLoadSum":895,"loadTunnelMin":559,"loadTunnelMax":1258,"trainingStatus":"MAINTAINING","fitnessLevelTrend":"NO_CHANGE","loadLevelTrend":"NO_CHANGE","trainingStatusFeedbackPhrase":"MAINTAINING_AER_LOW_SHORT"},{"userProfilePK":76018113,"calendarDate":"2022-09-23","deviceId":3401978503,"timestamp":"2022-09-23T05:53:56.0","sport":"RUNNING","subSport":"GENERIC","weeklyTrainingLoadSum":1108,"loadTunnelMin":722,"loadTunnelMax":1540,"trainingStatus":"MAINTAINING","fitnessLevelTrend":"NO_CHANGE","loadLevelTrend":"INCREASING","trainingStatusFeedbackPhrase":"MAINTAINING_AER_LOW_SHORT"},{"userProfilePK":76018113,"calendarDate":"2022-09-24","deviceId":3401978503,"timestamp":"2022-09-23T22:02:04.0","sport":"RUNNING","subSport":"GENERIC","weeklyTrainingLoadSum":947,"loadTunnelMin":722,"loadTunnelMax":1540,"trainingStatus":"MAINTAINING","fitnessLevelTrend":"NO_CHANGE","loadLevelTrend":"NO_CHANGE","trainingStatusFeedbackPhrase":"MAINTAINING_AER_LOW_SHORT"},{"userProfilePK":76018113,"calendarDate":"2022-09-25","deviceId":3401978503,"timestamp":"2022-09-24T22:02:06.0","sport":"RUNNING","subSport":"GENERIC","weeklyTrainingLoadSum":684,"loadTunnelMin":559,"loadTunnelMax":1258,"trainingStatus":"RECOVERY","fitnessLevelTrend":"NO_CHANGE","loadLevelTrend":"DECREASING","trainingStatusFeedbackPhrase":"RECOVERY_AER_LOW_SHORT"},{"userProfilePK":76018113,"calendarDate":"2022-09-25","deviceId":3401978503,"timestamp":"2022-09-25T10:21:12.0","sport":"RUNNING","subSport":"GENERIC","weeklyTrainingLoadSum":967,"loadTunnelMin":722,"loadTunnelMax":1540,"trainingStatus":"MAINTAINING","fitnessLevelTrend":"NO_CHANGE","loadLevelTrend":"NO_CHANGE","trainingStatusFeedbackPhrase":"MAINTAINING_AER_LOW_SHORT"},{"userProfilePK":76018113,"calendarDate":"2022-09-26","deviceId":3401978503,"timestamp":"2022-09-25T22:02:10.0","sport":"RUNNING","subSport":"GENERIC","weeklyTrainingLoadSum":967,"loadTunnelMin":722,"loadTunnelMax":1540,"trainingStatus":"MAINTAINING","fitnessLevelTrend":"NO_CHANGE","loadLevelTrend":"NO_CHANGE","trainingStatusFeedbackPhrase":"MAINTAINING_AER_LOW_SHORT"},{"userProfilePK":76018113,"calendarDate":"2022-09-27","deviceId":3401978503,"timestamp":"2022-09-26T22:02:14.0","sport":"RUNNING","subSport":"GENERIC","weeklyTrainingLoadSum":967,"loadTunnelMin":559,"loadTunnelMax":1258,"trainingStatus":"MAINTAINING","fitnessLevelTrend":"NO_CHANGE","loadLevelTrend":"NO_CHANGE","trainingStatusFeedbackPhrase":"MAINTAINING_AER_LOW_SHORT"},{"userProfilePK":76018113,"calendarDate":"2022-09-28","deviceId":3401978503,"timestamp":"2022-09-27T22:02:14.0","sport":"RUNNING","subSport":"GENERIC","weeklyTrainingLoadSum":765,"loadTunnelMin":559,"loadTunnelMax":1258,"trainingStatus":"MAINTAINING","fitnessLevelTrend":"NO_CHANGE","loadLevelTrend":"NO_CHANGE","trainingStatusFeedbackPhrase":"MAINTAINING_AER_LOW_SHORT"},{"userProfilePK":76018113,"calendarDate":"2022-09-28","deviceId":3401978503,"timestamp":"2022-09-28T05:47:15.0","sport":"RUNNING","subSport":"GENERIC","weeklyTrainingLoadSum":1034,"loadTunnelMin":722,"loadTunnelMax":1540,"trainingStatus":"MAINTAINING","fitnessLevelTrend":"NO_CHANGE","loadLevelTrend":"INCREASING","trainingStatusFeedbackPhrase":"MAINTAINING_AER_LOW_SHORT"},{"userProfilePK":76018113,"calendarDate":"2022-09-29","deviceId":3401978503,"timestamp":"2022-09-28T22:02:19.0","sport":"RUNNING","subSport":"GENERIC","weeklyTrainingLoadSum":765,"loadTunnelMin":722,"loadTunnelMax":1540,"trainingStatus":"MAINTAINING","fitnessLevelTrend":"NO_CHANGE","loadLevelTrend":"NO_CHANGE","trainingStatusFeedbackPhrase":"MAINTAINING_AER_LOW_SHORT"},{"userProfilePK":76018113,"calendarDate":"2022-09-29","deviceId":3401978503,"timestamp":"2022-09-29T05:52:07.0","sport":"RUNNING","subSport":"GENERIC","weeklyTrainingLoadSum":883,"loadTunnelMin":722,"loadTunnelMax":1540,"trainingStatus":"MAINTAINING","fitnessLevelTrend":"NO_CHANGE","loadLevelTrend":"NO_CHANGE","trainingStatusFeedbackPhrase":"MAINTAINING_AER_LOW_SHORT"},{"userProfilePK":76018113,"calendarDate":"2022-09-30","deviceId":3401978503,"timestamp":"2022-09-29T22:02:24.0","sport":"RUNNING","subSport":"GENERIC","weeklyTrainingLoadSum":670,"loadTunnelMin":559,"loadTunnelMax":1258,"trainingStatus":"RECOVERY","fitnessLevelTrend":"NO_CHANGE","loadLevelTrend":"DECREASING","trainingStatusFeedbackPhrase":"RECOVERY_AER_LOW_SHORT"},{"userProfilePK":76018113,"calendarDate":"2022-09-30","deviceId":3401978503,"timestamp":"2022-09-30T06:03:09.0","sport":"RUNNING","subSport":"GENERIC","weeklyTrainingLoadSum":954,"loadTunnelMin":722,"loadTunnelMax":1540,"trainingStatus":"MAINTAINING","fitnessLevelTrend":"NO_CHANGE","loadLevelTrend":"NO_CHANGE","trainingStatusFeedbackPhrase":"MAINTAINING_AER_LOW_SHORT"},{"userProfilePK":76018113,"calendarDate":"2022-10-01","deviceId":3401978503,"timestamp":"2022-09-30T22:02:28.0","sport":"RUNNING","subSport":"GENERIC","weeklyTrainingLoadSum":954,"loadTunnelMin":722,"loadTunnelMax":1540,"trainingStatus":"MAINTAINING","fitnessLevelTrend":"NO_CHANGE","loadLevelTrend":"NO_CHANGE","trainingStatusFeedbackPhrase":"MAINTAINING_AER_LOW_SHORT"},{"userProfilePK":76018113,"calendarDate":"2022-10-01","deviceId":3401978503,"timestamp":"2022-10-01T07:03:54.0","sport":"RUNNING","subSport":"GENERIC","weeklyTrainingLoadSum":1104,"loadTunnelMin":722,"loadTunnelMax":1540,"trainingStatus":"MAINTAINING","fitnessLevelTrend":"NO_CHANGE","loadLevelTrend":"INCREASING","trainingStatusFeedbackPhrase":"MAINTAINING_AER_LOW_SHORT"},{"userProfilePK":76018113,"calendarDate":"2022-10-02","deviceId":3401978503,"timestamp":"2022-10-01T22:02:32.0","sport":"RUNNING","subSport":"GENERIC","weeklyTrainingLoadSum":821,"loadTunnelMin":722,"loadTunnelMax":1540,"trainingStatus":"MAINTAINING","fitnessLevelTrend":"NO_CHANGE","loadLevelTrend":"NO_CHANGE","trainingStatusFeedbackPhrase":"MAINTAINING_AER_LOW_SHORT"},{"userProfilePK":76018113,"calendarDate":"2022-10-03","deviceId":3401978503,"timestamp":"2022-10-02T22:02:36.0","sport":"RUNNING","subSport":"GENERIC","weeklyTrainingLoadSum":821,"loadTunnelMin":722,"loadTunnelMax":1540,"trainingStatus":"MAINTAINING","fitnessLevelTrend":"NO_CHANGE","loadLevelTrend":"NO_CHANGE","trainingStatusFeedbackPhrase":"MAINTAINING_AER_LOW_SHORT"},{"userProfilePK":76018113,"calendarDate":"2022-10-04","deviceId":3401978503,"timestamp":"2022-10-03T22:02:40.0","sport":"RUNNING","subSport":"GENERIC","weeklyTrainingLoadSum":821,"loadTunnelMin":559,"loadTunnelMax":1258,"trainingStatus":"MAINTAINING","fitnessLevelTrend":"NO_CHANGE","loadLevelTrend":"NO_CHANGE","trainingStatusFeedbackPhrase":"MAINTAINING_AER_LOW_SHORT"},{"userProfilePK":76018113,"calendarDate":"2022-10-04","deviceId":3401978503,"timestamp":"2022-10-04T06:16:14.0","sport":"RUNNING","subSport":"GENERIC","weeklyTrainingLoadSum":970,"loadTunnelMin":722,"loadTunnelMax":1540,"trainingStatus":"MAINTAINING","fitnessLevelTrend":"NO_CHANGE","loadLevelTrend":"NO_CHANGE","trainingStatusFeedbackPhrase":"MAINTAINING_AER_LOW_SHORT"},{"userProfilePK":76018113,"calendarDate":"2022-10-05","deviceId":3401978503,"timestamp":"2022-10-04T22:02:45.0","sport":"RUNNING","subSport":"GENERIC","weeklyTrainingLoadSum":701,"loadTunnelMin":559,"loadTunnelMax":1258,"trainingStatus":"RECOVERY","fitnessLevelTrend":"NO_CHANGE","loadLevelTrend":"DECREASING","trainingStatusFeedbackPhrase":"RECOVERY_AER_LOW_SHORT"},{"userProfilePK":76018113,"calendarDate":"2022-10-05","deviceId":3401978503,"timestamp":"2022-10-05T05:56:48.0","sport":"RUNNING","subSport":"GENERIC","weeklyTrainingLoadSum":894,"loadTunnelMin":559,"loadTunnelMax":1258,"trainingStatus":"MAINTAINING","fitnessLevelTrend":"NO_CHANGE","loadLevelTrend":"NO_CHANGE","trainingStatusFeedbackPhrase":"MAINTAINING_AER_LOW_SHORT"},{"userProfilePK":76018113,"calendarDate":"2022-10-06","deviceId":3401978503,"timestamp":"2022-10-05T22:02:51.0","sport":"RUNNING","subSport":"GENERIC","weeklyTrainingLoadSum":776,"loadTunnelMin":559,"loadTunnelMax":1258,"trainingStatus":"MAINTAINING","fitnessLevelTrend":"NO_CHANGE","loadLevelTrend":"NO_CHANGE","trainingStatusFeedbackPhrase":"MAINTAINING_AER_LOW_SHORT"},{"userProfilePK":76018113,"calendarDate":"2022-10-07","deviceId":3401978503,"timestamp":"2022-10-06T22:02:52.0","sport":"RUNNING","subSport":"GENERIC","weeklyTrainingLoadSum":492,"loadTunnelMin":559,"loadTunnelMax":1258,"trainingStatus":"RECOVERY","fitnessLevelTrend":"NO_CHANGE","loadLevelTrend":"DECREASING","trainingStatusFeedbackPhrase":"RECOVERY_AER_LOW_SHORT"},{"userProfilePK":76018113,"calendarDate":"2022-10-08","deviceId":3401978503,"timestamp":"2022-10-07T22:03:00.0","sport":"RUNNING","subSport":"GENERIC","weeklyTrainingLoadSum":342,"loadTunnelMin":559,"loadTunnelMax":1258,"trainingStatus":"RECOVERY","fitnessLevelTrend":"NO_CHANGE","loadLevelTrend":"DECREASING","trainingStatusFeedbackPhrase":"RECOVERY_AER_LOW_SHORT"},{"userProfilePK":76018113,"calendarDate":"2022-10-08","deviceId":3401978503,"timestamp":"2022-10-08T08:10:16.0","sport":"RUNNING","subSport":"GENERIC","weeklyTrainingLoadSum":628,"loadTunnelMin":722,"loadTunnelMax":1540,"trainingStatus":"RECOVERY","fitnessLevelTrend":"NO_CHANGE","loadLevelTrend":"DECREASING","trainingStatusFeedbackPhrase":"RECOVERY_AER_LOW_SHORT"},{"userProfilePK":76018113,"calendarDate":"2022-10-09","deviceId":3401978503,"timestamp":"2022-10-08T22:03:06.0","sport":"RUNNING","subSport":"GENERIC","weeklyTrainingLoadSum":628,"loadTunnelMin":559,"loadTunnelMax":1258,"trainingStatus":"RECOVERY","fitnessLevelTrend":"NO_CHANGE","loadLevelTrend":"DECREASING","trainingStatusFeedbackPhrase":"RECOVERY_AER_LOW_SHORT"},{"userProfilePK":76018113,"calendarDate":"2022-10-10","deviceId":3401978503,"timestamp":"2022-10-09T22:03:12.0","sport":"RUNNING","subSport":"GENERIC","weeklyTrainingLoadSum":628,"loadTunnelMin":559,"loadTunnelMax":1258,"trainingStatus":"RECOVERY","fitnessLevelTrend":"NO_CHANGE","loadLevelTrend":"DECREASING","trainingStatusFeedbackPhrase":"RECOVERY_AER_LOW_SHORT"},{"userProfilePK":76018113,"calendarDate":"2022-10-11","deviceId":3401978503,"timestamp":"2022-10-10T22:03:18.0","sport":"RUNNING","subSport":"GENERIC","weeklyTrainingLoadSum":479,"loadTunnelMin":559,"loadTunnelMax":1258,"trainingStatus":"RECOVERY","fitnessLevelTrend":"NO_CHANGE","loadLevelTrend":"DECREASING","trainingStatusFeedbackPhrase":"RECOVERY_AER_LOW_SHORT"},{"userProfilePK":76018113,"calendarDate":"2022-10-12","deviceId":3401978503,"timestamp":"2022-10-11T22:03:24.0","sport":"RUNNING","subSport":"GENERIC","weeklyTrainingLoadSum":286,"loadTunnelMin":559,"loadTunnelMax":1258,"trainingStatus":"RECOVERY","fitnessLevelTrend":"NO_CHANGE","loadLevelTrend":"DECREASING","trainingStatusFeedbackPhrase":"RECOVERY_AER_LOW_SHORT"},{"userProfilePK":76018113,"calendarDate":"2022-10-13","deviceId":3401978503,"timestamp":"2022-10-12T22:03:29.0","sport":"RUNNING","subSport":"GENERIC","weeklyTrainingLoadSum":286,"loadTunnelMin":559,"loadTunnelMax":1258,"trainingStatus":"RECOVERY","fitnessLevelTrend":"NO_CHANGE","loadLevelTrend":"DECREASING","trainingStatusFeedbackPhrase":"RECOVERY_AER_LOW_SHORT"},{"userProfilePK":76018113,"calendarDate":"2022-10-13","deviceId":3401978503,"timestamp":"2022-10-13T05:42:03.0","sport":"RUNNING","subSport":"GENERIC","weeklyTrainingLoadSum":450,"loadTunnelMin":559,"loadTunnelMax":1258,"trainingStatus":"MAINTAINING","fitnessLevelTrend":"NO_CHANGE","loadLevelTrend":"DECREASING","trainingStatusFeedbackPhrase":"MAINTAINING_AER_LOW_SHORT"},{"userProfilePK":76018113,"calendarDate":"2022-10-14","deviceId":3401978503,"timestamp":"2022-10-13T22:03:34.0","sport":"RUNNING","subSport":"GENERIC","weeklyTrainingLoadSum":450,"loadTunnelMin":559,"loadTunnelMax":1258,"trainingStatus":"MAINTAINING","fitnessLevelTrend":"NO_CHANGE","loadLevelTrend":"DECREASING","trainingStatusFeedbackPhrase":"MAINTAINING_AER_LOW_SHORT"},{"userProfilePK":76018113,"calendarDate":"2022-10-15","deviceId":3401978503,"timestamp":"2022-10-14T22:03:39.0","sport":"RUNNING","subSport":"GENERIC","weeklyTrainingLoadSum":164,"loadTunnelMin":559,"loadTunnelMax":1258,"trainingStatus":"MAINTAINING","fitnessLevelTrend":"NO_CHANGE","loadLevelTrend":"DECREASING","trainingStatusFeedbackPhrase":"MAINTAINING_AER_LOW_SHORT"},{"userProfilePK":76018113,"calendarDate":"2022-10-16","deviceId":3401978503,"timestamp":"2022-10-15T22:03:43.0","sport":"RUNNING","subSport":"GENERIC","weeklyTrainingLoadSum":164,"loadTunnelMin":446,"loadTunnelMax":988,"trainingStatus":"MAINTAINING","fitnessLevelTrend":"NO_CHANGE","loadLevelTrend":"DECREASING","trainingStatusFeedbackPhrase":"MAINTAINING_AER_LOW_SHORT"},{"userProfilePK":76018113,"calendarDate":"2022-10-16","deviceId":3401978503,"timestamp":"2022-10-16T09:48:23.0","sport":"RUNNING","subSport":"GENERIC","weeklyTrainingLoadSum":654,"loadTunnelMin":559,"loadTunnelMax":1258,"trainingStatus":"MAINTAINING","fitnessLevelTrend":"NO_CHANGE","loadLevelTrend":"NO_CHANGE","trainingStatusFeedbackPhrase":"MAINTAINING_AER_LOW_SHORT"},{"userProfilePK":76018113,"calendarDate":"2022-10-17","deviceId":3401978503,"timestamp":"2022-10-16T22:03:50.0","sport":"RUNNING","subSport":"GENERIC","weeklyTrainingLoadSum":654,"loadTunnelMin":559,"loadTunnelMax":1258,"trainingStatus":"MAINTAINING","fitnessLevelTrend":"NO_CHANGE","loadLevelTrend":"NO_CHANGE","trainingStatusFeedbackPhrase":"MAINTAINING_AER_LOW_SHORT"},{"userProfilePK":76018113,"calendarDate":"2022-10-17","deviceId":3401978503,"timestamp":"2022-10-17T06:08:28.0","sport":"RUNNING","subSport":"GENERIC","weeklyTrainingLoadSum":783,"loadTunnelMin":559,"loadTunnelMax":1258,"trainingStatus":"MAINTAINING","fitnessLevelTrend":"NO_CHANGE","loadLevelTrend":"NO_CHANGE","trainingStatusFeedbackPhrase":"MAINTAINING_AER_LOW_SHORT"},{"userProfilePK":76018113,"calendarDate":"2022-10-18","deviceId":3401978503,"timestamp":"2022-10-17T22:03:53.0","sport":"RUNNING","subSport":"GENERIC","weeklyTrainingLoadSum":783,"loadTunnelMin":559,"loadTunnelMax":1258,"trainingStatus":"MAINTAINING","fitnessLevelTrend":"NO_CHANGE","loadLevelTrend":"NO_CHANGE","trainingStatusFeedbackPhrase":"MAINTAINING_AER_LOW_SHORT"},{"userProfilePK":76018113,"calendarDate":"2022-10-19","deviceId":3401978503,"timestamp":"2022-10-18T22:03:56.0","sport":"RUNNING","subSport":"GENERIC","weeklyTrainingLoadSum":783,"loadTunnelMin":559,"loadTunnelMax":1258,"trainingStatus":"MAINTAINING","fitnessLevelTrend":"NO_CHANGE","loadLevelTrend":"NO_CHANGE","trainingStatusFeedbackPhrase":"MAINTAINING_AER_LOW_SHORT"},{"userProfilePK":76018113,"calendarDate":"2022-10-20","deviceId":3401978503,"timestamp":"2022-10-19T22:04:00.0","sport":"RUNNING","subSport":"GENERIC","weeklyTrainingLoadSum":619,"loadTunnelMin":446,"loadTunnelMax":988,"trainingStatus":"MAINTAINING","fitnessLevelTrend":"NO_CHANGE","loadLevelTrend":"NO_CHANGE","trainingStatusFeedbackPhrase":"MAINTAINING_AER_LOW_SHORT"},{"userProfilePK":76018113,"calendarDate":"2022-10-20","deviceId":3401978503,"timestamp":"2022-10-20T06:10:22.0","sport":"RUNNING","subSport":"GENERIC","weeklyTrainingLoadSum":789,"loadTunnelMin":559,"loadTunnelMax":1258,"trainingStatus":"MAINTAINING","fitnessLevelTrend":"NO_CHANGE","loadLevelTrend":"NO_CHANGE","trainingStatusFeedbackPhrase":"MAINTAINING_AER_LOW_SHORT"},{"userProfilePK":76018113,"calendarDate":"2022-10-21","deviceId":3401978503,"timestamp":"2022-10-20T22:04:03.0","sport":"RUNNING","subSport":"GENERIC","weeklyTrainingLoadSum":789,"loadTunnelMin":446,"loadTunnelMax":988,"trainingStatus":"MAINTAINING","fitnessLevelTrend":"NO_CHANGE","loadLevelTrend":"INCREASING","trainingStatusFeedbackPhrase":"MAINTAINING_AER_LOW_SHORT"},{"userProfilePK":76018113,"calendarDate":"2022-10-22","deviceId":3401978503,"timestamp":"2022-10-21T22:04:07.0","sport":"RUNNING","subSport":"GENERIC","weeklyTrainingLoadSum":789,"loadTunnelMin":446,"loadTunnelMax":988,"trainingStatus":"MAINTAINING","fitnessLevelTrend":"NO_CHANGE","loadLevelTrend":"INCREASING","trainingStatusFeedbackPhrase":"MAINTAINING_AER_LOW_SHORT"},{"userProfilePK":76018113,"calendarDate":"2022-10-22","deviceId":3401978503,"timestamp":"2022-10-22T09:09:46.0","sport":"RUNNING","subSport":"GENERIC","weeklyTrainingLoadSum":1033,"loadTunnelMin":559,"loadTunnelMax":1258,"trainingStatus":"PRODUCTIVE","fitnessLevelTrend":"NO_CHANGE","loadLevelTrend":"INCREASING","trainingStatusFeedbackPhrase":"PRODUCTIVE_AER_LOW_SHORT"},{"userProfilePK":76018113,"calendarDate":"2022-10-23","deviceId":3401978503,"timestamp":"2022-10-22T22:04:12.0","sport":"RUNNING","subSport":"GENERIC","weeklyTrainingLoadSum":543,"loadTunnelMin":446,"loadTunnelMax":988,"trainingStatus":"RECOVERY","fitnessLevelTrend":"NO_CHANGE","loadLevelTrend":"DECREASING","trainingStatusFeedbackPhrase":"RECOVERY_AER_LOW_SHORT"},{"userProfilePK":76018113,"calendarDate":"2022-10-24","deviceId":3401978503,"timestamp":"2022-10-23T22:04:15.0","sport":"RUNNING","subSport":"GENERIC","weeklyTrainingLoadSum":414,"loadTunnelMin":446,"loadTunnelMax":988,"trainingStatus":"RECOVERY","fitnessLevelTrend":"NO_CHANGE","loadLevelTrend":"DECREASING","trainingStatusFeedbackPhrase":"RECOVERY_AER_LOW_SHORT"},{"userProfilePK":76018113,"calendarDate":"2022-10-25","deviceId":3401978503,"timestamp":"2022-10-24T22:04:19.0","sport":"RUNNING","subSport":"GENERIC","weeklyTrainingLoadSum":414,"loadTunnelMin":446,"loadTunnelMax":988,"trainingStatus":"RECOVERY","fitnessLevelTrend":"NO_CHANGE","loadLevelTrend":"DECREASING","trainingStatusFeedbackPhrase":"RECOVERY_AER_LOW_SHORT"},{"userProfilePK":76018113,"calendarDate":"2022-10-26","deviceId":3401978503,"timestamp":"2022-10-25T22:04:21.0","sport":"RUNNING","subSport":"GENERIC","weeklyTrainingLoadSum":414,"loadTunnelMin":446,"loadTunnelMax":988,"trainingStatus":"RECOVERY","fitnessLevelTrend":"NO_CHANGE","loadLevelTrend":"DECREASING","trainingStatusFeedbackPhrase":"RECOVERY_AER_LOW_SHORT"},{"userProfilePK":76018113,"calendarDate":"2022-10-27","deviceId":3401978503,"timestamp":"2022-10-26T22:04:24.0","sport":"RUNNING","subSport":"GENERIC","weeklyTrainingLoadSum":244,"loadTunnelMin":446,"loadTunnelMax":988,"trainingStatus":"RECOVERY","fitnessLevelTrend":"NO_CHANGE","loadLevelTrend":"DECREASING","trainingStatusFeedbackPhrase":"RECOVERY_AER_LOW_SHORT"},{"userProfilePK":76018113,"calendarDate":"2022-10-28","deviceId":3401978503,"timestamp":"2022-10-27T22:04:27.0","sport":"RUNNING","subSport":"GENERIC","weeklyTrainingLoadSum":244,"loadTunnelMin":360,"loadTunnelMax":794,"trainingStatus":"RECOVERY","fitnessLevelTrend":"NO_CHANGE","loadLevelTrend":"DECREASING","trainingStatusFeedbackPhrase":"RECOVERY_AER_LOW_SHORT"},{"userProfilePK":76018113,"calendarDate":"2022-10-28","deviceId":3401978503,"timestamp":"2022-10-28T04:49:20.0","sport":"RUNNING","subSport":"GENERIC","weeklyTrainingLoadSum":245,"loadTunnelMin":360,"loadTunnelMax":794,"trainingStatus":"RECOVERY","fitnessLevelTrend":"NO_CHANGE","loadLevelTrend":"DECREASING","trainingStatusFeedbackPhrase":"RECOVERY_AER_LOW_SHORT"},{"userProfilePK":76018113,"calendarDate":"2022-10-28","deviceId":3401978503,"timestamp":"2022-10-28T05:51:26.0","sport":"RUNNING","subSport":"GENERIC","weeklyTrainingLoadSum":435,"loadTunnelMin":360,"loadTunnelMax":794,"trainingStatus":"RECOVERY","fitnessLevelTrend":"NO_CHANGE","loadLevelTrend":"DECREASING","trainingStatusFeedbackPhrase":"RECOVERY_AER_LOW_SHORT"}]