[{"userProfilePK":76018113,"calendarDate":"2023-08-24","deviceId":3401978503,"timestamp":"2023-08-23T22:03:39.0","sport":"RUNNING","subSport":"GENERIC","weeklyTrainingLoadSum":172,"loadTunnelMin":446,"loadTunnelMax":988,"trainingStatus":"MAINTAINING","fitnessLevelTrend":"NO_CHANGE","loadLevelTrend":"DECREASING","trainingStatusFeedbackPhrase":"MAINTAINING_AER_LOW_SHORT"},{"userProfilePK":76018113,"calendarDate":"2023-08-24","deviceId":3401978503,"timestamp":"2023-08-24T08:52:35.0","sport":"RUNNING","subSport":"GENERIC","weeklyTrainingLoadSum":282,"loadTunnelMin":446,"loadTunnelMax":988,"trainingStatus":"MAINTAINING","fitnessLevelTrend":"NO_CHANGE","loadLevelTrend":"DECREASING","trainingStatusFeedbackPhrase":"MAINTAINING_AER_HIGH_FOCUS"},{"userProfilePK":76018113,"calendarDate":"2023-08-25","deviceId":3401978503,"timestamp":"2023-08-24T22:03:44.0","weeklyTrainingLoadSum":199,"loadTunnelMin":446,"loadTunnelMax":988,"trainingStatus":"NO_STATUS","fitnessLevelTrend":"NO_RESULT","loadLevelTrend":"DECREASING","trainingStatusFeedbackPhrase":"NO_STATUS_AER_HIGH_FOCUS"},{"userProfilePK":76018113,"calendarDate":"2023-08-25","deviceId":3401978503,"timestamp":"2023-08-25T17:53:04.0","weeklyTrainingLoadSum":199,"loadTunnelMin":446,"loadTunnelMax":988,"trainingStatus":"NO_STATUS","fitnessLevelTrend":"NO_RESULT","loadLevelTrend":"DECREASING","trainingStatusFeedbackPhrase":"NO_STATUS_AER_HIGH_FOCUS"},{"userProfilePK":76018113,"calendarDate":"2023-08-25","deviceId":3401978503,"timestamp":"2023-08-25T18:40:12.0","weeklyTrainingLoadSum":352,"loadTunnelMin":446,"loadTunnelMax":988,"trainingStatus":"NO_STATUS","fitnessLevelTrend":"NO_RESULT","loadLevelTrend":"DECREASING","trainingStatusFeedbackPhrase":"NO_STATUS_AER_HIGH_FOCUS"},{"userProfilePK":76018113,"calendarDate":"2023-08-26","deviceId":3401978503,"timestamp":"2023-08-25T22:03:48.0","weeklyTrainingLoadSum":352,"loadTunnelMin":446,"loadTunnelMax":988,"trainingStatus":"NO_STATUS","fitnessLevelTrend":"NO_RESULT","loadLevelTrend":"DECREASING","trainingStatusFeedbackPhrase":"NO_STATUS_AER_HIGH_FOCUS"},{"userProfilePK":76018113,"calendarDate":"2023-08-27","deviceId":3401978503,"timestamp":"2023-08-26T22:03:50.0","weeklyTrainingLoadSum":352,"loadTunnelMin":446,"loadTunnelMax":988,"trainingStatus":"NO_STATUS","fitnessLevelTrend":"NO_RESULT","loadLevelTrend":"DECREASING","trainingStatusFeedbackPhrase":"NO_STATUS_AER_HIGH_FOCUS"},{"userProfilePK":76018113,"calendarDate":"2023-08-27","deviceId":3401978503,"timestamp":"2023-08-27T09:29:28.0","sport":"RUNNING","subSport":"GENERIC","weeklyTrainingLoadSum":502,"loadTunnelMin":446,"loadTunnelMax":988,"trainingStatus":"MAINTAINING","fitnessLevelTrend":"NO_CHANGE","loadLevelTrend":"DECREASING","trainingStatusFeedbackPhrase":"MAINTAINING_AER_HIGH_FOCUS"},{"userProfilePK":76018113,"calendarDate":"2023-08-28","deviceId":3401978503,"timestamp":"2023-08-27T22:03:53.0","sport":"RUNNING","subSport":"GENERIC","weeklyTrainingLoadSum":413,"loadTunnelMin":446,"loadTunnelMax":988,"trainingStatus":"MAINTAINING","fitnessLevelTrend":"NO_CHANGE","loadLevelTrend":"DECREASING","trainingStatusFeedbackPhrase":"MAINTAINING_AER_HIGH_FOCUS"},{"userProfilePK":76018113,"calendarDate":"2023-08-29","deviceId":3401978503,"timestamp":"2023-08-28T22:03:56.0","sport":"RUNNING","subSport":"GENERIC","weeklyTrainingLoadSum":413,"loadTunnelMin":446,"loadTunnelMax":988,"trainingStatus":"MAINTAINING","fitnessLevelTrend":"NO_CHANGE","loadLevelTrend":"DECREASING","trainingStatusFeedbackPhrase":"MAINTAINING_AER_HIGH_FOCUS"},{"userProfilePK":76018113,"calendarDate":"2023-08-30","deviceId":3401978503,"timestamp":"2023-08-29T22:04:00.0","sport":"RUNNING","subSport":"GENERIC","weeklyTrainingLoadSum":413,"loadTunnelMin":360,"loadTunnelMax":794,"trainingStatus":"MAINTAINING","fitnessLevelTrend":"NO_CHANGE","loadLevelTrend":"NO_CHANGE","trainingStatusFeedbackPhrase":"MAINTAINING_ANAER_SHORT"},{"userProfilePK":76018113,"calendarDate":"2023-08-31","deviceId":3401978503,"timestamp":"2023-08-30T22:04:01.0","sport":"RUNNING","subSport":"GENERIC","weeklyTrainingLoadSum":303,"loadTunnelMin":360,"loadTunnelMax":794,"trainingStatus":"MAINTAINING","fitnessLevelTrend":"NO_CHANGE","loadLevelTrend":"DECREASING","trainingStatusFeedbackPhrase":"MAINTAINING_AER_LOW_SHORT"},{"userProfilePK":76018113,"calendarDate":"2023-08-31","deviceId":3401978503,"timestamp":"2023-08-31T05:47:02.0","sport":"RUNNING","subSport":"GENERIC","weeklyTrainingLoadSum":449,"loadTunnelMin":360,"loadTunnelMax":794,"trainingStatus":"MAINTAINING","fitnessLevelTrend":"NO_CHANGE","loadLevelTrend":"NO_CHANGE","trainingStatusFeedbackPhrase":"MAINTAINING_AER_LOW_SHORT"},{"userProfilePK":76018113,"calendarDate":"2023-09-01","deviceId":3401978503,"timestamp":"2023-08-31T22:04:06.0","sport":"RUNNING","subSport":"GENERIC","weeklyTrainingLoadSum":296,"loadTunnelMin":360,"loadTunnelMax":794,"trainingStatus":"RECOVERY","fitnessLevelTrend":"NO_CHANGE","loadLevelTrend":"DECREASING","trainingStatusFeedbackPhrase":"RECOVERY_AER_LOW_SHORT"},{"userProfilePK":76018113,"calendarDate":"2023-09-02","deviceId":3401978503,"timestamp":"2023-09-01T22:04:10.0","sport":"RUNNING","subSport":"GENERIC","weeklyTrainingLoadSum":296,"loadTunnelMin":360,"loadTunnelMax":794,"trainingStatus":"RECOVERY","fitnessLevelTrend":"NO_CHANGE","loadLevelTrend":"DECREASING","trainingStatusFeedbackPhrase":"RECOVERY_AER_LOW_SHORT"},{"userProfilePK":76018113,"calendarDate":"2023-09-03","deviceId":3401978503,"timestamp":"2023-09-02T22:04:12.0","sport":"RUNNING","subSport":"GENERIC","weeklyTrainingLoadSum":146,"loadTunnelMin":360,"loadTunnelMax":794,"trainingStatus":"RECOVERY","fitnessLevelTrend":"NO_CHANGE","loadLevelTrend":"DECREASING","trainingStatusFeedbackPhrase":"RECOVERY_AER_LOW_SHORT"},{"userProfilePK":76018113,"calendarDate":"2023-09-04","deviceId":3401978503,"timestamp":"2023-09-03T22:04:16.0","sport":"RUNNING","subSport":"GENERIC","weeklyTrainingLoadSum":146,"loadTunnelMin":226,"loadTunnelMax":484,"trainingStatus":"RECOVERY","fitnessLevelTrend":"NO_CHANGE","loadLevelTrend":"DECREASING","trainingStatusFeedbackPhrase":"RECOVERY_AER_LOW_SHORT"},{"userProfilePK":76018113,"calendarDate":"2023-09-05","deviceId":3401978503,"timestamp":"2023-09-04T22:04:19.0","sport":"RUNNING","subSport":"GENERIC","weeklyTrainingLoadSum":146,"loadTunnelMin":226,"loadTunnelMax":484,"trainingStatus":"RECOVERY","fitnessLevelTrend":"NO_CHANGE","loadLevelTrend":"DECREASING","trainingStatusFeedbackPhrase":"RECOVERY_AER_LOW_SHORT"},{"userProfilePK":76018113,"calendarDate":"2023-09-06","deviceId":3401978503,"timestamp":"2023-09-05T22:04:22.0","sport":"RUNNING","subSport":"GENERIC","weeklyTrainingLoadSum":146,"loadTunnelMin":176,"loadTunnelMax":396,"trainingStatus":"RECOVERY","fitnessLevelTrend":"NO_CHANGE","loadLevelTrend":"DECREASING","trainingStatusFeedbackPhrase":"RECOVERY_BELOW_TARGETS"},{"userProfilePK":76018113,"calendarDate":"2023-09-07","deviceId":3401978503,"timestamp":"2023-09-06T22:04:23.0","sport":"RUNNING","subSport":"GENERIC","weeklyTrainingLoadSum":0,"loadTunnelMin":176,"loadTunnelMax":396,"trainingStatus":"DETRAINING","fitnessLevelTrend":"NO_CHANGE","loadLevelTrend":"DECREASING","trainingStatusFeedbackPhrase":"DETRAINING_BELOW_TARGETS"},{"userProfilePK":76018113,"calendarDate":"2023-09-08","deviceId":3401978503,"timestamp":"2023-09-07T22:04:26.0","sport":"RUNNING","subSport":"GENERIC","weeklyTrainingLoadSum":0,"loadTunnelMin":176,"loadTunnelMax":396,"trainingStatus":"DETRAINING","fitnessLevelTrend":"NO_CHANGE","loadLevelTrend":"DECREASING","trainingStatusFeedbackPhrase":"DETRAINING_BELOW_TARGETS"},{"userProfilePK":76018113,"calendarDate":"2023-09-09","deviceId":3401978503,"timestamp":"2023-09-08T22:04:30.0","sport":"RUNNING","subSport":"GENERIC","weeklyTrainingLoadSum":0,"loadTunnelMin":176,"loadTunnelMax":396,"trainingStatus":"DETRAINING","fitnessLevelTrend":"NO_CHANGE","loadLevelTrend":"DECREASING","trainingStatusFeedbackPhrase":"DETRAINING_BELOW_TARGETS"},{"userProfilePK":76018113,"calendarDate":"2023-09-10","deviceId":3401978503,"timestamp":"2023-09-09T22:04:33.0","sport":"RUNNING","subSport":"GENERIC","weeklyTrainingLoadSum":0,"loadTunnelMin":176,"loadTunnelMax":396,"trainingStatus":"DETRAINING","fitnessLevelTrend":"NO_CHANGE","loadLevelTrend":"DECREASING","trainingStatusFeedbackPhrase":"DETRAINING_BELOW_TARGETS"},{"userProfilePK":76018113,"calendarDate":"2023-09-10","deviceId":3401978503,"timestamp":"2023-09-09T23:59:59.0","sport":"RUNNING","subSport":"GENERIC","weeklyTrainingLoadSum":0,"loadTunnelMin":176,"loadTunnelMax":396,"trainingStatus":"DETRAINING","fitnessLevelTrend":"NO_CHANGE","loadLevelTrend":"DECREASING","trainingStatusFeedbackPhrase":"DETRAINING_BELOW_TARGETS"},{"userProfilePK":76018113,"calendarDate":"2023-09-11","deviceId":3401978503,"timestamp":"2023-09-10T23:59:59.0","sport":"RUNNING","subSport":"GENERIC","weeklyTrainingLoadSum":0,"loadTunnelMin":176,"loadTunnelMax":396,"trainingStatus":"DETRAINING","fitnessLevelTrend":"NO_CHANGE","loadLevelTrend":"DECREASING","trainingStatusFeedbackPhrase":"DETRAINING_BELOW_TARGETS"},{"userProfilePK":76018113,"calendarDate":"2023-09-12","deviceId":3401978503,"timestamp":"2023-09-11T23:59:59.0","sport":"RUNNING","subSport":"GENERIC","weeklyTrainingLoadSum":0,"loadTunnelMin":176,"loadTunnelMax":396,"trainingStatus":"DETRAINING","fitnessLevelTrend":"NO_CHANGE","loadLevelTrend":"DECREASING","trainingStatusFeedbackPhrase":"DETRAINING_BELOW_TARGETS"},{"userProfilePK":76018113,"calendarDate":"2023-09-13","deviceId":3401978503,"timestamp":"2023-09-12T23:59:59.0","sport":"RUNNING","subSport":"GENERIC","weeklyTrainingLoadSum":0,"loadTunnelMin":176,"loadTunnelMax":396,"trainingStatus":"DETRAINING","fitnessLevelTrend":"NO_CHANGE","loadLevelTrend":"DECREASING","trainingStatusFeedbackPhrase":"DETRAINING_BELOW_TARGETS"},{"userProfilePK":76018113,"calendarDate":"2023-09-13","deviceId":3401978503,"timestamp":"2023-09-13T04:42:45.0","sport":"RUNNING","subSport":"GENERIC","weeklyTrainingLoadSum":0,"loadTunnelMin":176,"loadTunnelMax":396,"trainingStatus":"DETRAINING","fitnessLevelTrend":"NO_CHANGE","loadLevelTrend":"DECREASING","trainingStatusFeedbackPhrase":"DETRAINING_BELOW_TARGETS"},{"userProfilePK":76018113,"calendarDate":"2023-09-14","deviceId":3401978503,"timestamp":"2023-09-13T22:03:49.0","weeklyTrainingLoadSum":0,"loadTunnelMin":176,"loadTunnelMax":396,"trainingStatus":"DETRAINING","fitnessLevelTrend":"NO_RESULT","loadLevelTrend":"DECREASING","trainingStatusFeedbackPhrase":"DETRAINING_BELOW_TARGETS"},{"userProfilePK":76018113,"calendarDate":"2023-09-15","deviceId":3401978503,"timestamp":"2023-09-14T22:03:53.0","weeklyTrainingLoadSum":0,"loadTunnelMin":176,"loadTunnelMax":396,"trainingStatus":"DETRAINING","fitnessLevelTrend":"NO_RESULT","loadLevelTrend":"DECREASING","trainingStatusFeedbackPhrase":"DETRAINING_AER_LOW_SHORT"},{"userProfilePK":76018113,"calendarDate":"2023-09-16","deviceId":3401978503,"timestamp":"2023-09-15T22:03:56.0","weeklyTrainingLoadSum":0,"loadTunnelMin":176,"loadTunnelMax":396,"trainingStatus":"DETRAINING","fitnessLevelTrend":"NO_RESULT","loadLevelTrend":"DECREASING","trainingStatusFeedbackPhrase":"DETRAINING_AER_LOW_SHORT"},{"userProfilePK":76018113,"calendarDate":"2023-09-17","deviceId":3401978503,"timestamp":"2023-09-16T22:03:57.0","weeklyTrainingLoadSum":0,"loadTunnelMin":176,"loadTunnelMax":396,"trainingStatus":"DETRAINING","fitnessLevelTrend":"NO_RESULT","loadLevelTrend":"DECREASING","trainingStatusFeedbackPhrase":"DETRAINING_AER_LOW_SHORT"},{"userProfilePK":76018113,"calendarDate":"2023-09-18","deviceId":3401978503,"timestamp":"2023-09-17T22:04:00.0","weeklyTrainingLoadSum":0,"loadTunnelMin":176,"loadTunnelMax":396,"trainingStatus":"DETRAINING","fitnessLevelTrend":"NO_RESULT","loadLevelTrend":"DECREASING","trainingStatusFeedbackPhrase":"DETRAINING_AER_LOW_SHORT"},{"userProfilePK":76018113,"calendarDate":"2023-09-19","deviceId":3401978503,"timestamp":"2023-09-18T22:04:01.0","weeklyTrainingLoadSum":0,"loadTunnelMin":176,"loadTunnelMax":396,"trainingStatus":"DETRAINING","fitnessLevelTrend":"NO_RESULT","loadLevelTrend":"DECREASING","trainingStatusFeedbackPhrase":"DETRAINING_AER_LOW_SHORT"},{"userProfilePK":76018113,"calendarDate":"2023-09-20","deviceId":3401978503,"timestamp":"2023-09-19T22:04:03.0","weeklyTrainingLoadSum":0,"loadTunnelMin":176,"loadTunnelMax":396,"trainingStatus":"DETRAINING","fitnessLevelTrend":"NO_RESULT","loadLevelTrend":"DECREASING","trainingStatusFeedbackPhrase":"DETRAINING_AER_LOW_SHORT"},{"userProfilePK":76018113,"calendarDate":"2023-09-21","deviceId":3401978503,"timestamp":"2023-09-20T22:04:06.0","weeklyTrainingLoadSum":0,"loadTunnelMin":176,"loadTunnelMax":396,"trainingStatus":"DETRAINING","fitnessLevelTrend":"NO_RESULT","loadLevelTrend":"DECREASING","trainingStatusFeedbackPhrase":"DETRAINING_AER_LOW_SHORT"},{"userProfilePK":76018113,"calendarDate":"2023-09-22","deviceId":3401978503,"timestamp":"2023-09-21T22:04:08.0","weeklyTrainingLoadSum":0,"loadTunnelMin":176,"loadTunnelMax":396,"trainingStatus":"DETRAINING","fitnessLevelTrend":"NO_RESULT","loadLevelTrend":"DECREASING","trainingStatusFeedbackPhrase":"DETRAINING_BELOW_TARGETS"},{"userProfilePK":76018113,"calendarDate":"2023-09-22","deviceId":3401978503,"timestamp":"2023-09-22T05:41:44.0","weeklyTrainingLoadSum":55,"loadTunnelMin":176,"loadTunnelMax":396,"trainingStatus":"NO_STATUS","fitnessLevelTrend":"NO_RESULT","loadLevelTrend":"DECREASING","trainingStatusFeedbackPhrase":"NO_STATUS_BELOW_TARGETS"},{"userProfilePK":76018113,"calendarDate":"2023-09-23","deviceId":3401978503,"timestamp":"2023-09-22T22:04:10.0","weeklyTrainingLoadSum":55,"loadTunnelMin":176,"loadTunnelMax":396,"trainingStatus":"NO_STATUS","fitnessLevelTrend":"NO_RESULT","loadLevelTrend":"DECREASING","trainingStatusFeedbackPhrase":"NO_STATUS_BELOW_TARGETS"},{"userProfilePK":76018113,"calendarDate":"2023-09-23","deviceId":3401978503,"timestamp":"2023-09-22T23:59:59.0","weeklyTrainingLoadSum":55,"loadTunnelMin":176,"loadTunnelMax":396,"trainingStatus":"NO_STATUS","fitnessLevelTrend":"NO_RESULT","loadLevelTrend":"DECREASING","trainingStatusFeedbackPhrase":"NO_STATUS_BELOW_TARGETS"},{"userProfilePK":76018113,"calendarDate":"2023-09-24","deviceId":3401978503,"timestamp":"2023-09-23T23:59:59.0","weeklyTrainingLoadSum":55,"loadTunnelMin":176,"loadTunnelMax":396,"trainingStatus":"NO_STATUS","fitnessLevelTrend":"NO_RESULT","loadLevelTrend":"NO_CHANGE","trainingStatusFeedbackPhrase":"NO_STATUS_BELOW_TARGETS"},{"userProfilePK":76018113,"calendarDate":"2023-09-24","deviceId":3401978503,"timestamp":"2023-09-24T09:22:15.0","weeklyTrainingLoadSum":55,"loadTunnelMin":176,"loadTunnelMax":396,"trainingStatus":"NO_STATUS","fitnessLevelTrend":"NO_RESULT","loadLevelTrend":"NO_CHANGE","trainingStatusFeedbackPhrase":"NO_STATUS_BELOW_TARGETS"},{"userProfilePK":76018113,"calendarDate":"2023-09-25","deviceId":3401978503,"timestamp":"2023-09-24T22:03:17.0","weeklyTrainingLoadSum":55,"loadTunnelMin":176,"loadTunnelMax":396,"trainingStatus":"NO_STATUS","fitnessLevelTrend":"NO_RESULT","loadLevelTrend":"NO_CHANGE","trainingStatusFeedbackPhrase":"NO_STATUS_AER_LOW_SHORT"},{"userProfilePK":76018113,"calendarDate":"2023-09-26","deviceId":3401978503,"timestamp":"2023-09-25T22:03:18.0","weeklyTrainingLoadSum":55,"loadTunnelMin":176,"loadTunnelMax":396,"trainingStatus":"NO_STATUS","fitnessLevelTrend":"NO_RESULT","loadLevelTrend":"NO_CHANGE","trainingStatusFeedbackPhrase":"NO_STATUS_AER_LOW_SHORT"},{"userProfilePK":76018113,"calendarDate":"2023-09-27","deviceId":3401978503,"timestamp":"2023-09-26T22:03:19.0","weeklyTrainingLoadSum":55,"loadTunnelMin":176,"loadTunnelMax":396,"trainingStatus":"NO_STATUS","fitnessLevelTrend":"NO_RESULT","loadLevelTrend":"NO_CHANGE","trainingStatusFeedbackPhrase":"NO_STATUS_AER_LOW_SHORT"},{"userProfilePK":76018113,"calendarDate":"2023-09-28","deviceId":3401978503,"timestamp":"2023-09-27T22:03:20.0","weeklyTrainingLoadSum":55,"loadTunnelMin":176,"loadTunnelMax":396,"trainingStatus":"NO_STATUS","fitnessLevelTrend":"NO_RESULT","loadLevelTrend":"INCREASING","trainingStatusFeedbackPhrase":"NO_STATUS_AER_LOW_SHORT"},{"userProfilePK":76018113,"calendarDate":"2023-09-28","deviceId":3401978503,"timestamp":"2023-09-28T05:57:54.0","weeklyTrainingLoadSum":67,"loadTunnelMin":176,"loadTunnelMax":396,"trainingStatus":"NO_STATUS","fitnessLevelTrend":"NO_RESULT","loadLevelTrend":"INCREASING","trainingStatusFeedbackPhrase":"NO_STATUS_AER_LOW_SHORT"},{"userProfilePK":76018113,"calendarDate":"2023-09-29","deviceId":3401978503,"timestamp":"2023-09-28T22:03:36.0","weeklyTrainingLoadSum":12,"loadTunnelMin":176,"loadTunnelMax":396,"trainingStatus":"NO_STATUS","fitnessLevelTrend":"NO_RESULT","loadLevelTrend":"DECREASING","trainingStatusFeedbackPhrase":"NO_STATUS_AER_LOW_SHORT"},{"userProfilePK":76018113,"calendarDate":"2023-09-30","deviceId":3401978503,"timestamp":"2023-09-29T22:03:40.0","weeklyTrainingLoadSum":12,"loadTunnelMin":176,"loadTunnelMax":396,"trainingStatus":"NO_STATUS","fitnessLevelTrend":"NO_RESULT","loadLevelTrend":"DECREASING","trainingStatusFeedbackPhrase":"NO_STATUS_AER_LOW_SHORT"},{"userProfilePK":76018113,"calendarDate":"2023-10-01","deviceId":3401978503,"timestamp":"2023-09-30T22:03:44.0","weeklyTrainingLoadSum":12,"loadTunnelMin":176,"loadTunnelMax":396,"trainingStatus":"NO_STATUS","fitnessLevelTrend":"NO_RESULT","loadLevelTrend":"DECREASING","trainingStatusFeedbackPhrase":"NO_STATUS_AER_LOW_SHORT"},{"userProfilePK":76018113,"calendarDate":"2023-10-01","deviceId":3401978503,"timestamp":"2023-10-01T17:53:45.0","weeklyTrainingLoadSum":25,"loadTunnelMin":176,"loadTunnelMax":396,"trainingStatus":"NO_STATUS","fitnessLevelTrend":"NO_RESULT","loadLevelTrend":"INCREASING","trainingStatusFeedbackPhrase":"NO_STATUS_AER_LOW_SHORT"},{"userProfilePK":76018113,"calendarDate":"2023-10-02","deviceId":3401978503,"timestamp":"2023-10-01T22:03:49.0","weeklyTrainingLoadSum":25,"loadTunnelMin":176,"loadTunnelMax":396,"trainingStatus":"NO_STATUS","fitnessLevelTrend":"NO_RESULT","loadLevelTrend":"INCREASING","trainingStatusFeedbackPhrase":"NO_STATUS_AER_LOW_SHORT"},{"userProfilePK":76018113,"calendarDate":"2023-10-03","deviceId":3401978503,"timestamp":"2023-10-02T22:03:53.0","weeklyTrainingLoadSum":25,"loadTunnelMin":176,"loadTunnelMax":396,"trainingStatus":"NO_STATUS","fitnessLevelTrend":"NO_RESULT","loadLevelTrend":"INCREASING","trainingStatusFeedbackPhrase":"NO_STATUS_AER_LOW_SHORT"},{"userProfilePK":76018113,"calendarDate":"2023-10-04","deviceId":3401978503,"timestamp":"2023-10-03T22:03:57.0","weeklyTrainingLoadSum":25,"loadTunnelMin":176,"loadTunnelMax":396,"trainingStatus":"NO_STATUS","fitnessLevelTrend":"NO_RESULT","loadLevelTrend":"INCREASING","trainingStatusFeedbackPhrase":"NO_STATUS_AER_LOW_SHORT"},{"userProfilePK":76018113,"calendarDate":"2023-10-05","deviceId":3401978503,"timestamp":"2023-10-04T22:04:01.0","weeklyTrainingLoadSum":13,"loadTunnelMin":176,"loadTunnelMax":396,"trainingStatus":"NO_STATUS","fitnessLevelTrend":"NO_RESULT","loadLevelTrend":"DECREASING","trainingStatusFeedbackPhrase":"NO_STATUS_AER_LOW_SHORT"},{"userProfilePK":76018113,"calendarDate":"2023-10-06","deviceId":3401978503,"timestamp":"2023-10-05T22:04:03.0","weeklyTrainingLoadSum":13,"loadTunnelMin":176,"loadTunnelMax":396,"trainingStatus":"NO_STATUS","fitnessLevelTrend":"NO_RESULT","loadLevelTrend":"DECREASING","trainingStatusFeedbackPhrase":"NO_STATUS_AER_LOW_SHORT"},{"userProfilePK":76018113,"calendarDate":"2023-10-06","deviceId":3401978503,"timestamp":"2023-10-06T05:07:18.0","weeklyTrainingLoadSum":14,"loadTunnelMin":176,"loadTunnelMax":396,"trainingStatus":"NO_STATUS","fitnessLevelTrend":"NO_RESULT","loadLevelTrend":"DECREASING","trainingStatusFeedbackPhrase":"NO_STATUS_AER_LOW_SHORT"},{"userProfilePK":76018113,"calendarDate":"2023-10-06","deviceId":3401978503,"timestamp":"2023-10-06T05:53:57.0","weeklyTrainingLoadSum":156,"loadTunnelMin":176,"loadTunnelMax":396,"trainingStatus":"NO_STATUS","fitnessLevelTrend":"NO_RESULT","loadLevelTrend":"INCREASING","trainingStatusFeedbackPhrase":"NO_STATUS_AER_LOW_SHORT"},{"userProfilePK":76018113,"calendarDate":"2023-10-07","deviceId":3401978503,"timestamp":"2023-10-06T22:04:07.0","weeklyTrainingLoadSum":156,"loadTunnelMin":176,"loadTunnelMax":396,"trainingStatus":"NO_STATUS","fitnessLevelTrend":"NO_RESULT","loadLevelTrend":"INCREASING","trainingStatusFeedbackPhrase":"NO_STATUS_AER_LOW_SHORT"},{"userProfilePK":76018113,"calendarDate":"2023-10-08","deviceId":3401978503,"timestamp":"2023-10-07T22:04:11.0","weeklyTrainingLoadSum":143,"loadTunnelMin":176,"loadTunnelMax":396,"trainingStatus":"NO_STATUS","fitnessLevelTrend":"NO_RESULT","loadLevelTrend":"INCREASING","trainingStatusFeedbackPhrase":"NO_STATUS_AER_LOW_SHORT"},{"userProfilePK":76018113,"calendarDate":"2023-10-09","deviceId":3401978503,"timestamp":"2023-10-08T22:04:12.0","weeklyTrainingLoadSum":143,"loadTunnelMin":176,"loadTunnelMax":396,"trainingStatus":"NO_STATUS","fitnessLevelTrend":"NO_RESULT","loadLevelTrend":"INCREASING","trainingStatusFeedbackPhrase":"NO_STATUS_AER_LOW_SHORT"},{"userProfilePK":76018113,"calendarDate":"2023-10-10","deviceId":3401978503,"timestamp":"2023-10-09T22:04:14.0","weeklyTrainingLoadSum":143,"loadTunnelMin":176,"loadTunnelMax":396,"trainingStatus":"NO_STATUS","fitnessLevelTrend":"NO_RESULT","loadLevelTrend":"INCREASING","trainingStatusFeedbackPhrase":"NO_STATUS_AER_LOW_SHORT"},{"userProfilePK":76018113,"calendarDate":"2023-10-11","deviceId":3401978503,"timestamp":"2023-10-10T22:04:16.0","weeklyTrainingLoadSum":143,"loadTunnelMin":176,"loadTunnelMax":396,"trainingStatus":"NO_STATUS","fitnessLevelTrend":"NO_RESULT","loadLevelTrend":"INCREASING","trainingStatusFeedbackPhrase":"NO_STATUS_AER_LOW_SHORT"},{"userProfilePK":76018113,"calendarDate":"2023-10-12","deviceId":3401978503,"timestamp":"2023-10-11T22:04:20.0","weeklyTrainingLoadSum":143,"loadTunnelMin":176,"loadTunnelMax":396,"trainingStatus":"NO_STATUS","fitnessLevelTrend":"NO_RESULT","loadLevelTrend":"INCREASING","trainingStatusFeedbackPhrase":"NO_STATUS_AER_LOW_SHORT"},{"userProfilePK":76018113,"calendarDate":"2023-10-12","deviceId":3401978503,"timestamp":"2023-10-11T23:59:59.0","weeklyTrainingLoadSum":143,"loadTunnelMin":176,"loadTunnelMax":396,"trainingStatus":"NO_STATUS","fitnessLevelTrend":"NO_RESULT","loadLevelTrend":"INCREASING","trainingStatusFeedbackPhrase":"NO_STATUS_AER_LOW_SHORT"},{"userProfilePK":76018113,"calendarDate":"2023-10-13","deviceId":3401978503,"timestamp":"2023-10-12T23:59:59.0","weeklyTrainingLoadSum":0,"loadTunnelMin":176,"loadTunnelMax":396,"trainingStatus":"DETRAINING","fitnessLevelTrend":"NO_RESULT","loadLevelTrend":"DECREASING","trainingStatusFeedbackPhrase":"DETRAINING_AER_LOW_SHORT"},{"userProfilePK":76018113,"calendarDate":"2023-10-14","deviceId":3401978503,"timestamp":"2023-10-13T23:59:59.0","weeklyTrainingLoadSum":0,"loadTunnelMin":176,"loadTunnelMax":396,"trainingStatus":"DETRAINING","fitnessLevelTrend":"NO_RESULT","loadLevelTrend":"DECREASING","trainingStatusFeedbackPhrase":"DETRAINING_AER_LOW_SHORT"},{"userProfilePK":76018113,"calendarDate":"2023-10-15","deviceId":3401978503,"timestamp":"2023-10-14T23:59:59.0","weeklyTrainingLoadSum":0,"loadTunnelMin":176,"loadTunnelMax":396,"trainingStatus":"DETRAINING","fitnessLevelTrend":"NO_RESULT","loadLevelTrend":"DECREASING","trainingStatusFeedbackPhrase":"DETRAINING_AER_LOW_SHORT"},{"userProfilePK":76018113,"calendarDate":"2023-10-15","deviceId":3401978503,"timestamp":"2023-10-15T08:32:11.0","weeklyTrainingLoadSum":0,"loadTunnelMin":176,"loadTunnelMax":396,"trainingStatus":"DETRAINING","fitnessLevelTrend":"NO_RESULT","loadLevelTrend":"DECREASING","trainingStatusFeedbackPhrase":"DETRAINING_AER_LOW_SHORT"},{"userProfilePK":76018113,"calendarDate":"2023-10-15","deviceId":3401978503,"timestamp":"2023-10-15T10:48:42.0","weeklyTrainingLoadSum":36,"loadTunnelMin":176,"loadTunnelMax":396,"trainingStatus":"NO_STATUS","fitnessLevelTrend":"NO_RESULT","loadLevelTrend":"DECREASING","trainingStatusFeedbackPhrase":"NO_STATUS_AER_LOW_SHORT"},{"userProfilePK":76018113,"calendarDate":"2023-10-16","deviceId":3401978503,"timestamp":"2023-10-15T22:03:15.0","weeklyTrainingLoadSum":36,"loadTunnelMin":176,"loadTunnelMax":396,"trainingStatus":"NO_STATUS","fitnessLevelTrend":"NO_RESULT","loadLevelTrend":"DECREASING","trainingStatusFeedbackPhrase":"NO_STATUS_AER_LOW_SHORT"},{"userProfilePK":76018113,"calendarDate":"2023-10-17","deviceId":3401978503,"timestamp":"2023-10-16T22:03:16.0","weeklyTrainingLoadSum":36,"loadTunnelMin":176,"loadTunnelMax":396,"trainingStatus":"NO_STATUS","fitnessLevelTrend":"NO_RESULT","loadLevelTrend":"DECREASING","trainingStatusFeedbackPhrase":"NO_STATUS_AER_LOW_SHORT"},{"userProfilePK":76018113,"calendarDate":"2023-10-18","deviceId":3401978503,"timestamp":"2023-10-17T22:03:16.0","weeklyTrainingLoadSum":36,"loadTunnelMin":176,"loadTunnelMax":396,"trainingStatus":"NO_STATUS","fitnessLevelTrend":"NO_RESULT","loadLevelTrend":"DECREASING","trainingStatusFeedbackPhrase":"NO_STATUS_AER_LOW_SHORT"},{"userProfilePK":76018113,"calendarDate":"2023-10-19","deviceId":3401978503,"timestamp":"2023-10-18T22:03:18.0","weeklyTrainingLoadSum":36,"loadTunnelMin":176,"loadTunnelMax":396,"trainingStatus":"NO_STATUS","fitnessLevelTrend":"NO_RESULT","loadLevelTrend":"DECREASING","trainingStatusFeedbackPhrase":"NO_STATUS_AER_LOW_SHORT"},{"userProfilePK":76018113,"calendarDate":"2023-10-20","deviceId":3401978503,"timestamp":"2023-10-19T22:03:19.0","weeklyTrainingLoadSum":36,"loadTunnelMin":176,"loadTunnelMax":396,"trainingStatus":"NO_STATUS","fitnessLevelTrend":"NO_RESULT","loadLevelTrend":"DECREASING","trainingStatusFeedbackPhrase":"NO_STATUS_AER_LOW_SHORT"},{"userProfilePK":76018113,"calendarDate":"2023-10-21","deviceId":3401978503,"timestamp":"2023-10-20T22:03:21.0","weeklyTrainingLoadSum":36,"loadTunnelMin":176,"loadTunnelMax":396,"trainingStatus":"NO_STATUS","fitnessLevelTrend":"NO_RESULT","loadLevelTrend":"DECREASING","trainingStatusFeedbackPhrase":"NO_STATUS_AER_LOW_SHORT"},{"userProfilePK":76018113,"calendarDate":"2023-10-21","deviceId":3401978503,"timestamp":"2023-10-21T09:01:08.0","weeklyTrainingLoadSum":158,"loadTunnelMin":176,"loadTunnelMax":396,"trainingStatus":"NO_STATUS","fitnessLevelTrend":"NO_RESULT","loadLevelTrend":"INCREASING","trainingStatusFeedbackPhrase":"NO_STATUS_AER_LOW_SHORT"},{"userProfilePK":76018113,"calendarDate":"2023-10-21","deviceId":3401978503,"timestamp":"2023-10-21T10:01:12.0","weeklyTrainingLoadSum":182,"loadTunnelMin":176,"loadTunnelMax":396,"trainingStatus":"NO_STATUS","fitnessLevelTrend":"NO_RESULT","loadLevelTrend":"INCREASING","trainingStatusFeedbackPhrase":"NO_STATUS_AER_LOW_SHORT"},{"userProfilePK":76018113,"calendarDate":"2023-10-22","deviceId":3401978503,"timestamp":"2023-10-21T22:03:24.0","weeklyTrainingLoadSum":146,"loadTunnelMin":176,"loadTunnelMax":396,"trainingStatus":"NO_STATUS","fitnessLevelTrend":"NO_RESULT","loadLevelTrend":"INCREASING","trainingStatusFeedbackPhrase":"NO_STATUS_AER_LOW_SHORT"},{"userProfilePK":76018113,"calendarDate":"2023-10-22","deviceId":3401978503,"timestamp":"2023-10-22T11:04:21.0","weeklyTrainingLoadSum":152,"loadTunnelMin":176,"loadTunnelMax":396,"trainingStatus":"NO_STATUS","fitnessLevelTrend":"NO_RESULT","loadLevelTrend":"INCREASING","trainingStatusFeedbackPhrase":"NO_STATUS_AER_LOW_SHORT"},{"userProfilePK":76018113,"calendarDate":"2023-10-22","deviceId":3401978503,"timestamp":"2023-10-22T11:42:46.0","weeklyTrainingLoadSum":165,"loadTunnelMin":176,"loadTunnelMax":396,"trainingStatus":"NO_STATUS","fitnessLevelTrend":"NO_RESULT","loadLevelTrend":"INCREASING","trainingStatusFeedbackPhrase":"NO_STATUS_AER_LOW_SHORT"},{"userProfilePK":76018113,"calendarDate":"2023-10-22","deviceId":3401978503,"timestamp":"2023-10-22T12:33:29.0","weeklyTrainingLoadSum":170,"loadTunnelMin":176,"loadTunnelMax":396,"trainingStatus":"NO_STATUS","fitnessLevelTrend":"NO_RESULT","loadLevelTrend":"INCREASING","trainingStatusFeedbackPhrase":"NO_STATUS_AER_LOW_SHORT"},{"userProfilePK":76018113,"calendarDate":"2023-10-23","deviceId":3401978503,"timestamp":"2023-10-22T22:03:35.0","weeklyTrainingLoadSum":170,"loadTunnelMin":176,"loadTunnelMax":396,"trainingStatus":"NO_STATUS","fitnessLevelTrend":"NO_RESULT","loadLevelTrend":"INCREASING","trainingStatusFeedbackPhrase":"NO_STATUS_AER_LOW_SHORT"},{"userProfilePK":76018113,"calendarDate":"2023-10-24","deviceId":3401978503,"timestamp":"2023-10-23T22:03:37.0","weeklyTrainingLoadSum":170,"loadTunnelMin":176,"loadTunnelMax":396,"trainingStatus":"NO_STATUS","fitnessLevelTrend":"NO_RESULT","loadLevelTrend":"INCREASING","trainingStatusFeedbackPhrase":"NO_STATUS_AER_LOW_SHORT"},{"userProfilePK":76018113,"calendarDate":"2023-10-24","deviceId":3401978503,"timestamp":"2023-10-24T05:43:57.0","weeklyTrainingLoadSum":320,"loadTunnelMin":176,"loadTunnelMax":396,"trainingStatus":"NO_STATUS","fitnessLevelTrend":"NO_RESULT","loadLevelTrend":"INCREASING","trainingStatusFeedbackPhrase":"NO_STATUS_AER_LOW_SHORT"},{"userProfilePK":76018113,"calendarDate":"2023-10-25","deviceId":3401978503,"timestamp":"2023-10-24T22:03:39.0","weeklyTrainingLoadSum":320,"loadTunnelMin":176,"loadTunnelMax":396,"trainingStatus":"NO_STATUS","fitnessLevelTrend":"NO_RESULT","loadLevelTrend":"INCREASING","trainingStatusFeedbackPhrase":"NO_STATUS_AER_LOW_SHORT"},{"userProfilePK":76018113,"calendarDate":"2023-10-25","deviceId":3401978503,"timestamp":"2023-10-25T05:30:32.0","weeklyTrainingLoadSum":335,"loadTunnelMin":176,"loadTunnelMax":396,"trainingStatus":"NO_STATUS","fitnessLevelTrend":"NO_RESULT","loadLevelTrend":"INCREASING","trainingStatusFeedbackPhrase":"NO_STATUS_AER_LOW_SHORT"},{"userProfilePK":76018113,"calendarDate":"2023-10-25","deviceId":3401978503,"timestamp":"2023-10-25T05:31:13.0","weeklyTrainingLoadSum":492,"loadTunnelMin":176,"loadTunnelMax":396,"trainingStatus":"NO_STATUS","fitnessLevelTrend":"NO_RESULT","loadLevelTrend":"INCREASING","trainingStatusFeedbackPhrase":"NO_STATUS_AER_LOW_SHORT"},{"userProfilePK":76018113,"calendarDate":"2023-10-26","deviceId":3401978503,"timestamp":"2023-10-25T22:03:40.0","weeklyTrainingLoadSum":492,"loadTunnelMin":176,"loadTunnelMax":396,"trainingStatus":"NO_STATUS","fitnessLevelTrend":"NO_RESULT","loadLevelTrend":"INCREASING","trainingStatusFeedbackPhrase":"NO_STATUS_AER_LOW_SHORT"},{"userProfilePK":76018113,"calendarDate":"2023-10-26","deviceId":3401978503,"timestamp":"2023-10-26T05:31:07.0","weeklyTrainingLoadSum":519,"loadTunnelMin":176,"loadTunnelMax":396,"trainingStatus":"NO_STATUS","fitnessLevelTrend":"NO_RESULT","loadLevelTrend":"INCREASING","trainingStatusFeedbackPhrase":"NO_STATUS_AER_LOW_SHORT"},{"userProfilePK":76018113,"calendarDate":"2023-10-27","deviceId":3401978503,"timestamp":"2023-10-26T22:03:44.0","weeklyTrainingLoadSum":519,"loadTunnelMin":176,"loadTunnelMax":396,"trainingStatus":"NO_STATUS","fitnessLevelTrend":"NO_RESULT","loadLevelTrend":"INCREASING","trainingStatusFeedbackPhrase":"NO_STATUS_AER_LOW_SHORT"},{"userProfilePK":76018113,"calendarDate":"2023-10-27","deviceId":3401978503,"timestamp":"2023-10-27T05:21:20.0","sport":"RUNNING","subSport":"GENERIC","weeklyTrainingLoadSum":627,"loadTunnelMin":176,"loadTunnelMax":396,"trainingStatus":"OVERREACHING","fitnessLevelTrend":"DECREASING","loadLevelTrend":"INCREASING","trainingStatusFeedbackPhrase":"OVERREACHING_AER_LOW_SHORT"},{"userProfilePK":76018113,"calendarDate":"2023-10-28","deviceId":3401978503,"timestamp":"2023-10-27T22:03:53.0","sport":"RUNNING","subSport":"GENERIC","weeklyTrainingLoadSum":481,"loadTunnelMin":176,"loadTunnelMax":396,"trainingStatus":"OVERREACHING","fitnessLevelTrend":"DECREASING","loadLevelTrend":"INCREASING","trainingStatusFeedbackPhrase":"OVERREACHING_AER_LOW_SHORT"},{"userProfilePK":76018113,"calendarDate":"2023-10-28","deviceId":3401978503,"timestamp":"2023-10-28T10:02:44.0","sport":"RUNNING","subSport":"GENERIC","weeklyTrainingLoadSum":534,"loadTunnelMin":176,"loadTunnelMax":396,"trainingStatus":"OVERREACHING","fitnessLevelTrend":"DECREASING","loadLevelTrend":"INCREASING","trainingStatusFeedbackPhrase":"OVERREACHING_AER_LOW_SHORT"},{"userProfilePK":76018113,"calendarDate":"2023-10-29","deviceId":3401978503,"timestamp":"2023-10-28T22:04:01.0","sport":"RUNNING","subSport":"GENERIC","weeklyTrainingLoadSum":510,"loadTunnelMin":176,"loadTunnelMax":396,"trainingStatus":"OVERREACHING","fitnessLevelTrend":"DECREASING","loadLevelTrend":"INCREASING","trainingStatusFeedbackPhrase":"OVERREACHING_AER_LOW_SHORT"},{"userProfilePK":76018113,"calendarDate":"2023-10-29","deviceId":3401978503,"timestamp":"2023-10-29T10:41:25.0","sport":"RUNNING","subSport":"GENERIC","weeklyTrainingLoadSum":712,"loadTunnelMin":176,"loadTunnelMax":396,"trainingStatus":"OVERREACHING","fitnessLevelTrend":"DECREASING","loadLevelTrend":"INCREASING","trainingStatusFeedbackPhrase":"OVERREACHING_AER_LOW_SHORT"},{"userProfilePK":76018113,"calendarDate":"2023-10-30","deviceId":3401978503,"timestamp":"2023-10-29T23:04:10.0","sport":"RUNNING","subSport":"GENERIC","weeklyTrainingLoadSum":712,"loadTunnelMin":176,"loadTunnelMax":396,"trainingStatus":"OVERREACHING","fitnessLevelTrend":"DECREASING","loadLevelTrend":"INCREASING","trainingStatusFeedbackPhrase":"OVERREACHING_AER_LOW_SHORT"},{"userProfilePK":76018113,"calendarDate":"2023-10-31","deviceId":3401978503,"timestamp":"2023-10-30T23:04:17.0","sport":"RUNNING","subSport":"GENERIC","weeklyTrainingLoadSum":562,"loadTunnelMin":176,"loadTunnelMax":396,"trainingStatus":"OVERREACHING","fitnessLevelTrend":"DECREASING","loadLevelTrend":"INCREASING","trainingStatusFeedbackPhrase":"OVERREACHING_AER_LOW_SHORT"},{"userProfilePK":76018113,"calendarDate":"2023-10-31","deviceId":3401978503,"timestamp":"2023-10-31T07:13:51.0","sport":"RUNNING","subSport":"GENERIC","weeklyTrainingLoadSum":596,"loadTunnelMin":226,"loadTunnelMax":484,"trainingStatus":"OVERREACHING","fitnessLevelTrend":"DECREASING","loadLevelTrend":"INCREASING","trainingStatusFeedbackPhrase":"OVERREACHING_AER_LOW_SHORT"},{"userProfilePK":76018113,"calendarDate":"2023-11-01","deviceId":3401978503,"timestamp":"2023-10-31T23:04:25.0","sport":"RUNNING","subSport":"GENERIC","weeklyTrainingLoadSum":424,"loadTunnelMin":226,"loadTunnelMax":484,"trainingStatus":"OVERREACHING","fitnessLevelTrend":"DECREASING","loadLevelTrend":"INCREASING","trainingStatusFeedbackPhrase":"OVERREACHING_AER_LOW_SHORT"},{"userProfilePK":76018113,"calendarDate":"2023-11-01","deviceId":3401978503,"timestamp":"2023-11-01T09:57:51.0","sport":"RUNNING","subSport":"GENERIC","weeklyTrainingLoadSum":565,"loadTunnelMin":226,"loadTunnelMax":484,"trainingStatus":"UNPRODUCTIVE","fitnessLevelTrend":"DECREASING","loadLevelTrend":"INCREASING","trainingStatusFeedbackPhrase":"UNPRODUCTIVE_AER_LOW_SHORT"},{"userProfilePK":76018113,"calendarDate":"2023-11-02","deviceId":3401978503,"timestamp":"2023-11-01T23:04:34.0","sport":"RUNNING","subSport":"GENERIC","weeklyTrainingLoadSum":538,"loadTunnelMin":226,"loadTunnelMax":484,"trainingStatus":"UNPRODUCTIVE","fitnessLevelTrend":"DECREASING","loadLevelTrend":"INCREASING","trainingStatusFeedbackPhrase":"UNPRODUCTIVE_AER_LOW_SHORT"},{"userProfilePK":76018113,"calendarDate":"2023-11-03","deviceId":3401978503,"timestamp":"2023-11-02T23:04:42.0","sport":"RUNNING","subSport":"GENERIC","weeklyTrainingLoadSum":430,"loadTunnelMin":226,"loadTunnelMax":484,"trainingStatus":"UNPRODUCTIVE","fitnessLevelTrend":"DECREASING","loadLevelTrend":"INCREASING","trainingStatusFeedbackPhrase":"UNPRODUCTIVE_AER_LOW_SHORT"},{"userProfilePK":76018113,"calendarDate":"2023-11-03","deviceId":3401978503,"timestamp":"2023-11-03T06:54:22.0","sport":"RUNNING","subSport":"GENERIC","weeklyTrainingLoadSum":554,"loadTunnelMin":226,"loadTunnelMax":484,"trainingStatus":"UNPRODUCTIVE","fitnessLevelTrend":"DECREASING","loadLevelTrend":"INCREASING","trainingStatusFeedbackPhrase":"UNPRODUCTIVE_AER_LOW_SHORT"},{"userProfilePK":76018113,"calendarDate":"2023-11-04","deviceId":3401978503,"timestamp":"2023-11-03T23:04:50.0","sport":"RUNNING","subSport":"GENERIC","weeklyTrainingLoadSum":501,"loadTunnelMin":226,"loadTunnelMax":484,"trainingStatus":"UNPRODUCTIVE","fitnessLevelTrend":"DECREASING","loadLevelTrend":"INCREASING","trainingStatusFeedbackPhrase":"UNPRODUCTIVE_AER_LOW_SHORT"},{"userProfilePK":76018113,"calendarDate":"2023-11-04","deviceId":3401978503,"timestamp":"2023-11-04T09:16:10.0","sport":"RUNNING","subSport":"GENERIC","weeklyTrainingLoadSum":543,"loadTunnelMin":226,"loadTunnelMax":484,"trainingStatus":"UNPRODUCTIVE","fitnessLevelTrend":"DECREASING","loadLevelTrend":"INCREASING","trainingStatusFeedbackPhrase":"UNPRODUCTIVE_AER_HIGH_FOCUS"},{"userProfilePK":76018113,"calendarDate":"2023-11-05","deviceId":3401978503,"timestamp":"2023-11-04T23:04:56.0","sport":"RUNNING","subSport":"GENERIC","weeklyTrainingLoadSum":341,"loadTunnelMin":226,"loadTunnelMax":484,"trainingStatus":"UNPRODUCTIVE","fitnessLevelTrend":"DECREASING","loadLevelTrend":"NO_CHANGE","trainingStatusFeedbackPhrase":"UNPRODUCTIVE_AER_HIGH_FOCUS"},{"userProfilePK":76018113,"calendarDate":"2023-11-05","deviceId":3401978503,"timestamp":"2023-11-05T11:05:27.0","sport":"RUNNING","subSport":"GENERIC","weeklyTrainingLoadSum":549,"loadTunnelMin":281,"loadTunnelMax":640,"trainingStatus":"UNPRODUCTIVE","fitnessLevelTrend":"DECREASING","loadLevelTrend":"INCREASING","trainingStatusFeedbackPhrase":"UNPRODUCTIVE_AER_HIGH_FOCUS"},{"userProfilePK":76018113,"calendarDate":"2023-11-06","deviceId":3401978503,"timestamp":"2023-11-05T23:05:00.0","sport":"RUNNING","subSport":"GENERIC","weeklyTrainingLoadSum":549,"loadTunnelMin":281,"loadTunnelMax":640,"trainingStatus":"UNPRODUCTIVE","fitnessLevelTrend":"DECREASING","loadLevelTrend":"INCREASING","trainingStatusFeedbackPhrase":"UNPRODUCTIVE_AER_HIGH_FOCUS"},{"userProfilePK":76018113,"calendarDate":"2023-11-07","deviceId":3401978503,"timestamp":"2023-11-06T23:05:01.0","sport":"RUNNING","subSport":"GENERIC","weeklyTrainingLoadSum":515,"loadTunnelMin":281,"loadTunnelMax":640,"trainingStatus":"UNPRODUCTIVE","fitnessLevelTrend":"DECREASING","loadLevelTrend":"INCREASING","trainingStatusFeedbackPhrase":"UNPRODUCTIVE_AER_HIGH_FOCUS"},{"userProfilePK":76018113,"calendarDate":"2023-11-07","deviceId":3401978503,"timestamp":"2023-11-07T06:52:28.0","sport":"RUNNING","subSport":"GENERIC","weeklyTrainingLoadSum":705,"loadTunnelMin":281,"loadTunnelMax":640,"trainingStatus":"UNPRODUCTIVE","fitnessLevelTrend":"DECREASING","loadLevelTrend":"INCREASING","trainingStatusFeedbackPhrase":"UNPRODUCTIVE_AER_HIGH_FOCUS"},{"userProfilePK":76018113,"calendarDate":"2023-11-08","deviceId":3401978503,"timestamp":"2023-11-07T23:05:05.0","sport":"RUNNING","subSport":"GENERIC","weeklyTrainingLoadSum":564,"loadTunnelMin":281,"loadTunnelMax":640,"trainingStatus":"UNPRODUCTIVE","fitnessLevelTrend":"DECREASING","loadLevelTrend":"INCREASING","trainingStatusFeedbackPhrase":"UNPRODUCTIVE_AER_HIGH_FOCUS"},{"userProfilePK":76018113,"calendarDate":"2023-11-08","deviceId":3401978503,"timestamp":"2023-11-08T06:35:41.0","sport":"RUNNING","subSport":"GENERIC","weeklyTrainingLoadSum":570,"loadTunnelMin":281,"loadTunnelMax":640,"trainingStatus":"UNPRODUCTIVE","fitnessLevelTrend":"DECREASING","loadLevelTrend":"INCREASING","trainingStatusFeedbackPhrase":"UNPRODUCTIVE_AER_HIGH_FOCUS"},{"userProfilePK":76018113,"calendarDate":"2023-11-09","deviceId":3401978503,"timestamp":"2023-11-08T23:05:08.0","sport":"RUNNING","subSport":"GENERIC","weeklyTrainingLoadSum":570,"loadTunnelMin":281,"loadTunnelMax":640,"trainingStatus":"UNPRODUCTIVE","fitnessLevelTrend":"DECREASING","loadLevelTrend":"INCREASING","trainingStatusFeedbackPhrase":"UNPRODUCTIVE_AER_HIGH_FOCUS"},{"userProfilePK":76018113,"calendarDate":"2023-11-09","deviceId":3401978503,"timestamp":"2023-11-09T07:35:21.0","sport":"RUNNING","subSport":"GENERIC","weeklyTrainingLoadSum":573,"loadTunnelMin":281,"loadTunnelMax":640,"trainingStatus":"UNPRODUCTIVE","fitnessLevelTrend":"DECREASING","loadLevelTrend":"INCREASING","trainingStatusFeedbackPhrase":"UNPRODUCTIVE_AER_HIGH_FOCUS"},{"userProfilePK":76018113,"calendarDate":"2023-11-09","deviceId":3401978503,"timestamp":"2023-11-09T08:35:51.0","sport":"RUNNING","subSport":"GENERIC","weeklyTrainingLoadSum":712,"loadTunnelMin":360,"loadTunnelMax":794,"trainingStatus":"UNPRODUCTIVE","fitnessLevelTrend":"DECREASING","loadLevelTrend":"INCREASING","trainingStatusFeedbackPhrase":"UNPRODUCTIVE_AER_HIGH_FOCUS"},{"userProfilePK":76018113,"calendarDate":"2023-11-10","deviceId":3401978503,"timestamp":"2023-11-09T23:05:12.0","sport":"RUNNING","subSport":"GENERIC","weeklyTrainingLoadSum":588,"loadTunnelMin":360,"loadTunnelMax":794,"trainingStatus":"UNPRODUCTIVE","fitnessLevelTrend":"DECREASING","loadLevelTrend":"INCREASING","trainingStatusFeedbackPhrase":"UNPRODUCTIVE_AER_HIGH_FOCUS"},{"userProfilePK":76018113,"calendarDate":"2023-11-10","deviceId":3401978503,"timestamp":"2023-11-10T06:49:59.0","sport":"RUNNING","subSport":"GENERIC","weeklyTrainingLoadSum":612,"loadTunnelMin":360,"loadTunnelMax":794,"trainingStatus":"UNPRODUCTIVE","fitnessLevelTrend":"DECREASING","loadLevelTrend":"INCREASING","trainingStatusFeedbackPhrase":"UNPRODUCTIVE_AER_HIGH_FOCUS"},{"userProfilePK":76018113,"calendarDate":"2023-11-11","deviceId":3401978503,"timestamp":"2023-11-10T23:05:15.0","sport":"RUNNING","subSport":"GENERIC","weeklyTrainingLoadSum":570,"loadTunnelMin":360,"loadTunnelMax":794,"trainingStatus":"UNPRODUCTIVE","fitnessLevelTrend":"DECREASING","loadLevelTrend":"INCREASING","trainingStatusFeedbackPhrase":"UNPRODUCTIVE_AER_HIGH_FOCUS"},{"userProfilePK":76018113,"calendarDate":"2023-11-12","deviceId":3401978503,"timestamp":"2023-11-11T23:05:18.0","sport":"RUNNING","subSport":"GENERIC","weeklyTrainingLoadSum":362,"loadTunnelMin":360,"loadTunnelMax":794,"trainingStatus":"UNPRODUCTIVE","fitnessLevelTrend":"DECREASING","loadLevelTrend":"DECREASING","trainingStatusFeedbackPhrase":"UNPRODUCTIVE_AER_LOW_SHORT"},{"userProfilePK":76018113,"calendarDate":"2023-11-12","deviceId":3401978503,"timestamp":"2023-11-12T13:44:06.0","sport":"RUNNING","subSport":"GENERIC","weeklyTrainingLoadSum":538,"loadTunnelMin":360,"loadTunnelMax":794,"trainingStatus":"MAINTAINING","fitnessLevelTrend":"NO_CHANGE","loadLevelTrend":"NO_CHANGE","trainingStatusFeedbackPhrase":"MAINTAINING_AER_LOW_SHORT"},{"userProfilePK":76018113,"calendarDate":"2023-11-13","deviceId":3401978503,"timestamp":"2023-11-12T23:05:23.0","sport":"RUNNING","subSport":"GENERIC","weeklyTrainingLoadSum":538,"loadTunnelMin":360,"loadTunnelMax":794,"trainingStatus":"MAINTAINING","fitnessLevelTrend":"NO_CHANGE","loadLevelTrend":"NO_CHANGE","trainingStatusFeedbackPhrase":"MAINTAINING_AER_LOW_SHORT"},{"userProfilePK":76018113,"calendarDate":"2023-11-14","deviceId":3401978503,"timestamp":"2023-11-13T23:05:24.0","sport":"RUNNING","subSport":"GENERIC","weeklyTrainingLoadSum":348,"loadTunnelMin":360,"loadTunnelMax":794,"trainingStatus":"RECOVERY","fitnessLevelTrend":"NO_CHANGE","loadLevelTrend":"DECREASING","trainingStatusFeedbackPhrase":"RECOVERY_AER_LOW_SHORT"},{"userProfilePK":76018113,"calendarDate":"2023-11-14","deviceId":3401978503,"timestamp":"2023-11-14T05:48:58.0","sport":"RUNNING","subSport":"GENERIC","weeklyTrainingLoadSum":348,"loadTunnelMin":360,"loadTunnelMax":794,"trainingStatus":"RECOVERY","fitnessLevelTrend":"NO_CHANGE","loadLevelTrend":"DECREASING","trainingStatusFeedbackPhrase":"RECOVERY_AER_LOW_SHORT"},{"userProfilePK":76018113,"calendarDate":"2023-11-14","deviceId":3401978503,"timestamp":"2023-11-14T06:55:40.0","sport":"RUNNING","subSport":"GENERIC","weeklyTrainingLoadSum":509,"loadTunnelMin":360,"loadTunnelMax":794,"trainingStatus":"MAINTAINING","fitnessLevelTrend":"NO_CHANGE","loadLevelTrend":"NO_CHANGE","trainingStatusFeedbackPhrase":"MAINTAINING_AER_LOW_SHORT"},{"userProfilePK":76018113,"calendarDate":"2023-11-15","deviceId":3401978503,"timestamp":"2023-11-14T23:05:29.0","sport":"RUNNING","subSport":"GENERIC","weeklyTrainingLoadSum":503,"loadTunnelMin":360,"loadTunnelMax":794,"trainingStatus":"MAINTAINING","fitnessLevelTrend":"NO_CHANGE","loadLevelTrend":"NO_CHANGE","trainingStatusFeedbackPhrase":"MAINTAINING_AER_LOW_SHORT"},{"userProfilePK":76018113,"calendarDate":"2023-11-15","deviceId":3401978503,"timestamp":"2023-11-15T06:28:40.0","sport":"RUNNING","subSport":"GENERIC","weeklyTrainingLoadSum":515,"loadTunnelMin":360,"loadTunnelMax":794,"trainingStatus":"MAINTAINING","fitnessLevelTrend":"NO_CHANGE","loadLevelTrend":"NO_CHANGE","trainingStatusFeedbackPhrase":"MAINTAINING_AER_LOW_SHORT"},{"userProfilePK":76018113,"calendarDate":"2023-11-16","deviceId":3401978503,"timestamp":"2023-11-15T23:02:06.0","sport":"RUNNING","subSport":"GENERIC","weeklyTrainingLoadSum":373,"loadTunnelMin":360,"loadTunnelMax":794,"trainingStatus":"RECOVERY","fitnessLevelTrend":"NO_CHANGE","loadLevelTrend":"DECREASING","trainingStatusFeedbackPhrase":"RECOVERY_AER_LOW_SHORT"},{"userProfilePK":76018113,"calendarDate":"2023-11-16","deviceId":3401978503,"timestamp":"2023-11-16T06:36:40.0","sport":"RUNNING","subSport":"GENERIC","weeklyTrainingLoadSum":395,"loadTunnelMin":360,"loadTunnelMax":794,"trainingStatus":"RECOVERY","fitnessLevelTrend":"NO_CHANGE","loadLevelTrend":"DECREASING","trainingStatusFeedbackPhrase":"RECOVERY_AER_LOW_SHORT"},{"userProfilePK":76018113,"calendarDate":"2023-11-17","deviceId":3401978503,"timestamp":"2023-11-16T23:02:09.0","sport":"RUNNING","subSport":"GENERIC","weeklyTrainingLoadSum":371,"loadTunnelMin":360,"loadTunnelMax":794,"trainingStatus":"RECOVERY","fitnessLevelTrend":"NO_CHANGE","loadLevelTrend":"DECREASING","trainingStatusFeedbackPhrase":"RECOVERY_AER_LOW_SHORT"},{"userProfilePK":76018113,"calendarDate":"2023-11-17","deviceId":3401978503,"timestamp":"2023-11-17T06:56:13.0","sport":"RUNNING","subSport":"GENERIC","weeklyTrainingLoadSum":522,"loadTunnelMin":446,"loadTunnelMax":988,"trainingStatus":"MAINTAINING","fitnessLevelTrend":"NO_CHANGE","loadLevelTrend":"NO_CHANGE","trainingStatusFeedbackPhrase":"MAINTAINING_AER_LOW_SHORT"},{"userProfilePK":76018113,"calendarDate":"2023-11-18","deviceId":3401978503,"timestamp":"2023-11-17T23:02:14.0","sport":"RUNNING","subSport":"GENERIC","weeklyTrainingLoadSum":522,"loadTunnelMin":360,"loadTunnelMax":794,"trainingStatus":"MAINTAINING","fitnessLevelTrend":"NO_CHANGE","loadLevelTrend":"NO_CHANGE","trainingStatusFeedbackPhrase":"MAINTAINING_AER_LOW_SHORT"},{"userProfilePK":76018113,"calendarDate":"2023-11-19","deviceId":3401978503,"timestamp":"2023-11-18T23:02:17.0","sport":"RUNNING","subSport":"GENERIC","weeklyTrainingLoadSum":346,"loadTunnelMin":360,"loadTunnelMax":794,"trainingStatus":"RECOVERY","fitnessLevelTrend":"NO_CHANGE","loadLevelTrend":"DECREASING","trainingStatusFeedbackPhrase":"RECOVERY_AER_LOW_SHORT"},{"userProfilePK":76018113,"calendarDate":"2023-11-19","deviceId":3401978503,"timestamp":"2023-11-19T08:59:14.0","sport":"RUNNING","subSport":"GENERIC","weeklyTrainingLoadSum":522,"loadTunnelMin":446,"loadTunnelMax":988,"trainingStatus":"MAINTAINING","fitnessLevelTrend":"NO_CHANGE","loadLevelTrend":"NO_CHANGE","trainingStatusFeedbackPhrase":"MAINTAINING_AER_LOW_SHORT"},{"userProfilePK":76018113,"calendarDate":"2023-11-20","deviceId":3401978503,"timestamp":"2023-11-19T23:02:22.0","sport":"RUNNING","subSport":"GENERIC","weeklyTrainingLoadSum":522,"loadTunnelMin":446,"loadTunnelMax":988,"trainingStatus":"MAINTAINING","fitnessLevelTrend":"NO_CHANGE","loadLevelTrend":"NO_CHANGE","trainingStatusFeedbackPhrase":"MAINTAINING_AER_LOW_SHORT"},{"userProfilePK":76018113,"calendarDate":"2023-11-21","deviceId":3401978503,"timestamp":"2023-11-20T23:02:25.0","sport":"RUNNING","subSport":"GENERIC","weeklyTrainingLoadSum":361,"loadTunnelMin":360,"loadTunnelMax":794,"trainingStatus":"RECOVERY","fitnessLevelTrend":"NO_CHANGE","loadLevelTrend":"DECREASING","trainingStatusFeedbackPhrase":"RECOVERY_AER_LOW_SHORT"},{"userProfilePK":76018113,"calendarDate":"2023-11-21","deviceId":3401978503,"timestamp":"2023-11-21T07:29:42.0","sport":"RUNNING","subSport":"GENERIC","weeklyTrainingLoadSum":520,"loadTunnelMin":446,"loadTunnelMax":988,"trainingStatus":"MAINTAINING","fitnessLevelTrend":"NO_CHANGE","loadLevelTrend":"NO_CHANGE","trainingStatusFeedbackPhrase":"MAINTAINING_AER_LOW_SHORT"},{"userProfilePK":76018113,"calendarDate":"2023-11-22","deviceId":3401978503,"timestamp":"2023-11-21T23:02:28.0","sport":"RUNNING","subSport":"GENERIC","weeklyTrainingLoadSum":508,"loadTunnelMin":360,"loadTunnelMax":794,"trainingStatus":"MAINTAINING","fitnessLevelTrend":"NO_CHANGE","loadLevelTrend":"NO_CHANGE","trainingStatusFeedbackPhrase":"MAINTAINING_AER_LOW_SHORT"},{"userProfilePK":76018113,"calendarDate":"2023-11-22","deviceId":3401978503,"timestamp":"2023-11-22T06:55:04.0","sport":"RUNNING","subSport":"GENERIC","weeklyTrainingLoadSum":535,"loadTunnelMin":446,"loadTunnelMax":988,"trainingStatus":"MAINTAINING","fitnessLevelTrend":"NO_CHANGE","loadLevelTrend":"NO_CHANGE","trainingStatusFeedbackPhrase":"MAINTAINING_AER_LOW_SHORT"},{"userProfilePK":76018113,"calendarDate":"2023-11-23","deviceId":3401978503,"timestamp":"2023-11-22T23:02:32.0","sport":"RUNNING","subSport":"GENERIC","weeklyTrainingLoadSum":513,"loadTunnelMin":360,"loadTunnelMax":794,"trainingStatus":"MAINTAINING","fitnessLevelTrend":"NO_CHANGE","loadLevelTrend":"NO_CHANGE","trainingStatusFeedbackPhrase":"MAINTAINING_AER_LOW_SHORT"},{"userProfilePK":76018113,"calendarDate":"2023-11-23","deviceId":3401978503,"timestamp":"2023-11-23T06:37:29.0","sport":"RUNNING","subSport":"GENERIC","weeklyTrainingLoadSum":694,"loadTunnelMin":446,"loadTunnelMax":988,"trainingStatus":"MAINTAINING","fitnessLevelTrend":"NO_CHANGE","loadLevelTrend":"INCREASING","trainingStatusFeedbackPhrase":"MAINTAINING_AER_LOW_SHORT"},{"userProfilePK":76018113,"calendarDate":"2023-11-24","deviceId":3401978503,"timestamp":"2023-11-23T23:02:36.0","sport":"RUNNING","subSport":"GENERIC","weeklyTrainingLoadSum":543,"loadTunnelMin":446,"loadTunnelMax":988,"trainingStatus":"MAINTAINING","fitnessLevelTrend":"NO_CHANGE","loadLevelTrend":"NO_CHANGE","trainingStatusFeedbackPhrase":"MAINTAINING_AER_LOW_SHORT"},{"userProfilePK":76018113,"calendarDate":"2023-11-25","deviceId":3401978503,"timestamp":"2023-11-24T23:02:38.0","sport":"RUNNING","subSport":"GENERIC","weeklyTrainingLoadSum":543,"loadTunnelMin":446,"loadTunnelMax":988,"trainingStatus":"MAINTAINING","fitnessLevelTrend":"NO_CHANGE","loadLevelTrend":"NO_CHANGE","trainingStatusFeedbackPhrase":"MAINTAINING_AER_LOW_SHORT"},{"userProfilePK":76018113,"calendarDate":"2023-11-25","deviceId":3401978503,"timestamp":"2023-11-25T09:54:30.0","sport":"RUNNING","subSport":"GENERIC","weeklyTrainingLoadSum":574,"loadTunnelMin":446,"loadTunnelMax":988,"trainingStatus":"MAINTAINING","fitnessLevelTrend":"NO_CHANGE","loadLevelTrend":"NO_CHANGE","trainingStatusFeedbackPhrase":"MAINTAINING_AER_LOW_SHORT"},{"userProfilePK":76018113,"calendarDate":"2023-11-25","deviceId":3401978503,"timestamp":"2023-11-25T11:24:34.0","sport":"RUNNING","subSport":"GENERIC","weeklyTrainingLoadSum":763,"loadTunnelMin":446,"loadTunnelMax":988,"trainingStatus":"MAINTAINING","fitnessLevelTrend":"NO_CHANGE","loadLevelTrend":"INCREASING","trainingStatusFeedbackPhrase":"MAINTAINING_AER_LOW_SHORT"},{"userProfilePK":76018113,"calendarDate":"2023-11-26","deviceId":3401978503,"timestamp":"2023-11-25T23:02:41.0","sport":"RUNNING","subSport":"GENERIC","weeklyTrainingLoadSum":587,"loadTunnelMin":446,"loadTunnelMax":988,"trainingStatus":"MAINTAINING","fitnessLevelTrend":"NO_CHANGE","loadLevelTrend":"NO_CHANGE","trainingStatusFeedbackPhrase":"MAINTAINING_AER_LOW_SHORT"},{"userProfilePK":76018113,"calendarDate":"2023-11-26","deviceId":3401978503,"timestamp":"2023-11-26T12:14:58.0","sport":"RUNNING","subSport":"GENERIC","weeklyTrainingLoadSum":627,"loadTunnelMin":446,"loadTunnelMax":988,"trainingStatus":"MAINTAINING","fitnessLevelTrend":"NO_CHANGE","loadLevelTrend":"NO_CHANGE","trainingStatusFeedbackPhrase":"MAINTAINING_AER_LOW_SHORT"},{"userProfilePK":76018113,"calendarDate":"2023-11-27","deviceId":3401978503,"timestamp":"2023-11-26T23:02:44.0","sport":"RUNNING","subSport":"GENERIC","weeklyTrainingLoadSum":627,"loadTunnelMin":446,"loadTunnelMax":988,"trainingStatus":"MAINTAINING","fitnessLevelTrend":"NO_CHANGE","loadLevelTrend":"NO_CHANGE","trainingStatusFeedbackPhrase":"MAINTAINING_AER_LOW_SHORT"},{"userProfilePK":76018113,"calendarDate":"2023-11-28","deviceId":3401978503,"timestamp":"2023-11-27T23:02:48.0","sport":"RUNNING","subSport":"GENERIC","weeklyTrainingLoadSum":468,"loadTunnelMin":446,"loadTunnelMax":988,"trainingStatus":"MAINTAINING","fitnessLevelTrend":"NO_CHANGE","loadLevelTrend":"NO_CHANGE","trainingStatusFeedbackPhrase":"MAINTAINING_AER_LOW_SHORT"},{"userProfilePK":76018113,"calendarDate":"2023-11-29","deviceId":3401978503,"timestamp":"2023-11-28T23:02:52.0","sport":"RUNNING","subSport":"GENERIC","weeklyTrainingLoadSum":441,"loadTunnelMin":360,"loadTunnelMax":794,"trainingStatus":"MAINTAINING","fitnessLevelTrend":"NO_CHANGE","loadLevelTrend":"NO_CHANGE","trainingStatusFeedbackPhrase":"MAINTAINING_AER_LOW_SHORT"},{"userProfilePK":76018113,"calendarDate":"2023-11-30","deviceId":3401978503,"timestamp":"2023-11-29T23:02:57.0","sport":"RUNNING","subSport":"GENERIC","weeklyTrainingLoadSum":260,"loadTunnelMin":360,"loadTunnelMax":794,"trainingStatus":"RECOVERY","fitnessLevelTrend":"NO_CHANGE","loadLevelTrend":"DECREASING","trainingStatusFeedbackPhrase":"RECOVERY_AER_LOW_SHORT"},{"userProfilePK":76018113,"calendarDate":"2023-12-01","deviceId":3401978503,"timestamp":"2023-11-30T23:03:00.0","sport":"RUNNING","subSport":"GENERIC","weeklyTrainingLoadSum":260,"loadTunnelMin":360,"loadTunnelMax":794,"trainingStatus":"RECOVERY","fitnessLevelTrend":"NO_CHANGE","loadLevelTrend":"DECREASING","trainingStatusFeedbackPhrase":"RECOVERY_AER_LOW_SHORT"},{"userProfilePK":76018113,"calendarDate":"2023-12-01","deviceId":3401978503,"timestamp":"2023-11-30T23:59:59.0","sport":"RUNNING","subSport":"GENERIC","weeklyTrainingLoadSum":260,"loadTunnelMin":360,"loadTunnelMax":794,"trainingStatus":"RECOVERY","fitnessLevelTrend":"NO_CHANGE","loadLevelTrend":"DECREASING","trainingStatusFeedbackPhrase":"RECOVERY_AER_LOW_SHORT"},{"userProfilePK":76018113,"calendarDate":"2023-12-02","deviceId":3401978503,"timestamp":"2023-12-01T23:59:59.0","sport":"RUNNING","subSport":"GENERIC","weeklyTrainingLoadSum":40,"loadTunnelMin":360,"loadTunnelMax":794,"trainingStatus":"RECOVERY","fitnessLevelTrend":"NO_CHANGE","loadLevelTrend":"DECREASING","trainingStatusFeedbackPhrase":"RECOVERY_AER_LOW_SHORT"}]