[{"userProfilePK":76018113,"calendarDate":"2022-10-28","deviceId":3401978503,"timestamp":"2022-10-27T22:04:27.0","sport":"RUNNING","subSport":"GENERIC","weeklyTrainingLoadSum":244,"loadTunnelMin":360,"loadTunnelMax":794,"trainingStatus":"RECOVERY","fitnessLevelTrend":"NO_CHANGE","loadLevelTrend":"DECREASING","trainingStatusFeedbackPhrase":"RECOVERY_AER_LOW_SHORT"},{"userProfilePK":76018113,"calendarDate":"2022-10-28","deviceId":3401978503,"timestamp":"2022-10-28T04:49:20.0","sport":"RUNNING","subSport":"GENERIC","weeklyTrainingLoadSum":245,"loadTunnelMin":360,"loadTunnelMax":794,"trainingStatus":"RECOVERY","fitnessLevelTrend":"NO_CHANGE","loadLevelTrend":"DECREASING","trainingStatusFeedbackPhrase":"RECOVERY_AER_LOW_SHORT"},{"userProfilePK":76018113,"calendarDate":"2022-10-28","deviceId":3401978503,"timestamp":"2022-10-28T05:51:26.0","sport":"RUNNING","subSport":"GENERIC","weeklyTrainingLoadSum":435,"loadTunnelMin":360,"loadTunnelMax":794,"trainingStatus":"RECOVERY","fitnessLevelTrend":"NO_CHANGE","loadLevelTrend":"DECREASING","trainingStatusFeedbackPhrase":"RECOVERY_AER_LOW_SHORT"},{"userProfilePK":76018113,"calendarDate":"2022-10-29","deviceId":3401978503,"timestamp":"2022-10-28T22:04:30.0","sport":"RUNNING","subSport":"GENERIC","weeklyTrainingLoadSum":191,"loadTunnelMin":360,"loadTunnelMax":794,"trainingStatus":"RECOVERY","fitnessLevelTrend":"NO_CHANGE","loadLevelTrend":"DECREASING","trainingStatusFeedbackPhrase":"RECOVERY_AER_LOW_SHORT"},{"userProfilePK":76018113,"calendarDate":"2022-10-30","deviceId":3401978503,"timestamp":"2022-10-29T22:04:31.0","sport":"RUNNING","subSport":"GENERIC","weeklyTrainingLoadSum":191,"loadTunnelMin":360,"loadTunnelMax":794,"trainingStatus":"RECOVERY","fitnessLevelTrend":"NO_CHANGE","loadLevelTrend":"DECREASING","trainingStatusFeedbackPhrase":"RECOVERY_AER_LOW_SHORT"},{"userProfilePK":76018113,"calendarDate":"2022-10-30","deviceId":3401978503,"timestamp":"2022-10-30T09:48:02.0","sport":"RUNNING","subSport":"GENERIC","weeklyTrainingLoadSum":488,"loadTunnelMin":446,"loadTunnelMax":988,"trainingStatus":"RECOVERY","fitnessLevelTrend":"NO_CHANGE","loadLevelTrend":"DECREASING","trainingStatusFeedbackPhrase":"RECOVERY_AER_LOW_SHORT"},{"userProfilePK":76018113,"calendarDate":"2022-10-31","deviceId":3401978503,"timestamp":"2022-10-30T23:04:38.0","sport":"RUNNING","subSport":"GENERIC","weeklyTrainingLoadSum":488,"loadTunnelMin":446,"loadTunnelMax":988,"trainingStatus":"RECOVERY","fitnessLevelTrend":"NO_CHANGE","loadLevelTrend":"DECREASING","trainingStatusFeedbackPhrase":"RECOVERY_AER_LOW_SHORT"},{"userProfilePK":76018113,"calendarDate":"2022-11-01","deviceId":3401978503,"timestamp":"2022-10-31T23:04:41.0","sport":"RUNNING","subSport":"GENERIC","weeklyTrainingLoadSum":488,"loadTunnelMin":360,"loadTunnelMax":794,"trainingStatus":"RECOVERY","fitnessLevelTrend":"NO_CHANGE","loadLevelTrend":"NO_CHANGE","trainingStatusFeedbackPhrase":"RECOVERY_AER_LOW_SHORT"},{"userProfilePK":76018113,"calendarDate":"2022-11-01","deviceId":3401978503,"timestamp":"2022-11-01T07:46:58.0","sport":"RUNNING","subSport":"GENERIC","weeklyTrainingLoadSum":488,"loadTunnelMin":360,"loadTunnelMax":794,"trainingStatus":"RECOVERY","fitnessLevelTrend":"NO_CHANGE","loadLevelTrend":"NO_CHANGE","trainingStatusFeedbackPhrase":"RECOVERY_AER_LOW_SHORT"},{"userProfilePK":76018113,"calendarDate":"2022-11-01","deviceId":3401978503,"timestamp":"2022-11-01T09:27:01.0","sport":"RUNNING","subSport":"GENERIC","weeklyTrainingLoadSum":777,"loadTunnelMin":446,"loadTunnelMax":988,"trainingStatus":"MAINTAINING","fitnessLevelTrend":"NO_CHANGE","loadLevelTrend":"INCREASING","trainingStatusFeedbackPhrase":"MAINTAINING_AER_LOW_SHORT"},{"userProfilePK":76018113,"calendarDate":"2022-11-02","deviceId":3401978503,"timestamp":"2022-11-01T23:04:47.0","sport":"RUNNING","subSport":"GENERIC","weeklyTrainingLoadSum":777,"loadTunnelMin":446,"loadTunnelMax":988,"trainingStatus":"MAINTAINING","fitnessLevelTrend":"NO_CHANGE","loadLevelTrend":"INCREASING","trainingStatusFeedbackPhrase":"MAINTAINING_AER_LOW_SHORT"},{"userProfilePK":76018113,"calendarDate":"2022-11-02","deviceId":3401978503,"timestamp":"2022-11-02T07:08:10.0","sport":"RUNNING","subSport":"GENERIC","weeklyTrainingLoadSum":926,"loadTunnelMin":446,"loadTunnelMax":988,"trainingStatus":"PRODUCTIVE","fitnessLevelTrend":"NO_CHANGE","loadLevelTrend":"INCREASING","trainingStatusFeedbackPhrase":"PRODUCTIVE_AER_LOW_SHORT"},{"userProfilePK":76018113,"calendarDate":"2022-11-03","deviceId":3401978503,"timestamp":"2022-11-02T23:04:50.0","sport":"RUNNING","subSport":"GENERIC","weeklyTrainingLoadSum":926,"loadTunnelMin":446,"loadTunnelMax":988,"trainingStatus":"PRODUCTIVE","fitnessLevelTrend":"NO_CHANGE","loadLevelTrend":"INCREASING","trainingStatusFeedbackPhrase":"PRODUCTIVE_AER_LOW_SHORT"},{"userProfilePK":76018113,"calendarDate":"2022-11-04","deviceId":3401978503,"timestamp":"2022-11-03T23:04:53.0","sport":"RUNNING","subSport":"GENERIC","weeklyTrainingLoadSum":735,"loadTunnelMin":446,"loadTunnelMax":988,"trainingStatus":"PRODUCTIVE","fitnessLevelTrend":"NO_CHANGE","loadLevelTrend":"INCREASING","trainingStatusFeedbackPhrase":"PRODUCTIVE_AER_LOW_SHORT"},{"userProfilePK":76018113,"calendarDate":"2022-11-05","deviceId":3401978503,"timestamp":"2022-11-04T23:04:57.0","sport":"RUNNING","subSport":"GENERIC","weeklyTrainingLoadSum":735,"loadTunnelMin":360,"loadTunnelMax":794,"trainingStatus":"PRODUCTIVE","fitnessLevelTrend":"NO_CHANGE","loadLevelTrend":"INCREASING","trainingStatusFeedbackPhrase":"PRODUCTIVE_AER_LOW_SHORT"},{"userProfilePK":76018113,"calendarDate":"2022-11-05","deviceId":3401978503,"timestamp":"2022-11-05T09:43:17.0","sport":"RUNNING","subSport":"GENERIC","weeklyTrainingLoadSum":996,"loadTunnelMin":446,"loadTunnelMax":988,"trainingStatus":"PRODUCTIVE","fitnessLevelTrend":"NO_CHANGE","loadLevelTrend":"INCREASING","trainingStatusFeedbackPhrase":"PRODUCTIVE_AER_LOW_SHORT"},{"userProfilePK":76018113,"calendarDate":"2022-11-06","deviceId":3401978503,"timestamp":"2022-11-05T23:05:01.0","sport":"RUNNING","subSport":"GENERIC","weeklyTrainingLoadSum":699,"loadTunnelMin":446,"loadTunnelMax":988,"trainingStatus":"PRODUCTIVE","fitnessLevelTrend":"NO_CHANGE","loadLevelTrend":"INCREASING","trainingStatusFeedbackPhrase":"PRODUCTIVE_AER_LOW_SHORT"},{"userProfilePK":76018113,"calendarDate":"2022-11-06","deviceId":3401978503,"timestamp":"2022-11-06T10:58:23.0","sport":"RUNNING","subSport":"GENERIC","weeklyTrainingLoadSum":935,"loadTunnelMin":446,"loadTunnelMax":988,"trainingStatus":"PRODUCTIVE","fitnessLevelTrend":"NO_CHANGE","loadLevelTrend":"INCREASING","trainingStatusFeedbackPhrase":"PRODUCTIVE_AER_LOW_SHORT"},{"userProfilePK":76018113,"calendarDate":"2022-11-07","deviceId":3401978503,"timestamp":"2022-11-06T23:05:03.0","sport":"RUNNING","subSport":"GENERIC","weeklyTrainingLoadSum":935,"loadTunnelMin":446,"loadTunnelMax":988,"trainingStatus":"PRODUCTIVE","fitnessLevelTrend":"NO_CHANGE","loadLevelTrend":"INCREASING","trainingStatusFeedbackPhrase":"PRODUCTIVE_AER_LOW_SHORT"},{"userProfilePK":76018113,"calendarDate":"2022-11-08","deviceId":3401978503,"timestamp":"2022-11-07T23:05:07.0","sport":"RUNNING","subSport":"GENERIC","weeklyTrainingLoadSum":646,"loadTunnelMin":446,"loadTunnelMax":988,"trainingStatus":"PRODUCTIVE","fitnessLevelTrend":"NO_CHANGE","loadLevelTrend":"NO_CHANGE","trainingStatusFeedbackPhrase":"PRODUCTIVE_AER_LOW_SHORT"},{"userProfilePK":76018113,"calendarDate":"2022-11-08","deviceId":3401978503,"timestamp":"2022-11-08T06:10:41.0","sport":"RUNNING","subSport":"GENERIC","weeklyTrainingLoadSum":820,"loadTunnelMin":559,"loadTunnelMax":1258,"trainingStatus":"MAINTAINING","fitnessLevelTrend":"NO_CHANGE","loadLevelTrend":"INCREASING","trainingStatusFeedbackPhrase":"MAINTAINING_AER_LOW_SHORT"},{"userProfilePK":76018113,"calendarDate":"2022-11-09","deviceId":3401978503,"timestamp":"2022-11-08T23:05:11.0","sport":"RUNNING","subSport":"GENERIC","weeklyTrainingLoadSum":671,"loadTunnelMin":559,"loadTunnelMax":1258,"trainingStatus":"MAINTAINING","fitnessLevelTrend":"NO_CHANGE","loadLevelTrend":"NO_CHANGE","trainingStatusFeedbackPhrase":"MAINTAINING_AER_LOW_SHORT"},{"userProfilePK":76018113,"calendarDate":"2022-11-09","deviceId":3401978503,"timestamp":"2022-11-09T06:37:07.0","sport":"RUNNING","subSport":"GENERIC","weeklyTrainingLoadSum":869,"loadTunnelMin":559,"loadTunnelMax":1258,"trainingStatus":"MAINTAINING","fitnessLevelTrend":"NO_CHANGE","loadLevelTrend":"INCREASING","trainingStatusFeedbackPhrase":"MAINTAINING_AER_LOW_SHORT"},{"userProfilePK":76018113,"calendarDate":"2022-11-10","deviceId":3401978503,"timestamp":"2022-11-09T23:05:12.0","sport":"RUNNING","subSport":"GENERIC","weeklyTrainingLoadSum":869,"loadTunnelMin":559,"loadTunnelMax":1258,"trainingStatus":"MAINTAINING","fitnessLevelTrend":"NO_CHANGE","loadLevelTrend":"INCREASING","trainingStatusFeedbackPhrase":"MAINTAINING_AER_LOW_SHORT"},{"userProfilePK":76018113,"calendarDate":"2022-11-11","deviceId":3401978503,"timestamp":"2022-11-10T23:05:16.0","sport":"RUNNING","subSport":"GENERIC","weeklyTrainingLoadSum":869,"loadTunnelMin":559,"loadTunnelMax":1258,"trainingStatus":"MAINTAINING","fitnessLevelTrend":"NO_CHANGE","loadLevelTrend":"INCREASING","trainingStatusFeedbackPhrase":"MAINTAINING_AER_LOW_SHORT"},{"userProfilePK":76018113,"calendarDate":"2022-11-12","deviceId":3401978503,"timestamp":"2022-11-12T02:53:57.0","sport":"RUNNING","subSport":"GENERIC","weeklyTrainingLoadSum":608,"loadTunnelMin":559,"loadTunnelMax":1258,"trainingStatus":"MAINTAINING","fitnessLevelTrend":"NO_CHANGE","loadLevelTrend":"NO_CHANGE","trainingStatusFeedbackPhrase":"MAINTAINING_AER_LOW_SHORT"},{"userProfilePK":76018113,"calendarDate":"2022-11-12","deviceId":3401978503,"timestamp":"2022-11-12T10:58:41.0","sport":"RUNNING","subSport":"GENERIC","weeklyTrainingLoadSum":813,"loadTunnelMin":559,"loadTunnelMax":1258,"trainingStatus":"MAINTAINING","fitnessLevelTrend":"NO_CHANGE","loadLevelTrend":"NO_CHANGE","trainingStatusFeedbackPhrase":"MAINTAINING_AER_LOW_SHORT"},{"userProfilePK":76018113,"calendarDate":"2022-11-13","deviceId":3401978503,"timestamp":"2022-11-12T23:04:08.0","sport":"RUNNING","subSport":"GENERIC","weeklyTrainingLoadSum":577,"loadTunnelMin":446,"loadTunnelMax":988,"trainingStatus":"MAINTAINING","fitnessLevelTrend":"NO_CHANGE","loadLevelTrend":"NO_CHANGE","trainingStatusFeedbackPhrase":"MAINTAINING_AER_LOW_SHORT"},{"userProfilePK":76018113,"calendarDate":"2022-11-13","deviceId":3401978503,"timestamp":"2022-11-13T09:28:27.0","sport":"RUNNING","subSport":"GENERIC","weeklyTrainingLoadSum":577,"loadTunnelMin":446,"loadTunnelMax":988,"trainingStatus":"MAINTAINING","fitnessLevelTrend":"NO_CHANGE","loadLevelTrend":"NO_CHANGE","trainingStatusFeedbackPhrase":"MAINTAINING_AER_LOW_SHORT"},{"userProfilePK":76018113,"calendarDate":"2022-11-13","deviceId":3401978503,"timestamp":"2022-11-13T11:10:55.0","sport":"RUNNING","subSport":"GENERIC","weeklyTrainingLoadSum":989,"loadTunnelMin":559,"loadTunnelMax":1258,"trainingStatus":"MAINTAINING","fitnessLevelTrend":"NO_CHANGE","loadLevelTrend":"INCREASING","trainingStatusFeedbackPhrase":"MAINTAINING_AER_LOW_SHORT"},{"userProfilePK":76018113,"calendarDate":"2022-11-14","deviceId":3401978503,"timestamp":"2022-11-13T23:04:12.0","sport":"RUNNING","subSport":"GENERIC","weeklyTrainingLoadSum":989,"loadTunnelMin":559,"loadTunnelMax":1258,"trainingStatus":"MAINTAINING","fitnessLevelTrend":"NO_CHANGE","loadLevelTrend":"INCREASING","trainingStatusFeedbackPhrase":"MAINTAINING_AER_LOW_SHORT"},{"userProfilePK":76018113,"calendarDate":"2022-11-15","deviceId":3401978503,"timestamp":"2022-11-14T23:04:14.0","sport":"RUNNING","subSport":"GENERIC","weeklyTrainingLoadSum":815,"loadTunnelMin":559,"loadTunnelMax":1258,"trainingStatus":"MAINTAINING","fitnessLevelTrend":"NO_CHANGE","loadLevelTrend":"INCREASING","trainingStatusFeedbackPhrase":"MAINTAINING_AER_LOW_SHORT"},{"userProfilePK":76018113,"calendarDate":"2022-11-15","deviceId":3401978503,"timestamp":"2022-11-15T06:01:32.0","sport":"RUNNING","subSport":"GENERIC","weeklyTrainingLoadSum":935,"loadTunnelMin":559,"loadTunnelMax":1258,"trainingStatus":"MAINTAINING","fitnessLevelTrend":"NO_CHANGE","loadLevelTrend":"INCREASING","trainingStatusFeedbackPhrase":"MAINTAINING_AER_LOW_SHORT"},{"userProfilePK":76018113,"calendarDate":"2022-11-16","deviceId":3401978503,"timestamp":"2022-11-15T23:04:18.0","sport":"RUNNING","subSport":"GENERIC","weeklyTrainingLoadSum":737,"loadTunnelMin":559,"loadTunnelMax":1258,"trainingStatus":"MAINTAINING","fitnessLevelTrend":"NO_CHANGE","loadLevelTrend":"NO_CHANGE","trainingStatusFeedbackPhrase":"MAINTAINING_AER_LOW_SHORT"},{"userProfilePK":76018113,"calendarDate":"2022-11-16","deviceId":3401978503,"timestamp":"2022-11-16T07:10:20.0","sport":"RUNNING","subSport":"GENERIC","weeklyTrainingLoadSum":908,"loadTunnelMin":559,"loadTunnelMax":1258,"trainingStatus":"MAINTAINING","fitnessLevelTrend":"NO_CHANGE","loadLevelTrend":"INCREASING","trainingStatusFeedbackPhrase":"MAINTAINING_AER_LOW_SHORT"},{"userProfilePK":76018113,"calendarDate":"2022-11-17","deviceId":3401978503,"timestamp":"2022-11-16T23:04:20.0","sport":"RUNNING","subSport":"GENERIC","weeklyTrainingLoadSum":908,"loadTunnelMin":559,"loadTunnelMax":1258,"trainingStatus":"MAINTAINING","fitnessLevelTrend":"NO_CHANGE","loadLevelTrend":"INCREASING","trainingStatusFeedbackPhrase":"MAINTAINING_AER_LOW_SHORT"},{"userProfilePK":76018113,"calendarDate":"2022-11-18","deviceId":3401978503,"timestamp":"2022-11-17T23:04:24.0","sport":"RUNNING","subSport":"GENERIC","weeklyTrainingLoadSum":908,"loadTunnelMin":559,"loadTunnelMax":1258,"trainingStatus":"MAINTAINING","fitnessLevelTrend":"NO_CHANGE","loadLevelTrend":"INCREASING","trainingStatusFeedbackPhrase":"MAINTAINING_AER_LOW_SHORT"},{"userProfilePK":76018113,"calendarDate":"2022-11-19","deviceId":3401978503,"timestamp":"2022-11-18T23:04:28.0","sport":"RUNNING","subSport":"GENERIC","weeklyTrainingLoadSum":703,"loadTunnelMin":446,"loadTunnelMax":988,"trainingStatus":"MAINTAINING","fitnessLevelTrend":"NO_CHANGE","loadLevelTrend":"NO_CHANGE","trainingStatusFeedbackPhrase":"MAINTAINING_AER_LOW_SHORT"},{"userProfilePK":76018113,"calendarDate":"2022-11-19","deviceId":3401978503,"timestamp":"2022-11-19T08:36:57.0","sport":"RUNNING","subSport":"GENERIC","weeklyTrainingLoadSum":840,"loadTunnelMin":559,"loadTunnelMax":1258,"trainingStatus":"MAINTAINING","fitnessLevelTrend":"NO_CHANGE","loadLevelTrend":"INCREASING","trainingStatusFeedbackPhrase":"MAINTAINING_AER_LOW_SHORT"},{"userProfilePK":76018113,"calendarDate":"2022-11-19","deviceId":3401978503,"timestamp":"2022-11-19T09:59:41.0","sport":"RUNNING","subSport":"GENERIC","weeklyTrainingLoadSum":1057,"loadTunnelMin":559,"loadTunnelMax":1258,"trainingStatus":"PRODUCTIVE","fitnessLevelTrend":"NO_CHANGE","loadLevelTrend":"INCREASING","trainingStatusFeedbackPhrase":"PRODUCTIVE_AER_LOW_SHORT"},{"userProfilePK":76018113,"calendarDate":"2022-11-20","deviceId":3401978503,"timestamp":"2022-11-19T23:04:34.0","sport":"RUNNING","subSport":"GENERIC","weeklyTrainingLoadSum":645,"loadTunnelMin":559,"loadTunnelMax":1258,"trainingStatus":"RECOVERY","fitnessLevelTrend":"NO_CHANGE","loadLevelTrend":"DECREASING","trainingStatusFeedbackPhrase":"RECOVERY_AER_LOW_SHORT"},{"userProfilePK":76018113,"calendarDate":"2022-11-20","deviceId":3401978503,"timestamp":"2022-11-20T12:56:56.0","sport":"RUNNING","subSport":"GENERIC","weeklyTrainingLoadSum":922,"loadTunnelMin":559,"loadTunnelMax":1258,"trainingStatus":"MAINTAINING","fitnessLevelTrend":"NO_CHANGE","loadLevelTrend":"NO_CHANGE","trainingStatusFeedbackPhrase":"MAINTAINING_AER_LOW_SHORT"},{"userProfilePK":76018113,"calendarDate":"2022-11-21","deviceId":3401978503,"timestamp":"2022-11-20T23:04:38.0","sport":"RUNNING","subSport":"GENERIC","weeklyTrainingLoadSum":922,"loadTunnelMin":559,"loadTunnelMax":1258,"trainingStatus":"MAINTAINING","fitnessLevelTrend":"NO_CHANGE","loadLevelTrend":"NO_CHANGE","trainingStatusFeedbackPhrase":"MAINTAINING_AER_LOW_SHORT"},{"userProfilePK":76018113,"calendarDate":"2022-11-22","deviceId":3401978503,"timestamp":"2022-11-21T23:04:41.0","sport":"RUNNING","subSport":"GENERIC","weeklyTrainingLoadSum":802,"loadTunnelMin":559,"loadTunnelMax":1258,"trainingStatus":"MAINTAINING","fitnessLevelTrend":"NO_CHANGE","loadLevelTrend":"NO_CHANGE","trainingStatusFeedbackPhrase":"MAINTAINING_AER_LOW_SHORT"},{"userProfilePK":76018113,"calendarDate":"2022-11-22","deviceId":3401978503,"timestamp":"2022-11-22T07:00:22.0","sport":"RUNNING","subSport":"GENERIC","weeklyTrainingLoadSum":912,"loadTunnelMin":559,"loadTunnelMax":1258,"trainingStatus":"MAINTAINING","fitnessLevelTrend":"NO_CHANGE","loadLevelTrend":"NO_CHANGE","trainingStatusFeedbackPhrase":"MAINTAINING_AER_LOW_SHORT"},{"userProfilePK":76018113,"calendarDate":"2022-11-23","deviceId":3401978503,"timestamp":"2022-11-22T23:04:43.0","sport":"RUNNING","subSport":"GENERIC","weeklyTrainingLoadSum":741,"loadTunnelMin":559,"loadTunnelMax":1258,"trainingStatus":"MAINTAINING","fitnessLevelTrend":"NO_CHANGE","loadLevelTrend":"NO_CHANGE","trainingStatusFeedbackPhrase":"MAINTAINING_AER_LOW_SHORT"},{"userProfilePK":76018113,"calendarDate":"2022-11-23","deviceId":3401978503,"timestamp":"2022-11-23T06:30:54.0","sport":"RUNNING","subSport":"GENERIC","weeklyTrainingLoadSum":912,"loadTunnelMin":722,"loadTunnelMax":1540,"trainingStatus":"MAINTAINING","fitnessLevelTrend":"NO_CHANGE","loadLevelTrend":"NO_CHANGE","trainingStatusFeedbackPhrase":"MAINTAINING_AER_LOW_SHORT"},{"userProfilePK":76018113,"calendarDate":"2022-11-24","deviceId":3401978503,"timestamp":"2022-11-23T23:04:46.0","sport":"RUNNING","subSport":"GENERIC","weeklyTrainingLoadSum":912,"loadTunnelMin":722,"loadTunnelMax":1540,"trainingStatus":"MAINTAINING","fitnessLevelTrend":"NO_CHANGE","loadLevelTrend":"NO_CHANGE","trainingStatusFeedbackPhrase":"MAINTAINING_AER_LOW_SHORT"},{"userProfilePK":76018113,"calendarDate":"2022-11-25","deviceId":3401978503,"timestamp":"2022-11-24T23:04:50.0","sport":"RUNNING","subSport":"GENERIC","weeklyTrainingLoadSum":912,"loadTunnelMin":559,"loadTunnelMax":1258,"trainingStatus":"MAINTAINING","fitnessLevelTrend":"NO_CHANGE","loadLevelTrend":"NO_CHANGE","trainingStatusFeedbackPhrase":"MAINTAINING_AER_LOW_SHORT"},{"userProfilePK":76018113,"calendarDate":"2022-11-26","deviceId":3401978503,"timestamp":"2022-11-25T23:04:52.0","sport":"RUNNING","subSport":"GENERIC","weeklyTrainingLoadSum":558,"loadTunnelMin":559,"loadTunnelMax":1258,"trainingStatus":"RECOVERY","fitnessLevelTrend":"NO_CHANGE","loadLevelTrend":"DECREASING","trainingStatusFeedbackPhrase":"RECOVERY_AER_LOW_SHORT"},{"userProfilePK":76018113,"calendarDate":"2022-11-26","deviceId":3401978503,"timestamp":"2022-11-26T09:56:03.0","sport":"RUNNING","subSport":"GENERIC","weeklyTrainingLoadSum":868,"loadTunnelMin":722,"loadTunnelMax":1540,"trainingStatus":"MAINTAINING","fitnessLevelTrend":"NO_CHANGE","loadLevelTrend":"NO_CHANGE","trainingStatusFeedbackPhrase":"MAINTAINING_AER_LOW_SHORT"},{"userProfilePK":76018113,"calendarDate":"2022-11-27","deviceId":3401978503,"timestamp":"2022-11-26T23:04:58.0","sport":"RUNNING","subSport":"GENERIC","weeklyTrainingLoadSum":591,"loadTunnelMin":559,"loadTunnelMax":1258,"trainingStatus":"RECOVERY","fitnessLevelTrend":"NO_CHANGE","loadLevelTrend":"DECREASING","trainingStatusFeedbackPhrase":"RECOVERY_AER_LOW_SHORT"},{"userProfilePK":76018113,"calendarDate":"2022-11-27","deviceId":3401978503,"timestamp":"2022-11-27T10:15:22.0","sport":"RUNNING","subSport":"GENERIC","weeklyTrainingLoadSum":591,"loadTunnelMin":559,"loadTunnelMax":1258,"trainingStatus":"RECOVERY","fitnessLevelTrend":"NO_CHANGE","loadLevelTrend":"DECREASING","trainingStatusFeedbackPhrase":"RECOVERY_AER_LOW_SHORT"},{"userProfilePK":76018113,"calendarDate":"2022-11-28","deviceId":3401978503,"timestamp":"2022-11-27T23:05:01.0","sport":"RUNNING","subSport":"GENERIC","weeklyTrainingLoadSum":591,"loadTunnelMin":559,"loadTunnelMax":1258,"trainingStatus":"RECOVERY","fitnessLevelTrend":"NO_CHANGE","loadLevelTrend":"DECREASING","trainingStatusFeedbackPhrase":"RECOVERY_AER_LOW_SHORT"},{"userProfilePK":76018113,"calendarDate":"2022-11-29","deviceId":3401978503,"timestamp":"2022-11-28T23:05:01.0","sport":"RUNNING","subSport":"GENERIC","weeklyTrainingLoadSum":481,"loadTunnelMin":559,"loadTunnelMax":1258,"trainingStatus":"RECOVERY","fitnessLevelTrend":"NO_CHANGE","loadLevelTrend":"DECREASING","trainingStatusFeedbackPhrase":"RECOVERY_AER_LOW_SHORT"},{"userProfilePK":76018113,"calendarDate":"2022-11-30","deviceId":3401978503,"timestamp":"2022-11-29T23:05:02.0","sport":"RUNNING","subSport":"GENERIC","weeklyTrainingLoadSum":310,"loadTunnelMin":559,"loadTunnelMax":1258,"trainingStatus":"RECOVERY","fitnessLevelTrend":"NO_CHANGE","loadLevelTrend":"DECREASING","trainingStatusFeedbackPhrase":"RECOVERY_AER_LOW_SHORT"},{"userProfilePK":76018113,"calendarDate":"2022-12-01","deviceId":3401978503,"timestamp":"2022-11-30T23:05:03.0","sport":"RUNNING","subSport":"GENERIC","weeklyTrainingLoadSum":310,"loadTunnelMin":559,"loadTunnelMax":1258,"trainingStatus":"RECOVERY","fitnessLevelTrend":"NO_CHANGE","loadLevelTrend":"DECREASING","trainingStatusFeedbackPhrase":"RECOVERY_AER_LOW_SHORT"},{"userProfilePK":76018113,"calendarDate":"2022-12-01","deviceId":3401978503,"timestamp":"2022-12-01T06:18:06.0","sport":"RUNNING","subSport":"GENERIC","weeklyTrainingLoadSum":351,"loadTunnelMin":559,"loadTunnelMax":1258,"trainingStatus":"RECOVERY","fitnessLevelTrend":"NO_CHANGE","loadLevelTrend":"DECREASING","trainingStatusFeedbackPhrase":"RECOVERY_AER_LOW_SHORT"},{"userProfilePK":76018113,"calendarDate":"2022-12-02","deviceId":3401978503,"timestamp":"2022-12-01T23:05:07.0","sport":"RUNNING","subSport":"GENERIC","weeklyTrainingLoadSum":351,"loadTunnelMin":559,"loadTunnelMax":1258,"trainingStatus":"RECOVERY","fitnessLevelTrend":"NO_CHANGE","loadLevelTrend":"DECREASING","trainingStatusFeedbackPhrase":"RECOVERY_AER_LOW_SHORT"},{"userProfilePK":76018113,"calendarDate":"2022-12-03","deviceId":3401978503,"timestamp":"2022-12-02T23:05:36.0","sport":"RUNNING","subSport":"GENERIC","weeklyTrainingLoadSum":41,"loadTunnelMin":446,"loadTunnelMax":988,"trainingStatus":"RECOVERY","fitnessLevelTrend":"NO_CHANGE","loadLevelTrend":"DECREASING","trainingStatusFeedbackPhrase":"RECOVERY_AER_LOW_SHORT"},{"userProfilePK":76018113,"calendarDate":"2022-12-04","deviceId":3401978503,"timestamp":"2022-12-03T23:05:40.0","sport":"RUNNING","subSport":"GENERIC","weeklyTrainingLoadSum":41,"loadTunnelMin":446,"loadTunnelMax":988,"trainingStatus":"RECOVERY","fitnessLevelTrend":"NO_CHANGE","loadLevelTrend":"DECREASING","trainingStatusFeedbackPhrase":"RECOVERY_AER_LOW_SHORT"},{"userProfilePK":76018113,"calendarDate":"2022-12-04","deviceId":3401978503,"timestamp":"2022-12-04T11:38:09.0","sport":"RUNNING","subSport":"GENERIC","weeklyTrainingLoadSum":610,"loadTunnelMin":559,"loadTunnelMax":1258,"trainingStatus":"MAINTAINING","fitnessLevelTrend":"NO_CHANGE","loadLevelTrend":"DECREASING","trainingStatusFeedbackPhrase":"MAINTAINING_AER_LOW_SHORT"},{"userProfilePK":76018113,"calendarDate":"2022-12-05","deviceId":3401978503,"timestamp":"2022-12-04T23:05:44.0","sport":"RUNNING","subSport":"GENERIC","weeklyTrainingLoadSum":610,"loadTunnelMin":559,"loadTunnelMax":1258,"trainingStatus":"MAINTAINING","fitnessLevelTrend":"NO_CHANGE","loadLevelTrend":"DECREASING","trainingStatusFeedbackPhrase":"MAINTAINING_AER_LOW_SHORT"},{"userProfilePK":76018113,"calendarDate":"2022-12-06","deviceId":3401978503,"timestamp":"2022-12-05T23:05:47.0","sport":"RUNNING","subSport":"GENERIC","weeklyTrainingLoadSum":610,"loadTunnelMin":559,"loadTunnelMax":1258,"trainingStatus":"MAINTAINING","fitnessLevelTrend":"NO_CHANGE","loadLevelTrend":"DECREASING","trainingStatusFeedbackPhrase":"MAINTAINING_AER_LOW_SHORT"},{"userProfilePK":76018113,"calendarDate":"2022-12-07","deviceId":3401978503,"timestamp":"2022-12-06T23:05:52.0","sport":"RUNNING","subSport":"GENERIC","weeklyTrainingLoadSum":610,"loadTunnelMin":446,"loadTunnelMax":988,"trainingStatus":"MAINTAINING","fitnessLevelTrend":"NO_CHANGE","loadLevelTrend":"NO_CHANGE","trainingStatusFeedbackPhrase":"MAINTAINING_AER_LOW_SHORT"},{"userProfilePK":76018113,"calendarDate":"2022-12-08","deviceId":3401978503,"timestamp":"2022-12-07T23:05:56.0","sport":"RUNNING","subSport":"GENERIC","weeklyTrainingLoadSum":569,"loadTunnelMin":446,"loadTunnelMax":988,"trainingStatus":"RECOVERY","fitnessLevelTrend":"NO_CHANGE","loadLevelTrend":"DECREASING","trainingStatusFeedbackPhrase":"RECOVERY_AER_LOW_SHORT"},{"userProfilePK":76018113,"calendarDate":"2022-12-09","deviceId":3401978503,"timestamp":"2022-12-08T23:01:00.0","sport":"RUNNING","subSport":"GENERIC","weeklyTrainingLoadSum":569,"loadTunnelMin":446,"loadTunnelMax":988,"trainingStatus":"RECOVERY","fitnessLevelTrend":"NO_CHANGE","loadLevelTrend":"DECREASING","trainingStatusFeedbackPhrase":"RECOVERY_AER_LOW_SHORT"},{"userProfilePK":76018113,"calendarDate":"2022-12-10","deviceId":3401978503,"timestamp":"2022-12-09T23:01:03.0","sport":"RUNNING","subSport":"GENERIC","weeklyTrainingLoadSum":569,"loadTunnelMin":446,"loadTunnelMax":988,"trainingStatus":"RECOVERY","fitnessLevelTrend":"NO_CHANGE","loadLevelTrend":"NO_CHANGE","trainingStatusFeedbackPhrase":"RECOVERY_AER_LOW_SHORT"},{"userProfilePK":76018113,"calendarDate":"2022-12-11","deviceId":3401978503,"timestamp":"2022-12-10T23:01:07.0","sport":"RUNNING","subSport":"GENERIC","weeklyTrainingLoadSum":0,"loadTunnelMin":360,"loadTunnelMax":794,"trainingStatus":"DETRAINING","fitnessLevelTrend":"NO_CHANGE","loadLevelTrend":"DECREASING","trainingStatusFeedbackPhrase":"DETRAINING_AER_LOW_SHORT"},{"userProfilePK":76018113,"calendarDate":"2022-12-11","deviceId":3401978503,"timestamp":"2022-12-11T11:40:35.0","sport":"RUNNING","subSport":"GENERIC","weeklyTrainingLoadSum":161,"loadTunnelMin":446,"loadTunnelMax":988,"trainingStatus":"RECOVERY","fitnessLevelTrend":"NO_CHANGE","loadLevelTrend":"DECREASING","trainingStatusFeedbackPhrase":"RECOVERY_AER_LOW_SHORT"},{"userProfilePK":76018113,"calendarDate":"2022-12-12","deviceId":3401978503,"timestamp":"2022-12-11T23:01:13.0","sport":"RUNNING","subSport":"GENERIC","weeklyTrainingLoadSum":161,"loadTunnelMin":446,"loadTunnelMax":988,"trainingStatus":"RECOVERY","fitnessLevelTrend":"NO_CHANGE","loadLevelTrend":"DECREASING","trainingStatusFeedbackPhrase":"RECOVERY_AER_LOW_SHORT"},{"userProfilePK":76018113,"calendarDate":"2022-12-13","deviceId":3401978503,"timestamp":"2022-12-12T23:01:17.0","sport":"RUNNING","subSport":"GENERIC","weeklyTrainingLoadSum":161,"loadTunnelMin":360,"loadTunnelMax":794,"trainingStatus":"RECOVERY","fitnessLevelTrend":"NO_CHANGE","loadLevelTrend":"DECREASING","trainingStatusFeedbackPhrase":"RECOVERY_AER_LOW_SHORT"},{"userProfilePK":76018113,"calendarDate":"2022-12-14","deviceId":3401978503,"timestamp":"2022-12-13T23:01:19.0","sport":"RUNNING","subSport":"GENERIC","weeklyTrainingLoadSum":161,"loadTunnelMin":360,"loadTunnelMax":794,"trainingStatus":"RECOVERY","fitnessLevelTrend":"NO_CHANGE","loadLevelTrend":"DECREASING","trainingStatusFeedbackPhrase":"RECOVERY_AER_LOW_SHORT"},{"userProfilePK":76018113,"calendarDate":"2022-12-14","deviceId":3401978503,"timestamp":"2022-12-13T23:59:59.0","sport":"RUNNING","subSport":"GENERIC","weeklyTrainingLoadSum":161,"loadTunnelMin":360,"loadTunnelMax":794,"trainingStatus":"RECOVERY","fitnessLevelTrend":"NO_CHANGE","loadLevelTrend":"DECREASING","trainingStatusFeedbackPhrase":"RECOVERY_AER_LOW_SHORT"},{"userProfilePK":76018113,"calendarDate":"2022-12-15","deviceId":3401978503,"timestamp":"2022-12-14T23:59:59.0","sport":"RUNNING","subSport":"GENERIC","weeklyTrainingLoadSum":161,"loadTunnelMin":360,"loadTunnelMax":794,"trainingStatus":"RECOVERY","fitnessLevelTrend":"NO_CHANGE","loadLevelTrend":"DECREASING","trainingStatusFeedbackPhrase":"RECOVERY_AER_LOW_SHORT"},{"userProfilePK":76018113,"calendarDate":"2022-12-16","deviceId":3401978503,"timestamp":"2022-12-15T23:59:59.0","sport":"RUNNING","subSport":"GENERIC","weeklyTrainingLoadSum":161,"loadTunnelMin":360,"loadTunnelMax":794,"trainingStatus":"RECOVERY","fitnessLevelTrend":"NO_CHANGE","loadLevelTrend":"DECREASING","trainingStatusFeedbackPhrase":"RECOVERY_AER_LOW_SHORT"},{"userProfilePK":76018113,"calendarDate":"2022-12-16","deviceId":3401978503,"timestamp":"2022-12-16T20:08:49.0","sport":"RUNNING","subSport":"GENERIC","weeklyTrainingLoadSum":161,"loadTunnelMin":360,"loadTunnelMax":794,"trainingStatus":"RECOVERY","fitnessLevelTrend":"NO_CHANGE","loadLevelTrend":"DECREASING","trainingStatusFeedbackPhrase":"RECOVERY_AER_LOW_SHORT"},{"userProfilePK":76018113,"calendarDate":"2022-12-17","deviceId":3401978503,"timestamp":"2022-12-16T23:04:51.0","sport":"RUNNING","subSport":"GENERIC","weeklyTrainingLoadSum":161,"loadTunnelMin":281,"loadTunnelMax":640,"trainingStatus":"RECOVERY","fitnessLevelTrend":"NO_CHANGE","loadLevelTrend":"DECREASING","trainingStatusFeedbackPhrase":"RECOVERY_AER_LOW_SHORT"},{"userProfilePK":76018113,"calendarDate":"2022-12-18","deviceId":3401978503,"timestamp":"2022-12-17T23:04:52.0","sport":"RUNNING","subSport":"GENERIC","weeklyTrainingLoadSum":0,"loadTunnelMin":281,"loadTunnelMax":640,"trainingStatus":"DETRAINING","fitnessLevelTrend":"NO_CHANGE","loadLevelTrend":"DECREASING","trainingStatusFeedbackPhrase":"DETRAINING_AER_LOW_SHORT"},{"userProfilePK":76018113,"calendarDate":"2022-12-18","deviceId":3401978503,"timestamp":"2022-12-18T08:49:02.0","sport":"RUNNING","subSport":"GENERIC","weeklyTrainingLoadSum":342,"loadTunnelMin":281,"loadTunnelMax":640,"trainingStatus":"MAINTAINING","fitnessLevelTrend":"NO_CHANGE","loadLevelTrend":"DECREASING","trainingStatusFeedbackPhrase":"MAINTAINING_AER_LOW_SHORT"},{"userProfilePK":76018113,"calendarDate":"2022-12-19","deviceId":3401978503,"timestamp":"2022-12-18T23:04:59.0","sport":"RUNNING","subSport":"GENERIC","weeklyTrainingLoadSum":342,"loadTunnelMin":281,"loadTunnelMax":640,"trainingStatus":"RECOVERY","fitnessLevelTrend":"NO_CHANGE","loadLevelTrend":"DECREASING","trainingStatusFeedbackPhrase":"RECOVERY_AER_LOW_SHORT"},{"userProfilePK":76018113,"calendarDate":"2022-12-20","deviceId":3401978503,"timestamp":"2022-12-19T23:05:01.0","sport":"RUNNING","subSport":"GENERIC","weeklyTrainingLoadSum":342,"loadTunnelMin":281,"loadTunnelMax":640,"trainingStatus":"RECOVERY","fitnessLevelTrend":"NO_CHANGE","loadLevelTrend":"NO_CHANGE","trainingStatusFeedbackPhrase":"RECOVERY_AER_LOW_SHORT"},{"userProfilePK":76018113,"calendarDate":"2022-12-21","deviceId":3401978503,"timestamp":"2022-12-20T23:05:01.0","sport":"RUNNING","subSport":"GENERIC","weeklyTrainingLoadSum":342,"loadTunnelMin":281,"loadTunnelMax":640,"trainingStatus":"RECOVERY","fitnessLevelTrend":"NO_CHANGE","loadLevelTrend":"NO_CHANGE","trainingStatusFeedbackPhrase":"RECOVERY_AER_LOW_SHORT"},{"userProfilePK":76018113,"calendarDate":"2022-12-21","deviceId":3401978503,"timestamp":"2022-12-21T06:44:40.0","sport":"RUNNING","subSport":"GENERIC","weeklyTrainingLoadSum":566,"loadTunnelMin":281,"loadTunnelMax":640,"trainingStatus":"PRODUCTIVE","fitnessLevelTrend":"NO_CHANGE","loadLevelTrend":"INCREASING","trainingStatusFeedbackPhrase":"PRODUCTIVE_AER_LOW_SHORT"},{"userProfilePK":76018113,"calendarDate":"2022-12-22","deviceId":3401978503,"timestamp":"2022-12-21T23:05:06.0","sport":"RUNNING","subSport":"GENERIC","weeklyTrainingLoadSum":566,"loadTunnelMin":281,"loadTunnelMax":640,"trainingStatus":"PRODUCTIVE","fitnessLevelTrend":"NO_CHANGE","loadLevelTrend":"INCREASING","trainingStatusFeedbackPhrase":"PRODUCTIVE_AER_LOW_SHORT"},{"userProfilePK":76018113,"calendarDate":"2022-12-23","deviceId":3401978503,"timestamp":"2022-12-22T23:05:10.0","sport":"RUNNING","subSport":"GENERIC","weeklyTrainingLoadSum":566,"loadTunnelMin":281,"loadTunnelMax":640,"trainingStatus":"PRODUCTIVE","fitnessLevelTrend":"NO_CHANGE","loadLevelTrend":"INCREASING","trainingStatusFeedbackPhrase":"PRODUCTIVE_AER_LOW_SHORT"},{"userProfilePK":76018113,"calendarDate":"2022-12-23","deviceId":3401978503,"timestamp":"2022-12-23T10:12:08.0","sport":"RUNNING","subSport":"GENERIC","weeklyTrainingLoadSum":770,"loadTunnelMin":360,"loadTunnelMax":794,"trainingStatus":"PRODUCTIVE","fitnessLevelTrend":"NO_CHANGE","loadLevelTrend":"INCREASING","trainingStatusFeedbackPhrase":"PRODUCTIVE_AER_LOW_SHORT"},{"userProfilePK":76018113,"calendarDate":"2022-12-24","deviceId":3401978503,"timestamp":"2022-12-23T23:05:13.0","sport":"RUNNING","subSport":"GENERIC","weeklyTrainingLoadSum":770,"loadTunnelMin":281,"loadTunnelMax":640,"trainingStatus":"PRODUCTIVE","fitnessLevelTrend":"NO_CHANGE","loadLevelTrend":"INCREASING","trainingStatusFeedbackPhrase":"PRODUCTIVE_AER_LOW_SHORT"},{"userProfilePK":76018113,"calendarDate":"2022-12-24","deviceId":3401978503,"timestamp":"2022-12-24T17:10:50.0","sport":"RUNNING","subSport":"GENERIC","weeklyTrainingLoadSum":993,"loadTunnelMin":360,"loadTunnelMax":794,"trainingStatus":"PRODUCTIVE","fitnessLevelTrend":"NO_CHANGE","loadLevelTrend":"INCREASING","trainingStatusFeedbackPhrase":"PRODUCTIVE_AER_LOW_SHORT"},{"userProfilePK":76018113,"calendarDate":"2022-12-25","deviceId":3401978503,"timestamp":"2022-12-24T23:05:18.0","sport":"RUNNING","subSport":"GENERIC","weeklyTrainingLoadSum":651,"loadTunnelMin":360,"loadTunnelMax":794,"trainingStatus":"PRODUCTIVE","fitnessLevelTrend":"NO_CHANGE","loadLevelTrend":"INCREASING","trainingStatusFeedbackPhrase":"PRODUCTIVE_AER_LOW_SHORT"},{"userProfilePK":76018113,"calendarDate":"2022-12-26","deviceId":3401978503,"timestamp":"2022-12-25T23:05:21.0","sport":"RUNNING","subSport":"GENERIC","weeklyTrainingLoadSum":651,"loadTunnelMin":360,"loadTunnelMax":794,"trainingStatus":"PRODUCTIVE","fitnessLevelTrend":"NO_CHANGE","loadLevelTrend":"INCREASING","trainingStatusFeedbackPhrase":"PRODUCTIVE_AER_LOW_SHORT"},{"userProfilePK":76018113,"calendarDate":"2022-12-26","deviceId":3401978503,"timestamp":"2022-12-26T16:55:45.0","sport":"RUNNING","subSport":"GENERIC","weeklyTrainingLoadSum":835,"loadTunnelMin":360,"loadTunnelMax":794,"trainingStatus":"PRODUCTIVE","fitnessLevelTrend":"NO_CHANGE","loadLevelTrend":"INCREASING","trainingStatusFeedbackPhrase":"PRODUCTIVE_AER_LOW_SHORT"},{"userProfilePK":76018113,"calendarDate":"2022-12-27","deviceId":3401978503,"timestamp":"2022-12-26T23:05:25.0","sport":"RUNNING","subSport":"GENERIC","weeklyTrainingLoadSum":835,"loadTunnelMin":360,"loadTunnelMax":794,"trainingStatus":"PRODUCTIVE","fitnessLevelTrend":"NO_CHANGE","loadLevelTrend":"INCREASING","trainingStatusFeedbackPhrase":"PRODUCTIVE_AER_LOW_SHORT"},{"userProfilePK":76018113,"calendarDate":"2022-12-27","deviceId":3401978503,"timestamp":"2022-12-27T12:59:35.0","sport":"RUNNING","subSport":"GENERIC","weeklyTrainingLoadSum":1117,"loadTunnelMin":446,"loadTunnelMax":988,"trainingStatus":"PRODUCTIVE","fitnessLevelTrend":"NO_CHANGE","loadLevelTrend":"INCREASING","trainingStatusFeedbackPhrase":"PRODUCTIVE_AER_LOW_SHORT"},{"userProfilePK":76018113,"calendarDate":"2022-12-28","deviceId":3401978503,"timestamp":"2022-12-27T23:05:29.0","sport":"RUNNING","subSport":"GENERIC","weeklyTrainingLoadSum":893,"loadTunnelMin":446,"loadTunnelMax":988,"trainingStatus":"PRODUCTIVE","fitnessLevelTrend":"NO_CHANGE","loadLevelTrend":"INCREASING","trainingStatusFeedbackPhrase":"PRODUCTIVE_AER_LOW_SHORT"},{"userProfilePK":76018113,"calendarDate":"2022-12-29","deviceId":3401978503,"timestamp":"2022-12-28T23:05:31.0","sport":"RUNNING","subSport":"GENERIC","weeklyTrainingLoadSum":893,"loadTunnelMin":446,"loadTunnelMax":988,"trainingStatus":"PRODUCTIVE","fitnessLevelTrend":"NO_CHANGE","loadLevelTrend":"INCREASING","trainingStatusFeedbackPhrase":"PRODUCTIVE_AER_LOW_SHORT"},{"userProfilePK":76018113,"calendarDate":"2022-12-29","deviceId":3401978503,"timestamp":"2022-12-29T09:01:14.0","sport":"RUNNING","subSport":"GENERIC","weeklyTrainingLoadSum":1024,"loadTunnelMin":446,"loadTunnelMax":988,"trainingStatus":"PRODUCTIVE","fitnessLevelTrend":"NO_CHANGE","loadLevelTrend":"INCREASING","trainingStatusFeedbackPhrase":"PRODUCTIVE_AER_LOW_SHORT"},{"userProfilePK":76018113,"calendarDate":"2022-12-30","deviceId":3401978503,"timestamp":"2022-12-29T23:05:37.0","sport":"RUNNING","subSport":"GENERIC","weeklyTrainingLoadSum":820,"loadTunnelMin":446,"loadTunnelMax":988,"trainingStatus":"PRODUCTIVE","fitnessLevelTrend":"NO_CHANGE","loadLevelTrend":"INCREASING","trainingStatusFeedbackPhrase":"PRODUCTIVE_AER_LOW_SHORT"},{"userProfilePK":76018113,"calendarDate":"2022-12-30","deviceId":3401978503,"timestamp":"2022-12-30T11:34:13.0","sport":"RUNNING","subSport":"GENERIC","weeklyTrainingLoadSum":968,"loadTunnelMin":446,"loadTunnelMax":988,"trainingStatus":"PRODUCTIVE","fitnessLevelTrend":"NO_CHANGE","loadLevelTrend":"INCREASING","trainingStatusFeedbackPhrase":"PRODUCTIVE_AER_LOW_SHORT"},{"userProfilePK":76018113,"calendarDate":"2022-12-31","deviceId":3401978503,"timestamp":"2022-12-30T23:05:41.0","sport":"RUNNING","subSport":"GENERIC","weeklyTrainingLoadSum":745,"loadTunnelMin":446,"loadTunnelMax":988,"trainingStatus":"PRODUCTIVE","fitnessLevelTrend":"NO_CHANGE","loadLevelTrend":"INCREASING","trainingStatusFeedbackPhrase":"PRODUCTIVE_AER_LOW_SHORT"},{"userProfilePK":76018113,"calendarDate":"2022-12-31","deviceId":3401978503,"timestamp":"2022-12-31T17:06:24.0","sport":"RUNNING","subSport":"GENERIC","weeklyTrainingLoadSum":945,"loadTunnelMin":446,"loadTunnelMax":988,"trainingStatus":"PRODUCTIVE","fitnessLevelTrend":"NO_CHANGE","loadLevelTrend":"INCREASING","trainingStatusFeedbackPhrase":"PRODUCTIVE_AER_LOW_SHORT"},{"userProfilePK":76018113,"calendarDate":"2023-01-01","deviceId":3401978503,"timestamp":"2022-12-31T23:05:45.0","sport":"RUNNING","subSport":"GENERIC","weeklyTrainingLoadSum":945,"loadTunnelMin":360,"loadTunnelMax":794,"trainingStatus":"PRODUCTIVE","fitnessLevelTrend":"NO_CHANGE","loadLevelTrend":"INCREASING","trainingStatusFeedbackPhrase":"PRODUCTIVE_AER_LOW_SHORT"},{"userProfilePK":76018113,"calendarDate":"2023-01-02","deviceId":3401978503,"timestamp":"2023-01-01T23:05:50.0","sport":"RUNNING","subSport":"GENERIC","weeklyTrainingLoadSum":761,"loadTunnelMin":360,"loadTunnelMax":794,"trainingStatus":"PRODUCTIVE","fitnessLevelTrend":"NO_CHANGE","loadLevelTrend":"INCREASING","trainingStatusFeedbackPhrase":"PRODUCTIVE_AER_LOW_SHORT"},{"userProfilePK":76018113,"calendarDate":"2023-01-02","deviceId":3401978503,"timestamp":"2023-01-02T08:48:12.0","sport":"RUNNING","subSport":"GENERIC","weeklyTrainingLoadSum":1001,"loadTunnelMin":446,"loadTunnelMax":988,"trainingStatus":"PRODUCTIVE","fitnessLevelTrend":"NO_CHANGE","loadLevelTrend":"INCREASING","trainingStatusFeedbackPhrase":"PRODUCTIVE_AER_LOW_SHORT"},{"userProfilePK":76018113,"calendarDate":"2023-01-03","deviceId":3401978503,"timestamp":"2023-01-02T23:05:54.0","sport":"RUNNING","subSport":"GENERIC","weeklyTrainingLoadSum":719,"loadTunnelMin":446,"loadTunnelMax":988,"trainingStatus":"PRODUCTIVE","fitnessLevelTrend":"NO_CHANGE","loadLevelTrend":"INCREASING","trainingStatusFeedbackPhrase":"PRODUCTIVE_AER_LOW_SHORT"},{"userProfilePK":76018113,"calendarDate":"2023-01-03","deviceId":3401978503,"timestamp":"2023-01-03T08:15:49.0","sport":"RUNNING","subSport":"GENERIC","weeklyTrainingLoadSum":803,"loadTunnelMin":446,"loadTunnelMax":988,"trainingStatus":"MAINTAINING","fitnessLevelTrend":"NO_CHANGE","loadLevelTrend":"INCREASING","trainingStatusFeedbackPhrase":"MAINTAINING_AER_LOW_SHORT"},{"userProfilePK":76018113,"calendarDate":"2023-01-04","deviceId":3401978503,"timestamp":"2023-01-03T23:05:58.0","sport":"RUNNING","subSport":"GENERIC","weeklyTrainingLoadSum":803,"loadTunnelMin":446,"loadTunnelMax":988,"trainingStatus":"MAINTAINING","fitnessLevelTrend":"NO_CHANGE","loadLevelTrend":"INCREASING","trainingStatusFeedbackPhrase":"MAINTAINING_AER_LOW_SHORT"},{"userProfilePK":76018113,"calendarDate":"2023-01-05","deviceId":3401978503,"timestamp":"2023-01-04T23:01:00.0","sport":"RUNNING","subSport":"GENERIC","weeklyTrainingLoadSum":672,"loadTunnelMin":446,"loadTunnelMax":988,"trainingStatus":"MAINTAINING","fitnessLevelTrend":"NO_CHANGE","loadLevelTrend":"NO_CHANGE","trainingStatusFeedbackPhrase":"MAINTAINING_AER_LOW_SHORT"},{"userProfilePK":76018113,"calendarDate":"2023-01-05","deviceId":3401978503,"timestamp":"2023-01-05T08:16:39.0","sport":"RUNNING","subSport":"GENERIC","weeklyTrainingLoadSum":879,"loadTunnelMin":446,"loadTunnelMax":988,"trainingStatus":"PRODUCTIVE","fitnessLevelTrend":"NO_CHANGE","loadLevelTrend":"INCREASING","trainingStatusFeedbackPhrase":"PRODUCTIVE_AER_LOW_SHORT"},{"userProfilePK":76018113,"calendarDate":"2023-01-06","deviceId":3401978503,"timestamp":"2023-01-05T23:01:04.0","sport":"RUNNING","subSport":"GENERIC","weeklyTrainingLoadSum":731,"loadTunnelMin":446,"loadTunnelMax":988,"trainingStatus":"PRODUCTIVE","fitnessLevelTrend":"NO_CHANGE","loadLevelTrend":"NO_CHANGE","trainingStatusFeedbackPhrase":"PRODUCTIVE_AER_LOW_SHORT"},{"userProfilePK":76018113,"calendarDate":"2023-01-06","deviceId":3401978503,"timestamp":"2023-01-06T08:48:32.0","sport":"RUNNING","subSport":"GENERIC","weeklyTrainingLoadSum":933,"loadTunnelMin":559,"loadTunnelMax":1258,"trainingStatus":"MAINTAINING","fitnessLevelTrend":"NO_CHANGE","loadLevelTrend":"INCREASING","trainingStatusFeedbackPhrase":"MAINTAINING_AER_LOW_SHORT"},{"userProfilePK":76018113,"calendarDate":"2023-01-07","deviceId":3401978503,"timestamp":"2023-01-06T23:01:08.0","sport":"RUNNING","subSport":"GENERIC","weeklyTrainingLoadSum":733,"loadTunnelMin":559,"loadTunnelMax":1258,"trainingStatus":"MAINTAINING","fitnessLevelTrend":"NO_CHANGE","loadLevelTrend":"NO_CHANGE","trainingStatusFeedbackPhrase":"MAINTAINING_AER_LOW_SHORT"},{"userProfilePK":76018113,"calendarDate":"2023-01-08","deviceId":3401978503,"timestamp":"2023-01-07T23:01:11.0","sport":"RUNNING","subSport":"GENERIC","weeklyTrainingLoadSum":733,"loadTunnelMin":446,"loadTunnelMax":988,"trainingStatus":"MAINTAINING","fitnessLevelTrend":"NO_CHANGE","loadLevelTrend":"NO_CHANGE","trainingStatusFeedbackPhrase":"MAINTAINING_AER_LOW_SHORT"},{"userProfilePK":76018113,"calendarDate":"2023-01-09","deviceId":3401978503,"timestamp":"2023-01-08T23:01:15.0","sport":"RUNNING","subSport":"GENERIC","weeklyTrainingLoadSum":493,"loadTunnelMin":446,"loadTunnelMax":988,"trainingStatus":"RECOVERY","fitnessLevelTrend":"NO_CHANGE","loadLevelTrend":"DECREASING","trainingStatusFeedbackPhrase":"RECOVERY_AER_LOW_SHORT"},{"userProfilePK":76018113,"calendarDate":"2023-01-10","deviceId":3401978503,"timestamp":"2023-01-09T23:01:19.0","sport":"RUNNING","subSport":"GENERIC","weeklyTrainingLoadSum":409,"loadTunnelMin":446,"loadTunnelMax":988,"trainingStatus":"RECOVERY","fitnessLevelTrend":"NO_CHANGE","loadLevelTrend":"DECREASING","trainingStatusFeedbackPhrase":"RECOVERY_AER_LOW_SHORT"},{"userProfilePK":76018113,"calendarDate":"2023-01-10","deviceId":3401978503,"timestamp":"2023-01-10T06:30:26.0","sport":"RUNNING","subSport":"GENERIC","weeklyTrainingLoadSum":684,"loadTunnelMin":559,"loadTunnelMax":1258,"trainingStatus":"MAINTAINING","fitnessLevelTrend":"NO_CHANGE","loadLevelTrend":"NO_CHANGE","trainingStatusFeedbackPhrase":"MAINTAINING_AER_LOW_SHORT"},{"userProfilePK":76018113,"calendarDate":"2023-01-11","deviceId":3401978503,"timestamp":"2023-01-10T23:01:25.0","sport":"RUNNING","subSport":"GENERIC","weeklyTrainingLoadSum":684,"loadTunnelMin":559,"loadTunnelMax":1258,"trainingStatus":"MAINTAINING","fitnessLevelTrend":"NO_CHANGE","loadLevelTrend":"NO_CHANGE","trainingStatusFeedbackPhrase":"MAINTAINING_AER_LOW_SHORT"},{"userProfilePK":76018113,"calendarDate":"2023-01-12","deviceId":3401978503,"timestamp":"2023-01-11T23:01:28.0","sport":"RUNNING","subSport":"GENERIC","weeklyTrainingLoadSum":477,"loadTunnelMin":559,"loadTunnelMax":1258,"trainingStatus":"RECOVERY","fitnessLevelTrend":"NO_CHANGE","loadLevelTrend":"DECREASING","trainingStatusFeedbackPhrase":"RECOVERY_AER_LOW_SHORT"},{"userProfilePK":76018113,"calendarDate":"2023-01-12","deviceId":3401978503,"timestamp":"2023-01-12T07:10:11.0","sport":"RUNNING","subSport":"GENERIC","weeklyTrainingLoadSum":665,"loadTunnelMin":559,"loadTunnelMax":1258,"trainingStatus":"RECOVERY","fitnessLevelTrend":"NO_CHANGE","loadLevelTrend":"DECREASING","trainingStatusFeedbackPhrase":"RECOVERY_AER_LOW_SHORT"},{"userProfilePK":76018113,"calendarDate":"2023-01-13","deviceId":3401978503,"timestamp":"2023-01-12T23:01:30.0","sport":"RUNNING","subSport":"GENERIC","weeklyTrainingLoadSum":463,"loadTunnelMin":559,"loadTunnelMax":1258,"trainingStatus":"RECOVERY","fitnessLevelTrend":"NO_CHANGE","loadLevelTrend":"DECREASING","trainingStatusFeedbackPhrase":"RECOVERY_AER_LOW_SHORT"},{"userProfilePK":76018113,"calendarDate":"2023-01-13","deviceId":3401978503,"timestamp":"2023-01-13T07:09:40.0","sport":"RUNNING","subSport":"GENERIC","weeklyTrainingLoadSum":724,"loadTunnelMin":559,"loadTunnelMax":1258,"trainingStatus":"MAINTAINING","fitnessLevelTrend":"NO_CHANGE","loadLevelTrend":"NO_CHANGE","trainingStatusFeedbackPhrase":"MAINTAINING_AER_LOW_SHORT"},{"userProfilePK":76018113,"calendarDate":"2023-01-14","deviceId":3401978503,"timestamp":"2023-01-13T23:01:35.0","sport":"RUNNING","subSport":"GENERIC","weeklyTrainingLoadSum":724,"loadTunnelMin":559,"loadTunnelMax":1258,"trainingStatus":"MAINTAINING","fitnessLevelTrend":"NO_CHANGE","loadLevelTrend":"NO_CHANGE","trainingStatusFeedbackPhrase":"MAINTAINING_AER_LOW_SHORT"},{"userProfilePK":76018113,"calendarDate":"2023-01-14","deviceId":3401978503,"timestamp":"2023-01-14T12:43:22.0","sport":"RUNNING","subSport":"GENERIC","weeklyTrainingLoadSum":1029,"loadTunnelMin":722,"loadTunnelMax":1540,"trainingStatus":"MAINTAINING","fitnessLevelTrend":"NO_CHANGE","loadLevelTrend":"NO_CHANGE","trainingStatusFeedbackPhrase":"MAINTAINING_AER_LOW_SHORT"},{"userProfilePK":76018113,"calendarDate":"2023-01-15","deviceId":3401978503,"timestamp":"2023-01-14T23:01:38.0","sport":"RUNNING","subSport":"GENERIC","weeklyTrainingLoadSum":1029,"loadTunnelMin":559,"loadTunnelMax":1258,"trainingStatus":"MAINTAINING","fitnessLevelTrend":"NO_CHANGE","loadLevelTrend":"INCREASING","trainingStatusFeedbackPhrase":"MAINTAINING_AER_LOW_SHORT"},{"userProfilePK":76018113,"calendarDate":"2023-01-16","deviceId":3401978503,"timestamp":"2023-01-15T23:01:41.0","sport":"RUNNING","subSport":"GENERIC","weeklyTrainingLoadSum":1029,"loadTunnelMin":559,"loadTunnelMax":1258,"trainingStatus":"MAINTAINING","fitnessLevelTrend":"NO_CHANGE","loadLevelTrend":"INCREASING","trainingStatusFeedbackPhrase":"MAINTAINING_AER_LOW_SHORT"},{"userProfilePK":76018113,"calendarDate":"2023-01-17","deviceId":3401978503,"timestamp":"2023-01-16T23:01:45.0","sport":"RUNNING","subSport":"GENERIC","weeklyTrainingLoadSum":754,"loadTunnelMin":559,"loadTunnelMax":1258,"trainingStatus":"MAINTAINING","fitnessLevelTrend":"NO_CHANGE","loadLevelTrend":"NO_CHANGE","trainingStatusFeedbackPhrase":"MAINTAINING_AER_LOW_SHORT"},{"userProfilePK":76018113,"calendarDate":"2023-01-17","deviceId":3401978503,"timestamp":"2023-01-17T06:51:18.0","sport":"RUNNING","subSport":"GENERIC","weeklyTrainingLoadSum":993,"loadTunnelMin":722,"loadTunnelMax":1540,"trainingStatus":"MAINTAINING","fitnessLevelTrend":"NO_CHANGE","loadLevelTrend":"NO_CHANGE","trainingStatusFeedbackPhrase":"MAINTAINING_AER_LOW_SHORT"},{"userProfilePK":76018113,"calendarDate":"2023-01-18","deviceId":3401978503,"timestamp":"2023-01-17T23:01:51.0","sport":"RUNNING","subSport":"GENERIC","weeklyTrainingLoadSum":993,"loadTunnelMin":559,"loadTunnelMax":1258,"trainingStatus":"MAINTAINING","fitnessLevelTrend":"NO_CHANGE","loadLevelTrend":"INCREASING","trainingStatusFeedbackPhrase":"MAINTAINING_AER_LOW_SHORT"},{"userProfilePK":76018113,"calendarDate":"2023-01-18","deviceId":3401978503,"timestamp":"2023-01-18T06:09:29.0","sport":"RUNNING","subSport":"GENERIC","weeklyTrainingLoadSum":1148,"loadTunnelMin":722,"loadTunnelMax":1540,"trainingStatus":"MAINTAINING","fitnessLevelTrend":"NO_CHANGE","loadLevelTrend":"INCREASING","trainingStatusFeedbackPhrase":"MAINTAINING_AER_LOW_SHORT"},{"userProfilePK":76018113,"calendarDate":"2023-01-19","deviceId":3401978503,"timestamp":"2023-01-18T23:01:54.0","sport":"RUNNING","subSport":"GENERIC","weeklyTrainingLoadSum":960,"loadTunnelMin":722,"loadTunnelMax":1540,"trainingStatus":"MAINTAINING","fitnessLevelTrend":"NO_CHANGE","loadLevelTrend":"NO_CHANGE","trainingStatusFeedbackPhrase":"MAINTAINING_AER_LOW_SHORT"},{"userProfilePK":76018113,"calendarDate":"2023-01-20","deviceId":3401978503,"timestamp":"2023-01-19T23:01:57.0","sport":"RUNNING","subSport":"GENERIC","weeklyTrainingLoadSum":699,"loadTunnelMin":559,"loadTunnelMax":1258,"trainingStatus":"RECOVERY","fitnessLevelTrend":"NO_CHANGE","loadLevelTrend":"DECREASING","trainingStatusFeedbackPhrase":"RECOVERY_AER_LOW_SHORT"},{"userProfilePK":76018113,"calendarDate":"2023-01-20","deviceId":3401978503,"timestamp":"2023-01-20T07:19:04.0","sport":"RUNNING","subSport":"GENERIC","weeklyTrainingLoadSum":958,"loadTunnelMin":722,"loadTunnelMax":1540,"trainingStatus":"MAINTAINING","fitnessLevelTrend":"NO_CHANGE","loadLevelTrend":"NO_CHANGE","trainingStatusFeedbackPhrase":"MAINTAINING_AER_LOW_SHORT"},{"userProfilePK":76018113,"calendarDate":"2023-01-21","deviceId":3401978503,"timestamp":"2023-01-20T23:02:01.0","sport":"RUNNING","subSport":"GENERIC","weeklyTrainingLoadSum":653,"loadTunnelMin":559,"loadTunnelMax":1258,"trainingStatus":"RECOVERY","fitnessLevelTrend":"NO_CHANGE","loadLevelTrend":"DECREASING","trainingStatusFeedbackPhrase":"RECOVERY_AER_LOW_SHORT"},{"userProfilePK":76018113,"calendarDate":"2023-01-22","deviceId":3401978503,"timestamp":"2023-01-21T23:02:04.0","sport":"RUNNING","subSport":"GENERIC","weeklyTrainingLoadSum":653,"loadTunnelMin":559,"loadTunnelMax":1258,"trainingStatus":"RECOVERY","fitnessLevelTrend":"NO_CHANGE","loadLevelTrend":"DECREASING","trainingStatusFeedbackPhrase":"RECOVERY_AER_LOW_SHORT"},{"userProfilePK":76018113,"calendarDate":"2023-01-22","deviceId":3401978503,"timestamp":"2023-01-22T09:25:28.0","sport":"RUNNING","subSport":"GENERIC","weeklyTrainingLoadSum":902,"loadTunnelMin":722,"loadTunnelMax":1540,"trainingStatus":"MAINTAINING","fitnessLevelTrend":"NO_CHANGE","loadLevelTrend":"NO_CHANGE","trainingStatusFeedbackPhrase":"MAINTAINING_AER_LOW_SHORT"},{"userProfilePK":76018113,"calendarDate":"2023-01-23","deviceId":3401978503,"timestamp":"2023-01-22T23:02:08.0","sport":"RUNNING","subSport":"GENERIC","weeklyTrainingLoadSum":902,"loadTunnelMin":559,"loadTunnelMax":1258,"trainingStatus":"MAINTAINING","fitnessLevelTrend":"NO_CHANGE","loadLevelTrend":"NO_CHANGE","trainingStatusFeedbackPhrase":"MAINTAINING_AER_LOW_SHORT"},{"userProfilePK":76018113,"calendarDate":"2023-01-23","deviceId":3401978503,"timestamp":"2023-01-23T16:50:31.0","sport":"RUNNING","subSport":"GENERIC","weeklyTrainingLoadSum":1091,"loadTunnelMin":722,"loadTunnelMax":1540,"trainingStatus":"MAINTAINING","fitnessLevelTrend":"NO_CHANGE","loadLevelTrend":"INCREASING","trainingStatusFeedbackPhrase":"MAINTAINING_AER_LOW_SHORT"},{"userProfilePK":76018113,"calendarDate":"2023-01-24","deviceId":3401978503,"timestamp":"2023-01-23T23:02:13.0","sport":"RUNNING","subSport":"GENERIC","weeklyTrainingLoadSum":852,"loadTunnelMin":559,"loadTunnelMax":1258,"trainingStatus":"MAINTAINING","fitnessLevelTrend":"NO_CHANGE","loadLevelTrend":"NO_CHANGE","trainingStatusFeedbackPhrase":"MAINTAINING_AER_LOW_SHORT"},{"userProfilePK":76018113,"calendarDate":"2023-01-25","deviceId":3401978503,"timestamp":"2023-01-24T23:02:17.0","sport":"RUNNING","subSport":"GENERIC","weeklyTrainingLoadSum":697,"loadTunnelMin":559,"loadTunnelMax":1258,"trainingStatus":"RECOVERY","fitnessLevelTrend":"NO_CHANGE","loadLevelTrend":"DECREASING","trainingStatusFeedbackPhrase":"RECOVERY_AER_LOW_SHORT"},{"userProfilePK":76018113,"calendarDate":"2023-01-25","deviceId":3401978503,"timestamp":"2023-01-25T06:35:28.0","sport":"RUNNING","subSport":"GENERIC","weeklyTrainingLoadSum":697,"loadTunnelMin":559,"loadTunnelMax":1258,"trainingStatus":"RECOVERY","fitnessLevelTrend":"NO_CHANGE","loadLevelTrend":"DECREASING","trainingStatusFeedbackPhrase":"RECOVERY_AER_LOW_SHORT"},{"userProfilePK":76018113,"calendarDate":"2023-01-25","deviceId":3401978503,"timestamp":"2023-01-25T07:47:04.0","sport":"RUNNING","subSport":"GENERIC","weeklyTrainingLoadSum":896,"loadTunnelMin":722,"loadTunnelMax":1540,"trainingStatus":"MAINTAINING","fitnessLevelTrend":"NO_CHANGE","loadLevelTrend":"NO_CHANGE","trainingStatusFeedbackPhrase":"MAINTAINING_AER_LOW_SHORT"},{"userProfilePK":76018113,"calendarDate":"2023-01-26","deviceId":3401978503,"timestamp":"2023-01-25T23:02:22.0","sport":"RUNNING","subSport":"GENERIC","weeklyTrainingLoadSum":896,"loadTunnelMin":559,"loadTunnelMax":1258,"trainingStatus":"MAINTAINING","fitnessLevelTrend":"NO_CHANGE","loadLevelTrend":"NO_CHANGE","trainingStatusFeedbackPhrase":"MAINTAINING_AER_LOW_SHORT"},{"userProfilePK":76018113,"calendarDate":"2023-01-27","deviceId":3401978503,"timestamp":"2023-01-26T23:02:25.0","sport":"RUNNING","subSport":"GENERIC","weeklyTrainingLoadSum":637,"loadTunnelMin":559,"loadTunnelMax":1258,"trainingStatus":"RECOVERY","fitnessLevelTrend":"NO_CHANGE","loadLevelTrend":"DECREASING","trainingStatusFeedbackPhrase":"RECOVERY_AER_LOW_SHORT"},{"userProfilePK":76018113,"calendarDate":"2023-01-27","deviceId":3401978503,"timestamp":"2023-01-27T07:06:44.0","sport":"RUNNING","subSport":"GENERIC","weeklyTrainingLoadSum":768,"loadTunnelMin":559,"loadTunnelMax":1258,"trainingStatus":"MAINTAINING","fitnessLevelTrend":"NO_CHANGE","loadLevelTrend":"NO_CHANGE","trainingStatusFeedbackPhrase":"MAINTAINING_AER_LOW_SHORT"},{"userProfilePK":76018113,"calendarDate":"2023-01-28","deviceId":3401978503,"timestamp":"2023-01-27T23:02:29.0","sport":"RUNNING","subSport":"GENERIC","weeklyTrainingLoadSum":768,"loadTunnelMin":559,"loadTunnelMax":1258,"trainingStatus":"MAINTAINING","fitnessLevelTrend":"NO_CHANGE","loadLevelTrend":"NO_CHANGE","trainingStatusFeedbackPhrase":"MAINTAINING_AER_LOW_SHORT"},{"userProfilePK":76018113,"calendarDate":"2023-01-28","deviceId":3401978503,"timestamp":"2023-01-28T10:10:00.0","sport":"RUNNING","subSport":"GENERIC","weeklyTrainingLoadSum":1158,"loadTunnelMin":722,"loadTunnelMax":1540,"trainingStatus":"MAINTAINING","fitnessLevelTrend":"NO_CHANGE","loadLevelTrend":"INCREASING","trainingStatusFeedbackPhrase":"MAINTAINING_AER_LOW_SHORT"},{"userProfilePK":76018113,"calendarDate":"2023-01-29","deviceId":3401978503,"timestamp":"2023-01-28T23:02:32.0","sport":"RUNNING","subSport":"GENERIC","weeklyTrainingLoadSum":909,"loadTunnelMin":722,"loadTunnelMax":1540,"trainingStatus":"MAINTAINING","fitnessLevelTrend":"NO_CHANGE","loadLevelTrend":"NO_CHANGE","trainingStatusFeedbackPhrase":"MAINTAINING_AER_LOW_SHORT"},{"userProfilePK":76018113,"calendarDate":"2023-01-30","deviceId":3401978503,"timestamp":"2023-01-29T23:02:35.0","sport":"RUNNING","subSport":"GENERIC","weeklyTrainingLoadSum":720,"loadTunnelMin":559,"loadTunnelMax":1258,"trainingStatus":"MAINTAINING","fitnessLevelTrend":"NO_CHANGE","loadLevelTrend":"NO_CHANGE","trainingStatusFeedbackPhrase":"MAINTAINING_AER_LOW_SHORT"},{"userProfilePK":76018113,"calendarDate":"2023-01-30","deviceId":3401978503,"timestamp":"2023-01-30T07:12:41.0","sport":"RUNNING","subSport":"GENERIC","weeklyTrainingLoadSum":845,"loadTunnelMin":559,"loadTunnelMax":1258,"trainingStatus":"MAINTAINING","fitnessLevelTrend":"NO_CHANGE","loadLevelTrend":"NO_CHANGE","trainingStatusFeedbackPhrase":"MAINTAINING_AER_LOW_SHORT"},{"userProfilePK":76018113,"calendarDate":"2023-01-31","deviceId":3401978503,"timestamp":"2023-01-30T23:02:38.0","sport":"RUNNING","subSport":"GENERIC","weeklyTrainingLoadSum":845,"loadTunnelMin":559,"loadTunnelMax":1258,"trainingStatus":"MAINTAINING","fitnessLevelTrend":"NO_CHANGE","loadLevelTrend":"NO_CHANGE","trainingStatusFeedbackPhrase":"MAINTAINING_AER_LOW_SHORT"},{"userProfilePK":76018113,"calendarDate":"2023-02-01","deviceId":3401978503,"timestamp":"2023-01-31T23:02:43.0","sport":"RUNNING","subSport":"GENERIC","weeklyTrainingLoadSum":646,"loadTunnelMin":559,"loadTunnelMax":1258,"trainingStatus":"RECOVERY","fitnessLevelTrend":"NO_CHANGE","loadLevelTrend":"DECREASING","trainingStatusFeedbackPhrase":"RECOVERY_AER_LOW_SHORT"},{"userProfilePK":76018113,"calendarDate":"2023-02-01","deviceId":3401978503,"timestamp":"2023-02-01T06:38:29.0","sport":"RUNNING","subSport":"GENERIC","weeklyTrainingLoadSum":889,"loadTunnelMin":722,"loadTunnelMax":1540,"trainingStatus":"MAINTAINING","fitnessLevelTrend":"NO_CHANGE","loadLevelTrend":"NO_CHANGE","trainingStatusFeedbackPhrase":"MAINTAINING_AER_LOW_SHORT"},{"userProfilePK":76018113,"calendarDate":"2023-02-02","deviceId":3401978503,"timestamp":"2023-02-01T23:02:49.0","sport":"RUNNING","subSport":"GENERIC","weeklyTrainingLoadSum":889,"loadTunnelMin":559,"loadTunnelMax":1258,"trainingStatus":"MAINTAINING","fitnessLevelTrend":"NO_CHANGE","loadLevelTrend":"NO_CHANGE","trainingStatusFeedbackPhrase":"MAINTAINING_AER_LOW_SHORT"},{"userProfilePK":76018113,"calendarDate":"2023-02-03","deviceId":3401978503,"timestamp":"2023-02-02T23:02:53.0","sport":"RUNNING","subSport":"GENERIC","weeklyTrainingLoadSum":758,"loadTunnelMin":559,"loadTunnelMax":1258,"trainingStatus":"MAINTAINING","fitnessLevelTrend":"NO_CHANGE","loadLevelTrend":"NO_CHANGE","trainingStatusFeedbackPhrase":"MAINTAINING_AER_LOW_SHORT"},{"userProfilePK":76018113,"calendarDate":"2023-02-03","deviceId":3401978503,"timestamp":"2023-02-03T06:02:54.0","sport":"RUNNING","subSport":"GENERIC","weeklyTrainingLoadSum":758,"loadTunnelMin":559,"loadTunnelMax":1258,"trainingStatus":"MAINTAINING","fitnessLevelTrend":"NO_CHANGE","loadLevelTrend":"NO_CHANGE","trainingStatusFeedbackPhrase":"MAINTAINING_AER_LOW_SHORT"},{"userProfilePK":76018113,"calendarDate":"2023-02-03","deviceId":3401978503,"timestamp":"2023-02-03T07:13:29.0","sport":"RUNNING","subSport":"GENERIC","weeklyTrainingLoadSum":963,"loadTunnelMin":559,"loadTunnelMax":1258,"trainingStatus":"MAINTAINING","fitnessLevelTrend":"NO_CHANGE","loadLevelTrend":"NO_CHANGE","trainingStatusFeedbackPhrase":"MAINTAINING_AER_LOW_SHORT"},{"userProfilePK":76018113,"calendarDate":"2023-02-04","deviceId":3401978503,"timestamp":"2023-02-03T23:02:57.0","sport":"RUNNING","subSport":"GENERIC","weeklyTrainingLoadSum":573,"loadTunnelMin":559,"loadTunnelMax":1258,"trainingStatus":"RECOVERY","fitnessLevelTrend":"NO_CHANGE","loadLevelTrend":"DECREASING","trainingStatusFeedbackPhrase":"RECOVERY_AER_LOW_SHORT"},{"userProfilePK":76018113,"calendarDate":"2023-02-05","deviceId":3401978503,"timestamp":"2023-02-04T23:02:59.0","sport":"RUNNING","subSport":"GENERIC","weeklyTrainingLoadSum":573,"loadTunnelMin":559,"loadTunnelMax":1258,"trainingStatus":"RECOVERY","fitnessLevelTrend":"NO_CHANGE","loadLevelTrend":"DECREASING","trainingStatusFeedbackPhrase":"RECOVERY_AER_LOW_SHORT"},{"userProfilePK":76018113,"calendarDate":"2023-02-05","deviceId":3401978503,"timestamp":"2023-02-05T09:41:31.0","sport":"RUNNING","subSport":"GENERIC","weeklyTrainingLoadSum":811,"loadTunnelMin":722,"loadTunnelMax":1540,"trainingStatus":"MAINTAINING","fitnessLevelTrend":"NO_CHANGE","loadLevelTrend":"NO_CHANGE","trainingStatusFeedbackPhrase":"MAINTAINING_AER_LOW_SHORT"}]