[{"userProfilePK":76018113,"calendarDate":"2023-12-02","deviceId":3401978503,"timestamp":"2023-12-01T23:59:59.0","sport":"RUNNING","subSport":"GENERIC","weeklyTrainingLoadSum":40,"loadTunnelMin":360,"loadTunnelMax":794,"trainingStatus":"RECOVERY","fitnessLevelTrend":"NO_CHANGE","loadLevelTrend":"DECREASING","trainingStatusFeedbackPhrase":"RECOVERY_AER_LOW_SHORT"},{"userProfilePK":76018113,"calendarDate":"2023-12-03","deviceId":3401978503,"timestamp":"2023-12-02T23:59:59.0","sport":"RUNNING","subSport":"GENERIC","weeklyTrainingLoadSum":0,"loadTunnelMin":281,"loadTunnelMax":640,"trainingStatus":"DETRAINING","fitnessLevelTrend":"NO_CHANGE","loadLevelTrend":"DECREASING","trainingStatusFeedbackPhrase":"DETRAINING_AER_LOW_SHORT"},{"userProfilePK":76018113,"calendarDate":"2023-12-03","deviceId":3401978503,"timestamp":"2023-12-03T07:09:17.0","sport":"RUNNING","subSport":"GENERIC","weeklyTrainingLoadSum":0,"loadTunnelMin":281,"loadTunnelMax":640,"trainingStatus":"DETRAINING","fitnessLevelTrend":"NO_CHANGE","loadLevelTrend":"DECREASING","trainingStatusFeedbackPhrase":"DETRAINING_AER_LOW_SHORT"},{"userProfilePK":76018113,"calendarDate":"2023-12-03","deviceId":3401978503,"timestamp":"2023-12-03T08:25:55.0","sport":"RUNNING","subSport":"GENERIC","weeklyTrainingLoadSum":84,"loadTunnelMin":360,"loadTunnelMax":794,"trainingStatus":"RECOVERY","fitnessLevelTrend":"NO_CHANGE","loadLevelTrend":"DECREASING","trainingStatusFeedbackPhrase":"RECOVERY_AER_LOW_SHORT"},{"userProfilePK":76018113,"calendarDate":"2023-12-04","deviceId":3401978503,"timestamp":"2023-12-03T23:05:25.0","sport":"RUNNING","subSport":"GENERIC","weeklyTrainingLoadSum":84,"loadTunnelMin":360,"loadTunnelMax":794,"trainingStatus":"RECOVERY","fitnessLevelTrend":"NO_CHANGE","loadLevelTrend":"DECREASING","trainingStatusFeedbackPhrase":"RECOVERY_AER_LOW_SHORT"},{"userProfilePK":76018113,"calendarDate":"2023-12-05","deviceId":3401978503,"timestamp":"2023-12-04T23:05:25.0","sport":"RUNNING","subSport":"GENERIC","weeklyTrainingLoadSum":84,"loadTunnelMin":281,"loadTunnelMax":640,"trainingStatus":"RECOVERY","fitnessLevelTrend":"NO_CHANGE","loadLevelTrend":"DECREASING","trainingStatusFeedbackPhrase":"RECOVERY_AER_LOW_SHORT"},{"userProfilePK":76018113,"calendarDate":"2023-12-06","deviceId":3401978503,"timestamp":"2023-12-05T23:05:26.0","sport":"RUNNING","subSport":"GENERIC","weeklyTrainingLoadSum":84,"loadTunnelMin":281,"loadTunnelMax":640,"trainingStatus":"RECOVERY","fitnessLevelTrend":"NO_CHANGE","loadLevelTrend":"DECREASING","trainingStatusFeedbackPhrase":"RECOVERY_AER_LOW_SHORT"},{"userProfilePK":76018113,"calendarDate":"2023-12-07","deviceId":3401978503,"timestamp":"2023-12-06T23:05:27.0","sport":"RUNNING","subSport":"GENERIC","weeklyTrainingLoadSum":84,"loadTunnelMin":281,"loadTunnelMax":640,"trainingStatus":"RECOVERY","fitnessLevelTrend":"NO_CHANGE","loadLevelTrend":"DECREASING","trainingStatusFeedbackPhrase":"RECOVERY_AER_LOW_SHORT"},{"userProfilePK":76018113,"calendarDate":"2023-12-08","deviceId":3401978503,"timestamp":"2023-12-07T23:05:28.0","sport":"RUNNING","subSport":"GENERIC","weeklyTrainingLoadSum":84,"loadTunnelMin":281,"loadTunnelMax":640,"trainingStatus":"RECOVERY","fitnessLevelTrend":"NO_CHANGE","loadLevelTrend":"DECREASING","trainingStatusFeedbackPhrase":"RECOVERY_AER_LOW_SHORT"},{"userProfilePK":76018113,"calendarDate":"2023-12-09","deviceId":3401978503,"timestamp":"2023-12-08T23:05:29.0","weeklyTrainingLoadSum":84,"loadTunnelMin":281,"loadTunnelMax":640,"trainingStatus":"NO_STATUS","fitnessLevelTrend":"NO_RESULT","loadLevelTrend":"DECREASING","trainingStatusFeedbackPhrase":"NO_STATUS_AER_LOW_SHORT"},{"userProfilePK":76018113,"calendarDate":"2023-12-10","deviceId":3401978503,"timestamp":"2023-12-09T23:05:30.0","weeklyTrainingLoadSum":0,"loadTunnelMin":226,"loadTunnelMax":484,"trainingStatus":"DETRAINING","fitnessLevelTrend":"NO_RESULT","loadLevelTrend":"DECREASING","trainingStatusFeedbackPhrase":"DETRAINING_AER_LOW_SHORT"},{"userProfilePK":76018113,"calendarDate":"2023-12-11","deviceId":3401978503,"timestamp":"2023-12-10T23:05:31.0","weeklyTrainingLoadSum":0,"loadTunnelMin":226,"loadTunnelMax":484,"trainingStatus":"DETRAINING","fitnessLevelTrend":"NO_RESULT","loadLevelTrend":"DECREASING","trainingStatusFeedbackPhrase":"DETRAINING_AER_LOW_SHORT"},{"userProfilePK":76018113,"calendarDate":"2023-12-12","deviceId":3401978503,"timestamp":"2023-12-11T23:05:34.0","weeklyTrainingLoadSum":0,"loadTunnelMin":176,"loadTunnelMax":396,"trainingStatus":"DETRAINING","fitnessLevelTrend":"NO_RESULT","loadLevelTrend":"DECREASING","trainingStatusFeedbackPhrase":"DETRAINING_AER_LOW_SHORT"},{"userProfilePK":76018113,"calendarDate":"2023-12-13","deviceId":3401978503,"timestamp":"2023-12-12T23:05:37.0","weeklyTrainingLoadSum":0,"loadTunnelMin":176,"loadTunnelMax":396,"trainingStatus":"DETRAINING","fitnessLevelTrend":"NO_RESULT","loadLevelTrend":"DECREASING","trainingStatusFeedbackPhrase":"DETRAINING_AER_LOW_SHORT"},{"userProfilePK":76018113,"calendarDate":"2023-12-14","deviceId":3401978503,"timestamp":"2023-12-13T23:05:40.0","weeklyTrainingLoadSum":0,"loadTunnelMin":176,"loadTunnelMax":396,"trainingStatus":"DETRAINING","fitnessLevelTrend":"NO_RESULT","loadLevelTrend":"DECREASING","trainingStatusFeedbackPhrase":"DETRAINING_AER_LOW_SHORT"},{"userProfilePK":76018113,"calendarDate":"2023-12-15","deviceId":3401978503,"timestamp":"2023-12-14T23:05:42.0","weeklyTrainingLoadSum":0,"loadTunnelMin":176,"loadTunnelMax":396,"trainingStatus":"DETRAINING","fitnessLevelTrend":"NO_RESULT","loadLevelTrend":"DECREASING","trainingStatusFeedbackPhrase":"DETRAINING_AER_LOW_SHORT"},{"userProfilePK":76018113,"calendarDate":"2023-12-16","deviceId":3401978503,"timestamp":"2023-12-15T23:05:46.0","weeklyTrainingLoadSum":0,"loadTunnelMin":176,"loadTunnelMax":396,"trainingStatus":"DETRAINING","fitnessLevelTrend":"NO_RESULT","loadLevelTrend":"DECREASING","trainingStatusFeedbackPhrase":"DETRAINING_AER_LOW_SHORT"},{"userProfilePK":76018113,"calendarDate":"2023-12-16","deviceId":3401978503,"timestamp":"2023-12-16T08:03:16.0","weeklyTrainingLoadSum":227,"loadTunnelMin":226,"loadTunnelMax":484,"trainingStatus":"NO_STATUS","fitnessLevelTrend":"NO_RESULT","loadLevelTrend":"DECREASING","trainingStatusFeedbackPhrase":"NO_STATUS_AER_LOW_SHORT"},{"userProfilePK":76018113,"calendarDate":"2023-12-17","deviceId":3401978503,"timestamp":"2023-12-16T23:05:55.0","weeklyTrainingLoadSum":227,"loadTunnelMin":176,"loadTunnelMax":396,"trainingStatus":"NO_STATUS","fitnessLevelTrend":"NO_RESULT","loadLevelTrend":"NO_CHANGE","trainingStatusFeedbackPhrase":"NO_STATUS_AER_LOW_SHORT"},{"userProfilePK":76018113,"calendarDate":"2023-12-17","deviceId":3401978503,"timestamp":"2023-12-17T09:09:53.0","weeklyTrainingLoadSum":252,"loadTunnelMin":176,"loadTunnelMax":396,"trainingStatus":"NO_STATUS","fitnessLevelTrend":"NO_RESULT","loadLevelTrend":"NO_CHANGE","trainingStatusFeedbackPhrase":"NO_STATUS_AER_LOW_SHORT"},{"userProfilePK":76018113,"calendarDate":"2023-12-18","deviceId":3401978503,"timestamp":"2023-12-17T23:05:57.0","weeklyTrainingLoadSum":252,"loadTunnelMin":176,"loadTunnelMax":396,"trainingStatus":"NO_STATUS","fitnessLevelTrend":"NO_RESULT","loadLevelTrend":"NO_CHANGE","trainingStatusFeedbackPhrase":"NO_STATUS_AER_LOW_SHORT"},{"userProfilePK":76018113,"calendarDate":"2023-12-19","deviceId":3401978503,"timestamp":"2023-12-18T23:05:59.0","weeklyTrainingLoadSum":252,"loadTunnelMin":176,"loadTunnelMax":396,"trainingStatus":"NO_STATUS","fitnessLevelTrend":"NO_RESULT","loadLevelTrend":"INCREASING","trainingStatusFeedbackPhrase":"NO_STATUS_AER_LOW_SHORT"},{"userProfilePK":76018113,"calendarDate":"2023-12-19","deviceId":3401978503,"timestamp":"2023-12-19T05:59:19.0","sport":"RUNNING","subSport":"GENERIC","weeklyTrainingLoadSum":689,"loadTunnelMin":226,"loadTunnelMax":484,"trainingStatus":"PRODUCTIVE","fitnessLevelTrend":"NO_CHANGE","loadLevelTrend":"INCREASING","trainingStatusFeedbackPhrase":"PRODUCTIVE_AER_LOW_SHORT"},{"userProfilePK":76018113,"calendarDate":"2023-12-20","deviceId":3401978503,"timestamp":"2023-12-19T23:01:05.0","sport":"RUNNING","subSport":"GENERIC","weeklyTrainingLoadSum":689,"loadTunnelMin":226,"loadTunnelMax":484,"trainingStatus":"PRODUCTIVE","fitnessLevelTrend":"NO_CHANGE","loadLevelTrend":"INCREASING","trainingStatusFeedbackPhrase":"PRODUCTIVE_AER_LOW_SHORT"},{"userProfilePK":76018113,"calendarDate":"2023-12-21","deviceId":3401978503,"timestamp":"2023-12-20T23:01:09.0","sport":"RUNNING","subSport":"GENERIC","weeklyTrainingLoadSum":689,"loadTunnelMin":176,"loadTunnelMax":396,"trainingStatus":"PRODUCTIVE","fitnessLevelTrend":"NO_CHANGE","loadLevelTrend":"INCREASING","trainingStatusFeedbackPhrase":"PRODUCTIVE_AER_LOW_SHORT"},{"userProfilePK":76018113,"calendarDate":"2023-12-22","deviceId":3401978503,"timestamp":"2023-12-21T23:01:12.0","sport":"RUNNING","subSport":"GENERIC","weeklyTrainingLoadSum":689,"loadTunnelMin":176,"loadTunnelMax":396,"trainingStatus":"PRODUCTIVE","fitnessLevelTrend":"NO_CHANGE","loadLevelTrend":"INCREASING","trainingStatusFeedbackPhrase":"PRODUCTIVE_AER_LOW_SHORT"},{"userProfilePK":76018113,"calendarDate":"2023-12-22","deviceId":3401978503,"timestamp":"2023-12-22T15:29:14.0","sport":"RUNNING","subSport":"GENERIC","weeklyTrainingLoadSum":1014,"loadTunnelMin":281,"loadTunnelMax":640,"trainingStatus":"PRODUCTIVE","fitnessLevelTrend":"NO_CHANGE","loadLevelTrend":"INCREASING","trainingStatusFeedbackPhrase":"PRODUCTIVE_AER_LOW_SHORT"},{"userProfilePK":76018113,"calendarDate":"2023-12-23","deviceId":3401978503,"timestamp":"2023-12-23T05:01:18.0","sport":"RUNNING","subSport":"GENERIC","weeklyTrainingLoadSum":787,"loadTunnelMin":226,"loadTunnelMax":484,"trainingStatus":"PRODUCTIVE","fitnessLevelTrend":"NO_CHANGE","loadLevelTrend":"INCREASING","trainingStatusFeedbackPhrase":"PRODUCTIVE_AER_LOW_SHORT"},{"userProfilePK":76018113,"calendarDate":"2023-12-24","deviceId":3401978503,"timestamp":"2023-12-24T05:01:20.0","sport":"RUNNING","subSport":"GENERIC","weeklyTrainingLoadSum":762,"loadTunnelMin":226,"loadTunnelMax":484,"trainingStatus":"PRODUCTIVE","fitnessLevelTrend":"NO_CHANGE","loadLevelTrend":"INCREASING","trainingStatusFeedbackPhrase":"PRODUCTIVE_AER_LOW_SHORT"},{"userProfilePK":76018113,"calendarDate":"2023-12-24","deviceId":3401978503,"timestamp":"2023-12-24T16:33:21.0","sport":"RUNNING","subSport":"GENERIC","weeklyTrainingLoadSum":1095,"loadTunnelMin":281,"loadTunnelMax":640,"trainingStatus":"PRODUCTIVE","fitnessLevelTrend":"NO_CHANGE","loadLevelTrend":"INCREASING","trainingStatusFeedbackPhrase":"PRODUCTIVE_AER_LOW_SHORT"},{"userProfilePK":76018113,"calendarDate":"2023-12-25","deviceId":3401978503,"timestamp":"2023-12-25T05:01:24.0","sport":"RUNNING","subSport":"GENERIC","weeklyTrainingLoadSum":1095,"loadTunnelMin":281,"loadTunnelMax":640,"trainingStatus":"PRODUCTIVE","fitnessLevelTrend":"NO_CHANGE","loadLevelTrend":"INCREASING","trainingStatusFeedbackPhrase":"PRODUCTIVE_AER_LOW_SHORT"},{"userProfilePK":76018113,"calendarDate":"2023-12-25","deviceId":3401978503,"timestamp":"2023-12-25T23:27:24.0","sport":"RUNNING","subSport":"GENERIC","weeklyTrainingLoadSum":1303,"loadTunnelMin":281,"loadTunnelMax":640,"trainingStatus":"PRODUCTIVE","fitnessLevelTrend":"NO_CHANGE","loadLevelTrend":"INCREASING","trainingStatusFeedbackPhrase":"PRODUCTIVE_AER_LOW_SHORT"},{"userProfilePK":76018113,"calendarDate":"2023-12-26","deviceId":3401978503,"timestamp":"2023-12-26T05:01:28.0","sport":"RUNNING","subSport":"GENERIC","weeklyTrainingLoadSum":866,"loadTunnelMin":281,"loadTunnelMax":640,"trainingStatus":"PRODUCTIVE","fitnessLevelTrend":"NO_CHANGE","loadLevelTrend":"INCREASING","trainingStatusFeedbackPhrase":"PRODUCTIVE_AER_LOW_SHORT"},{"userProfilePK":76018113,"calendarDate":"2023-12-27","deviceId":3401978503,"timestamp":"2023-12-27T05:01:31.0","sport":"RUNNING","subSport":"GENERIC","weeklyTrainingLoadSum":866,"loadTunnelMin":281,"loadTunnelMax":640,"trainingStatus":"PRODUCTIVE","fitnessLevelTrend":"NO_CHANGE","loadLevelTrend":"INCREASING","trainingStatusFeedbackPhrase":"PRODUCTIVE_AER_LOW_SHORT"},{"userProfilePK":76018113,"calendarDate":"2023-12-28","deviceId":3401978503,"timestamp":"2023-12-28T05:01:34.0","sport":"RUNNING","subSport":"GENERIC","weeklyTrainingLoadSum":866,"loadTunnelMin":281,"loadTunnelMax":640,"trainingStatus":"PRODUCTIVE","fitnessLevelTrend":"NO_CHANGE","loadLevelTrend":"INCREASING","trainingStatusFeedbackPhrase":"PRODUCTIVE_AER_LOW_SHORT"},{"userProfilePK":76018113,"calendarDate":"2023-12-29","deviceId":3401978503,"timestamp":"2023-12-29T05:01:37.0","sport":"RUNNING","subSport":"GENERIC","weeklyTrainingLoadSum":541,"loadTunnelMin":281,"loadTunnelMax":640,"trainingStatus":"PRODUCTIVE","fitnessLevelTrend":"NO_CHANGE","loadLevelTrend":"INCREASING","trainingStatusFeedbackPhrase":"PRODUCTIVE_AER_LOW_SHORT"},{"userProfilePK":76018113,"calendarDate":"2023-12-30","deviceId":3401978503,"timestamp":"2023-12-30T05:01:41.0","sport":"RUNNING","subSport":"GENERIC","weeklyTrainingLoadSum":541,"loadTunnelMin":281,"loadTunnelMax":640,"trainingStatus":"PRODUCTIVE","fitnessLevelTrend":"NO_CHANGE","loadLevelTrend":"INCREASING","trainingStatusFeedbackPhrase":"PRODUCTIVE_AER_LOW_SHORT"},{"userProfilePK":76018113,"calendarDate":"2023-12-31","deviceId":3401978503,"timestamp":"2023-12-31T05:01:44.0","sport":"RUNNING","subSport":"GENERIC","weeklyTrainingLoadSum":208,"loadTunnelMin":281,"loadTunnelMax":640,"trainingStatus":"RECOVERY","fitnessLevelTrend":"NO_CHANGE","loadLevelTrend":"DECREASING","trainingStatusFeedbackPhrase":"RECOVERY_AER_LOW_SHORT"},{"userProfilePK":76018113,"calendarDate":"2023-12-31","deviceId":3401978503,"timestamp":"2023-12-31T13:59:23.0","sport":"RUNNING","subSport":"GENERIC","weeklyTrainingLoadSum":438,"loadTunnelMin":360,"loadTunnelMax":794,"trainingStatus":"MAINTAINING","fitnessLevelTrend":"NO_CHANGE","loadLevelTrend":"NO_CHANGE","trainingStatusFeedbackPhrase":"MAINTAINING_AER_LOW_SHORT"},{"userProfilePK":76018113,"calendarDate":"2024-01-01","deviceId":3401978503,"timestamp":"2024-01-01T05:01:51.0","sport":"RUNNING","subSport":"GENERIC","weeklyTrainingLoadSum":230,"loadTunnelMin":360,"loadTunnelMax":794,"trainingStatus":"RECOVERY","fitnessLevelTrend":"NO_CHANGE","loadLevelTrend":"DECREASING","trainingStatusFeedbackPhrase":"RECOVERY_AER_LOW_SHORT"},{"userProfilePK":76018113,"calendarDate":"2024-01-01","deviceId":3401978503,"timestamp":"2024-01-01T16:55:30.0","sport":"RUNNING","subSport":"GENERIC","weeklyTrainingLoadSum":483,"loadTunnelMin":360,"loadTunnelMax":794,"trainingStatus":"MAINTAINING","fitnessLevelTrend":"NO_CHANGE","loadLevelTrend":"NO_CHANGE","trainingStatusFeedbackPhrase":"MAINTAINING_AER_LOW_SHORT"},{"userProfilePK":76018113,"calendarDate":"2024-01-02","deviceId":3401978503,"timestamp":"2024-01-02T05:01:56.0","sport":"RUNNING","subSport":"GENERIC","weeklyTrainingLoadSum":483,"loadTunnelMin":360,"loadTunnelMax":794,"trainingStatus":"MAINTAINING","fitnessLevelTrend":"NO_CHANGE","loadLevelTrend":"NO_CHANGE","trainingStatusFeedbackPhrase":"MAINTAINING_AER_LOW_SHORT"},{"userProfilePK":76018113,"calendarDate":"2024-01-03","deviceId":3401978503,"timestamp":"2024-01-03T05:01:59.0","sport":"RUNNING","subSport":"GENERIC","weeklyTrainingLoadSum":483,"loadTunnelMin":360,"loadTunnelMax":794,"trainingStatus":"MAINTAINING","fitnessLevelTrend":"NO_CHANGE","loadLevelTrend":"NO_CHANGE","trainingStatusFeedbackPhrase":"MAINTAINING_AER_LOW_SHORT"},{"userProfilePK":76018113,"calendarDate":"2024-01-03","deviceId":3401978503,"timestamp":"2024-01-03T15:25:52.0","sport":"RUNNING","subSport":"GENERIC","weeklyTrainingLoadSum":703,"loadTunnelMin":446,"loadTunnelMax":988,"trainingStatus":"MAINTAINING","fitnessLevelTrend":"NO_CHANGE","loadLevelTrend":"INCREASING","trainingStatusFeedbackPhrase":"MAINTAINING_AER_LOW_SHORT"},{"userProfilePK":76018113,"calendarDate":"2024-01-04","deviceId":3401978503,"timestamp":"2024-01-04T05:02:02.0","sport":"RUNNING","subSport":"GENERIC","weeklyTrainingLoadSum":703,"loadTunnelMin":446,"loadTunnelMax":988,"trainingStatus":"MAINTAINING","fitnessLevelTrend":"NO_CHANGE","loadLevelTrend":"INCREASING","trainingStatusFeedbackPhrase":"MAINTAINING_AER_LOW_SHORT"},{"userProfilePK":76018113,"calendarDate":"2024-01-05","deviceId":3401978503,"timestamp":"2024-01-05T05:02:04.0","sport":"RUNNING","subSport":"GENERIC","weeklyTrainingLoadSum":703,"loadTunnelMin":446,"loadTunnelMax":988,"trainingStatus":"MAINTAINING","fitnessLevelTrend":"NO_CHANGE","loadLevelTrend":"INCREASING","trainingStatusFeedbackPhrase":"MAINTAINING_AER_LOW_SHORT"},{"userProfilePK":76018113,"calendarDate":"2024-01-05","deviceId":3401978503,"timestamp":"2024-01-05T16:16:26.0","sport":"RUNNING","subSport":"GENERIC","weeklyTrainingLoadSum":872,"loadTunnelMin":446,"loadTunnelMax":988,"trainingStatus":"PRODUCTIVE","fitnessLevelTrend":"INCREASING","loadLevelTrend":"INCREASING","trainingStatusFeedbackPhrase":"PRODUCTIVE_AER_LOW_SHORT"},{"userProfilePK":76018113,"calendarDate":"2024-01-06","deviceId":3401978503,"timestamp":"2024-01-05T23:02:08.0","sport":"RUNNING","subSport":"GENERIC","weeklyTrainingLoadSum":872,"loadTunnelMin":446,"loadTunnelMax":988,"trainingStatus":"PRODUCTIVE","fitnessLevelTrend":"INCREASING","loadLevelTrend":"INCREASING","trainingStatusFeedbackPhrase":"PRODUCTIVE_AER_LOW_SHORT"},{"userProfilePK":76018113,"calendarDate":"2024-01-07","deviceId":3401978503,"timestamp":"2024-01-06T23:02:13.0","sport":"RUNNING","subSport":"GENERIC","weeklyTrainingLoadSum":642,"loadTunnelMin":446,"loadTunnelMax":988,"trainingStatus":"PRODUCTIVE","fitnessLevelTrend":"INCREASING","loadLevelTrend":"NO_CHANGE","trainingStatusFeedbackPhrase":"PRODUCTIVE_AER_LOW_SHORT"},{"userProfilePK":76018113,"calendarDate":"2024-01-07","deviceId":3401978503,"timestamp":"2024-01-07T10:22:33.0","sport":"RUNNING","subSport":"GENERIC","weeklyTrainingLoadSum":808,"loadTunnelMin":446,"loadTunnelMax":988,"trainingStatus":"PRODUCTIVE","fitnessLevelTrend":"INCREASING","loadLevelTrend":"INCREASING","trainingStatusFeedbackPhrase":"PRODUCTIVE_AER_LOW_SHORT"},{"userProfilePK":76018113,"calendarDate":"2024-01-08","deviceId":3401978503,"timestamp":"2024-01-07T23:02:18.0","sport":"RUNNING","subSport":"GENERIC","weeklyTrainingLoadSum":555,"loadTunnelMin":446,"loadTunnelMax":988,"trainingStatus":"PRODUCTIVE","fitnessLevelTrend":"INCREASING","loadLevelTrend":"NO_CHANGE","trainingStatusFeedbackPhrase":"PRODUCTIVE_AER_LOW_SHORT"},{"userProfilePK":76018113,"calendarDate":"2024-01-09","deviceId":3401978503,"timestamp":"2024-01-08T23:02:20.0","sport":"RUNNING","subSport":"GENERIC","weeklyTrainingLoadSum":555,"loadTunnelMin":446,"loadTunnelMax":988,"trainingStatus":"PRODUCTIVE","fitnessLevelTrend":"INCREASING","loadLevelTrend":"NO_CHANGE","trainingStatusFeedbackPhrase":"PRODUCTIVE_AER_LOW_SHORT"},{"userProfilePK":76018113,"calendarDate":"2024-01-09","deviceId":3401978503,"timestamp":"2024-01-09T06:23:50.0","sport":"RUNNING","subSport":"GENERIC","weeklyTrainingLoadSum":732,"loadTunnelMin":446,"loadTunnelMax":988,"trainingStatus":"PRODUCTIVE","fitnessLevelTrend":"INCREASING","loadLevelTrend":"NO_CHANGE","trainingStatusFeedbackPhrase":"PRODUCTIVE_AER_LOW_SHORT"},{"userProfilePK":76018113,"calendarDate":"2024-01-10","deviceId":3401978503,"timestamp":"2024-01-09T23:02:25.0","sport":"RUNNING","subSport":"GENERIC","weeklyTrainingLoadSum":512,"loadTunnelMin":446,"loadTunnelMax":988,"trainingStatus":"PRODUCTIVE","fitnessLevelTrend":"INCREASING","loadLevelTrend":"DECREASING","trainingStatusFeedbackPhrase":"PRODUCTIVE_AER_LOW_SHORT"},{"userProfilePK":76018113,"calendarDate":"2024-01-10","deviceId":3401978503,"timestamp":"2024-01-10T06:24:10.0","sport":"RUNNING","subSport":"GENERIC","weeklyTrainingLoadSum":520,"loadTunnelMin":446,"loadTunnelMax":988,"trainingStatus":"PEAKING","fitnessLevelTrend":"INCREASING","loadLevelTrend":"DECREASING","trainingStatusFeedbackPhrase":"PEAKING_AER_LOW_SHORT"},{"userProfilePK":76018113,"calendarDate":"2024-01-11","deviceId":3401978503,"timestamp":"2024-01-10T23:02:27.0","sport":"RUNNING","subSport":"GENERIC","weeklyTrainingLoadSum":520,"loadTunnelMin":446,"loadTunnelMax":988,"trainingStatus":"PEAKING","fitnessLevelTrend":"INCREASING","loadLevelTrend":"DECREASING","trainingStatusFeedbackPhrase":"PEAKING_AER_LOW_SHORT"},{"userProfilePK":76018113,"calendarDate":"2024-01-11","deviceId":3401978503,"timestamp":"2024-01-11T06:42:16.0","sport":"RUNNING","subSport":"GENERIC","weeklyTrainingLoadSum":711,"loadTunnelMin":559,"loadTunnelMax":1258,"trainingStatus":"PRODUCTIVE","fitnessLevelTrend":"INCREASING","loadLevelTrend":"NO_CHANGE","trainingStatusFeedbackPhrase":"PRODUCTIVE_AER_LOW_SHORT"},{"userProfilePK":76018113,"calendarDate":"2024-01-12","deviceId":3401978503,"timestamp":"2024-01-11T23:02:31.0","sport":"RUNNING","subSport":"GENERIC","weeklyTrainingLoadSum":542,"loadTunnelMin":559,"loadTunnelMax":1258,"trainingStatus":"PRODUCTIVE","fitnessLevelTrend":"INCREASING","loadLevelTrend":"DECREASING","trainingStatusFeedbackPhrase":"PRODUCTIVE_AER_LOW_SHORT"},{"userProfilePK":76018113,"calendarDate":"2024-01-13","deviceId":3401978503,"timestamp":"2024-01-12T23:02:35.0","sport":"RUNNING","subSport":"GENERIC","weeklyTrainingLoadSum":542,"loadTunnelMin":446,"loadTunnelMax":988,"trainingStatus":"PRODUCTIVE","fitnessLevelTrend":"INCREASING","loadLevelTrend":"DECREASING","trainingStatusFeedbackPhrase":"PRODUCTIVE_AER_LOW_SHORT"},{"userProfilePK":76018113,"calendarDate":"2024-01-13","deviceId":3401978503,"timestamp":"2024-01-13T10:26:40.0","sport":"RUNNING","subSport":"GENERIC","weeklyTrainingLoadSum":569,"loadTunnelMin":446,"loadTunnelMax":988,"trainingStatus":"PEAKING","fitnessLevelTrend":"INCREASING","loadLevelTrend":"DECREASING","trainingStatusFeedbackPhrase":"PEAKING_AER_LOW_SHORT"},{"userProfilePK":76018113,"calendarDate":"2024-01-14","deviceId":3401978503,"timestamp":"2024-01-13T23:02:36.0","sport":"RUNNING","subSport":"GENERIC","weeklyTrainingLoadSum":403,"loadTunnelMin":446,"loadTunnelMax":988,"trainingStatus":"PEAKING","fitnessLevelTrend":"INCREASING","loadLevelTrend":"DECREASING","trainingStatusFeedbackPhrase":"PEAKING_AER_LOW_SHORT"},{"userProfilePK":76018113,"calendarDate":"2024-01-14","deviceId":3401978503,"timestamp":"2024-01-14T09:32:02.0","sport":"RUNNING","subSport":"GENERIC","weeklyTrainingLoadSum":669,"loadTunnelMin":559,"loadTunnelMax":1258,"trainingStatus":"MAINTAINING","fitnessLevelTrend":"NO_CHANGE","loadLevelTrend":"NO_CHANGE","trainingStatusFeedbackPhrase":"MAINTAINING_AER_LOW_SHORT"},{"userProfilePK":76018113,"calendarDate":"2024-01-15","deviceId":3401978503,"timestamp":"2024-01-14T23:02:39.0","sport":"RUNNING","subSport":"GENERIC","weeklyTrainingLoadSum":669,"loadTunnelMin":559,"loadTunnelMax":1258,"trainingStatus":"MAINTAINING","fitnessLevelTrend":"NO_CHANGE","loadLevelTrend":"NO_CHANGE","trainingStatusFeedbackPhrase":"MAINTAINING_AER_LOW_SHORT"},{"userProfilePK":76018113,"calendarDate":"2024-01-15","deviceId":3401978503,"timestamp":"2024-01-15T21:50:30.0","sport":"RUNNING","subSport":"GENERIC","weeklyTrainingLoadSum":857,"loadTunnelMin":559,"loadTunnelMax":1258,"trainingStatus":"PRODUCTIVE","fitnessLevelTrend":"INCREASING","loadLevelTrend":"NO_CHANGE","trainingStatusFeedbackPhrase":"PRODUCTIVE_AER_LOW_SHORT"},{"userProfilePK":76018113,"calendarDate":"2024-01-16","deviceId":3401978503,"timestamp":"2024-01-15T23:02:43.0","sport":"RUNNING","subSport":"GENERIC","weeklyTrainingLoadSum":680,"loadTunnelMin":446,"loadTunnelMax":988,"trainingStatus":"PRODUCTIVE","fitnessLevelTrend":"INCREASING","loadLevelTrend":"NO_CHANGE","trainingStatusFeedbackPhrase":"PRODUCTIVE_AER_LOW_SHORT"},{"userProfilePK":76018113,"calendarDate":"2024-01-16","deviceId":3401978503,"timestamp":"2024-01-16T06:33:39.0","sport":"RUNNING","subSport":"GENERIC","weeklyTrainingLoadSum":696,"loadTunnelMin":446,"loadTunnelMax":988,"trainingStatus":"PRODUCTIVE","fitnessLevelTrend":"INCREASING","loadLevelTrend":"NO_CHANGE","trainingStatusFeedbackPhrase":"PRODUCTIVE_AER_LOW_SHORT"},{"userProfilePK":76018113,"calendarDate":"2024-01-17","deviceId":3401978503,"timestamp":"2024-01-16T23:02:45.0","sport":"RUNNING","subSport":"GENERIC","weeklyTrainingLoadSum":688,"loadTunnelMin":446,"loadTunnelMax":988,"trainingStatus":"PRODUCTIVE","fitnessLevelTrend":"INCREASING","loadLevelTrend":"NO_CHANGE","trainingStatusFeedbackPhrase":"PRODUCTIVE_AER_LOW_SHORT"},{"userProfilePK":76018113,"calendarDate":"2024-01-18","deviceId":3401978503,"timestamp":"2024-01-17T23:02:49.0","sport":"RUNNING","subSport":"GENERIC","weeklyTrainingLoadSum":497,"loadTunnelMin":446,"loadTunnelMax":988,"trainingStatus":"PRODUCTIVE","fitnessLevelTrend":"INCREASING","loadLevelTrend":"DECREASING","trainingStatusFeedbackPhrase":"PRODUCTIVE_AER_LOW_SHORT"},{"userProfilePK":76018113,"calendarDate":"2024-01-19","deviceId":3401978503,"timestamp":"2024-01-18T23:02:51.0","sport":"RUNNING","subSport":"GENERIC","weeklyTrainingLoadSum":497,"loadTunnelMin":446,"loadTunnelMax":988,"trainingStatus":"PRODUCTIVE","fitnessLevelTrend":"INCREASING","loadLevelTrend":"DECREASING","trainingStatusFeedbackPhrase":"PRODUCTIVE_AER_LOW_SHORT"},{"userProfilePK":76018113,"calendarDate":"2024-01-19","deviceId":3401978503,"timestamp":"2024-01-19T06:51:06.0","sport":"RUNNING","subSport":"GENERIC","weeklyTrainingLoadSum":712,"loadTunnelMin":446,"loadTunnelMax":988,"trainingStatus":"MAINTAINING","fitnessLevelTrend":"NO_CHANGE","loadLevelTrend":"NO_CHANGE","trainingStatusFeedbackPhrase":"MAINTAINING_AER_LOW_SHORT"},{"userProfilePK":76018113,"calendarDate":"2024-01-20","deviceId":3401978503,"timestamp":"2024-01-19T23:02:56.0","sport":"RUNNING","subSport":"GENERIC","weeklyTrainingLoadSum":685,"loadTunnelMin":446,"loadTunnelMax":988,"trainingStatus":"MAINTAINING","fitnessLevelTrend":"NO_CHANGE","loadLevelTrend":"NO_CHANGE","trainingStatusFeedbackPhrase":"MAINTAINING_AER_LOW_SHORT"},{"userProfilePK":76018113,"calendarDate":"2024-01-21","deviceId":3401978503,"timestamp":"2024-01-21T21:27:11.0","sport":"RUNNING","subSport":"GENERIC","weeklyTrainingLoadSum":433,"loadTunnelMin":446,"loadTunnelMax":988,"trainingStatus":"RECOVERY","fitnessLevelTrend":"NO_CHANGE","loadLevelTrend":"DECREASING","trainingStatusFeedbackPhrase":"RECOVERY_AER_LOW_SHORT"},{"userProfilePK":76018113,"calendarDate":"2024-01-22","deviceId":3401978503,"timestamp":"2024-01-21T23:02:58.0","sport":"RUNNING","subSport":"GENERIC","weeklyTrainingLoadSum":245,"loadTunnelMin":446,"loadTunnelMax":988,"trainingStatus":"RECOVERY","fitnessLevelTrend":"NO_CHANGE","loadLevelTrend":"DECREASING","trainingStatusFeedbackPhrase":"RECOVERY_AER_LOW_SHORT"},{"userProfilePK":76018113,"calendarDate":"2024-01-23","deviceId":3401978503,"timestamp":"2024-01-22T23:03:00.0","sport":"RUNNING","subSport":"GENERIC","weeklyTrainingLoadSum":229,"loadTunnelMin":360,"loadTunnelMax":794,"trainingStatus":"RECOVERY","fitnessLevelTrend":"NO_CHANGE","loadLevelTrend":"DECREASING","trainingStatusFeedbackPhrase":"RECOVERY_AER_LOW_SHORT"},{"userProfilePK":76018113,"calendarDate":"2024-01-23","deviceId":3401978503,"timestamp":"2024-01-23T06:46:29.0","sport":"RUNNING","subSport":"GENERIC","weeklyTrainingLoadSum":495,"loadTunnelMin":446,"loadTunnelMax":988,"trainingStatus":"RECOVERY","fitnessLevelTrend":"NO_CHANGE","loadLevelTrend":"DECREASING","trainingStatusFeedbackPhrase":"RECOVERY_AER_LOW_SHORT"},{"userProfilePK":76018113,"calendarDate":"2024-01-24","deviceId":3401978503,"timestamp":"2024-01-23T23:03:05.0","sport":"RUNNING","subSport":"GENERIC","weeklyTrainingLoadSum":495,"loadTunnelMin":446,"loadTunnelMax":988,"trainingStatus":"RECOVERY","fitnessLevelTrend":"NO_CHANGE","loadLevelTrend":"DECREASING","trainingStatusFeedbackPhrase":"RECOVERY_AER_LOW_SHORT"},{"userProfilePK":76018113,"calendarDate":"2024-01-25","deviceId":3401978503,"timestamp":"2024-01-24T23:03:07.0","sport":"RUNNING","subSport":"GENERIC","weeklyTrainingLoadSum":495,"loadTunnelMin":446,"loadTunnelMax":988,"trainingStatus":"RECOVERY","fitnessLevelTrend":"NO_CHANGE","loadLevelTrend":"DECREASING","trainingStatusFeedbackPhrase":"RECOVERY_AER_LOW_SHORT"},{"userProfilePK":76018113,"calendarDate":"2024-01-25","deviceId":3401978503,"timestamp":"2024-01-25T07:03:35.0","sport":"RUNNING","subSport":"GENERIC","weeklyTrainingLoadSum":808,"loadTunnelMin":446,"loadTunnelMax":988,"trainingStatus":"MAINTAINING","fitnessLevelTrend":"NO_CHANGE","loadLevelTrend":"INCREASING","trainingStatusFeedbackPhrase":"MAINTAINING_AER_LOW_SHORT"},{"userProfilePK":76018113,"calendarDate":"2024-01-26","deviceId":3401978503,"timestamp":"2024-01-25T23:03:09.0","sport":"RUNNING","subSport":"GENERIC","weeklyTrainingLoadSum":593,"loadTunnelMin":446,"loadTunnelMax":988,"trainingStatus":"MAINTAINING","fitnessLevelTrend":"NO_CHANGE","loadLevelTrend":"NO_CHANGE","trainingStatusFeedbackPhrase":"MAINTAINING_AER_LOW_SHORT"},{"userProfilePK":76018113,"calendarDate":"2024-01-26","deviceId":3401978503,"timestamp":"2024-01-26T08:28:12.0","sport":"RUNNING","subSport":"GENERIC","weeklyTrainingLoadSum":606,"loadTunnelMin":446,"loadTunnelMax":988,"trainingStatus":"MAINTAINING","fitnessLevelTrend":"NO_CHANGE","loadLevelTrend":"NO_CHANGE","trainingStatusFeedbackPhrase":"MAINTAINING_AER_LOW_SHORT"},{"userProfilePK":76018113,"calendarDate":"2024-01-27","deviceId":3401978503,"timestamp":"2024-01-26T23:03:11.0","sport":"RUNNING","subSport":"GENERIC","weeklyTrainingLoadSum":606,"loadTunnelMin":446,"loadTunnelMax":988,"trainingStatus":"MAINTAINING","fitnessLevelTrend":"NO_CHANGE","loadLevelTrend":"NO_CHANGE","trainingStatusFeedbackPhrase":"MAINTAINING_AER_LOW_SHORT"},{"userProfilePK":76018113,"calendarDate":"2024-01-27","deviceId":3401978503,"timestamp":"2024-01-27T11:14:33.0","sport":"RUNNING","subSport":"GENERIC","weeklyTrainingLoadSum":794,"loadTunnelMin":559,"loadTunnelMax":1258,"trainingStatus":"MAINTAINING","fitnessLevelTrend":"NO_CHANGE","loadLevelTrend":"NO_CHANGE","trainingStatusFeedbackPhrase":"MAINTAINING_AER_LOW_SHORT"},{"userProfilePK":76018113,"calendarDate":"2024-01-28","deviceId":3401978503,"timestamp":"2024-01-27T23:03:13.0","sport":"RUNNING","subSport":"GENERIC","weeklyTrainingLoadSum":780,"loadTunnelMin":446,"loadTunnelMax":988,"trainingStatus":"MAINTAINING","fitnessLevelTrend":"NO_CHANGE","loadLevelTrend":"INCREASING","trainingStatusFeedbackPhrase":"MAINTAINING_AER_LOW_SHORT"},{"userProfilePK":76018113,"calendarDate":"2024-01-28","deviceId":3401978503,"timestamp":"2024-01-28T08:39:45.0","sport":"RUNNING","subSport":"GENERIC","weeklyTrainingLoadSum":1115,"loadTunnelMin":559,"loadTunnelMax":1258,"trainingStatus":"PRODUCTIVE","fitnessLevelTrend":"NO_CHANGE","loadLevelTrend":"INCREASING","trainingStatusFeedbackPhrase":"PRODUCTIVE_AER_LOW_SHORT"},{"userProfilePK":76018113,"calendarDate":"2024-01-29","deviceId":3401978503,"timestamp":"2024-01-28T23:03:16.0","sport":"RUNNING","subSport":"GENERIC","weeklyTrainingLoadSum":1115,"loadTunnelMin":446,"loadTunnelMax":988,"trainingStatus":"PRODUCTIVE","fitnessLevelTrend":"NO_CHANGE","loadLevelTrend":"INCREASING","trainingStatusFeedbackPhrase":"PRODUCTIVE_AER_LOW_SHORT"},{"userProfilePK":76018113,"calendarDate":"2024-01-30","deviceId":3401978503,"timestamp":"2024-01-29T23:03:19.0","sport":"RUNNING","subSport":"GENERIC","weeklyTrainingLoadSum":849,"loadTunnelMin":446,"loadTunnelMax":988,"trainingStatus":"PRODUCTIVE","fitnessLevelTrend":"NO_CHANGE","loadLevelTrend":"INCREASING","trainingStatusFeedbackPhrase":"PRODUCTIVE_AER_LOW_SHORT"},{"userProfilePK":76018113,"calendarDate":"2024-01-30","deviceId":3401978503,"timestamp":"2024-01-30T06:51:10.0","sport":"RUNNING","subSport":"GENERIC","weeklyTrainingLoadSum":859,"loadTunnelMin":446,"loadTunnelMax":988,"trainingStatus":"PRODUCTIVE","fitnessLevelTrend":"NO_CHANGE","loadLevelTrend":"INCREASING","trainingStatusFeedbackPhrase":"PRODUCTIVE_AER_LOW_SHORT"},{"userProfilePK":76018113,"calendarDate":"2024-01-31","deviceId":3401978503,"timestamp":"2024-01-30T23:03:20.0","sport":"RUNNING","subSport":"GENERIC","weeklyTrainingLoadSum":859,"loadTunnelMin":446,"loadTunnelMax":988,"trainingStatus":"PRODUCTIVE","fitnessLevelTrend":"NO_CHANGE","loadLevelTrend":"INCREASING","trainingStatusFeedbackPhrase":"PRODUCTIVE_AER_LOW_SHORT"},{"userProfilePK":76018113,"calendarDate":"2024-01-31","deviceId":3401978503,"timestamp":"2024-01-31T07:02:00.0","sport":"RUNNING","subSport":"GENERIC","weeklyTrainingLoadSum":1160,"loadTunnelMin":559,"loadTunnelMax":1258,"trainingStatus":"PRODUCTIVE","fitnessLevelTrend":"NO_CHANGE","loadLevelTrend":"INCREASING","trainingStatusFeedbackPhrase":"PRODUCTIVE_AER_LOW_SHORT"},{"userProfilePK":76018113,"calendarDate":"2024-02-01","deviceId":3401978503,"timestamp":"2024-01-31T23:03:23.0","sport":"RUNNING","subSport":"GENERIC","weeklyTrainingLoadSum":847,"loadTunnelMin":559,"loadTunnelMax":1258,"trainingStatus":"PRODUCTIVE","fitnessLevelTrend":"NO_CHANGE","loadLevelTrend":"INCREASING","trainingStatusFeedbackPhrase":"PRODUCTIVE_AER_LOW_SHORT"},{"userProfilePK":76018113,"calendarDate":"2024-02-02","deviceId":3401978503,"timestamp":"2024-02-01T23:02:32.0","sport":"RUNNING","subSport":"GENERIC","weeklyTrainingLoadSum":834,"loadTunnelMin":446,"loadTunnelMax":988,"trainingStatus":"PRODUCTIVE","fitnessLevelTrend":"NO_CHANGE","loadLevelTrend":"INCREASING","trainingStatusFeedbackPhrase":"PRODUCTIVE_AER_LOW_SHORT"},{"userProfilePK":76018113,"calendarDate":"2024-02-02","deviceId":3401978503,"timestamp":"2024-02-02T06:39:46.0","sport":"RUNNING","subSport":"GENERIC","weeklyTrainingLoadSum":1108,"loadTunnelMin":559,"loadTunnelMax":1258,"trainingStatus":"PRODUCTIVE","fitnessLevelTrend":"NO_CHANGE","loadLevelTrend":"INCREASING","trainingStatusFeedbackPhrase":"PRODUCTIVE_AER_LOW_SHORT"},{"userProfilePK":76018113,"calendarDate":"2024-02-03","deviceId":3401978503,"timestamp":"2024-02-02T23:02:36.0","sport":"RUNNING","subSport":"GENERIC","weeklyTrainingLoadSum":920,"loadTunnelMin":559,"loadTunnelMax":1258,"trainingStatus":"PRODUCTIVE","fitnessLevelTrend":"NO_CHANGE","loadLevelTrend":"INCREASING","trainingStatusFeedbackPhrase":"PRODUCTIVE_AER_LOW_SHORT"},{"userProfilePK":76018113,"calendarDate":"2024-02-04","deviceId":3401978503,"timestamp":"2024-02-03T23:02:40.0","sport":"RUNNING","subSport":"GENERIC","weeklyTrainingLoadSum":585,"loadTunnelMin":559,"loadTunnelMax":1258,"trainingStatus":"RECOVERY","fitnessLevelTrend":"NO_CHANGE","loadLevelTrend":"DECREASING","trainingStatusFeedbackPhrase":"RECOVERY_AER_LOW_SHORT"},{"userProfilePK":76018113,"calendarDate":"2024-02-04","deviceId":3401978503,"timestamp":"2024-02-04T09:24:12.0","sport":"RUNNING","subSport":"GENERIC","weeklyTrainingLoadSum":849,"loadTunnelMin":559,"loadTunnelMax":1258,"trainingStatus":"PRODUCTIVE","fitnessLevelTrend":"INCREASING","loadLevelTrend":"NO_CHANGE","trainingStatusFeedbackPhrase":"PRODUCTIVE_AER_LOW_SHORT"},{"userProfilePK":76018113,"calendarDate":"2024-02-05","deviceId":3401978503,"timestamp":"2024-02-04T23:02:45.0","sport":"RUNNING","subSport":"GENERIC","weeklyTrainingLoadSum":849,"loadTunnelMin":559,"loadTunnelMax":1258,"trainingStatus":"PRODUCTIVE","fitnessLevelTrend":"INCREASING","loadLevelTrend":"NO_CHANGE","trainingStatusFeedbackPhrase":"PRODUCTIVE_AER_LOW_SHORT"},{"userProfilePK":76018113,"calendarDate":"2024-02-06","deviceId":3401978503,"timestamp":"2024-02-05T23:02:47.0","sport":"RUNNING","subSport":"GENERIC","weeklyTrainingLoadSum":839,"loadTunnelMin":559,"loadTunnelMax":1258,"trainingStatus":"PRODUCTIVE","fitnessLevelTrend":"INCREASING","loadLevelTrend":"INCREASING","trainingStatusFeedbackPhrase":"PRODUCTIVE_AER_LOW_SHORT"},{"userProfilePK":76018113,"calendarDate":"2024-02-06","deviceId":3401978503,"timestamp":"2024-02-06T06:54:51.0","sport":"RUNNING","subSport":"GENERIC","weeklyTrainingLoadSum":1165,"loadTunnelMin":559,"loadTunnelMax":1258,"trainingStatus":"PRODUCTIVE","fitnessLevelTrend":"INCREASING","loadLevelTrend":"INCREASING","trainingStatusFeedbackPhrase":"PRODUCTIVE_AER_LOW_SHORT"},{"userProfilePK":76018113,"calendarDate":"2024-02-07","deviceId":3401978503,"timestamp":"2024-02-06T23:02:50.0","sport":"RUNNING","subSport":"GENERIC","weeklyTrainingLoadSum":864,"loadTunnelMin":559,"loadTunnelMax":1258,"trainingStatus":"PRODUCTIVE","fitnessLevelTrend":"INCREASING","loadLevelTrend":"NO_CHANGE","trainingStatusFeedbackPhrase":"PRODUCTIVE_AER_LOW_SHORT"},{"userProfilePK":76018113,"calendarDate":"2024-02-07","deviceId":3401978503,"timestamp":"2024-02-07T21:30:40.0","sport":"RUNNING","subSport":"GENERIC","weeklyTrainingLoadSum":872,"loadTunnelMin":559,"loadTunnelMax":1258,"trainingStatus":"PRODUCTIVE","fitnessLevelTrend":"INCREASING","loadLevelTrend":"NO_CHANGE","trainingStatusFeedbackPhrase":"PRODUCTIVE_AER_LOW_SHORT"},{"userProfilePK":76018113,"calendarDate":"2024-02-08","deviceId":3401978503,"timestamp":"2024-02-07T23:02:51.0","sport":"RUNNING","subSport":"GENERIC","weeklyTrainingLoadSum":872,"loadTunnelMin":559,"loadTunnelMax":1258,"trainingStatus":"PRODUCTIVE","fitnessLevelTrend":"INCREASING","loadLevelTrend":"INCREASING","trainingStatusFeedbackPhrase":"PRODUCTIVE_AER_LOW_SHORT"},{"userProfilePK":76018113,"calendarDate":"2024-02-08","deviceId":3401978503,"timestamp":"2024-02-08T15:10:47.0","sport":"RUNNING","subSport":"GENERIC","weeklyTrainingLoadSum":902,"loadTunnelMin":559,"loadTunnelMax":1258,"trainingStatus":"PRODUCTIVE","fitnessLevelTrend":"INCREASING","loadLevelTrend":"INCREASING","trainingStatusFeedbackPhrase":"PRODUCTIVE_AER_LOW_SHORT"},{"userProfilePK":76018113,"calendarDate":"2024-02-09","deviceId":3401978503,"timestamp":"2024-02-08T23:59:59.0","sport":"RUNNING","subSport":"GENERIC","weeklyTrainingLoadSum":628,"loadTunnelMin":559,"loadTunnelMax":1258,"trainingStatus":"PRODUCTIVE","fitnessLevelTrend":"INCREASING","loadLevelTrend":"DECREASING","trainingStatusFeedbackPhrase":"PRODUCTIVE_AER_LOW_SHORT"},{"userProfilePK":76018113,"calendarDate":"2024-02-09","deviceId":3401978503,"timestamp":"2024-02-09T05:45:25.0","sport":"RUNNING","subSport":"GENERIC","weeklyTrainingLoadSum":628,"loadTunnelMin":559,"loadTunnelMax":1258,"trainingStatus":"PRODUCTIVE","fitnessLevelTrend":"INCREASING","loadLevelTrend":"DECREASING","trainingStatusFeedbackPhrase":"PRODUCTIVE_AER_LOW_SHORT"},{"userProfilePK":76018113,"calendarDate":"2024-02-09","deviceId":3401978503,"timestamp":"2024-02-09T07:00:06.0","sport":"RUNNING","subSport":"GENERIC","weeklyTrainingLoadSum":888,"loadTunnelMin":559,"loadTunnelMax":1258,"trainingStatus":"MAINTAINING","fitnessLevelTrend":"NO_CHANGE","loadLevelTrend":"NO_CHANGE","trainingStatusFeedbackPhrase":"MAINTAINING_AER_LOW_SHORT"},{"userProfilePK":76018113,"calendarDate":"2024-02-10","deviceId":3401978503,"timestamp":"2024-02-09T23:01:28.0","sport":"RUNNING","subSport":"GENERIC","weeklyTrainingLoadSum":888,"loadTunnelMin":559,"loadTunnelMax":1258,"trainingStatus":"MAINTAINING","fitnessLevelTrend":"NO_CHANGE","loadLevelTrend":"NO_CHANGE","trainingStatusFeedbackPhrase":"MAINTAINING_AER_LOW_SHORT"},{"userProfilePK":76018113,"calendarDate":"2024-02-11","deviceId":3401978503,"timestamp":"2024-02-10T23:01:30.0","sport":"RUNNING","subSport":"GENERIC","weeklyTrainingLoadSum":624,"loadTunnelMin":559,"loadTunnelMax":1258,"trainingStatus":"RECOVERY","fitnessLevelTrend":"NO_CHANGE","loadLevelTrend":"DECREASING","trainingStatusFeedbackPhrase":"RECOVERY_AER_LOW_SHORT"},{"userProfilePK":76018113,"calendarDate":"2024-02-11","deviceId":3401978503,"timestamp":"2024-02-11T09:45:43.0","sport":"RUNNING","subSport":"GENERIC","weeklyTrainingLoadSum":925,"loadTunnelMin":559,"loadTunnelMax":1258,"trainingStatus":"MAINTAINING","fitnessLevelTrend":"NO_CHANGE","loadLevelTrend":"NO_CHANGE","trainingStatusFeedbackPhrase":"MAINTAINING_AER_LOW_SHORT"},{"userProfilePK":76018113,"calendarDate":"2024-02-12","deviceId":3401978503,"timestamp":"2024-02-11T23:01:33.0","sport":"RUNNING","subSport":"GENERIC","weeklyTrainingLoadSum":925,"loadTunnelMin":559,"loadTunnelMax":1258,"trainingStatus":"MAINTAINING","fitnessLevelTrend":"NO_CHANGE","loadLevelTrend":"INCREASING","trainingStatusFeedbackPhrase":"MAINTAINING_AER_LOW_SHORT"},{"userProfilePK":76018113,"calendarDate":"2024-02-13","deviceId":3401978503,"timestamp":"2024-02-12T23:01:35.0","sport":"RUNNING","subSport":"GENERIC","weeklyTrainingLoadSum":599,"loadTunnelMin":559,"loadTunnelMax":1258,"trainingStatus":"RECOVERY","fitnessLevelTrend":"NO_CHANGE","loadLevelTrend":"DECREASING","trainingStatusFeedbackPhrase":"RECOVERY_AER_LOW_SHORT"},{"userProfilePK":76018113,"calendarDate":"2024-02-13","deviceId":3401978503,"timestamp":"2024-02-13T06:36:01.0","sport":"RUNNING","subSport":"GENERIC","weeklyTrainingLoadSum":610,"loadTunnelMin":559,"loadTunnelMax":1258,"trainingStatus":"RECOVERY","fitnessLevelTrend":"NO_CHANGE","loadLevelTrend":"DECREASING","trainingStatusFeedbackPhrase":"RECOVERY_AER_LOW_SHORT"},{"userProfilePK":76018113,"calendarDate":"2024-02-14","deviceId":3401978503,"timestamp":"2024-02-13T23:01:38.0","sport":"RUNNING","subSport":"GENERIC","weeklyTrainingLoadSum":602,"loadTunnelMin":559,"loadTunnelMax":1258,"trainingStatus":"RECOVERY","fitnessLevelTrend":"NO_CHANGE","loadLevelTrend":"DECREASING","trainingStatusFeedbackPhrase":"RECOVERY_AER_LOW_SHORT"},{"userProfilePK":76018113,"calendarDate":"2024-02-14","deviceId":3401978503,"timestamp":"2024-02-14T06:42:11.0","sport":"RUNNING","subSport":"GENERIC","weeklyTrainingLoadSum":920,"loadTunnelMin":559,"loadTunnelMax":1258,"trainingStatus":"PRODUCTIVE","fitnessLevelTrend":"INCREASING","loadLevelTrend":"NO_CHANGE","trainingStatusFeedbackPhrase":"PRODUCTIVE_AER_LOW_SHORT"},{"userProfilePK":76018113,"calendarDate":"2024-02-15","deviceId":3401978503,"timestamp":"2024-02-14T23:01:40.0","sport":"RUNNING","subSport":"GENERIC","weeklyTrainingLoadSum":890,"loadTunnelMin":559,"loadTunnelMax":1258,"trainingStatus":"PRODUCTIVE","fitnessLevelTrend":"INCREASING","loadLevelTrend":"NO_CHANGE","trainingStatusFeedbackPhrase":"PRODUCTIVE_AER_LOW_SHORT"},{"userProfilePK":76018113,"calendarDate":"2024-02-16","deviceId":3401978503,"timestamp":"2024-02-15T23:01:43.0","sport":"RUNNING","subSport":"GENERIC","weeklyTrainingLoadSum":630,"loadTunnelMin":559,"loadTunnelMax":1258,"trainingStatus":"PRODUCTIVE","fitnessLevelTrend":"INCREASING","loadLevelTrend":"DECREASING","trainingStatusFeedbackPhrase":"PRODUCTIVE_AER_LOW_SHORT"},{"userProfilePK":76018113,"calendarDate":"2024-02-16","deviceId":3401978503,"timestamp":"2024-02-16T07:08:59.0","sport":"RUNNING","subSport":"GENERIC","weeklyTrainingLoadSum":905,"loadTunnelMin":559,"loadTunnelMax":1258,"trainingStatus":"MAINTAINING","fitnessLevelTrend":"NO_CHANGE","loadLevelTrend":"NO_CHANGE","trainingStatusFeedbackPhrase":"MAINTAINING_AER_LOW_SHORT"},{"userProfilePK":76018113,"calendarDate":"2024-02-17","deviceId":3401978503,"timestamp":"2024-02-16T23:01:47.0","sport":"RUNNING","subSport":"GENERIC","weeklyTrainingLoadSum":905,"loadTunnelMin":559,"loadTunnelMax":1258,"trainingStatus":"MAINTAINING","fitnessLevelTrend":"NO_CHANGE","loadLevelTrend":"NO_CHANGE","trainingStatusFeedbackPhrase":"MAINTAINING_AER_LOW_SHORT"},{"userProfilePK":76018113,"calendarDate":"2024-02-17","deviceId":3401978503,"timestamp":"2024-02-17T10:06:22.0","sport":"RUNNING","subSport":"GENERIC","weeklyTrainingLoadSum":913,"loadTunnelMin":722,"loadTunnelMax":1540,"trainingStatus":"MAINTAINING","fitnessLevelTrend":"NO_CHANGE","loadLevelTrend":"NO_CHANGE","trainingStatusFeedbackPhrase":"MAINTAINING_AER_LOW_SHORT"},{"userProfilePK":76018113,"calendarDate":"2024-02-18","deviceId":3401978503,"timestamp":"2024-02-17T23:01:51.0","sport":"RUNNING","subSport":"GENERIC","weeklyTrainingLoadSum":612,"loadTunnelMin":559,"loadTunnelMax":1258,"trainingStatus":"RECOVERY","fitnessLevelTrend":"NO_CHANGE","loadLevelTrend":"DECREASING","trainingStatusFeedbackPhrase":"RECOVERY_AER_LOW_SHORT"},{"userProfilePK":76018113,"calendarDate":"2024-02-18","deviceId":3401978503,"timestamp":"2024-02-18T10:13:01.0","sport":"RUNNING","subSport":"GENERIC","weeklyTrainingLoadSum":846,"loadTunnelMin":722,"loadTunnelMax":1540,"trainingStatus":"MAINTAINING","fitnessLevelTrend":"NO_CHANGE","loadLevelTrend":"NO_CHANGE","trainingStatusFeedbackPhrase":"MAINTAINING_AER_LOW_SHORT"},{"userProfilePK":76018113,"calendarDate":"2024-02-19","deviceId":3401978503,"timestamp":"2024-02-18T23:01:57.0","sport":"RUNNING","subSport":"GENERIC","weeklyTrainingLoadSum":846,"loadTunnelMin":722,"loadTunnelMax":1540,"trainingStatus":"MAINTAINING","fitnessLevelTrend":"NO_CHANGE","loadLevelTrend":"NO_CHANGE","trainingStatusFeedbackPhrase":"MAINTAINING_AER_LOW_SHORT"},{"userProfilePK":76018113,"calendarDate":"2024-02-20","deviceId":3401978503,"timestamp":"2024-02-19T23:01:59.0","sport":"RUNNING","subSport":"GENERIC","weeklyTrainingLoadSum":835,"loadTunnelMin":559,"loadTunnelMax":1258,"trainingStatus":"MAINTAINING","fitnessLevelTrend":"NO_CHANGE","loadLevelTrend":"NO_CHANGE","trainingStatusFeedbackPhrase":"MAINTAINING_AER_LOW_SHORT"},{"userProfilePK":76018113,"calendarDate":"2024-02-20","deviceId":3401978503,"timestamp":"2024-02-20T06:39:49.0","sport":"RUNNING","subSport":"GENERIC","weeklyTrainingLoadSum":855,"loadTunnelMin":559,"loadTunnelMax":1258,"trainingStatus":"MAINTAINING","fitnessLevelTrend":"NO_CHANGE","loadLevelTrend":"NO_CHANGE","trainingStatusFeedbackPhrase":"MAINTAINING_AER_LOW_SHORT"},{"userProfilePK":76018113,"calendarDate":"2024-02-21","deviceId":3401978503,"timestamp":"2024-02-20T23:02:01.0","sport":"RUNNING","subSport":"GENERIC","weeklyTrainingLoadSum":537,"loadTunnelMin":559,"loadTunnelMax":1258,"trainingStatus":"RECOVERY","fitnessLevelTrend":"NO_CHANGE","loadLevelTrend":"DECREASING","trainingStatusFeedbackPhrase":"RECOVERY_AER_LOW_SHORT"},{"userProfilePK":76018113,"calendarDate":"2024-02-21","deviceId":3401978503,"timestamp":"2024-02-21T06:49:51.0","sport":"RUNNING","subSport":"GENERIC","weeklyTrainingLoadSum":832,"loadTunnelMin":722,"loadTunnelMax":1540,"trainingStatus":"PRODUCTIVE","fitnessLevelTrend":"INCREASING","loadLevelTrend":"NO_CHANGE","trainingStatusFeedbackPhrase":"PRODUCTIVE_AER_LOW_SHORT"},{"userProfilePK":76018113,"calendarDate":"2024-02-22","deviceId":3401978503,"timestamp":"2024-02-21T23:02:04.0","sport":"RUNNING","subSport":"GENERIC","weeklyTrainingLoadSum":832,"loadTunnelMin":559,"loadTunnelMax":1258,"trainingStatus":"PRODUCTIVE","fitnessLevelTrend":"INCREASING","loadLevelTrend":"NO_CHANGE","trainingStatusFeedbackPhrase":"PRODUCTIVE_AER_LOW_SHORT"},{"userProfilePK":76018113,"calendarDate":"2024-02-23","deviceId":3401978503,"timestamp":"2024-02-22T23:02:05.0","sport":"RUNNING","subSport":"GENERIC","weeklyTrainingLoadSum":557,"loadTunnelMin":559,"loadTunnelMax":1258,"trainingStatus":"PRODUCTIVE","fitnessLevelTrend":"INCREASING","loadLevelTrend":"DECREASING","trainingStatusFeedbackPhrase":"PRODUCTIVE_AER_LOW_SHORT"},{"userProfilePK":76018113,"calendarDate":"2024-02-23","deviceId":3401978503,"timestamp":"2024-02-23T06:42:11.0","sport":"RUNNING","subSport":"GENERIC","weeklyTrainingLoadSum":797,"loadTunnelMin":722,"loadTunnelMax":1540,"trainingStatus":"MAINTAINING","fitnessLevelTrend":"NO_CHANGE","loadLevelTrend":"NO_CHANGE","trainingStatusFeedbackPhrase":"MAINTAINING_AER_LOW_SHORT"},{"userProfilePK":76018113,"calendarDate":"2024-02-24","deviceId":3401978503,"timestamp":"2024-02-23T23:02:08.0","sport":"RUNNING","subSport":"GENERIC","weeklyTrainingLoadSum":789,"loadTunnelMin":559,"loadTunnelMax":1258,"trainingStatus":"MAINTAINING","fitnessLevelTrend":"NO_CHANGE","loadLevelTrend":"NO_CHANGE","trainingStatusFeedbackPhrase":"MAINTAINING_AER_LOW_SHORT"},{"userProfilePK":76018113,"calendarDate":"2024-02-24","deviceId":3401978503,"timestamp":"2024-02-24T10:58:30.0","sport":"RUNNING","subSport":"GENERIC","weeklyTrainingLoadSum":814,"loadTunnelMin":722,"loadTunnelMax":1540,"trainingStatus":"MAINTAINING","fitnessLevelTrend":"NO_CHANGE","loadLevelTrend":"NO_CHANGE","trainingStatusFeedbackPhrase":"MAINTAINING_AER_LOW_SHORT"},{"userProfilePK":76018113,"calendarDate":"2024-02-25","deviceId":3401978503,"timestamp":"2024-02-24T23:02:12.0","sport":"RUNNING","subSport":"GENERIC","weeklyTrainingLoadSum":580,"loadTunnelMin":559,"loadTunnelMax":1258,"trainingStatus":"RECOVERY","fitnessLevelTrend":"NO_CHANGE","loadLevelTrend":"DECREASING","trainingStatusFeedbackPhrase":"RECOVERY_AER_LOW_SHORT"},{"userProfilePK":76018113,"calendarDate":"2024-02-25","deviceId":3401978503,"timestamp":"2024-02-25T10:32:58.0","sport":"RUNNING","subSport":"GENERIC","weeklyTrainingLoadSum":801,"loadTunnelMin":559,"loadTunnelMax":1258,"trainingStatus":"PRODUCTIVE","fitnessLevelTrend":"INCREASING","loadLevelTrend":"NO_CHANGE","trainingStatusFeedbackPhrase":"PRODUCTIVE_AER_LOW_SHORT"},{"userProfilePK":76018113,"calendarDate":"2024-02-26","deviceId":3401978503,"timestamp":"2024-02-25T23:02:17.0","sport":"RUNNING","subSport":"GENERIC","weeklyTrainingLoadSum":801,"loadTunnelMin":559,"loadTunnelMax":1258,"trainingStatus":"PRODUCTIVE","fitnessLevelTrend":"INCREASING","loadLevelTrend":"NO_CHANGE","trainingStatusFeedbackPhrase":"PRODUCTIVE_AER_LOW_SHORT"},{"userProfilePK":76018113,"calendarDate":"2024-02-27","deviceId":3401978503,"timestamp":"2024-02-26T23:02:20.0","sport":"RUNNING","subSport":"GENERIC","weeklyTrainingLoadSum":781,"loadTunnelMin":559,"loadTunnelMax":1258,"trainingStatus":"PRODUCTIVE","fitnessLevelTrend":"INCREASING","loadLevelTrend":"NO_CHANGE","trainingStatusFeedbackPhrase":"PRODUCTIVE_AER_LOW_SHORT"},{"userProfilePK":76018113,"calendarDate":"2024-02-27","deviceId":3401978503,"timestamp":"2024-02-27T06:29:00.0","sport":"RUNNING","subSport":"GENERIC","weeklyTrainingLoadSum":792,"loadTunnelMin":559,"loadTunnelMax":1258,"trainingStatus":"PRODUCTIVE","fitnessLevelTrend":"INCREASING","loadLevelTrend":"NO_CHANGE","trainingStatusFeedbackPhrase":"PRODUCTIVE_AER_LOW_SHORT"},{"userProfilePK":76018113,"calendarDate":"2024-02-28","deviceId":3401978503,"timestamp":"2024-02-27T23:02:21.0","sport":"RUNNING","subSport":"GENERIC","weeklyTrainingLoadSum":497,"loadTunnelMin":559,"loadTunnelMax":1258,"trainingStatus":"PRODUCTIVE","fitnessLevelTrend":"INCREASING","loadLevelTrend":"DECREASING","trainingStatusFeedbackPhrase":"PRODUCTIVE_AER_LOW_SHORT"},{"userProfilePK":76018113,"calendarDate":"2024-02-28","deviceId":3401978503,"timestamp":"2024-02-28T06:38:15.0","sport":"RUNNING","subSport":"GENERIC","weeklyTrainingLoadSum":760,"loadTunnelMin":559,"loadTunnelMax":1258,"trainingStatus":"MAINTAINING","fitnessLevelTrend":"NO_CHANGE","loadLevelTrend":"NO_CHANGE","trainingStatusFeedbackPhrase":"MAINTAINING_AER_LOW_SHORT"},{"userProfilePK":76018113,"calendarDate":"2024-02-29","deviceId":3401978503,"timestamp":"2024-02-28T23:02:26.0","sport":"RUNNING","subSport":"GENERIC","weeklyTrainingLoadSum":760,"loadTunnelMin":559,"loadTunnelMax":1258,"trainingStatus":"MAINTAINING","fitnessLevelTrend":"NO_CHANGE","loadLevelTrend":"NO_CHANGE","trainingStatusFeedbackPhrase":"MAINTAINING_AER_LOW_SHORT"},{"userProfilePK":76018113,"calendarDate":"2024-02-29","deviceId":3401978503,"timestamp":"2024-02-29T06:48:37.0","sport":"RUNNING","subSport":"GENERIC","weeklyTrainingLoadSum":772,"loadTunnelMin":559,"loadTunnelMax":1258,"trainingStatus":"MAINTAINING","fitnessLevelTrend":"NO_CHANGE","loadLevelTrend":"NO_CHANGE","trainingStatusFeedbackPhrase":"MAINTAINING_AER_LOW_SHORT"},{"userProfilePK":76018113,"calendarDate":"2024-03-01","deviceId":3401978503,"timestamp":"2024-02-29T23:02:27.0","sport":"RUNNING","subSport":"GENERIC","weeklyTrainingLoadSum":532,"loadTunnelMin":559,"loadTunnelMax":1258,"trainingStatus":"RECOVERY","fitnessLevelTrend":"NO_CHANGE","loadLevelTrend":"DECREASING","trainingStatusFeedbackPhrase":"RECOVERY_AER_LOW_SHORT"},{"userProfilePK":76018113,"calendarDate":"2024-03-01","deviceId":3401978503,"timestamp":"2024-03-01T06:53:35.0","sport":"RUNNING","subSport":"GENERIC","weeklyTrainingLoadSum":783,"loadTunnelMin":559,"loadTunnelMax":1258,"trainingStatus":"MAINTAINING","fitnessLevelTrend":"NO_CHANGE","loadLevelTrend":"NO_CHANGE","trainingStatusFeedbackPhrase":"MAINTAINING_AER_LOW_SHORT"},{"userProfilePK":76018113,"calendarDate":"2024-03-02","deviceId":3401978503,"timestamp":"2024-03-01T23:02:30.0","sport":"RUNNING","subSport":"GENERIC","weeklyTrainingLoadSum":758,"loadTunnelMin":559,"loadTunnelMax":1258,"trainingStatus":"MAINTAINING","fitnessLevelTrend":"NO_CHANGE","loadLevelTrend":"NO_CHANGE","trainingStatusFeedbackPhrase":"MAINTAINING_AER_LOW_SHORT"},{"userProfilePK":76018113,"calendarDate":"2024-03-03","deviceId":3401978503,"timestamp":"2024-03-02T23:02:31.0","sport":"RUNNING","subSport":"GENERIC","weeklyTrainingLoadSum":537,"loadTunnelMin":559,"loadTunnelMax":1258,"trainingStatus":"RECOVERY","fitnessLevelTrend":"NO_CHANGE","loadLevelTrend":"DECREASING","trainingStatusFeedbackPhrase":"RECOVERY_AER_LOW_SHORT"},{"userProfilePK":76018113,"calendarDate":"2024-03-03","deviceId":3401978503,"timestamp":"2024-03-03T17:56:19.0","sport":"RUNNING","subSport":"GENERIC","weeklyTrainingLoadSum":829,"loadTunnelMin":559,"loadTunnelMax":1258,"trainingStatus":"MAINTAINING","fitnessLevelTrend":"NO_CHANGE","loadLevelTrend":"NO_CHANGE","trainingStatusFeedbackPhrase":"MAINTAINING_AER_LOW_SHORT"},{"userProfilePK":76018113,"calendarDate":"2024-03-04","deviceId":3401978503,"timestamp":"2024-03-03T23:02:33.0","sport":"RUNNING","subSport":"GENERIC","weeklyTrainingLoadSum":829,"loadTunnelMin":559,"loadTunnelMax":1258,"trainingStatus":"MAINTAINING","fitnessLevelTrend":"NO_CHANGE","loadLevelTrend":"NO_CHANGE","trainingStatusFeedbackPhrase":"MAINTAINING_AER_LOW_SHORT"},{"userProfilePK":76018113,"calendarDate":"2024-03-05","deviceId":3401978503,"timestamp":"2024-03-04T23:02:35.0","sport":"RUNNING","subSport":"GENERIC","weeklyTrainingLoadSum":818,"loadTunnelMin":559,"loadTunnelMax":1258,"trainingStatus":"MAINTAINING","fitnessLevelTrend":"NO_CHANGE","loadLevelTrend":"NO_CHANGE","trainingStatusFeedbackPhrase":"MAINTAINING_AER_LOW_SHORT"},{"userProfilePK":76018113,"calendarDate":"2024-03-06","deviceId":3401978503,"timestamp":"2024-03-05T23:02:36.0","sport":"RUNNING","subSport":"GENERIC","weeklyTrainingLoadSum":555,"loadTunnelMin":559,"loadTunnelMax":1258,"trainingStatus":"RECOVERY","fitnessLevelTrend":"NO_CHANGE","loadLevelTrend":"DECREASING","trainingStatusFeedbackPhrase":"RECOVERY_AER_LOW_SHORT"},{"userProfilePK":76018113,"calendarDate":"2024-03-06","deviceId":3401978503,"timestamp":"2024-03-06T06:45:40.0","sport":"RUNNING","subSport":"GENERIC","weeklyTrainingLoadSum":851,"loadTunnelMin":559,"loadTunnelMax":1258,"trainingStatus":"MAINTAINING","fitnessLevelTrend":"NO_CHANGE","loadLevelTrend":"NO_CHANGE","trainingStatusFeedbackPhrase":"MAINTAINING_AER_LOW_SHORT"},{"userProfilePK":76018113,"calendarDate":"2024-03-07","deviceId":3401978503,"timestamp":"2024-03-06T23:02:39.0","sport":"RUNNING","subSport":"GENERIC","weeklyTrainingLoadSum":839,"loadTunnelMin":559,"loadTunnelMax":1258,"trainingStatus":"MAINTAINING","fitnessLevelTrend":"NO_CHANGE","loadLevelTrend":"NO_CHANGE","trainingStatusFeedbackPhrase":"MAINTAINING_AER_LOW_SHORT"},{"userProfilePK":76018113,"calendarDate":"2024-03-08","deviceId":3401978503,"timestamp":"2024-03-07T23:02:40.0","sport":"RUNNING","subSport":"GENERIC","weeklyTrainingLoadSum":588,"loadTunnelMin":559,"loadTunnelMax":1258,"trainingStatus":"RECOVERY","fitnessLevelTrend":"NO_CHANGE","loadLevelTrend":"DECREASING","trainingStatusFeedbackPhrase":"RECOVERY_AER_LOW_SHORT"},{"userProfilePK":76018113,"calendarDate":"2024-03-09","deviceId":3401978503,"timestamp":"2024-03-08T23:02:41.0","sport":"RUNNING","subSport":"GENERIC","weeklyTrainingLoadSum":588,"loadTunnelMin":559,"loadTunnelMax":1258,"trainingStatus":"RECOVERY","fitnessLevelTrend":"NO_CHANGE","loadLevelTrend":"DECREASING","trainingStatusFeedbackPhrase":"RECOVERY_AER_LOW_SHORT"},{"userProfilePK":76018113,"calendarDate":"2024-03-09","deviceId":3401978503,"timestamp":"2024-03-09T09:35:06.0","sport":"RUNNING","subSport":"GENERIC","weeklyTrainingLoadSum":601,"loadTunnelMin":559,"loadTunnelMax":1258,"trainingStatus":"RECOVERY","fitnessLevelTrend":"NO_CHANGE","loadLevelTrend":"DECREASING","trainingStatusFeedbackPhrase":"RECOVERY_AER_LOW_SHORT"},{"userProfilePK":76018113,"calendarDate":"2024-03-10","deviceId":3401978503,"timestamp":"2024-03-09T23:02:44.0","sport":"RUNNING","subSport":"GENERIC","weeklyTrainingLoadSum":309,"loadTunnelMin":446,"loadTunnelMax":988,"trainingStatus":"RECOVERY","fitnessLevelTrend":"NO_CHANGE","loadLevelTrend":"DECREASING","trainingStatusFeedbackPhrase":"RECOVERY_AER_LOW_SHORT"},{"userProfilePK":76018113,"calendarDate":"2024-03-10","deviceId":3401978503,"timestamp":"2024-03-10T10:48:21.0","sport":"RUNNING","subSport":"GENERIC","weeklyTrainingLoadSum":696,"loadTunnelMin":559,"loadTunnelMax":1258,"trainingStatus":"MAINTAINING","fitnessLevelTrend":"NO_CHANGE","loadLevelTrend":"NO_CHANGE","trainingStatusFeedbackPhrase":"MAINTAINING_AER_LOW_SHORT"},{"userProfilePK":76018113,"calendarDate":"2024-03-11","deviceId":3401978503,"timestamp":"2024-03-10T23:02:50.0","sport":"RUNNING","subSport":"GENERIC","weeklyTrainingLoadSum":696,"loadTunnelMin":559,"loadTunnelMax":1258,"trainingStatus":"MAINTAINING","fitnessLevelTrend":"NO_CHANGE","loadLevelTrend":"NO_CHANGE","trainingStatusFeedbackPhrase":"MAINTAINING_AER_LOW_SHORT"}]