[{"userProfilePK":76018113,"calendarDate":"2023-05-16","deviceId":3401978503,"timestamp":"2023-05-15T22:04:44.0","sport":"RUNNING","subSport":"GENERIC","weeklyTrainingLoadSum":1012,"loadTunnelMin":559,"loadTunnelMax":1258,"trainingStatus":"MAINTAINING","fitnessLevelTrend":"NO_CHANGE","loadLevelTrend":"INCREASING","trainingStatusFeedbackPhrase":"MAINTAINING_AER_LOW_SHORT"},{"userProfilePK":76018113,"calendarDate":"2023-05-17","deviceId":3401978503,"timestamp":"2023-05-16T22:04:48.0","sport":"RUNNING","subSport":"GENERIC","weeklyTrainingLoadSum":788,"loadTunnelMin":559,"loadTunnelMax":1258,"trainingStatus":"MAINTAINING","fitnessLevelTrend":"NO_CHANGE","loadLevelTrend":"NO_CHANGE","trainingStatusFeedbackPhrase":"MAINTAINING_AER_LOW_SHORT"},{"userProfilePK":76018113,"calendarDate":"2023-05-17","deviceId":3401978503,"timestamp":"2023-05-17T05:32:24.0","sport":"RUNNING","subSport":"GENERIC","weeklyTrainingLoadSum":999,"loadTunnelMin":559,"loadTunnelMax":1258,"trainingStatus":"MAINTAINING","fitnessLevelTrend":"NO_CHANGE","loadLevelTrend":"INCREASING","trainingStatusFeedbackPhrase":"MAINTAINING_AER_LOW_SHORT"},{"userProfilePK":76018113,"calendarDate":"2023-05-18","deviceId":3401978503,"timestamp":"2023-05-17T22:04:51.0","sport":"RUNNING","subSport":"GENERIC","weeklyTrainingLoadSum":999,"loadTunnelMin":559,"loadTunnelMax":1258,"trainingStatus":"MAINTAINING","fitnessLevelTrend":"NO_CHANGE","loadLevelTrend":"INCREASING","trainingStatusFeedbackPhrase":"MAINTAINING_AER_LOW_SHORT"},{"userProfilePK":76018113,"calendarDate":"2023-05-18","deviceId":3401978503,"timestamp":"2023-05-18T05:24:56.0","sport":"RUNNING","subSport":"GENERIC","weeklyTrainingLoadSum":1242,"loadTunnelMin":559,"loadTunnelMax":1258,"trainingStatus":"PRODUCTIVE","fitnessLevelTrend":"NO_CHANGE","loadLevelTrend":"INCREASING","trainingStatusFeedbackPhrase":"PRODUCTIVE_AER_LOW_SHORT"},{"userProfilePK":76018113,"calendarDate":"2023-05-19","deviceId":3401978503,"timestamp":"2023-05-18T22:04:56.0","sport":"RUNNING","subSport":"GENERIC","weeklyTrainingLoadSum":1065,"loadTunnelMin":559,"loadTunnelMax":1258,"trainingStatus":"PRODUCTIVE","fitnessLevelTrend":"NO_CHANGE","loadLevelTrend":"INCREASING","trainingStatusFeedbackPhrase":"PRODUCTIVE_AER_LOW_SHORT"},{"userProfilePK":76018113,"calendarDate":"2023-05-19","deviceId":3401978503,"timestamp":"2023-05-19T05:53:01.0","sport":"RUNNING","subSport":"GENERIC","weeklyTrainingLoadSum":1080,"loadTunnelMin":559,"loadTunnelMax":1258,"trainingStatus":"PRODUCTIVE","fitnessLevelTrend":"NO_CHANGE","loadLevelTrend":"INCREASING","trainingStatusFeedbackPhrase":"PRODUCTIVE_AER_LOW_SHORT"},{"userProfilePK":76018113,"calendarDate":"2023-05-20","deviceId":3401978503,"timestamp":"2023-05-19T22:05:00.0","sport":"RUNNING","subSport":"GENERIC","weeklyTrainingLoadSum":653,"loadTunnelMin":559,"loadTunnelMax":1258,"trainingStatus":"RECOVERY","fitnessLevelTrend":"NO_CHANGE","loadLevelTrend":"DECREASING","trainingStatusFeedbackPhrase":"RECOVERY_AER_LOW_SHORT"},{"userProfilePK":76018113,"calendarDate":"2023-05-20","deviceId":3401978503,"timestamp":"2023-05-20T08:53:57.0","sport":"RUNNING","subSport":"GENERIC","weeklyTrainingLoadSum":1002,"loadTunnelMin":559,"loadTunnelMax":1258,"trainingStatus":"MAINTAINING","fitnessLevelTrend":"NO_CHANGE","loadLevelTrend":"INCREASING","trainingStatusFeedbackPhrase":"MAINTAINING_AER_LOW_SHORT"},{"userProfilePK":76018113,"calendarDate":"2023-05-21","deviceId":3401978503,"timestamp":"2023-05-20T22:05:03.0","sport":"RUNNING","subSport":"GENERIC","weeklyTrainingLoadSum":974,"loadTunnelMin":559,"loadTunnelMax":1258,"trainingStatus":"MAINTAINING","fitnessLevelTrend":"NO_CHANGE","loadLevelTrend":"INCREASING","trainingStatusFeedbackPhrase":"MAINTAINING_AER_LOW_SHORT"},{"userProfilePK":76018113,"calendarDate":"2023-05-21","deviceId":3401978503,"timestamp":"2023-05-21T11:32:37.0","sport":"RUNNING","subSport":"GENERIC","weeklyTrainingLoadSum":1005,"loadTunnelMin":559,"loadTunnelMax":1258,"trainingStatus":"MAINTAINING","fitnessLevelTrend":"NO_CHANGE","loadLevelTrend":"INCREASING","trainingStatusFeedbackPhrase":"MAINTAINING_AER_LOW_SHORT"},{"userProfilePK":76018113,"calendarDate":"2023-05-22","deviceId":3401978503,"timestamp":"2023-05-21T22:05:07.0","sport":"RUNNING","subSport":"GENERIC","weeklyTrainingLoadSum":849,"loadTunnelMin":559,"loadTunnelMax":1258,"trainingStatus":"MAINTAINING","fitnessLevelTrend":"NO_CHANGE","loadLevelTrend":"NO_CHANGE","trainingStatusFeedbackPhrase":"MAINTAINING_AER_LOW_SHORT"},{"userProfilePK":76018113,"calendarDate":"2023-05-22","deviceId":3401978503,"timestamp":"2023-05-22T05:29:54.0","sport":"RUNNING","subSport":"GENERIC","weeklyTrainingLoadSum":1026,"loadTunnelMin":559,"loadTunnelMax":1258,"trainingStatus":"PRODUCTIVE","fitnessLevelTrend":"NO_CHANGE","loadLevelTrend":"INCREASING","trainingStatusFeedbackPhrase":"PRODUCTIVE_AER_LOW_SHORT"},{"userProfilePK":76018113,"calendarDate":"2023-05-23","deviceId":3401978503,"timestamp":"2023-05-22T22:05:10.0","sport":"RUNNING","subSport":"GENERIC","weeklyTrainingLoadSum":1026,"loadTunnelMin":559,"loadTunnelMax":1258,"trainingStatus":"PRODUCTIVE","fitnessLevelTrend":"NO_CHANGE","loadLevelTrend":"INCREASING","trainingStatusFeedbackPhrase":"PRODUCTIVE_AER_LOW_SHORT"},{"userProfilePK":76018113,"calendarDate":"2023-05-24","deviceId":3401978503,"timestamp":"2023-05-23T22:05:14.0","sport":"RUNNING","subSport":"GENERIC","weeklyTrainingLoadSum":815,"loadTunnelMin":446,"loadTunnelMax":988,"trainingStatus":"PRODUCTIVE","fitnessLevelTrend":"NO_CHANGE","loadLevelTrend":"INCREASING","trainingStatusFeedbackPhrase":"PRODUCTIVE_AER_LOW_SHORT"},{"userProfilePK":76018113,"calendarDate":"2023-05-24","deviceId":3401978503,"timestamp":"2023-05-24T05:34:19.0","sport":"RUNNING","subSport":"GENERIC","weeklyTrainingLoadSum":986,"loadTunnelMin":559,"loadTunnelMax":1258,"trainingStatus":"MAINTAINING","fitnessLevelTrend":"NO_CHANGE","loadLevelTrend":"INCREASING","trainingStatusFeedbackPhrase":"MAINTAINING_AER_LOW_SHORT"},{"userProfilePK":76018113,"calendarDate":"2023-05-25","deviceId":3401978503,"timestamp":"2023-05-24T22:05:20.0","sport":"RUNNING","subSport":"GENERIC","weeklyTrainingLoadSum":743,"loadTunnelMin":559,"loadTunnelMax":1258,"trainingStatus":"MAINTAINING","fitnessLevelTrend":"NO_CHANGE","loadLevelTrend":"NO_CHANGE","trainingStatusFeedbackPhrase":"MAINTAINING_AER_LOW_SHORT"},{"userProfilePK":76018113,"calendarDate":"2023-05-26","deviceId":3401978503,"timestamp":"2023-05-25T22:51:59.0","sport":"RUNNING","subSport":"GENERIC","weeklyTrainingLoadSum":929,"loadTunnelMin":559,"loadTunnelMax":1258,"trainingStatus":"MAINTAINING","fitnessLevelTrend":"NO_CHANGE","loadLevelTrend":"INCREASING","trainingStatusFeedbackPhrase":"MAINTAINING_AER_LOW_SHORT"},{"userProfilePK":76018113,"calendarDate":"2023-05-27","deviceId":3401978503,"timestamp":"2023-05-26T22:05:26.0","sport":"RUNNING","subSport":"GENERIC","weeklyTrainingLoadSum":580,"loadTunnelMin":559,"loadTunnelMax":1258,"trainingStatus":"RECOVERY","fitnessLevelTrend":"NO_CHANGE","loadLevelTrend":"DECREASING","trainingStatusFeedbackPhrase":"RECOVERY_AER_LOW_SHORT"},{"userProfilePK":76018113,"calendarDate":"2023-05-27","deviceId":3401978503,"timestamp":"2023-05-27T08:21:26.0","sport":"RUNNING","subSport":"GENERIC","weeklyTrainingLoadSum":932,"loadTunnelMin":559,"loadTunnelMax":1258,"trainingStatus":"MAINTAINING","fitnessLevelTrend":"NO_CHANGE","loadLevelTrend":"INCREASING","trainingStatusFeedbackPhrase":"MAINTAINING_AER_LOW_SHORT"},{"userProfilePK":76018113,"calendarDate":"2023-05-28","deviceId":3401978503,"timestamp":"2023-05-27T22:05:30.0","sport":"RUNNING","subSport":"GENERIC","weeklyTrainingLoadSum":901,"loadTunnelMin":559,"loadTunnelMax":1258,"trainingStatus":"MAINTAINING","fitnessLevelTrend":"NO_CHANGE","loadLevelTrend":"INCREASING","trainingStatusFeedbackPhrase":"MAINTAINING_AER_LOW_SHORT"},{"userProfilePK":76018113,"calendarDate":"2023-05-28","deviceId":3401978503,"timestamp":"2023-05-28T19:43:21.0","sport":"RUNNING","subSport":"GENERIC","weeklyTrainingLoadSum":1089,"loadTunnelMin":559,"loadTunnelMax":1258,"trainingStatus":"PRODUCTIVE","fitnessLevelTrend":"NO_CHANGE","loadLevelTrend":"INCREASING","trainingStatusFeedbackPhrase":"PRODUCTIVE_AER_LOW_SHORT"},{"userProfilePK":76018113,"calendarDate":"2023-05-29","deviceId":3401978503,"timestamp":"2023-05-28T22:05:35.0","sport":"RUNNING","subSport":"GENERIC","weeklyTrainingLoadSum":912,"loadTunnelMin":559,"loadTunnelMax":1258,"trainingStatus":"PRODUCTIVE","fitnessLevelTrend":"NO_CHANGE","loadLevelTrend":"NO_CHANGE","trainingStatusFeedbackPhrase":"PRODUCTIVE_AER_LOW_SHORT"},{"userProfilePK":76018113,"calendarDate":"2023-05-29","deviceId":3401978503,"timestamp":"2023-05-29T17:17:36.0","sport":"RUNNING","subSport":"GENERIC","weeklyTrainingLoadSum":929,"loadTunnelMin":559,"loadTunnelMax":1258,"trainingStatus":"MAINTAINING","fitnessLevelTrend":"NO_CHANGE","loadLevelTrend":"NO_CHANGE","trainingStatusFeedbackPhrase":"MAINTAINING_AER_LOW_SHORT"},{"userProfilePK":76018113,"calendarDate":"2023-05-30","deviceId":3401978503,"timestamp":"2023-05-29T22:05:38.0","sport":"RUNNING","subSport":"GENERIC","weeklyTrainingLoadSum":929,"loadTunnelMin":559,"loadTunnelMax":1258,"trainingStatus":"MAINTAINING","fitnessLevelTrend":"NO_CHANGE","loadLevelTrend":"NO_CHANGE","trainingStatusFeedbackPhrase":"MAINTAINING_AER_LOW_SHORT"},{"userProfilePK":76018113,"calendarDate":"2023-05-31","deviceId":3401978503,"timestamp":"2023-05-30T22:05:42.0","sport":"RUNNING","subSport":"GENERIC","weeklyTrainingLoadSum":758,"loadTunnelMin":559,"loadTunnelMax":1258,"trainingStatus":"MAINTAINING","fitnessLevelTrend":"NO_CHANGE","loadLevelTrend":"NO_CHANGE","trainingStatusFeedbackPhrase":"MAINTAINING_AER_LOW_SHORT"},{"userProfilePK":76018113,"calendarDate":"2023-05-31","deviceId":3401978503,"timestamp":"2023-05-31T05:50:09.0","sport":"RUNNING","subSport":"GENERIC","weeklyTrainingLoadSum":988,"loadTunnelMin":559,"loadTunnelMax":1258,"trainingStatus":"MAINTAINING","fitnessLevelTrend":"NO_CHANGE","loadLevelTrend":"NO_CHANGE","trainingStatusFeedbackPhrase":"MAINTAINING_AER_LOW_SHORT"},{"userProfilePK":76018113,"calendarDate":"2023-06-01","deviceId":3401978503,"timestamp":"2023-05-31T22:05:47.0","sport":"RUNNING","subSport":"GENERIC","weeklyTrainingLoadSum":988,"loadTunnelMin":559,"loadTunnelMax":1258,"trainingStatus":"MAINTAINING","fitnessLevelTrend":"NO_CHANGE","loadLevelTrend":"NO_CHANGE","trainingStatusFeedbackPhrase":"MAINTAINING_AER_LOW_SHORT"},{"userProfilePK":76018113,"calendarDate":"2023-06-01","deviceId":3401978503,"timestamp":"2023-06-01T05:54:28.0","sport":"RUNNING","subSport":"GENERIC","weeklyTrainingLoadSum":1211,"loadTunnelMin":722,"loadTunnelMax":1540,"trainingStatus":"MAINTAINING","fitnessLevelTrend":"NO_CHANGE","loadLevelTrend":"INCREASING","trainingStatusFeedbackPhrase":"MAINTAINING_AER_LOW_SHORT"},{"userProfilePK":76018113,"calendarDate":"2023-06-02","deviceId":3401978503,"timestamp":"2023-06-01T22:05:50.0","sport":"RUNNING","subSport":"GENERIC","weeklyTrainingLoadSum":1010,"loadTunnelMin":722,"loadTunnelMax":1540,"trainingStatus":"MAINTAINING","fitnessLevelTrend":"NO_CHANGE","loadLevelTrend":"NO_CHANGE","trainingStatusFeedbackPhrase":"MAINTAINING_AER_LOW_SHORT"},{"userProfilePK":76018113,"calendarDate":"2023-06-03","deviceId":3401978503,"timestamp":"2023-06-02T22:05:52.0","sport":"RUNNING","subSport":"GENERIC","weeklyTrainingLoadSum":658,"loadTunnelMin":722,"loadTunnelMax":1540,"trainingStatus":"RECOVERY","fitnessLevelTrend":"NO_CHANGE","loadLevelTrend":"DECREASING","trainingStatusFeedbackPhrase":"RECOVERY_AER_LOW_SHORT"},{"userProfilePK":76018113,"calendarDate":"2023-06-03","deviceId":3401978503,"timestamp":"2023-06-03T19:29:25.0","sport":"RUNNING","subSport":"GENERIC","weeklyTrainingLoadSum":791,"loadTunnelMin":722,"loadTunnelMax":1540,"trainingStatus":"MAINTAINING","fitnessLevelTrend":"NO_CHANGE","loadLevelTrend":"NO_CHANGE","trainingStatusFeedbackPhrase":"MAINTAINING_AER_LOW_SHORT"},{"userProfilePK":76018113,"calendarDate":"2023-06-03","deviceId":3401978503,"timestamp":"2023-06-03T19:59:56.0","sport":"RUNNING","subSport":"GENERIC","weeklyTrainingLoadSum":989,"loadTunnelMin":722,"loadTunnelMax":1540,"trainingStatus":"MAINTAINING","fitnessLevelTrend":"NO_CHANGE","loadLevelTrend":"NO_CHANGE","trainingStatusFeedbackPhrase":"MAINTAINING_AER_LOW_SHORT"},{"userProfilePK":76018113,"calendarDate":"2023-06-04","deviceId":3401978503,"timestamp":"2023-06-03T22:05:58.0","sport":"RUNNING","subSport":"GENERIC","weeklyTrainingLoadSum":801,"loadTunnelMin":722,"loadTunnelMax":1540,"trainingStatus":"RECOVERY","fitnessLevelTrend":"NO_CHANGE","loadLevelTrend":"DECREASING","trainingStatusFeedbackPhrase":"RECOVERY_AER_LOW_SHORT"},{"userProfilePK":76018113,"calendarDate":"2023-06-05","deviceId":3401978503,"timestamp":"2023-06-04T22:01:01.0","sport":"RUNNING","subSport":"GENERIC","weeklyTrainingLoadSum":784,"loadTunnelMin":722,"loadTunnelMax":1540,"trainingStatus":"RECOVERY","fitnessLevelTrend":"NO_CHANGE","loadLevelTrend":"DECREASING","trainingStatusFeedbackPhrase":"RECOVERY_AER_LOW_SHORT"},{"userProfilePK":76018113,"calendarDate":"2023-06-06","deviceId":3401978503,"timestamp":"2023-06-05T22:01:05.0","sport":"RUNNING","subSport":"GENERIC","weeklyTrainingLoadSum":784,"loadTunnelMin":722,"loadTunnelMax":1540,"trainingStatus":"RECOVERY","fitnessLevelTrend":"NO_CHANGE","loadLevelTrend":"DECREASING","trainingStatusFeedbackPhrase":"RECOVERY_AER_LOW_SHORT"},{"userProfilePK":76018113,"calendarDate":"2023-06-07","deviceId":3401978503,"timestamp":"2023-06-06T22:01:10.0","sport":"RUNNING","subSport":"GENERIC","weeklyTrainingLoadSum":554,"loadTunnelMin":722,"loadTunnelMax":1540,"trainingStatus":"RECOVERY","fitnessLevelTrend":"NO_CHANGE","loadLevelTrend":"DECREASING","trainingStatusFeedbackPhrase":"RECOVERY_AER_LOW_SHORT"},{"userProfilePK":76018113,"calendarDate":"2023-06-07","deviceId":3401978503,"timestamp":"2023-06-07T05:59:09.0","sport":"RUNNING","subSport":"GENERIC","weeklyTrainingLoadSum":561,"loadTunnelMin":722,"loadTunnelMax":1540,"trainingStatus":"RECOVERY","fitnessLevelTrend":"NO_CHANGE","loadLevelTrend":"DECREASING","trainingStatusFeedbackPhrase":"RECOVERY_AER_LOW_SHORT"},{"userProfilePK":76018113,"calendarDate":"2023-06-07","deviceId":3401978503,"timestamp":"2023-06-07T19:11:20.0","sport":"RUNNING","subSport":"GENERIC","weeklyTrainingLoadSum":690,"loadTunnelMin":722,"loadTunnelMax":1540,"trainingStatus":"RECOVERY","fitnessLevelTrend":"NO_CHANGE","loadLevelTrend":"DECREASING","trainingStatusFeedbackPhrase":"RECOVERY_AER_LOW_SHORT"},{"userProfilePK":76018113,"calendarDate":"2023-06-08","deviceId":3401978503,"timestamp":"2023-06-07T22:01:13.0","sport":"RUNNING","subSport":"GENERIC","weeklyTrainingLoadSum":467,"loadTunnelMin":722,"loadTunnelMax":1540,"trainingStatus":"RECOVERY","fitnessLevelTrend":"NO_CHANGE","loadLevelTrend":"DECREASING","trainingStatusFeedbackPhrase":"RECOVERY_AER_LOW_SHORT"},{"userProfilePK":76018113,"calendarDate":"2023-06-09","deviceId":3401978503,"timestamp":"2023-06-08T22:01:18.0","sport":"RUNNING","subSport":"GENERIC","weeklyTrainingLoadSum":467,"loadTunnelMin":559,"loadTunnelMax":1258,"trainingStatus":"RECOVERY","fitnessLevelTrend":"NO_CHANGE","loadLevelTrend":"DECREASING","trainingStatusFeedbackPhrase":"RECOVERY_AER_LOW_SHORT"},{"userProfilePK":76018113,"calendarDate":"2023-06-09","deviceId":3401978503,"timestamp":"2023-06-09T04:52:38.0","sport":"RUNNING","subSport":"GENERIC","weeklyTrainingLoadSum":467,"loadTunnelMin":559,"loadTunnelMax":1258,"trainingStatus":"RECOVERY","fitnessLevelTrend":"NO_CHANGE","loadLevelTrend":"DECREASING","trainingStatusFeedbackPhrase":"RECOVERY_AER_LOW_SHORT"},{"userProfilePK":76018113,"calendarDate":"2023-06-09","deviceId":3401978503,"timestamp":"2023-06-09T05:44:15.0","sport":"RUNNING","subSport":"GENERIC","weeklyTrainingLoadSum":664,"loadTunnelMin":722,"loadTunnelMax":1540,"trainingStatus":"RECOVERY","fitnessLevelTrend":"NO_CHANGE","loadLevelTrend":"DECREASING","trainingStatusFeedbackPhrase":"RECOVERY_AER_LOW_SHORT"},{"userProfilePK":76018113,"calendarDate":"2023-06-10","deviceId":3401978503,"timestamp":"2023-06-09T22:01:23.0","sport":"RUNNING","subSport":"GENERIC","weeklyTrainingLoadSum":333,"loadTunnelMin":559,"loadTunnelMax":1258,"trainingStatus":"RECOVERY","fitnessLevelTrend":"NO_CHANGE","loadLevelTrend":"DECREASING","trainingStatusFeedbackPhrase":"RECOVERY_AER_LOW_SHORT"},{"userProfilePK":76018113,"calendarDate":"2023-06-10","deviceId":3401978503,"timestamp":"2023-06-10T09:57:12.0","sport":"RUNNING","subSport":"GENERIC","weeklyTrainingLoadSum":333,"loadTunnelMin":559,"loadTunnelMax":1258,"trainingStatus":"RECOVERY","fitnessLevelTrend":"NO_CHANGE","loadLevelTrend":"DECREASING","trainingStatusFeedbackPhrase":"RECOVERY_AER_LOW_SHORT"},{"userProfilePK":76018113,"calendarDate":"2023-06-10","deviceId":3401978503,"timestamp":"2023-06-10T11:21:51.0","sport":"RUNNING","subSport":"GENERIC","weeklyTrainingLoadSum":613,"loadTunnelMin":722,"loadTunnelMax":1540,"trainingStatus":"MAINTAINING","fitnessLevelTrend":"NO_CHANGE","loadLevelTrend":"DECREASING","trainingStatusFeedbackPhrase":"MAINTAINING_AER_LOW_SHORT"},{"userProfilePK":76018113,"calendarDate":"2023-06-11","deviceId":3401978503,"timestamp":"2023-06-10T22:01:28.0","sport":"RUNNING","subSport":"GENERIC","weeklyTrainingLoadSum":613,"loadTunnelMin":559,"loadTunnelMax":1258,"trainingStatus":"MAINTAINING","fitnessLevelTrend":"NO_CHANGE","loadLevelTrend":"DECREASING","trainingStatusFeedbackPhrase":"MAINTAINING_AER_LOW_SHORT"},{"userProfilePK":76018113,"calendarDate":"2023-06-11","deviceId":3401978503,"timestamp":"2023-06-11T09:56:27.0","sport":"RUNNING","subSport":"GENERIC","weeklyTrainingLoadSum":633,"loadTunnelMin":722,"loadTunnelMax":1540,"trainingStatus":"MAINTAINING","fitnessLevelTrend":"NO_CHANGE","loadLevelTrend":"DECREASING","trainingStatusFeedbackPhrase":"MAINTAINING_AER_LOW_SHORT"},{"userProfilePK":76018113,"calendarDate":"2023-06-11","deviceId":3401978503,"timestamp":"2023-06-11T17:40:23.0","sport":"RUNNING","subSport":"GENERIC","weeklyTrainingLoadSum":775,"loadTunnelMin":722,"loadTunnelMax":1540,"trainingStatus":"MAINTAINING","fitnessLevelTrend":"NO_CHANGE","loadLevelTrend":"DECREASING","trainingStatusFeedbackPhrase":"MAINTAINING_AER_LOW_SHORT"},{"userProfilePK":76018113,"calendarDate":"2023-06-12","deviceId":3401978503,"timestamp":"2023-06-11T22:01:33.0","sport":"RUNNING","subSport":"GENERIC","weeklyTrainingLoadSum":775,"loadTunnelMin":722,"loadTunnelMax":1540,"trainingStatus":"MAINTAINING","fitnessLevelTrend":"NO_CHANGE","loadLevelTrend":"NO_CHANGE","trainingStatusFeedbackPhrase":"MAINTAINING_AER_LOW_SHORT"},{"userProfilePK":76018113,"calendarDate":"2023-06-13","deviceId":3401978503,"timestamp":"2023-06-12T22:01:36.0","sport":"RUNNING","subSport":"GENERIC","weeklyTrainingLoadSum":775,"loadTunnelMin":722,"loadTunnelMax":1540,"trainingStatus":"MAINTAINING","fitnessLevelTrend":"NO_CHANGE","loadLevelTrend":"NO_CHANGE","trainingStatusFeedbackPhrase":"MAINTAINING_AER_LOW_SHORT"},{"userProfilePK":76018113,"calendarDate":"2023-06-13","deviceId":3401978503,"timestamp":"2023-06-13T05:42:46.0","sport":"RUNNING","subSport":"GENERIC","weeklyTrainingLoadSum":888,"loadTunnelMin":722,"loadTunnelMax":1540,"trainingStatus":"MAINTAINING","fitnessLevelTrend":"NO_CHANGE","loadLevelTrend":"NO_CHANGE","trainingStatusFeedbackPhrase":"MAINTAINING_AER_LOW_SHORT"},{"userProfilePK":76018113,"calendarDate":"2023-06-14","deviceId":3401978503,"timestamp":"2023-06-13T22:01:41.0","sport":"RUNNING","subSport":"GENERIC","weeklyTrainingLoadSum":752,"loadTunnelMin":559,"loadTunnelMax":1258,"trainingStatus":"MAINTAINING","fitnessLevelTrend":"NO_CHANGE","loadLevelTrend":"NO_CHANGE","trainingStatusFeedbackPhrase":"MAINTAINING_AER_LOW_SHORT"},{"userProfilePK":76018113,"calendarDate":"2023-06-14","deviceId":3401978503,"timestamp":"2023-06-14T05:54:25.0","sport":"RUNNING","subSport":"GENERIC","weeklyTrainingLoadSum":763,"loadTunnelMin":559,"loadTunnelMax":1258,"trainingStatus":"MAINTAINING","fitnessLevelTrend":"NO_CHANGE","loadLevelTrend":"NO_CHANGE","trainingStatusFeedbackPhrase":"MAINTAINING_AER_LOW_SHORT"},{"userProfilePK":76018113,"calendarDate":"2023-06-15","deviceId":3401978503,"timestamp":"2023-06-14T22:01:45.0","sport":"RUNNING","subSport":"GENERIC","weeklyTrainingLoadSum":763,"loadTunnelMin":559,"loadTunnelMax":1258,"trainingStatus":"MAINTAINING","fitnessLevelTrend":"NO_CHANGE","loadLevelTrend":"NO_CHANGE","trainingStatusFeedbackPhrase":"MAINTAINING_AER_LOW_SHORT"},{"userProfilePK":76018113,"calendarDate":"2023-06-15","deviceId":3401978503,"timestamp":"2023-06-15T05:41:47.0","sport":"RUNNING","subSport":"GENERIC","weeklyTrainingLoadSum":928,"loadTunnelMin":559,"loadTunnelMax":1258,"trainingStatus":"MAINTAINING","fitnessLevelTrend":"NO_CHANGE","loadLevelTrend":"NO_CHANGE","trainingStatusFeedbackPhrase":"MAINTAINING_AER_LOW_SHORT"},{"userProfilePK":76018113,"calendarDate":"2023-06-16","deviceId":3401978503,"timestamp":"2023-06-15T22:01:51.0","sport":"RUNNING","subSport":"GENERIC","weeklyTrainingLoadSum":731,"loadTunnelMin":559,"loadTunnelMax":1258,"trainingStatus":"MAINTAINING","fitnessLevelTrend":"NO_CHANGE","loadLevelTrend":"NO_CHANGE","trainingStatusFeedbackPhrase":"MAINTAINING_AER_LOW_SHORT"},{"userProfilePK":76018113,"calendarDate":"2023-06-16","deviceId":3401978503,"timestamp":"2023-06-16T05:27:43.0","sport":"RUNNING","subSport":"GENERIC","weeklyTrainingLoadSum":880,"loadTunnelMin":559,"loadTunnelMax":1258,"trainingStatus":"MAINTAINING","fitnessLevelTrend":"NO_CHANGE","loadLevelTrend":"NO_CHANGE","trainingStatusFeedbackPhrase":"MAINTAINING_AER_LOW_SHORT"},{"userProfilePK":76018113,"calendarDate":"2023-06-17","deviceId":3401978503,"timestamp":"2023-06-16T22:01:55.0","sport":"RUNNING","subSport":"GENERIC","weeklyTrainingLoadSum":600,"loadTunnelMin":559,"loadTunnelMax":1258,"trainingStatus":"RECOVERY","fitnessLevelTrend":"NO_CHANGE","loadLevelTrend":"DECREASING","trainingStatusFeedbackPhrase":"RECOVERY_AER_LOW_SHORT"},{"userProfilePK":76018113,"calendarDate":"2023-06-18","deviceId":3401978503,"timestamp":"2023-06-17T22:01:58.0","sport":"RUNNING","subSport":"GENERIC","weeklyTrainingLoadSum":438,"loadTunnelMin":559,"loadTunnelMax":1258,"trainingStatus":"RECOVERY","fitnessLevelTrend":"NO_CHANGE","loadLevelTrend":"DECREASING","trainingStatusFeedbackPhrase":"RECOVERY_AER_LOW_SHORT"},{"userProfilePK":76018113,"calendarDate":"2023-06-19","deviceId":3401978503,"timestamp":"2023-06-18T22:02:01.0","sport":"RUNNING","subSport":"GENERIC","weeklyTrainingLoadSum":438,"loadTunnelMin":559,"loadTunnelMax":1258,"trainingStatus":"RECOVERY","fitnessLevelTrend":"NO_CHANGE","loadLevelTrend":"DECREASING","trainingStatusFeedbackPhrase":"RECOVERY_AER_LOW_SHORT"},{"userProfilePK":76018113,"calendarDate":"2023-06-20","deviceId":3401978503,"timestamp":"2023-06-19T22:02:05.0","sport":"RUNNING","subSport":"GENERIC","weeklyTrainingLoadSum":325,"loadTunnelMin":559,"loadTunnelMax":1258,"trainingStatus":"RECOVERY","fitnessLevelTrend":"NO_CHANGE","loadLevelTrend":"DECREASING","trainingStatusFeedbackPhrase":"RECOVERY_AER_LOW_SHORT"},{"userProfilePK":76018113,"calendarDate":"2023-06-21","deviceId":3401978503,"timestamp":"2023-06-20T22:02:09.0","sport":"RUNNING","subSport":"GENERIC","weeklyTrainingLoadSum":314,"loadTunnelMin":446,"loadTunnelMax":988,"trainingStatus":"RECOVERY","fitnessLevelTrend":"NO_CHANGE","loadLevelTrend":"DECREASING","trainingStatusFeedbackPhrase":"RECOVERY_AER_LOW_SHORT"},{"userProfilePK":76018113,"calendarDate":"2023-06-22","deviceId":3401978503,"timestamp":"2023-06-21T22:02:12.0","sport":"RUNNING","subSport":"GENERIC","weeklyTrainingLoadSum":149,"loadTunnelMin":446,"loadTunnelMax":988,"trainingStatus":"RECOVERY","fitnessLevelTrend":"NO_CHANGE","loadLevelTrend":"DECREASING","trainingStatusFeedbackPhrase":"RECOVERY_AER_LOW_SHORT"},{"userProfilePK":76018113,"calendarDate":"2023-06-23","deviceId":3401978503,"timestamp":"2023-06-22T22:02:15.0","sport":"RUNNING","subSport":"GENERIC","weeklyTrainingLoadSum":0,"loadTunnelMin":446,"loadTunnelMax":988,"trainingStatus":"DETRAINING","fitnessLevelTrend":"NO_CHANGE","loadLevelTrend":"DECREASING","trainingStatusFeedbackPhrase":"DETRAINING_AER_LOW_SHORT"},{"userProfilePK":76018113,"calendarDate":"2023-06-23","deviceId":3401978503,"timestamp":"2023-06-22T23:59:59.0","sport":"RUNNING","subSport":"GENERIC","weeklyTrainingLoadSum":0,"loadTunnelMin":446,"loadTunnelMax":988,"trainingStatus":"DETRAINING","fitnessLevelTrend":"NO_CHANGE","loadLevelTrend":"DECREASING","trainingStatusFeedbackPhrase":"DETRAINING_AER_LOW_SHORT"},{"userProfilePK":76018113,"calendarDate":"2023-06-24","deviceId":3401978503,"timestamp":"2023-06-23T23:59:59.0","sport":"RUNNING","subSport":"GENERIC","weeklyTrainingLoadSum":0,"loadTunnelMin":446,"loadTunnelMax":988,"trainingStatus":"DETRAINING","fitnessLevelTrend":"NO_CHANGE","loadLevelTrend":"DECREASING","trainingStatusFeedbackPhrase":"DETRAINING_AER_LOW_SHORT"},{"userProfilePK":76018113,"calendarDate":"2023-06-24","deviceId":3401978503,"timestamp":"2023-06-24T07:57:40.0","sport":"RUNNING","subSport":"GENERIC","weeklyTrainingLoadSum":0,"loadTunnelMin":446,"loadTunnelMax":988,"trainingStatus":"DETRAINING","fitnessLevelTrend":"NO_CHANGE","loadLevelTrend":"DECREASING","trainingStatusFeedbackPhrase":"DETRAINING_AER_LOW_SHORT"},{"userProfilePK":76018113,"calendarDate":"2023-06-24","deviceId":3401978503,"timestamp":"2023-06-24T11:11:34.0","sport":"RUNNING","subSport":"GENERIC","weeklyTrainingLoadSum":259,"loadTunnelMin":446,"loadTunnelMax":988,"trainingStatus":"MAINTAINING","fitnessLevelTrend":"NO_CHANGE","loadLevelTrend":"DECREASING","trainingStatusFeedbackPhrase":"MAINTAINING_AER_LOW_SHORT"},{"userProfilePK":76018113,"calendarDate":"2023-06-25","deviceId":3401978503,"timestamp":"2023-06-24T22:03:48.0","sport":"RUNNING","subSport":"GENERIC","weeklyTrainingLoadSum":259,"loadTunnelMin":446,"loadTunnelMax":988,"trainingStatus":"MAINTAINING","fitnessLevelTrend":"NO_CHANGE","loadLevelTrend":"DECREASING","trainingStatusFeedbackPhrase":"MAINTAINING_AER_LOW_SHORT"},{"userProfilePK":76018113,"calendarDate":"2023-06-25","deviceId":3401978503,"timestamp":"2023-06-25T17:05:49.0","sport":"RUNNING","subSport":"GENERIC","weeklyTrainingLoadSum":580,"loadTunnelMin":446,"loadTunnelMax":988,"trainingStatus":"MAINTAINING","fitnessLevelTrend":"NO_CHANGE","loadLevelTrend":"NO_CHANGE","trainingStatusFeedbackPhrase":"MAINTAINING_AER_LOW_SHORT"},{"userProfilePK":76018113,"calendarDate":"2023-06-26","deviceId":3401978503,"timestamp":"2023-06-25T22:03:53.0","sport":"RUNNING","subSport":"GENERIC","weeklyTrainingLoadSum":580,"loadTunnelMin":446,"loadTunnelMax":988,"trainingStatus":"MAINTAINING","fitnessLevelTrend":"NO_CHANGE","loadLevelTrend":"NO_CHANGE","trainingStatusFeedbackPhrase":"MAINTAINING_AER_LOW_SHORT"},{"userProfilePK":76018113,"calendarDate":"2023-06-27","deviceId":3401978503,"timestamp":"2023-06-26T22:03:54.0","sport":"RUNNING","subSport":"GENERIC","weeklyTrainingLoadSum":580,"loadTunnelMin":446,"loadTunnelMax":988,"trainingStatus":"MAINTAINING","fitnessLevelTrend":"NO_CHANGE","loadLevelTrend":"NO_CHANGE","trainingStatusFeedbackPhrase":"MAINTAINING_AER_LOW_SHORT"},{"userProfilePK":76018113,"calendarDate":"2023-06-27","deviceId":3401978503,"timestamp":"2023-06-27T05:49:59.0","sport":"RUNNING","subSport":"GENERIC","weeklyTrainingLoadSum":677,"loadTunnelMin":446,"loadTunnelMax":988,"trainingStatus":"MAINTAINING","fitnessLevelTrend":"NO_CHANGE","loadLevelTrend":"NO_CHANGE","trainingStatusFeedbackPhrase":"MAINTAINING_AER_LOW_SHORT"},{"userProfilePK":76018113,"calendarDate":"2023-06-28","deviceId":3401978503,"timestamp":"2023-06-27T22:03:58.0","sport":"RUNNING","subSport":"GENERIC","weeklyTrainingLoadSum":677,"loadTunnelMin":446,"loadTunnelMax":988,"trainingStatus":"MAINTAINING","fitnessLevelTrend":"NO_CHANGE","loadLevelTrend":"NO_CHANGE","trainingStatusFeedbackPhrase":"MAINTAINING_AER_LOW_SHORT"},{"userProfilePK":76018113,"calendarDate":"2023-06-28","deviceId":3401978503,"timestamp":"2023-06-28T20:56:50.0","sport":"RUNNING","subSport":"GENERIC","weeklyTrainingLoadSum":924,"loadTunnelMin":446,"loadTunnelMax":988,"trainingStatus":"PRODUCTIVE","fitnessLevelTrend":"NO_CHANGE","loadLevelTrend":"INCREASING","trainingStatusFeedbackPhrase":"PRODUCTIVE_AER_LOW_SHORT"},{"userProfilePK":76018113,"calendarDate":"2023-06-29","deviceId":3401978503,"timestamp":"2023-06-28T22:04:01.0","sport":"RUNNING","subSport":"GENERIC","weeklyTrainingLoadSum":924,"loadTunnelMin":446,"loadTunnelMax":988,"trainingStatus":"PRODUCTIVE","fitnessLevelTrend":"NO_CHANGE","loadLevelTrend":"INCREASING","trainingStatusFeedbackPhrase":"PRODUCTIVE_AER_LOW_SHORT"},{"userProfilePK":76018113,"calendarDate":"2023-06-30","deviceId":3401978503,"timestamp":"2023-06-29T22:04:04.0","sport":"RUNNING","subSport":"GENERIC","weeklyTrainingLoadSum":924,"loadTunnelMin":446,"loadTunnelMax":988,"trainingStatus":"PRODUCTIVE","fitnessLevelTrend":"NO_CHANGE","loadLevelTrend":"INCREASING","trainingStatusFeedbackPhrase":"PRODUCTIVE_AER_LOW_SHORT"},{"userProfilePK":76018113,"calendarDate":"2023-06-30","deviceId":3401978503,"timestamp":"2023-06-30T05:47:38.0","sport":"RUNNING","subSport":"GENERIC","weeklyTrainingLoadSum":1100,"loadTunnelMin":446,"loadTunnelMax":988,"trainingStatus":"PRODUCTIVE","fitnessLevelTrend":"NO_CHANGE","loadLevelTrend":"INCREASING","trainingStatusFeedbackPhrase":"PRODUCTIVE_AER_LOW_SHORT"},{"userProfilePK":76018113,"calendarDate":"2023-07-01","deviceId":3401978503,"timestamp":"2023-06-30T22:04:08.0","sport":"RUNNING","subSport":"GENERIC","weeklyTrainingLoadSum":841,"loadTunnelMin":446,"loadTunnelMax":988,"trainingStatus":"PRODUCTIVE","fitnessLevelTrend":"NO_CHANGE","loadLevelTrend":"INCREASING","trainingStatusFeedbackPhrase":"PRODUCTIVE_AER_LOW_SHORT"},{"userProfilePK":76018113,"calendarDate":"2023-07-01","deviceId":3401978503,"timestamp":"2023-07-01T16:04:52.0","sport":"RUNNING","subSport":"GENERIC","weeklyTrainingLoadSum":1192,"loadTunnelMin":446,"loadTunnelMax":988,"trainingStatus":"PRODUCTIVE","fitnessLevelTrend":"NO_CHANGE","loadLevelTrend":"INCREASING","trainingStatusFeedbackPhrase":"PRODUCTIVE_AER_LOW_SHORT"},{"userProfilePK":76018113,"calendarDate":"2023-07-02","deviceId":3401978503,"timestamp":"2023-07-01T22:04:12.0","sport":"RUNNING","subSport":"GENERIC","weeklyTrainingLoadSum":871,"loadTunnelMin":446,"loadTunnelMax":988,"trainingStatus":"PRODUCTIVE","fitnessLevelTrend":"NO_CHANGE","loadLevelTrend":"INCREASING","trainingStatusFeedbackPhrase":"PRODUCTIVE_AER_LOW_SHORT"},{"userProfilePK":76018113,"calendarDate":"2023-07-03","deviceId":3401978503,"timestamp":"2023-07-02T22:04:17.0","sport":"RUNNING","subSport":"GENERIC","weeklyTrainingLoadSum":871,"loadTunnelMin":446,"loadTunnelMax":988,"trainingStatus":"PRODUCTIVE","fitnessLevelTrend":"NO_CHANGE","loadLevelTrend":"INCREASING","trainingStatusFeedbackPhrase":"PRODUCTIVE_AER_LOW_SHORT"},{"userProfilePK":76018113,"calendarDate":"2023-07-04","deviceId":3401978503,"timestamp":"2023-07-03T22:04:21.0","sport":"RUNNING","subSport":"GENERIC","weeklyTrainingLoadSum":774,"loadTunnelMin":446,"loadTunnelMax":988,"trainingStatus":"PRODUCTIVE","fitnessLevelTrend":"NO_CHANGE","loadLevelTrend":"INCREASING","trainingStatusFeedbackPhrase":"PRODUCTIVE_AER_LOW_SHORT"},{"userProfilePK":76018113,"calendarDate":"2023-07-04","deviceId":3401978503,"timestamp":"2023-07-04T05:55:35.0","sport":"RUNNING","subSport":"GENERIC","weeklyTrainingLoadSum":980,"loadTunnelMin":559,"loadTunnelMax":1258,"trainingStatus":"MAINTAINING","fitnessLevelTrend":"NO_CHANGE","loadLevelTrend":"INCREASING","trainingStatusFeedbackPhrase":"MAINTAINING_AER_LOW_SHORT"},{"userProfilePK":76018113,"calendarDate":"2023-07-05","deviceId":3401978503,"timestamp":"2023-07-04T22:04:27.0","sport":"RUNNING","subSport":"GENERIC","weeklyTrainingLoadSum":733,"loadTunnelMin":446,"loadTunnelMax":988,"trainingStatus":"MAINTAINING","fitnessLevelTrend":"NO_CHANGE","loadLevelTrend":"NO_CHANGE","trainingStatusFeedbackPhrase":"MAINTAINING_AER_LOW_SHORT"},{"userProfilePK":76018113,"calendarDate":"2023-07-05","deviceId":3401978503,"timestamp":"2023-07-05T21:15:14.0","sport":"RUNNING","subSport":"GENERIC","weeklyTrainingLoadSum":856,"loadTunnelMin":559,"loadTunnelMax":1258,"trainingStatus":"MAINTAINING","fitnessLevelTrend":"NO_CHANGE","loadLevelTrend":"INCREASING","trainingStatusFeedbackPhrase":"MAINTAINING_AER_LOW_SHORT"},{"userProfilePK":76018113,"calendarDate":"2023-07-06","deviceId":3401978503,"timestamp":"2023-07-05T22:04:32.0","sport":"RUNNING","subSport":"GENERIC","weeklyTrainingLoadSum":856,"loadTunnelMin":559,"loadTunnelMax":1258,"trainingStatus":"MAINTAINING","fitnessLevelTrend":"NO_CHANGE","loadLevelTrend":"INCREASING","trainingStatusFeedbackPhrase":"MAINTAINING_AER_LOW_SHORT"},{"userProfilePK":76018113,"calendarDate":"2023-07-06","deviceId":3401978503,"timestamp":"2023-07-05T23:59:59.0","sport":"RUNNING","subSport":"GENERIC","weeklyTrainingLoadSum":856,"loadTunnelMin":559,"loadTunnelMax":1258,"trainingStatus":"MAINTAINING","fitnessLevelTrend":"NO_CHANGE","loadLevelTrend":"INCREASING","trainingStatusFeedbackPhrase":"MAINTAINING_AER_LOW_SHORT"},{"userProfilePK":76018113,"calendarDate":"2023-07-07","deviceId":3401978503,"timestamp":"2023-07-06T23:59:59.0","sport":"RUNNING","subSport":"GENERIC","weeklyTrainingLoadSum":680,"loadTunnelMin":446,"loadTunnelMax":988,"trainingStatus":"MAINTAINING","fitnessLevelTrend":"NO_CHANGE","loadLevelTrend":"NO_CHANGE","trainingStatusFeedbackPhrase":"MAINTAINING_AER_LOW_SHORT"},{"userProfilePK":76018113,"calendarDate":"2023-07-08","deviceId":3401978503,"timestamp":"2023-07-07T23:59:59.0","sport":"RUNNING","subSport":"GENERIC","weeklyTrainingLoadSum":329,"loadTunnelMin":446,"loadTunnelMax":988,"trainingStatus":"RECOVERY","fitnessLevelTrend":"NO_CHANGE","loadLevelTrend":"DECREASING","trainingStatusFeedbackPhrase":"RECOVERY_AER_LOW_SHORT"},{"userProfilePK":76018113,"calendarDate":"2023-07-08","deviceId":3401978503,"timestamp":"2023-07-08T09:37:48.0","sport":"RUNNING","subSport":"GENERIC","weeklyTrainingLoadSum":329,"loadTunnelMin":446,"loadTunnelMax":988,"trainingStatus":"RECOVERY","fitnessLevelTrend":"NO_CHANGE","loadLevelTrend":"DECREASING","trainingStatusFeedbackPhrase":"RECOVERY_AER_LOW_SHORT"},{"userProfilePK":76018113,"calendarDate":"2023-07-09","deviceId":3401978503,"timestamp":"2023-07-08T22:03:50.0","sport":"RUNNING","subSport":"GENERIC","weeklyTrainingLoadSum":329,"loadTunnelMin":446,"loadTunnelMax":988,"trainingStatus":"RECOVERY","fitnessLevelTrend":"NO_CHANGE","loadLevelTrend":"DECREASING","trainingStatusFeedbackPhrase":"RECOVERY_AER_LOW_SHORT"},{"userProfilePK":76018113,"calendarDate":"2023-07-09","deviceId":3401978503,"timestamp":"2023-07-09T09:51:07.0","sport":"RUNNING","subSport":"GENERIC","weeklyTrainingLoadSum":330,"loadTunnelMin":446,"loadTunnelMax":988,"trainingStatus":"RECOVERY","fitnessLevelTrend":"NO_CHANGE","loadLevelTrend":"DECREASING","trainingStatusFeedbackPhrase":"RECOVERY_AER_LOW_SHORT"},{"userProfilePK":76018113,"calendarDate":"2023-07-09","deviceId":3401978503,"timestamp":"2023-07-09T11:12:03.0","sport":"RUNNING","subSport":"GENERIC","weeklyTrainingLoadSum":639,"loadTunnelMin":446,"loadTunnelMax":988,"trainingStatus":"MAINTAINING","fitnessLevelTrend":"NO_CHANGE","loadLevelTrend":"NO_CHANGE","trainingStatusFeedbackPhrase":"MAINTAINING_AER_LOW_SHORT"},{"userProfilePK":76018113,"calendarDate":"2023-07-10","deviceId":3401978503,"timestamp":"2023-07-09T22:03:55.0","sport":"RUNNING","subSport":"GENERIC","weeklyTrainingLoadSum":639,"loadTunnelMin":446,"loadTunnelMax":988,"trainingStatus":"MAINTAINING","fitnessLevelTrend":"NO_CHANGE","loadLevelTrend":"NO_CHANGE","trainingStatusFeedbackPhrase":"MAINTAINING_AER_LOW_SHORT"},{"userProfilePK":76018113,"calendarDate":"2023-07-11","deviceId":3401978503,"timestamp":"2023-07-10T22:03:57.0","sport":"RUNNING","subSport":"GENERIC","weeklyTrainingLoadSum":433,"loadTunnelMin":446,"loadTunnelMax":988,"trainingStatus":"RECOVERY","fitnessLevelTrend":"NO_CHANGE","loadLevelTrend":"DECREASING","trainingStatusFeedbackPhrase":"RECOVERY_AER_LOW_SHORT"},{"userProfilePK":76018113,"calendarDate":"2023-07-12","deviceId":3401978503,"timestamp":"2023-07-11T22:01:16.0","sport":"RUNNING","subSport":"GENERIC","weeklyTrainingLoadSum":310,"loadTunnelMin":446,"loadTunnelMax":988,"trainingStatus":"RECOVERY","fitnessLevelTrend":"NO_CHANGE","loadLevelTrend":"DECREASING","trainingStatusFeedbackPhrase":"RECOVERY_AER_LOW_SHORT"},{"userProfilePK":76018113,"calendarDate":"2023-07-13","deviceId":3401978503,"timestamp":"2023-07-12T22:01:19.0","sport":"RUNNING","subSport":"GENERIC","weeklyTrainingLoadSum":310,"loadTunnelMin":446,"loadTunnelMax":988,"trainingStatus":"RECOVERY","fitnessLevelTrend":"NO_CHANGE","loadLevelTrend":"DECREASING","trainingStatusFeedbackPhrase":"RECOVERY_AER_LOW_SHORT"},{"userProfilePK":76018113,"calendarDate":"2023-07-14","deviceId":3401978503,"timestamp":"2023-07-13T22:01:23.0","sport":"RUNNING","subSport":"GENERIC","weeklyTrainingLoadSum":310,"loadTunnelMin":360,"loadTunnelMax":794,"trainingStatus":"RECOVERY","fitnessLevelTrend":"NO_CHANGE","loadLevelTrend":"DECREASING","trainingStatusFeedbackPhrase":"RECOVERY_AER_LOW_SHORT"},{"userProfilePK":76018113,"calendarDate":"2023-07-14","deviceId":3401978503,"timestamp":"2023-07-14T19:05:55.0","sport":"RUNNING","subSport":"GENERIC","weeklyTrainingLoadSum":429,"loadTunnelMin":446,"loadTunnelMax":988,"trainingStatus":"RECOVERY","fitnessLevelTrend":"NO_CHANGE","loadLevelTrend":"DECREASING","trainingStatusFeedbackPhrase":"RECOVERY_AER_LOW_SHORT"},{"userProfilePK":76018113,"calendarDate":"2023-07-15","deviceId":3401978503,"timestamp":"2023-07-14T22:01:29.0","sport":"RUNNING","subSport":"GENERIC","weeklyTrainingLoadSum":429,"loadTunnelMin":446,"loadTunnelMax":988,"trainingStatus":"RECOVERY","fitnessLevelTrend":"NO_CHANGE","loadLevelTrend":"DECREASING","trainingStatusFeedbackPhrase":"RECOVERY_AER_LOW_SHORT"},{"userProfilePK":76018113,"calendarDate":"2023-07-16","deviceId":3401978503,"timestamp":"2023-07-15T22:01:32.0","sport":"RUNNING","subSport":"GENERIC","weeklyTrainingLoadSum":119,"loadTunnelMin":446,"loadTunnelMax":988,"trainingStatus":"RECOVERY","fitnessLevelTrend":"NO_CHANGE","loadLevelTrend":"DECREASING","trainingStatusFeedbackPhrase":"RECOVERY_AER_LOW_SHORT"},{"userProfilePK":76018113,"calendarDate":"2023-07-16","deviceId":3401978503,"timestamp":"2023-07-16T06:37:03.0","sport":"RUNNING","subSport":"GENERIC","weeklyTrainingLoadSum":323,"loadTunnelMin":446,"loadTunnelMax":988,"trainingStatus":"RECOVERY","fitnessLevelTrend":"NO_CHANGE","loadLevelTrend":"DECREASING","trainingStatusFeedbackPhrase":"RECOVERY_AER_LOW_SHORT"},{"userProfilePK":76018113,"calendarDate":"2023-07-17","deviceId":3401978503,"timestamp":"2023-07-16T22:01:36.0","sport":"RUNNING","subSport":"GENERIC","weeklyTrainingLoadSum":323,"loadTunnelMin":446,"loadTunnelMax":988,"trainingStatus":"RECOVERY","fitnessLevelTrend":"NO_CHANGE","loadLevelTrend":"DECREASING","trainingStatusFeedbackPhrase":"RECOVERY_AER_LOW_SHORT"},{"userProfilePK":76018113,"calendarDate":"2023-07-18","deviceId":3401978503,"timestamp":"2023-07-17T22:01:40.0","sport":"RUNNING","subSport":"GENERIC","weeklyTrainingLoadSum":323,"loadTunnelMin":446,"loadTunnelMax":988,"trainingStatus":"RECOVERY","fitnessLevelTrend":"NO_CHANGE","loadLevelTrend":"DECREASING","trainingStatusFeedbackPhrase":"RECOVERY_AER_LOW_SHORT"},{"userProfilePK":76018113,"calendarDate":"2023-07-18","deviceId":3401978503,"timestamp":"2023-07-18T05:52:20.0","sport":"RUNNING","subSport":"GENERIC","weeklyTrainingLoadSum":466,"loadTunnelMin":446,"loadTunnelMax":988,"trainingStatus":"MAINTAINING","fitnessLevelTrend":"NO_CHANGE","loadLevelTrend":"DECREASING","trainingStatusFeedbackPhrase":"MAINTAINING_AER_LOW_SHORT"},{"userProfilePK":76018113,"calendarDate":"2023-07-19","deviceId":3401978503,"timestamp":"2023-07-18T22:01:46.0","sport":"RUNNING","subSport":"GENERIC","weeklyTrainingLoadSum":466,"loadTunnelMin":446,"loadTunnelMax":988,"trainingStatus":"MAINTAINING","fitnessLevelTrend":"NO_CHANGE","loadLevelTrend":"DECREASING","trainingStatusFeedbackPhrase":"MAINTAINING_AER_LOW_SHORT"},{"userProfilePK":76018113,"calendarDate":"2023-07-20","deviceId":3401978503,"timestamp":"2023-07-19T22:01:50.0","sport":"RUNNING","subSport":"GENERIC","weeklyTrainingLoadSum":466,"loadTunnelMin":446,"loadTunnelMax":988,"trainingStatus":"MAINTAINING","fitnessLevelTrend":"NO_CHANGE","loadLevelTrend":"DECREASING","trainingStatusFeedbackPhrase":"MAINTAINING_AER_LOW_SHORT"},{"userProfilePK":76018113,"calendarDate":"2023-07-21","deviceId":3401978503,"timestamp":"2023-07-20T22:05:30.0","sport":"RUNNING","subSport":"GENERIC","weeklyTrainingLoadSum":347,"loadTunnelMin":446,"loadTunnelMax":988,"trainingStatus":"MAINTAINING","fitnessLevelTrend":"NO_CHANGE","loadLevelTrend":"DECREASING","trainingStatusFeedbackPhrase":"MAINTAINING_AER_LOW_SHORT"},{"userProfilePK":76018113,"calendarDate":"2023-07-21","deviceId":3401978503,"timestamp":"2023-07-21T06:00:14.0","sport":"RUNNING","subSport":"GENERIC","weeklyTrainingLoadSum":368,"loadTunnelMin":446,"loadTunnelMax":988,"trainingStatus":"MAINTAINING","fitnessLevelTrend":"NO_CHANGE","loadLevelTrend":"DECREASING","trainingStatusFeedbackPhrase":"MAINTAINING_AER_LOW_SHORT"},{"userProfilePK":76018113,"calendarDate":"2023-07-22","deviceId":3401978503,"timestamp":"2023-07-21T22:05:34.0","sport":"RUNNING","subSport":"GENERIC","weeklyTrainingLoadSum":368,"loadTunnelMin":446,"loadTunnelMax":988,"trainingStatus":"MAINTAINING","fitnessLevelTrend":"NO_CHANGE","loadLevelTrend":"DECREASING","trainingStatusFeedbackPhrase":"MAINTAINING_AER_LOW_SHORT"},{"userProfilePK":76018113,"calendarDate":"2023-07-22","deviceId":3401978503,"timestamp":"2023-07-22T09:24:08.0","sport":"RUNNING","subSport":"GENERIC","weeklyTrainingLoadSum":536,"loadTunnelMin":446,"loadTunnelMax":988,"trainingStatus":"MAINTAINING","fitnessLevelTrend":"NO_CHANGE","loadLevelTrend":"NO_CHANGE","trainingStatusFeedbackPhrase":"MAINTAINING_AER_LOW_SHORT"},{"userProfilePK":76018113,"calendarDate":"2023-07-23","deviceId":3401978503,"timestamp":"2023-07-22T22:05:39.0","sport":"RUNNING","subSport":"GENERIC","weeklyTrainingLoadSum":332,"loadTunnelMin":360,"loadTunnelMax":794,"trainingStatus":"MAINTAINING","fitnessLevelTrend":"NO_CHANGE","loadLevelTrend":"DECREASING","trainingStatusFeedbackPhrase":"MAINTAINING_AER_LOW_SHORT"},{"userProfilePK":76018113,"calendarDate":"2023-07-24","deviceId":3401978503,"timestamp":"2023-07-23T22:05:42.0","sport":"RUNNING","subSport":"GENERIC","weeklyTrainingLoadSum":332,"loadTunnelMin":360,"loadTunnelMax":794,"trainingStatus":"MAINTAINING","fitnessLevelTrend":"NO_CHANGE","loadLevelTrend":"DECREASING","trainingStatusFeedbackPhrase":"MAINTAINING_AER_LOW_SHORT"},{"userProfilePK":76018113,"calendarDate":"2023-07-24","deviceId":3401978503,"timestamp":"2023-07-24T05:39:12.0","sport":"RUNNING","subSport":"GENERIC","weeklyTrainingLoadSum":472,"loadTunnelMin":446,"loadTunnelMax":988,"trainingStatus":"MAINTAINING","fitnessLevelTrend":"NO_CHANGE","loadLevelTrend":"DECREASING","trainingStatusFeedbackPhrase":"MAINTAINING_AER_LOW_SHORT"},{"userProfilePK":76018113,"calendarDate":"2023-07-25","deviceId":3401978503,"timestamp":"2023-07-24T22:05:45.0","sport":"RUNNING","subSport":"GENERIC","weeklyTrainingLoadSum":329,"loadTunnelMin":446,"loadTunnelMax":988,"trainingStatus":"MAINTAINING","fitnessLevelTrend":"NO_CHANGE","loadLevelTrend":"DECREASING","trainingStatusFeedbackPhrase":"MAINTAINING_AER_LOW_SHORT"},{"userProfilePK":76018113,"calendarDate":"2023-07-25","deviceId":3401978503,"timestamp":"2023-07-25T20:26:48.0","sport":"RUNNING","subSport":"GENERIC","weeklyTrainingLoadSum":579,"loadTunnelMin":446,"loadTunnelMax":988,"trainingStatus":"MAINTAINING","fitnessLevelTrend":"NO_CHANGE","loadLevelTrend":"NO_CHANGE","trainingStatusFeedbackPhrase":"MAINTAINING_AER_LOW_SHORT"},{"userProfilePK":76018113,"calendarDate":"2023-07-26","deviceId":3401978503,"timestamp":"2023-07-25T22:05:50.0","sport":"RUNNING","subSport":"GENERIC","weeklyTrainingLoadSum":579,"loadTunnelMin":446,"loadTunnelMax":988,"trainingStatus":"MAINTAINING","fitnessLevelTrend":"NO_CHANGE","loadLevelTrend":"NO_CHANGE","trainingStatusFeedbackPhrase":"MAINTAINING_AER_LOW_SHORT"},{"userProfilePK":76018113,"calendarDate":"2023-07-27","deviceId":3401978503,"timestamp":"2023-07-26T22:05:53.0","sport":"RUNNING","subSport":"GENERIC","weeklyTrainingLoadSum":579,"loadTunnelMin":446,"loadTunnelMax":988,"trainingStatus":"MAINTAINING","fitnessLevelTrend":"NO_CHANGE","loadLevelTrend":"NO_CHANGE","trainingStatusFeedbackPhrase":"MAINTAINING_AER_LOW_SHORT"},{"userProfilePK":76018113,"calendarDate":"2023-07-27","deviceId":3401978503,"timestamp":"2023-07-27T06:05:16.0","sport":"RUNNING","subSport":"GENERIC","weeklyTrainingLoadSum":601,"loadTunnelMin":446,"loadTunnelMax":988,"trainingStatus":"MAINTAINING","fitnessLevelTrend":"NO_CHANGE","loadLevelTrend":"NO_CHANGE","trainingStatusFeedbackPhrase":"MAINTAINING_AER_LOW_SHORT"},{"userProfilePK":76018113,"calendarDate":"2023-07-28","deviceId":3401978503,"timestamp":"2023-07-27T22:05:56.0","sport":"RUNNING","subSport":"GENERIC","weeklyTrainingLoadSum":580,"loadTunnelMin":360,"loadTunnelMax":794,"trainingStatus":"MAINTAINING","fitnessLevelTrend":"NO_CHANGE","loadLevelTrend":"NO_CHANGE","trainingStatusFeedbackPhrase":"MAINTAINING_AER_LOW_SHORT"},{"userProfilePK":76018113,"calendarDate":"2023-07-28","deviceId":3401978503,"timestamp":"2023-07-28T17:46:10.0","sport":"RUNNING","subSport":"GENERIC","weeklyTrainingLoadSum":821,"loadTunnelMin":446,"loadTunnelMax":988,"trainingStatus":"PRODUCTIVE","fitnessLevelTrend":"NO_CHANGE","loadLevelTrend":"INCREASING","trainingStatusFeedbackPhrase":"PRODUCTIVE_AER_LOW_SHORT"},{"userProfilePK":76018113,"calendarDate":"2023-07-29","deviceId":3401978503,"timestamp":"2023-07-28T22:01:02.0","sport":"RUNNING","subSport":"GENERIC","weeklyTrainingLoadSum":653,"loadTunnelMin":360,"loadTunnelMax":794,"trainingStatus":"PRODUCTIVE","fitnessLevelTrend":"NO_CHANGE","loadLevelTrend":"INCREASING","trainingStatusFeedbackPhrase":"PRODUCTIVE_AER_LOW_SHORT"},{"userProfilePK":76018113,"calendarDate":"2023-07-29","deviceId":3401978503,"timestamp":"2023-07-29T10:49:05.0","sport":"RUNNING","subSport":"GENERIC","weeklyTrainingLoadSum":676,"loadTunnelMin":360,"loadTunnelMax":794,"trainingStatus":"PRODUCTIVE","fitnessLevelTrend":"NO_CHANGE","loadLevelTrend":"INCREASING","trainingStatusFeedbackPhrase":"PRODUCTIVE_AER_LOW_SHORT"},{"userProfilePK":76018113,"calendarDate":"2023-07-30","deviceId":3401978503,"timestamp":"2023-07-29T22:01:06.0","sport":"RUNNING","subSport":"GENERIC","weeklyTrainingLoadSum":676,"loadTunnelMin":360,"loadTunnelMax":794,"trainingStatus":"PRODUCTIVE","fitnessLevelTrend":"NO_CHANGE","loadLevelTrend":"INCREASING","trainingStatusFeedbackPhrase":"PRODUCTIVE_AER_LOW_SHORT"},{"userProfilePK":76018113,"calendarDate":"2023-07-30","deviceId":3401978503,"timestamp":"2023-07-30T10:15:18.0","sport":"RUNNING","subSport":"GENERIC","weeklyTrainingLoadSum":827,"loadTunnelMin":360,"loadTunnelMax":794,"trainingStatus":"PRODUCTIVE","fitnessLevelTrend":"NO_CHANGE","loadLevelTrend":"INCREASING","trainingStatusFeedbackPhrase":"PRODUCTIVE_AER_LOW_SHORT"},{"userProfilePK":76018113,"calendarDate":"2023-07-31","deviceId":3401978503,"timestamp":"2023-07-30T22:01:12.0","sport":"RUNNING","subSport":"GENERIC","weeklyTrainingLoadSum":687,"loadTunnelMin":360,"loadTunnelMax":794,"trainingStatus":"PRODUCTIVE","fitnessLevelTrend":"NO_CHANGE","loadLevelTrend":"INCREASING","trainingStatusFeedbackPhrase":"PRODUCTIVE_AER_LOW_SHORT"},{"userProfilePK":76018113,"calendarDate":"2023-07-31","deviceId":3401978503,"timestamp":"2023-07-30T23:59:59.0","sport":"RUNNING","subSport":"GENERIC","weeklyTrainingLoadSum":687,"loadTunnelMin":360,"loadTunnelMax":794,"trainingStatus":"PRODUCTIVE","fitnessLevelTrend":"NO_CHANGE","loadLevelTrend":"INCREASING","trainingStatusFeedbackPhrase":"PRODUCTIVE_AER_LOW_SHORT"},{"userProfilePK":76018113,"calendarDate":"2023-08-01","deviceId":3401978503,"timestamp":"2023-07-31T23:59:59.0","sport":"RUNNING","subSport":"GENERIC","weeklyTrainingLoadSum":437,"loadTunnelMin":360,"loadTunnelMax":794,"trainingStatus":"PRODUCTIVE","fitnessLevelTrend":"NO_CHANGE","loadLevelTrend":"NO_CHANGE","trainingStatusFeedbackPhrase":"PRODUCTIVE_AER_LOW_SHORT"},{"userProfilePK":76018113,"calendarDate":"2023-08-01","deviceId":3401978503,"timestamp":"2023-08-01T16:39:01.0","sport":"RUNNING","subSport":"GENERIC","weeklyTrainingLoadSum":437,"loadTunnelMin":360,"loadTunnelMax":794,"trainingStatus":"PRODUCTIVE","fitnessLevelTrend":"NO_CHANGE","loadLevelTrend":"NO_CHANGE","trainingStatusFeedbackPhrase":"PRODUCTIVE_AER_LOW_SHORT"},{"userProfilePK":76018113,"calendarDate":"2023-08-01","deviceId":3401978503,"timestamp":"2023-08-01T18:48:18.0","sport":"RUNNING","subSport":"GENERIC","weeklyTrainingLoadSum":600,"loadTunnelMin":360,"loadTunnelMax":794,"trainingStatus":"MAINTAINING","fitnessLevelTrend":"NO_CHANGE","loadLevelTrend":"INCREASING","trainingStatusFeedbackPhrase":"MAINTAINING_AER_LOW_SHORT"},{"userProfilePK":76018113,"calendarDate":"2023-08-02","deviceId":3401978503,"timestamp":"2023-08-01T22:05:04.0","sport":"RUNNING","subSport":"GENERIC","weeklyTrainingLoadSum":600,"loadTunnelMin":360,"loadTunnelMax":794,"trainingStatus":"MAINTAINING","fitnessLevelTrend":"NO_CHANGE","loadLevelTrend":"INCREASING","trainingStatusFeedbackPhrase":"MAINTAINING_AER_LOW_SHORT"},{"userProfilePK":76018113,"calendarDate":"2023-08-02","deviceId":3401978503,"timestamp":"2023-08-02T18:40:51.0","sport":"RUNNING","subSport":"GENERIC","weeklyTrainingLoadSum":869,"loadTunnelMin":446,"loadTunnelMax":988,"trainingStatus":"PRODUCTIVE","fitnessLevelTrend":"NO_CHANGE","loadLevelTrend":"INCREASING","trainingStatusFeedbackPhrase":"PRODUCTIVE_AER_LOW_SHORT"},{"userProfilePK":76018113,"calendarDate":"2023-08-03","deviceId":3401978503,"timestamp":"2023-08-02T22:05:08.0","sport":"RUNNING","subSport":"GENERIC","weeklyTrainingLoadSum":847,"loadTunnelMin":446,"loadTunnelMax":988,"trainingStatus":"PRODUCTIVE","fitnessLevelTrend":"NO_CHANGE","loadLevelTrend":"INCREASING","trainingStatusFeedbackPhrase":"PRODUCTIVE_AER_LOW_SHORT"},{"userProfilePK":76018113,"calendarDate":"2023-08-03","deviceId":3401978503,"timestamp":"2023-08-03T08:01:51.0","sport":"RUNNING","subSport":"GENERIC","weeklyTrainingLoadSum":996,"loadTunnelMin":446,"loadTunnelMax":988,"trainingStatus":"PRODUCTIVE","fitnessLevelTrend":"NO_CHANGE","loadLevelTrend":"INCREASING","trainingStatusFeedbackPhrase":"PRODUCTIVE_AER_LOW_SHORT"},{"userProfilePK":76018113,"calendarDate":"2023-08-04","deviceId":3401978503,"timestamp":"2023-08-03T22:05:10.0","sport":"RUNNING","subSport":"GENERIC","weeklyTrainingLoadSum":755,"loadTunnelMin":446,"loadTunnelMax":988,"trainingStatus":"PRODUCTIVE","fitnessLevelTrend":"NO_CHANGE","loadLevelTrend":"INCREASING","trainingStatusFeedbackPhrase":"PRODUCTIVE_AER_LOW_SHORT"},{"userProfilePK":76018113,"calendarDate":"2023-08-05","deviceId":3401978503,"timestamp":"2023-08-04T22:05:13.0","sport":"RUNNING","subSport":"GENERIC","weeklyTrainingLoadSum":732,"loadTunnelMin":446,"loadTunnelMax":988,"trainingStatus":"PRODUCTIVE","fitnessLevelTrend":"NO_CHANGE","loadLevelTrend":"INCREASING","trainingStatusFeedbackPhrase":"PRODUCTIVE_AER_LOW_SHORT"},{"userProfilePK":76018113,"calendarDate":"2023-08-05","deviceId":3401978503,"timestamp":"2023-08-05T12:45:15.0","sport":"RUNNING","subSport":"GENERIC","weeklyTrainingLoadSum":864,"loadTunnelMin":446,"loadTunnelMax":988,"trainingStatus":"PRODUCTIVE","fitnessLevelTrend":"NO_CHANGE","loadLevelTrend":"INCREASING","trainingStatusFeedbackPhrase":"PRODUCTIVE_AER_LOW_SHORT"},{"userProfilePK":76018113,"calendarDate":"2023-08-05","deviceId":3401978503,"timestamp":"2023-08-05T12:57:01.0","sport":"RUNNING","subSport":"GENERIC","weeklyTrainingLoadSum":925,"loadTunnelMin":446,"loadTunnelMax":988,"trainingStatus":"PRODUCTIVE","fitnessLevelTrend":"NO_CHANGE","loadLevelTrend":"INCREASING","trainingStatusFeedbackPhrase":"PRODUCTIVE_AER_LOW_SHORT"},{"userProfilePK":76018113,"calendarDate":"2023-08-06","deviceId":3401978503,"timestamp":"2023-08-06T05:04:13.0","sport":"RUNNING","subSport":"GENERIC","weeklyTrainingLoadSum":774,"loadTunnelMin":446,"loadTunnelMax":988,"trainingStatus":"PRODUCTIVE","fitnessLevelTrend":"NO_CHANGE","loadLevelTrend":"INCREASING","trainingStatusFeedbackPhrase":"PRODUCTIVE_AER_LOW_SHORT"},{"userProfilePK":76018113,"calendarDate":"2023-08-07","deviceId":3401978503,"timestamp":"2023-08-07T12:41:59.0","sport":"RUNNING","subSport":"GENERIC","weeklyTrainingLoadSum":999,"loadTunnelMin":446,"loadTunnelMax":988,"trainingStatus":"PRODUCTIVE","fitnessLevelTrend":"NO_CHANGE","loadLevelTrend":"INCREASING","trainingStatusFeedbackPhrase":"PRODUCTIVE_AER_LOW_SHORT"},{"userProfilePK":76018113,"calendarDate":"2023-08-07","deviceId":3401978503,"timestamp":"2023-08-07T14:06:17.0","sport":"RUNNING","subSport":"GENERIC","weeklyTrainingLoadSum":1259,"loadTunnelMin":446,"loadTunnelMax":988,"trainingStatus":"PRODUCTIVE","fitnessLevelTrend":"NO_CHANGE","loadLevelTrend":"INCREASING","trainingStatusFeedbackPhrase":"PRODUCTIVE_AER_LOW_SHORT"},{"userProfilePK":76018113,"calendarDate":"2023-08-08","deviceId":3401978503,"timestamp":"2023-08-08T05:04:17.0","sport":"RUNNING","subSport":"GENERIC","weeklyTrainingLoadSum":1096,"loadTunnelMin":446,"loadTunnelMax":988,"trainingStatus":"PRODUCTIVE","fitnessLevelTrend":"NO_CHANGE","loadLevelTrend":"INCREASING","trainingStatusFeedbackPhrase":"PRODUCTIVE_AER_LOW_SHORT"},{"userProfilePK":76018113,"calendarDate":"2023-08-09","deviceId":3401978503,"timestamp":"2023-08-09T05:04:21.0","sport":"RUNNING","subSport":"GENERIC","weeklyTrainingLoadSum":827,"loadTunnelMin":446,"loadTunnelMax":988,"trainingStatus":"PRODUCTIVE","fitnessLevelTrend":"NO_CHANGE","loadLevelTrend":"INCREASING","trainingStatusFeedbackPhrase":"PRODUCTIVE_AER_LOW_SHORT"},{"userProfilePK":76018113,"calendarDate":"2023-08-09","deviceId":3401978503,"timestamp":"2023-08-09T13:26:30.0","sport":"RUNNING","subSport":"GENERIC","weeklyTrainingLoadSum":1023,"loadTunnelMin":559,"loadTunnelMax":1258,"trainingStatus":"PRODUCTIVE","fitnessLevelTrend":"NO_CHANGE","loadLevelTrend":"INCREASING","trainingStatusFeedbackPhrase":"PRODUCTIVE_AER_LOW_SHORT"},{"userProfilePK":76018113,"calendarDate":"2023-08-10","deviceId":3401978503,"timestamp":"2023-08-10T05:04:25.0","sport":"RUNNING","subSport":"GENERIC","weeklyTrainingLoadSum":874,"loadTunnelMin":559,"loadTunnelMax":1258,"trainingStatus":"PRODUCTIVE","fitnessLevelTrend":"NO_CHANGE","loadLevelTrend":"INCREASING","trainingStatusFeedbackPhrase":"PRODUCTIVE_AER_LOW_SHORT"},{"userProfilePK":76018113,"calendarDate":"2023-08-11","deviceId":3401978503,"timestamp":"2023-08-11T05:04:28.0","sport":"RUNNING","subSport":"GENERIC","weeklyTrainingLoadSum":874,"loadTunnelMin":559,"loadTunnelMax":1258,"trainingStatus":"PRODUCTIVE","fitnessLevelTrend":"NO_CHANGE","loadLevelTrend":"INCREASING","trainingStatusFeedbackPhrase":"PRODUCTIVE_AER_LOW_SHORT"},{"userProfilePK":76018113,"calendarDate":"2023-08-11","deviceId":3401978503,"timestamp":"2023-08-11T13:17:57.0","sport":"RUNNING","subSport":"GENERIC","weeklyTrainingLoadSum":1141,"loadTunnelMin":559,"loadTunnelMax":1258,"trainingStatus":"PRODUCTIVE","fitnessLevelTrend":"NO_CHANGE","loadLevelTrend":"INCREASING","trainingStatusFeedbackPhrase":"PRODUCTIVE_AER_LOW_SHORT"},{"userProfilePK":76018113,"calendarDate":"2023-08-12","deviceId":3401978503,"timestamp":"2023-08-12T05:04:32.0","sport":"RUNNING","subSport":"GENERIC","weeklyTrainingLoadSum":948,"loadTunnelMin":559,"loadTunnelMax":1258,"trainingStatus":"PRODUCTIVE","fitnessLevelTrend":"NO_CHANGE","loadLevelTrend":"INCREASING","trainingStatusFeedbackPhrase":"PRODUCTIVE_AER_LOW_SHORT"},{"userProfilePK":76018113,"calendarDate":"2023-08-13","deviceId":3401978503,"timestamp":"2023-08-13T05:04:36.0","sport":"RUNNING","subSport":"GENERIC","weeklyTrainingLoadSum":948,"loadTunnelMin":559,"loadTunnelMax":1258,"trainingStatus":"PRODUCTIVE","fitnessLevelTrend":"NO_CHANGE","loadLevelTrend":"INCREASING","trainingStatusFeedbackPhrase":"PRODUCTIVE_AER_LOW_SHORT"},{"userProfilePK":76018113,"calendarDate":"2023-08-14","deviceId":3401978503,"timestamp":"2023-08-13T22:04:39.0","sport":"RUNNING","subSport":"GENERIC","weeklyTrainingLoadSum":463,"loadTunnelMin":559,"loadTunnelMax":1258,"trainingStatus":"RECOVERY","fitnessLevelTrend":"NO_CHANGE","loadLevelTrend":"DECREASING","trainingStatusFeedbackPhrase":"RECOVERY_AER_LOW_SHORT"},{"userProfilePK":76018113,"calendarDate":"2023-08-14","deviceId":3401978503,"timestamp":"2023-08-14T10:46:10.0","sport":"RUNNING","subSport":"GENERIC","weeklyTrainingLoadSum":469,"loadTunnelMin":559,"loadTunnelMax":1258,"trainingStatus":"RECOVERY","fitnessLevelTrend":"NO_CHANGE","loadLevelTrend":"DECREASING","trainingStatusFeedbackPhrase":"RECOVERY_AER_LOW_SHORT"},{"userProfilePK":76018113,"calendarDate":"2023-08-15","deviceId":3401978503,"timestamp":"2023-08-14T22:04:41.0","sport":"RUNNING","subSport":"GENERIC","weeklyTrainingLoadSum":469,"loadTunnelMin":446,"loadTunnelMax":988,"trainingStatus":"RECOVERY","fitnessLevelTrend":"NO_CHANGE","loadLevelTrend":"DECREASING","trainingStatusFeedbackPhrase":"RECOVERY_AER_LOW_SHORT"},{"userProfilePK":76018113,"calendarDate":"2023-08-15","deviceId":3401978503,"timestamp":"2023-08-14T23:59:59.0","sport":"RUNNING","subSport":"GENERIC","weeklyTrainingLoadSum":469,"loadTunnelMin":446,"loadTunnelMax":988,"trainingStatus":"RECOVERY","fitnessLevelTrend":"NO_CHANGE","loadLevelTrend":"DECREASING","trainingStatusFeedbackPhrase":"RECOVERY_AER_LOW_SHORT"},{"userProfilePK":76018113,"calendarDate":"2023-08-16","deviceId":3401978503,"timestamp":"2023-08-15T23:59:59.0","sport":"RUNNING","subSport":"GENERIC","weeklyTrainingLoadSum":273,"loadTunnelMin":446,"loadTunnelMax":988,"trainingStatus":"RECOVERY","fitnessLevelTrend":"NO_CHANGE","loadLevelTrend":"DECREASING","trainingStatusFeedbackPhrase":"RECOVERY_AER_LOW_SHORT"},{"userProfilePK":76018113,"calendarDate":"2023-08-16","deviceId":3401978503,"timestamp":"2023-08-16T17:07:08.0","sport":"RUNNING","subSport":"GENERIC","weeklyTrainingLoadSum":273,"loadTunnelMin":446,"loadTunnelMax":988,"trainingStatus":"RECOVERY","fitnessLevelTrend":"NO_CHANGE","loadLevelTrend":"DECREASING","trainingStatusFeedbackPhrase":"RECOVERY_AER_LOW_SHORT"},{"userProfilePK":76018113,"calendarDate":"2023-08-16","deviceId":3401978503,"timestamp":"2023-08-16T18:08:49.0","sport":"RUNNING","subSport":"GENERIC","weeklyTrainingLoadSum":333,"loadTunnelMin":559,"loadTunnelMax":1258,"trainingStatus":"RECOVERY","fitnessLevelTrend":"NO_CHANGE","loadLevelTrend":"DECREASING","trainingStatusFeedbackPhrase":"RECOVERY_AER_LOW_SHORT"},{"userProfilePK":76018113,"calendarDate":"2023-08-17","deviceId":3401978503,"timestamp":"2023-08-16T22:03:13.0","sport":"RUNNING","subSport":"GENERIC","weeklyTrainingLoadSum":333,"loadTunnelMin":559,"loadTunnelMax":1258,"trainingStatus":"RECOVERY","fitnessLevelTrend":"NO_CHANGE","loadLevelTrend":"DECREASING","trainingStatusFeedbackPhrase":"RECOVERY_AER_LOW_SHORT"},{"userProfilePK":76018113,"calendarDate":"2023-08-18","deviceId":3401978503,"timestamp":"2023-08-17T22:03:16.0","sport":"RUNNING","subSport":"GENERIC","weeklyTrainingLoadSum":66,"loadTunnelMin":446,"loadTunnelMax":988,"trainingStatus":"RECOVERY","fitnessLevelTrend":"NO_CHANGE","loadLevelTrend":"DECREASING","trainingStatusFeedbackPhrase":"RECOVERY_AER_LOW_SHORT"},{"userProfilePK":76018113,"calendarDate":"2023-08-18","deviceId":3401978503,"timestamp":"2023-08-18T16:45:29.0","sport":"RUNNING","subSport":"GENERIC","weeklyTrainingLoadSum":149,"loadTunnelMin":559,"loadTunnelMax":1258,"trainingStatus":"RECOVERY","fitnessLevelTrend":"NO_CHANGE","loadLevelTrend":"DECREASING","trainingStatusFeedbackPhrase":"RECOVERY_AER_LOW_SHORT"},{"userProfilePK":76018113,"calendarDate":"2023-08-19","deviceId":3401978503,"timestamp":"2023-08-18T22:03:24.0","sport":"RUNNING","subSport":"GENERIC","weeklyTrainingLoadSum":149,"loadTunnelMin":446,"loadTunnelMax":988,"trainingStatus":"RECOVERY","fitnessLevelTrend":"NO_CHANGE","loadLevelTrend":"DECREASING","trainingStatusFeedbackPhrase":"RECOVERY_AER_LOW_SHORT"},{"userProfilePK":76018113,"calendarDate":"2023-08-20","deviceId":3401978503,"timestamp":"2023-08-19T22:03:27.0","sport":"RUNNING","subSport":"GENERIC","weeklyTrainingLoadSum":149,"loadTunnelMin":446,"loadTunnelMax":988,"trainingStatus":"RECOVERY","fitnessLevelTrend":"NO_CHANGE","loadLevelTrend":"DECREASING","trainingStatusFeedbackPhrase":"RECOVERY_AER_LOW_SHORT"},{"userProfilePK":76018113,"calendarDate":"2023-08-21","deviceId":3401978503,"timestamp":"2023-08-20T22:03:31.0","sport":"RUNNING","subSport":"GENERIC","weeklyTrainingLoadSum":143,"loadTunnelMin":446,"loadTunnelMax":988,"trainingStatus":"RECOVERY","fitnessLevelTrend":"NO_CHANGE","loadLevelTrend":"DECREASING","trainingStatusFeedbackPhrase":"RECOVERY_AER_LOW_SHORT"},{"userProfilePK":76018113,"calendarDate":"2023-08-21","deviceId":3401978503,"timestamp":"2023-08-21T16:48:14.0","sport":"RUNNING","subSport":"GENERIC","weeklyTrainingLoadSum":232,"loadTunnelMin":446,"loadTunnelMax":988,"trainingStatus":"MAINTAINING","fitnessLevelTrend":"NO_CHANGE","loadLevelTrend":"DECREASING","trainingStatusFeedbackPhrase":"MAINTAINING_AER_LOW_SHORT"},{"userProfilePK":76018113,"calendarDate":"2023-08-22","deviceId":3401978503,"timestamp":"2023-08-21T22:03:36.0","sport":"RUNNING","subSport":"GENERIC","weeklyTrainingLoadSum":232,"loadTunnelMin":446,"loadTunnelMax":988,"trainingStatus":"MAINTAINING","fitnessLevelTrend":"NO_CHANGE","loadLevelTrend":"DECREASING","trainingStatusFeedbackPhrase":"MAINTAINING_AER_LOW_SHORT"},{"userProfilePK":76018113,"calendarDate":"2023-08-23","deviceId":3401978503,"timestamp":"2023-08-22T22:03:37.0","sport":"RUNNING","subSport":"GENERIC","weeklyTrainingLoadSum":172,"loadTunnelMin":446,"loadTunnelMax":988,"trainingStatus":"MAINTAINING","fitnessLevelTrend":"NO_CHANGE","loadLevelTrend":"DECREASING","trainingStatusFeedbackPhrase":"MAINTAINING_AER_LOW_SHORT"},{"userProfilePK":76018113,"calendarDate":"2023-08-24","deviceId":3401978503,"timestamp":"2023-08-23T22:03:39.0","sport":"RUNNING","subSport":"GENERIC","weeklyTrainingLoadSum":172,"loadTunnelMin":446,"loadTunnelMax":988,"trainingStatus":"MAINTAINING","fitnessLevelTrend":"NO_CHANGE","loadLevelTrend":"DECREASING","trainingStatusFeedbackPhrase":"MAINTAINING_AER_LOW_SHORT"},{"userProfilePK":76018113,"calendarDate":"2023-08-24","deviceId":3401978503,"timestamp":"2023-08-24T08:52:35.0","sport":"RUNNING","subSport":"GENERIC","weeklyTrainingLoadSum":282,"loadTunnelMin":446,"loadTunnelMax":988,"trainingStatus":"MAINTAINING","fitnessLevelTrend":"NO_CHANGE","loadLevelTrend":"DECREASING","trainingStatusFeedbackPhrase":"MAINTAINING_AER_HIGH_FOCUS"}]