[{"userProfilePK":76018113,"calendarDate":"2024-03-11","deviceId":3401978503,"timestamp":"2024-03-10T23:02:50.0","sport":"RUNNING","subSport":"GENERIC","weeklyTrainingLoadSum":696,"loadTunnelMin":559,"loadTunnelMax":1258,"trainingStatus":"MAINTAINING","fitnessLevelTrend":"NO_CHANGE","loadLevelTrend":"NO_CHANGE","trainingStatusFeedbackPhrase":"MAINTAINING_AER_LOW_SHORT"},{"userProfilePK":76018113,"calendarDate":"2024-03-12","deviceId":3401978503,"timestamp":"2024-03-11T23:02:53.0","sport":"RUNNING","subSport":"GENERIC","weeklyTrainingLoadSum":696,"loadTunnelMin":559,"loadTunnelMax":1258,"trainingStatus":"MAINTAINING","fitnessLevelTrend":"NO_CHANGE","loadLevelTrend":"NO_CHANGE","trainingStatusFeedbackPhrase":"MAINTAINING_AER_LOW_SHORT"},{"userProfilePK":76018113,"calendarDate":"2024-03-12","deviceId":3401978503,"timestamp":"2024-03-12T06:57:11.0","sport":"RUNNING","subSport":"GENERIC","weeklyTrainingLoadSum":940,"loadTunnelMin":559,"loadTunnelMax":1258,"trainingStatus":"MAINTAINING","fitnessLevelTrend":"NO_CHANGE","loadLevelTrend":"NO_CHANGE","trainingStatusFeedbackPhrase":"MAINTAINING_AER_LOW_SHORT"},{"userProfilePK":76018113,"calendarDate":"2024-03-13","deviceId":3401978503,"timestamp":"2024-03-12T23:02:55.0","sport":"RUNNING","subSport":"GENERIC","weeklyTrainingLoadSum":644,"loadTunnelMin":559,"loadTunnelMax":1258,"trainingStatus":"RECOVERY","fitnessLevelTrend":"NO_CHANGE","loadLevelTrend":"DECREASING","trainingStatusFeedbackPhrase":"RECOVERY_AER_LOW_SHORT"},{"userProfilePK":76018113,"calendarDate":"2024-03-13","deviceId":3401978503,"timestamp":"2024-03-13T06:28:36.0","sport":"RUNNING","subSport":"GENERIC","weeklyTrainingLoadSum":662,"loadTunnelMin":559,"loadTunnelMax":1258,"trainingStatus":"MAINTAINING","fitnessLevelTrend":"NO_CHANGE","loadLevelTrend":"NO_CHANGE","trainingStatusFeedbackPhrase":"MAINTAINING_AER_LOW_SHORT"},{"userProfilePK":76018113,"calendarDate":"2024-03-14","deviceId":3401978503,"timestamp":"2024-03-13T23:02:57.0","sport":"RUNNING","subSport":"GENERIC","weeklyTrainingLoadSum":662,"loadTunnelMin":559,"loadTunnelMax":1258,"trainingStatus":"MAINTAINING","fitnessLevelTrend":"NO_CHANGE","loadLevelTrend":"NO_CHANGE","trainingStatusFeedbackPhrase":"MAINTAINING_AER_LOW_SHORT"},{"userProfilePK":76018113,"calendarDate":"2024-03-14","deviceId":3401978503,"timestamp":"2024-03-14T06:57:37.0","sport":"RUNNING","subSport":"GENERIC","weeklyTrainingLoadSum":882,"loadTunnelMin":559,"loadTunnelMax":1258,"trainingStatus":"MAINTAINING","fitnessLevelTrend":"NO_CHANGE","loadLevelTrend":"NO_CHANGE","trainingStatusFeedbackPhrase":"MAINTAINING_AER_LOW_SHORT"},{"userProfilePK":76018113,"calendarDate":"2024-03-15","deviceId":3401978503,"timestamp":"2024-03-14T23:02:59.0","sport":"RUNNING","subSport":"GENERIC","weeklyTrainingLoadSum":882,"loadTunnelMin":559,"loadTunnelMax":1258,"trainingStatus":"MAINTAINING","fitnessLevelTrend":"NO_CHANGE","loadLevelTrend":"INCREASING","trainingStatusFeedbackPhrase":"MAINTAINING_AER_LOW_SHORT"},{"userProfilePK":76018113,"calendarDate":"2024-03-15","deviceId":3401978503,"timestamp":"2024-03-15T06:21:30.0","sport":"RUNNING","subSport":"GENERIC","weeklyTrainingLoadSum":891,"loadTunnelMin":559,"loadTunnelMax":1258,"trainingStatus":"MAINTAINING","fitnessLevelTrend":"NO_CHANGE","loadLevelTrend":"INCREASING","trainingStatusFeedbackPhrase":"MAINTAINING_AER_LOW_SHORT"},{"userProfilePK":76018113,"calendarDate":"2024-03-16","deviceId":3401978503,"timestamp":"2024-03-15T23:03:01.0","sport":"RUNNING","subSport":"GENERIC","weeklyTrainingLoadSum":878,"loadTunnelMin":559,"loadTunnelMax":1258,"trainingStatus":"MAINTAINING","fitnessLevelTrend":"NO_CHANGE","loadLevelTrend":"INCREASING","trainingStatusFeedbackPhrase":"MAINTAINING_AER_LOW_SHORT"},{"userProfilePK":76018113,"calendarDate":"2024-03-16","deviceId":3401978503,"timestamp":"2024-03-16T10:23:51.0","sport":"RUNNING","subSport":"GENERIC","weeklyTrainingLoadSum":884,"loadTunnelMin":559,"loadTunnelMax":1258,"trainingStatus":"MAINTAINING","fitnessLevelTrend":"NO_CHANGE","loadLevelTrend":"INCREASING","trainingStatusFeedbackPhrase":"MAINTAINING_AER_LOW_SHORT"},{"userProfilePK":76018113,"calendarDate":"2024-03-16","deviceId":3401978503,"timestamp":"2024-03-16T11:32:15.0","sport":"RUNNING","subSport":"GENERIC","weeklyTrainingLoadSum":1022,"loadTunnelMin":559,"loadTunnelMax":1258,"trainingStatus":"PRODUCTIVE","fitnessLevelTrend":"NO_CHANGE","loadLevelTrend":"INCREASING","trainingStatusFeedbackPhrase":"PRODUCTIVE_AER_LOW_SHORT"},{"userProfilePK":76018113,"calendarDate":"2024-03-17","deviceId":3401978503,"timestamp":"2024-03-16T23:03:10.0","sport":"RUNNING","subSport":"GENERIC","weeklyTrainingLoadSum":635,"loadTunnelMin":559,"loadTunnelMax":1258,"trainingStatus":"PRODUCTIVE","fitnessLevelTrend":"NO_CHANGE","loadLevelTrend":"NO_CHANGE","trainingStatusFeedbackPhrase":"PRODUCTIVE_AER_LOW_SHORT"},{"userProfilePK":76018113,"calendarDate":"2024-03-17","deviceId":3401978503,"timestamp":"2024-03-17T10:16:48.0","sport":"RUNNING","subSport":"GENERIC","weeklyTrainingLoadSum":953,"loadTunnelMin":559,"loadTunnelMax":1258,"trainingStatus":"MAINTAINING","fitnessLevelTrend":"NO_CHANGE","loadLevelTrend":"INCREASING","trainingStatusFeedbackPhrase":"MAINTAINING_AER_LOW_SHORT"},{"userProfilePK":76018113,"calendarDate":"2024-03-18","deviceId":3401978503,"timestamp":"2024-03-17T23:03:12.0","sport":"RUNNING","subSport":"GENERIC","weeklyTrainingLoadSum":953,"loadTunnelMin":559,"loadTunnelMax":1258,"trainingStatus":"MAINTAINING","fitnessLevelTrend":"NO_CHANGE","loadLevelTrend":"INCREASING","trainingStatusFeedbackPhrase":"MAINTAINING_AER_LOW_SHORT"},{"userProfilePK":76018113,"calendarDate":"2024-03-19","deviceId":3401978503,"timestamp":"2024-03-18T23:03:16.0","sport":"RUNNING","subSport":"GENERIC","weeklyTrainingLoadSum":709,"loadTunnelMin":559,"loadTunnelMax":1258,"trainingStatus":"MAINTAINING","fitnessLevelTrend":"NO_CHANGE","loadLevelTrend":"NO_CHANGE","trainingStatusFeedbackPhrase":"MAINTAINING_AER_LOW_SHORT"},{"userProfilePK":76018113,"calendarDate":"2024-03-19","deviceId":3401978503,"timestamp":"2024-03-19T06:46:58.0","sport":"RUNNING","subSport":"GENERIC","weeklyTrainingLoadSum":930,"loadTunnelMin":559,"loadTunnelMax":1258,"trainingStatus":"MAINTAINING","fitnessLevelTrend":"NO_CHANGE","loadLevelTrend":"NO_CHANGE","trainingStatusFeedbackPhrase":"MAINTAINING_AER_LOW_SHORT"},{"userProfilePK":76018113,"calendarDate":"2024-03-20","deviceId":3401978503,"timestamp":"2024-03-19T23:03:21.0","sport":"RUNNING","subSport":"GENERIC","weeklyTrainingLoadSum":912,"loadTunnelMin":559,"loadTunnelMax":1258,"trainingStatus":"MAINTAINING","fitnessLevelTrend":"NO_CHANGE","loadLevelTrend":"NO_CHANGE","trainingStatusFeedbackPhrase":"MAINTAINING_AER_LOW_SHORT"},{"userProfilePK":76018113,"calendarDate":"2024-03-20","deviceId":3401978503,"timestamp":"2024-03-20T06:47:03.0","sport":"RUNNING","subSport":"GENERIC","weeklyTrainingLoadSum":1046,"loadTunnelMin":559,"loadTunnelMax":1258,"trainingStatus":"PRODUCTIVE","fitnessLevelTrend":"NO_CHANGE","loadLevelTrend":"INCREASING","trainingStatusFeedbackPhrase":"PRODUCTIVE_AER_LOW_SHORT"},{"userProfilePK":76018113,"calendarDate":"2024-03-21","deviceId":3401978503,"timestamp":"2024-03-20T23:03:26.0","sport":"RUNNING","subSport":"GENERIC","weeklyTrainingLoadSum":826,"loadTunnelMin":559,"loadTunnelMax":1258,"trainingStatus":"PRODUCTIVE","fitnessLevelTrend":"NO_CHANGE","loadLevelTrend":"NO_CHANGE","trainingStatusFeedbackPhrase":"PRODUCTIVE_AER_LOW_SHORT"},{"userProfilePK":76018113,"calendarDate":"2024-03-21","deviceId":3401978503,"timestamp":"2024-03-21T06:28:45.0","sport":"RUNNING","subSport":"GENERIC","weeklyTrainingLoadSum":834,"loadTunnelMin":559,"loadTunnelMax":1258,"trainingStatus":"MAINTAINING","fitnessLevelTrend":"NO_CHANGE","loadLevelTrend":"NO_CHANGE","trainingStatusFeedbackPhrase":"MAINTAINING_AER_LOW_SHORT"},{"userProfilePK":76018113,"calendarDate":"2024-03-22","deviceId":3401978503,"timestamp":"2024-03-21T23:03:29.0","sport":"RUNNING","subSport":"GENERIC","weeklyTrainingLoadSum":825,"loadTunnelMin":559,"loadTunnelMax":1258,"trainingStatus":"MAINTAINING","fitnessLevelTrend":"NO_CHANGE","loadLevelTrend":"NO_CHANGE","trainingStatusFeedbackPhrase":"MAINTAINING_AER_LOW_SHORT"},{"userProfilePK":76018113,"calendarDate":"2024-03-22","deviceId":3401978503,"timestamp":"2024-03-22T06:58:02.0","sport":"RUNNING","subSport":"GENERIC","weeklyTrainingLoadSum":1034,"loadTunnelMin":559,"loadTunnelMax":1258,"trainingStatus":"PRODUCTIVE","fitnessLevelTrend":"NO_CHANGE","loadLevelTrend":"INCREASING","trainingStatusFeedbackPhrase":"PRODUCTIVE_AER_LOW_SHORT"},{"userProfilePK":76018113,"calendarDate":"2024-03-23","deviceId":3401978503,"timestamp":"2024-03-22T23:03:31.0","sport":"RUNNING","subSport":"GENERIC","weeklyTrainingLoadSum":890,"loadTunnelMin":559,"loadTunnelMax":1258,"trainingStatus":"PRODUCTIVE","fitnessLevelTrend":"NO_CHANGE","loadLevelTrend":"NO_CHANGE","trainingStatusFeedbackPhrase":"PRODUCTIVE_AER_LOW_SHORT"},{"userProfilePK":76018113,"calendarDate":"2024-03-23","deviceId":3401978503,"timestamp":"2024-03-23T09:22:25.0","sport":"RUNNING","subSport":"GENERIC","weeklyTrainingLoadSum":899,"loadTunnelMin":559,"loadTunnelMax":1258,"trainingStatus":"MAINTAINING","fitnessLevelTrend":"NO_CHANGE","loadLevelTrend":"NO_CHANGE","trainingStatusFeedbackPhrase":"MAINTAINING_AER_LOW_SHORT"},{"userProfilePK":76018113,"calendarDate":"2024-03-24","deviceId":3401978503,"timestamp":"2024-03-23T23:03:33.0","sport":"RUNNING","subSport":"GENERIC","weeklyTrainingLoadSum":581,"loadTunnelMin":559,"loadTunnelMax":1258,"trainingStatus":"RECOVERY","fitnessLevelTrend":"NO_CHANGE","loadLevelTrend":"DECREASING","trainingStatusFeedbackPhrase":"RECOVERY_AER_LOW_SHORT"},{"userProfilePK":76018113,"calendarDate":"2024-03-24","deviceId":3401978503,"timestamp":"2024-03-24T11:25:14.0","sport":"RUNNING","subSport":"GENERIC","weeklyTrainingLoadSum":849,"loadTunnelMin":559,"loadTunnelMax":1258,"trainingStatus":"MAINTAINING","fitnessLevelTrend":"NO_CHANGE","loadLevelTrend":"NO_CHANGE","trainingStatusFeedbackPhrase":"MAINTAINING_AER_LOW_SHORT"},{"userProfilePK":76018113,"calendarDate":"2024-03-25","deviceId":3401978503,"timestamp":"2024-03-24T23:03:38.0","sport":"RUNNING","subSport":"GENERIC","weeklyTrainingLoadSum":849,"loadTunnelMin":559,"loadTunnelMax":1258,"trainingStatus":"MAINTAINING","fitnessLevelTrend":"NO_CHANGE","loadLevelTrend":"NO_CHANGE","trainingStatusFeedbackPhrase":"MAINTAINING_AER_LOW_SHORT"},{"userProfilePK":76018113,"calendarDate":"2024-03-26","deviceId":3401978503,"timestamp":"2024-03-25T23:03:40.0","sport":"RUNNING","subSport":"GENERIC","weeklyTrainingLoadSum":628,"loadTunnelMin":559,"loadTunnelMax":1258,"trainingStatus":"RECOVERY","fitnessLevelTrend":"NO_CHANGE","loadLevelTrend":"DECREASING","trainingStatusFeedbackPhrase":"RECOVERY_AER_LOW_SHORT"},{"userProfilePK":76018113,"calendarDate":"2024-03-26","deviceId":3401978503,"timestamp":"2024-03-26T07:19:22.0","sport":"RUNNING","subSport":"GENERIC","weeklyTrainingLoadSum":874,"loadTunnelMin":722,"loadTunnelMax":1540,"trainingStatus":"MAINTAINING","fitnessLevelTrend":"NO_CHANGE","loadLevelTrend":"NO_CHANGE","trainingStatusFeedbackPhrase":"MAINTAINING_AER_LOW_SHORT"},{"userProfilePK":76018113,"calendarDate":"2024-03-27","deviceId":3401978503,"timestamp":"2024-03-26T23:03:44.0","sport":"RUNNING","subSport":"GENERIC","weeklyTrainingLoadSum":740,"loadTunnelMin":559,"loadTunnelMax":1258,"trainingStatus":"MAINTAINING","fitnessLevelTrend":"NO_CHANGE","loadLevelTrend":"NO_CHANGE","trainingStatusFeedbackPhrase":"MAINTAINING_AER_LOW_SHORT"},{"userProfilePK":76018113,"calendarDate":"2024-03-27","deviceId":3401978503,"timestamp":"2024-03-27T06:57:39.0","sport":"RUNNING","subSport":"GENERIC","weeklyTrainingLoadSum":759,"loadTunnelMin":559,"loadTunnelMax":1258,"trainingStatus":"MAINTAINING","fitnessLevelTrend":"NO_CHANGE","loadLevelTrend":"NO_CHANGE","trainingStatusFeedbackPhrase":"MAINTAINING_AER_LOW_SHORT"},{"userProfilePK":76018113,"calendarDate":"2024-03-28","deviceId":3401978503,"timestamp":"2024-03-27T23:03:52.0","sport":"RUNNING","subSport":"GENERIC","weeklyTrainingLoadSum":751,"loadTunnelMin":559,"loadTunnelMax":1258,"trainingStatus":"MAINTAINING","fitnessLevelTrend":"NO_CHANGE","loadLevelTrend":"NO_CHANGE","trainingStatusFeedbackPhrase":"MAINTAINING_AER_LOW_SHORT"},{"userProfilePK":76018113,"calendarDate":"2024-03-29","deviceId":3401978503,"timestamp":"2024-03-28T23:03:57.0","sport":"RUNNING","subSport":"GENERIC","weeklyTrainingLoadSum":542,"loadTunnelMin":559,"loadTunnelMax":1258,"trainingStatus":"RECOVERY","fitnessLevelTrend":"NO_CHANGE","loadLevelTrend":"DECREASING","trainingStatusFeedbackPhrase":"RECOVERY_AER_LOW_SHORT"},{"userProfilePK":76018113,"calendarDate":"2024-03-29","deviceId":3401978503,"timestamp":"2024-03-29T11:24:07.0","sport":"RUNNING","subSport":"GENERIC","weeklyTrainingLoadSum":844,"loadTunnelMin":559,"loadTunnelMax":1258,"trainingStatus":"MAINTAINING","fitnessLevelTrend":"NO_CHANGE","loadLevelTrend":"NO_CHANGE","trainingStatusFeedbackPhrase":"MAINTAINING_AER_LOW_SHORT"},{"userProfilePK":76018113,"calendarDate":"2024-03-30","deviceId":3401978503,"timestamp":"2024-03-29T23:04:02.0","sport":"RUNNING","subSport":"GENERIC","weeklyTrainingLoadSum":835,"loadTunnelMin":559,"loadTunnelMax":1258,"trainingStatus":"MAINTAINING","fitnessLevelTrend":"NO_CHANGE","loadLevelTrend":"NO_CHANGE","trainingStatusFeedbackPhrase":"MAINTAINING_AER_LOW_SHORT"},{"userProfilePK":76018113,"calendarDate":"2024-03-30","deviceId":3401978503,"timestamp":"2024-03-30T19:25:20.0","sport":"RUNNING","subSport":"GENERIC","weeklyTrainingLoadSum":847,"loadTunnelMin":559,"loadTunnelMax":1258,"trainingStatus":"MAINTAINING","fitnessLevelTrend":"NO_CHANGE","loadLevelTrend":"NO_CHANGE","trainingStatusFeedbackPhrase":"MAINTAINING_AER_LOW_SHORT"},{"userProfilePK":76018113,"calendarDate":"2024-03-30","deviceId":3401978503,"timestamp":"2024-03-30T19:46:47.0","sport":"RUNNING","subSport":"GENERIC","weeklyTrainingLoadSum":923,"loadTunnelMin":559,"loadTunnelMax":1258,"trainingStatus":"MAINTAINING","fitnessLevelTrend":"NO_CHANGE","loadLevelTrend":"NO_CHANGE","trainingStatusFeedbackPhrase":"MAINTAINING_AER_LOW_SHORT"},{"userProfilePK":76018113,"calendarDate":"2024-03-31","deviceId":3401978503,"timestamp":"2024-03-30T23:04:05.0","sport":"RUNNING","subSport":"GENERIC","weeklyTrainingLoadSum":655,"loadTunnelMin":559,"loadTunnelMax":1258,"trainingStatus":"RECOVERY","fitnessLevelTrend":"NO_CHANGE","loadLevelTrend":"DECREASING","trainingStatusFeedbackPhrase":"RECOVERY_AER_LOW_SHORT"},{"userProfilePK":76018113,"calendarDate":"2024-03-31","deviceId":3401978503,"timestamp":"2024-03-31T10:42:45.0","sport":"RUNNING","subSport":"GENERIC","weeklyTrainingLoadSum":937,"loadTunnelMin":559,"loadTunnelMax":1258,"trainingStatus":"MAINTAINING","fitnessLevelTrend":"NO_CHANGE","loadLevelTrend":"NO_CHANGE","trainingStatusFeedbackPhrase":"MAINTAINING_AER_LOW_SHORT"},{"userProfilePK":76018113,"calendarDate":"2024-04-01","deviceId":3401978503,"timestamp":"2024-03-31T22:04:09.0","sport":"RUNNING","subSport":"GENERIC","weeklyTrainingLoadSum":937,"loadTunnelMin":559,"loadTunnelMax":1258,"trainingStatus":"MAINTAINING","fitnessLevelTrend":"NO_CHANGE","loadLevelTrend":"NO_CHANGE","trainingStatusFeedbackPhrase":"MAINTAINING_AER_LOW_SHORT"},{"userProfilePK":76018113,"calendarDate":"2024-04-02","deviceId":3401978503,"timestamp":"2024-04-01T21:04:12.0","sport":"RUNNING","subSport":"GENERIC","weeklyTrainingLoadSum":691,"loadTunnelMin":559,"loadTunnelMax":1258,"trainingStatus":"RECOVERY","fitnessLevelTrend":"NO_CHANGE","loadLevelTrend":"DECREASING","trainingStatusFeedbackPhrase":"RECOVERY_AER_LOW_SHORT"},{"userProfilePK":76018113,"calendarDate":"2024-04-02","deviceId":3401978503,"timestamp":"2024-04-02T05:02:37.0","sport":"RUNNING","subSport":"GENERIC","weeklyTrainingLoadSum":962,"loadTunnelMin":722,"loadTunnelMax":1540,"trainingStatus":"MAINTAINING","fitnessLevelTrend":"NO_CHANGE","loadLevelTrend":"NO_CHANGE","trainingStatusFeedbackPhrase":"MAINTAINING_AER_LOW_SHORT"},{"userProfilePK":76018113,"calendarDate":"2024-04-03","deviceId":3401978503,"timestamp":"2024-04-02T21:04:14.0","sport":"RUNNING","subSport":"GENERIC","weeklyTrainingLoadSum":943,"loadTunnelMin":559,"loadTunnelMax":1258,"trainingStatus":"MAINTAINING","fitnessLevelTrend":"NO_CHANGE","loadLevelTrend":"NO_CHANGE","trainingStatusFeedbackPhrase":"MAINTAINING_AER_LOW_SHORT"},{"userProfilePK":76018113,"calendarDate":"2024-04-03","deviceId":3401978503,"timestamp":"2024-04-03T08:23:09.0","sport":"RUNNING","subSport":"GENERIC","weeklyTrainingLoadSum":1093,"loadTunnelMin":722,"loadTunnelMax":1540,"trainingStatus":"MAINTAINING","fitnessLevelTrend":"NO_CHANGE","loadLevelTrend":"INCREASING","trainingStatusFeedbackPhrase":"MAINTAINING_AER_LOW_SHORT"}]