[{"userProfilePK":76018113,"calendarDate":"2022-04-11","deviceId":3401978503,"timestamp":"2022-04-10T22:01:30.0","sport":"RUNNING","subSport":"GENERIC","weeklyTrainingLoadSum":775,"loadTunnelMin":446,"loadTunnelMax":988,"trainingStatus":"MAINTAINING","fitnessLevelTrend":"NO_CHANGE","loadLevelTrend":"INCREASING","trainingStatusFeedbackPhrase":"MAINTAINING_AER_LOW_SHORT"},{"userProfilePK":76018113,"calendarDate":"2022-04-12","deviceId":3401978503,"timestamp":"2022-04-11T22:01:38.0","sport":"RUNNING","subSport":"GENERIC","weeklyTrainingLoadSum":527,"loadTunnelMin":446,"loadTunnelMax":988,"trainingStatus":"MAINTAINING","fitnessLevelTrend":"NO_CHANGE","loadLevelTrend":"NO_CHANGE","trainingStatusFeedbackPhrase":"MAINTAINING_AER_LOW_SHORT"},{"userProfilePK":76018113,"calendarDate":"2022-04-13","deviceId":3401978503,"timestamp":"2022-04-12T22:01:46.0","sport":"RUNNING","subSport":"GENERIC","weeklyTrainingLoadSum":298,"loadTunnelMin":446,"loadTunnelMax":988,"trainingStatus":"RECOVERY","fitnessLevelTrend":"NO_CHANGE","loadLevelTrend":"DECREASING","trainingStatusFeedbackPhrase":"RECOVERY_AER_LOW_SHORT"},{"userProfilePK":76018113,"calendarDate":"2022-04-13","deviceId":3401978503,"timestamp":"2022-04-13T08:52:57.0","sport":"RUNNING","subSport":"GENERIC","weeklyTrainingLoadSum":532,"loadTunnelMin":446,"loadTunnelMax":988,"trainingStatus":"RECOVERY","fitnessLevelTrend":"NO_CHANGE","loadLevelTrend":"DECREASING","trainingStatusFeedbackPhrase":"RECOVERY_AER_LOW_SHORT"},{"userProfilePK":76018113,"calendarDate":"2022-04-14","deviceId":3401978503,"timestamp":"2022-04-13T22:01:55.0","sport":"RUNNING","subSport":"GENERIC","weeklyTrainingLoadSum":532,"loadTunnelMin":446,"loadTunnelMax":988,"trainingStatus":"RECOVERY","fitnessLevelTrend":"NO_CHANGE","loadLevelTrend":"DECREASING","trainingStatusFeedbackPhrase":"RECOVERY_AER_LOW_SHORT"},{"userProfilePK":76018113,"calendarDate":"2022-04-14","deviceId":3401978503,"timestamp":"2022-04-14T08:40:51.0","sport":"RUNNING","subSport":"GENERIC","weeklyTrainingLoadSum":756,"loadTunnelMin":446,"loadTunnelMax":988,"trainingStatus":"PRODUCTIVE","fitnessLevelTrend":"INCREASING","loadLevelTrend":"NO_CHANGE","trainingStatusFeedbackPhrase":"PRODUCTIVE_AER_LOW_SHORT"},{"userProfilePK":76018113,"calendarDate":"2022-04-15","deviceId":3401978503,"timestamp":"2022-04-14T22:02:03.0","sport":"RUNNING","subSport":"GENERIC","weeklyTrainingLoadSum":756,"loadTunnelMin":446,"loadTunnelMax":988,"trainingStatus":"PRODUCTIVE","fitnessLevelTrend":"INCREASING","loadLevelTrend":"INCREASING","trainingStatusFeedbackPhrase":"PRODUCTIVE_AER_LOW_SHORT"},{"userProfilePK":76018113,"calendarDate":"2022-04-16","deviceId":3401978503,"timestamp":"2022-04-15T22:02:11.0","sport":"RUNNING","subSport":"GENERIC","weeklyTrainingLoadSum":756,"loadTunnelMin":446,"loadTunnelMax":988,"trainingStatus":"PRODUCTIVE","fitnessLevelTrend":"INCREASING","loadLevelTrend":"INCREASING","trainingStatusFeedbackPhrase":"PRODUCTIVE_AER_LOW_SHORT"},{"userProfilePK":76018113,"calendarDate":"2022-04-16","deviceId":3401978503,"timestamp":"2022-04-16T08:17:42.0","sport":"RUNNING","subSport":"GENERIC","weeklyTrainingLoadSum":913,"loadTunnelMin":446,"loadTunnelMax":988,"trainingStatus":"PRODUCTIVE","fitnessLevelTrend":"INCREASING","loadLevelTrend":"INCREASING","trainingStatusFeedbackPhrase":"PRODUCTIVE_AER_LOW_SHORT"},{"userProfilePK":76018113,"calendarDate":"2022-04-17","deviceId":3401978503,"timestamp":"2022-04-16T22:02:19.0","sport":"RUNNING","subSport":"GENERIC","weeklyTrainingLoadSum":615,"loadTunnelMin":446,"loadTunnelMax":988,"trainingStatus":"PRODUCTIVE","fitnessLevelTrend":"INCREASING","loadLevelTrend":"NO_CHANGE","trainingStatusFeedbackPhrase":"PRODUCTIVE_AER_LOW_SHORT"},{"userProfilePK":76018113,"calendarDate":"2022-04-17","deviceId":3401978503,"timestamp":"2022-04-17T11:15:44.0","sport":"RUNNING","subSport":"GENERIC","weeklyTrainingLoadSum":797,"loadTunnelMin":446,"loadTunnelMax":988,"trainingStatus":"PRODUCTIVE","fitnessLevelTrend":"INCREASING","loadLevelTrend":"INCREASING","trainingStatusFeedbackPhrase":"PRODUCTIVE_AER_LOW_SHORT"},{"userProfilePK":76018113,"calendarDate":"2022-04-18","deviceId":3401978503,"timestamp":"2022-04-17T22:02:28.0","sport":"RUNNING","subSport":"GENERIC","weeklyTrainingLoadSum":797,"loadTunnelMin":446,"loadTunnelMax":988,"trainingStatus":"PRODUCTIVE","fitnessLevelTrend":"INCREASING","loadLevelTrend":"INCREASING","trainingStatusFeedbackPhrase":"PRODUCTIVE_AER_LOW_SHORT"},{"userProfilePK":76018113,"calendarDate":"2022-04-19","deviceId":3401978503,"timestamp":"2022-04-18T22:02:35.0","sport":"RUNNING","subSport":"GENERIC","weeklyTrainingLoadSum":797,"loadTunnelMin":446,"loadTunnelMax":988,"trainingStatus":"PRODUCTIVE","fitnessLevelTrend":"INCREASING","loadLevelTrend":"INCREASING","trainingStatusFeedbackPhrase":"PRODUCTIVE_AER_LOW_SHORT"},{"userProfilePK":76018113,"calendarDate":"2022-04-19","deviceId":3401978503,"timestamp":"2022-04-19T06:21:43.0","sport":"RUNNING","subSport":"GENERIC","weeklyTrainingLoadSum":937,"loadTunnelMin":446,"loadTunnelMax":988,"trainingStatus":"PRODUCTIVE","fitnessLevelTrend":"INCREASING","loadLevelTrend":"INCREASING","trainingStatusFeedbackPhrase":"PRODUCTIVE_AER_LOW_SHORT"},{"userProfilePK":76018113,"calendarDate":"2022-04-20","deviceId":3401978503,"timestamp":"2022-04-19T22:02:44.0","sport":"RUNNING","subSport":"GENERIC","weeklyTrainingLoadSum":703,"loadTunnelMin":446,"loadTunnelMax":988,"trainingStatus":"PRODUCTIVE","fitnessLevelTrend":"INCREASING","loadLevelTrend":"NO_CHANGE","trainingStatusFeedbackPhrase":"PRODUCTIVE_AER_LOW_SHORT"},{"userProfilePK":76018113,"calendarDate":"2022-04-21","deviceId":3401978503,"timestamp":"2022-04-20T22:02:52.0","sport":"RUNNING","subSport":"GENERIC","weeklyTrainingLoadSum":479,"loadTunnelMin":446,"loadTunnelMax":988,"trainingStatus":"PRODUCTIVE","fitnessLevelTrend":"INCREASING","loadLevelTrend":"DECREASING","trainingStatusFeedbackPhrase":"PRODUCTIVE_AER_LOW_SHORT"},{"userProfilePK":76018113,"calendarDate":"2022-04-21","deviceId":3401978503,"timestamp":"2022-04-21T05:30:46.0","sport":"RUNNING","subSport":"GENERIC","weeklyTrainingLoadSum":595,"loadTunnelMin":446,"loadTunnelMax":988,"trainingStatus":"MAINTAINING","fitnessLevelTrend":"NO_CHANGE","loadLevelTrend":"NO_CHANGE","trainingStatusFeedbackPhrase":"MAINTAINING_AER_LOW_SHORT"},{"userProfilePK":76018113,"calendarDate":"2022-04-22","deviceId":3401978503,"timestamp":"2022-04-21T22:03:00.0","sport":"RUNNING","subSport":"GENERIC","weeklyTrainingLoadSum":595,"loadTunnelMin":446,"loadTunnelMax":988,"trainingStatus":"MAINTAINING","fitnessLevelTrend":"NO_CHANGE","loadLevelTrend":"NO_CHANGE","trainingStatusFeedbackPhrase":"MAINTAINING_AER_LOW_SHORT"},{"userProfilePK":76018113,"calendarDate":"2022-04-23","deviceId":3401978503,"timestamp":"2022-04-22T22:03:07.0","sport":"RUNNING","subSport":"GENERIC","weeklyTrainingLoadSum":438,"loadTunnelMin":446,"loadTunnelMax":988,"trainingStatus":"RECOVERY","fitnessLevelTrend":"NO_CHANGE","loadLevelTrend":"DECREASING","trainingStatusFeedbackPhrase":"RECOVERY_AER_LOW_SHORT"},{"userProfilePK":76018113,"calendarDate":"2022-04-23","deviceId":3401978503,"timestamp":"2022-04-23T15:47:45.0","sport":"RUNNING","subSport":"GENERIC","weeklyTrainingLoadSum":718,"loadTunnelMin":446,"loadTunnelMax":988,"trainingStatus":"UNPRODUCTIVE","fitnessLevelTrend":"DECREASING","loadLevelTrend":"NO_CHANGE","trainingStatusFeedbackPhrase":"UNPRODUCTIVE_AER_LOW_SHORT"},{"userProfilePK":76018113,"calendarDate":"2022-04-24","deviceId":3401978503,"timestamp":"2022-04-23T22:03:16.0","sport":"RUNNING","subSport":"GENERIC","weeklyTrainingLoadSum":536,"loadTunnelMin":446,"loadTunnelMax":988,"trainingStatus":"UNPRODUCTIVE","fitnessLevelTrend":"DECREASING","loadLevelTrend":"DECREASING","trainingStatusFeedbackPhrase":"UNPRODUCTIVE_AER_LOW_SHORT"},{"userProfilePK":76018113,"calendarDate":"2022-04-24","deviceId":3401978503,"timestamp":"2022-04-24T11:37:59.0","sport":"RUNNING","subSport":"GENERIC","weeklyTrainingLoadSum":732,"loadTunnelMin":446,"loadTunnelMax":988,"trainingStatus":"UNPRODUCTIVE","fitnessLevelTrend":"DECREASING","loadLevelTrend":"NO_CHANGE","trainingStatusFeedbackPhrase":"UNPRODUCTIVE_AER_LOW_SHORT"},{"userProfilePK":76018113,"calendarDate":"2022-04-25","deviceId":3401978503,"timestamp":"2022-04-24T22:03:25.0","sport":"RUNNING","subSport":"GENERIC","weeklyTrainingLoadSum":732,"loadTunnelMin":446,"loadTunnelMax":988,"trainingStatus":"UNPRODUCTIVE","fitnessLevelTrend":"DECREASING","loadLevelTrend":"NO_CHANGE","trainingStatusFeedbackPhrase":"UNPRODUCTIVE_AER_LOW_SHORT"},{"userProfilePK":76018113,"calendarDate":"2022-04-26","deviceId":3401978503,"timestamp":"2022-04-25T22:03:33.0","sport":"RUNNING","subSport":"GENERIC","weeklyTrainingLoadSum":592,"loadTunnelMin":446,"loadTunnelMax":988,"trainingStatus":"UNPRODUCTIVE","fitnessLevelTrend":"DECREASING","loadLevelTrend":"NO_CHANGE","trainingStatusFeedbackPhrase":"UNPRODUCTIVE_AER_LOW_SHORT"},{"userProfilePK":76018113,"calendarDate":"2022-04-27","deviceId":3401978503,"timestamp":"2022-04-26T22:03:37.0","sport":"RUNNING","subSport":"GENERIC","weeklyTrainingLoadSum":592,"loadTunnelMin":446,"loadTunnelMax":988,"trainingStatus":"UNPRODUCTIVE","fitnessLevelTrend":"DECREASING","loadLevelTrend":"NO_CHANGE","trainingStatusFeedbackPhrase":"UNPRODUCTIVE_AER_LOW_SHORT"},{"userProfilePK":76018113,"calendarDate":"2022-04-27","deviceId":3401978503,"timestamp":"2022-04-27T06:05:54.0","sport":"RUNNING","subSport":"GENERIC","weeklyTrainingLoadSum":812,"loadTunnelMin":446,"loadTunnelMax":988,"trainingStatus":"MAINTAINING","fitnessLevelTrend":"NO_CHANGE","loadLevelTrend":"INCREASING","trainingStatusFeedbackPhrase":"MAINTAINING_AER_LOW_SHORT"},{"userProfilePK":76018113,"calendarDate":"2022-04-28","deviceId":3401978503,"timestamp":"2022-04-27T22:03:41.0","sport":"RUNNING","subSport":"GENERIC","weeklyTrainingLoadSum":696,"loadTunnelMin":446,"loadTunnelMax":988,"trainingStatus":"MAINTAINING","fitnessLevelTrend":"NO_CHANGE","loadLevelTrend":"NO_CHANGE","trainingStatusFeedbackPhrase":"MAINTAINING_AER_LOW_SHORT"},{"userProfilePK":76018113,"calendarDate":"2022-04-28","deviceId":3401978503,"timestamp":"2022-04-28T05:57:57.0","sport":"RUNNING","subSport":"GENERIC","weeklyTrainingLoadSum":849,"loadTunnelMin":559,"loadTunnelMax":1258,"trainingStatus":"MAINTAINING","fitnessLevelTrend":"NO_CHANGE","loadLevelTrend":"INCREASING","trainingStatusFeedbackPhrase":"MAINTAINING_AER_LOW_SHORT"},{"userProfilePK":76018113,"calendarDate":"2022-04-29","deviceId":3401978503,"timestamp":"2022-04-28T22:03:45.0","sport":"RUNNING","subSport":"GENERIC","weeklyTrainingLoadSum":849,"loadTunnelMin":559,"loadTunnelMax":1258,"trainingStatus":"MAINTAINING","fitnessLevelTrend":"NO_CHANGE","loadLevelTrend":"INCREASING","trainingStatusFeedbackPhrase":"MAINTAINING_AER_LOW_SHORT"},{"userProfilePK":76018113,"calendarDate":"2022-04-30","deviceId":3401978503,"timestamp":"2022-04-29T22:03:49.0","sport":"RUNNING","subSport":"GENERIC","weeklyTrainingLoadSum":569,"loadTunnelMin":559,"loadTunnelMax":1258,"trainingStatus":"RECOVERY","fitnessLevelTrend":"NO_CHANGE","loadLevelTrend":"DECREASING","trainingStatusFeedbackPhrase":"RECOVERY_AER_LOW_SHORT"},{"userProfilePK":76018113,"calendarDate":"2022-04-30","deviceId":3401978503,"timestamp":"2022-04-30T11:36:30.0","sport":"RUNNING","subSport":"GENERIC","weeklyTrainingLoadSum":796,"loadTunnelMin":559,"loadTunnelMax":1258,"trainingStatus":"MAINTAINING","fitnessLevelTrend":"NO_CHANGE","loadLevelTrend":"NO_CHANGE","trainingStatusFeedbackPhrase":"MAINTAINING_AER_LOW_SHORT"},{"userProfilePK":76018113,"calendarDate":"2022-05-01","deviceId":3401978503,"timestamp":"2022-04-30T22:03:53.0","sport":"RUNNING","subSport":"GENERIC","weeklyTrainingLoadSum":600,"loadTunnelMin":559,"loadTunnelMax":1258,"trainingStatus":"RECOVERY","fitnessLevelTrend":"NO_CHANGE","loadLevelTrend":"DECREASING","trainingStatusFeedbackPhrase":"RECOVERY_AER_LOW_SHORT"},{"userProfilePK":76018113,"calendarDate":"2022-05-01","deviceId":3401978503,"timestamp":"2022-05-01T11:25:31.0","sport":"RUNNING","subSport":"GENERIC","weeklyTrainingLoadSum":792,"loadTunnelMin":559,"loadTunnelMax":1258,"trainingStatus":"PRODUCTIVE","fitnessLevelTrend":"INCREASING","loadLevelTrend":"NO_CHANGE","trainingStatusFeedbackPhrase":"PRODUCTIVE_AER_LOW_SHORT"},{"userProfilePK":76018113,"calendarDate":"2022-05-02","deviceId":3401978503,"timestamp":"2022-05-01T22:03:57.0","sport":"RUNNING","subSport":"GENERIC","weeklyTrainingLoadSum":792,"loadTunnelMin":559,"loadTunnelMax":1258,"trainingStatus":"PRODUCTIVE","fitnessLevelTrend":"INCREASING","loadLevelTrend":"NO_CHANGE","trainingStatusFeedbackPhrase":"PRODUCTIVE_AER_LOW_SHORT"},{"userProfilePK":76018113,"calendarDate":"2022-05-02","deviceId":3401978503,"timestamp":"2022-05-02T11:17:46.0","sport":"RUNNING","subSport":"GENERIC","weeklyTrainingLoadSum":994,"loadTunnelMin":559,"loadTunnelMax":1258,"trainingStatus":"PRODUCTIVE","fitnessLevelTrend":"INCREASING","loadLevelTrend":"INCREASING","trainingStatusFeedbackPhrase":"PRODUCTIVE_AER_LOW_SHORT"},{"userProfilePK":76018113,"calendarDate":"2022-05-03","deviceId":3401978503,"timestamp":"2022-05-02T22:05:41.0","sport":"RUNNING","subSport":"GENERIC","weeklyTrainingLoadSum":994,"loadTunnelMin":559,"loadTunnelMax":1258,"trainingStatus":"PRODUCTIVE","fitnessLevelTrend":"INCREASING","loadLevelTrend":"INCREASING","trainingStatusFeedbackPhrase":"PRODUCTIVE_AER_LOW_SHORT"},{"userProfilePK":76018113,"calendarDate":"2022-05-04","deviceId":3401978503,"timestamp":"2022-05-03T22:05:44.0","sport":"RUNNING","subSport":"GENERIC","weeklyTrainingLoadSum":774,"loadTunnelMin":559,"loadTunnelMax":1258,"trainingStatus":"PRODUCTIVE","fitnessLevelTrend":"INCREASING","loadLevelTrend":"NO_CHANGE","trainingStatusFeedbackPhrase":"PRODUCTIVE_AER_LOW_SHORT"},{"userProfilePK":76018113,"calendarDate":"2022-05-04","deviceId":3401978503,"timestamp":"2022-05-04T06:06:35.0","sport":"RUNNING","subSport":"GENERIC","weeklyTrainingLoadSum":927,"loadTunnelMin":559,"loadTunnelMax":1258,"trainingStatus":"PRODUCTIVE","fitnessLevelTrend":"INCREASING","loadLevelTrend":"INCREASING","trainingStatusFeedbackPhrase":"PRODUCTIVE_AER_LOW_SHORT"},{"userProfilePK":76018113,"calendarDate":"2022-05-05","deviceId":3401978503,"timestamp":"2022-05-04T22:05:48.0","sport":"RUNNING","subSport":"GENERIC","weeklyTrainingLoadSum":774,"loadTunnelMin":559,"loadTunnelMax":1258,"trainingStatus":"PRODUCTIVE","fitnessLevelTrend":"INCREASING","loadLevelTrend":"NO_CHANGE","trainingStatusFeedbackPhrase":"PRODUCTIVE_AER_LOW_SHORT"},{"userProfilePK":76018113,"calendarDate":"2022-05-06","deviceId":3401978503,"timestamp":"2022-05-05T22:05:53.0","sport":"RUNNING","subSport":"GENERIC","weeklyTrainingLoadSum":774,"loadTunnelMin":559,"loadTunnelMax":1258,"trainingStatus":"PRODUCTIVE","fitnessLevelTrend":"INCREASING","loadLevelTrend":"NO_CHANGE","trainingStatusFeedbackPhrase":"PRODUCTIVE_AER_LOW_SHORT"},{"userProfilePK":76018113,"calendarDate":"2022-05-07","deviceId":3401978503,"timestamp":"2022-05-06T22:05:55.0","sport":"RUNNING","subSport":"GENERIC","weeklyTrainingLoadSum":547,"loadTunnelMin":559,"loadTunnelMax":1258,"trainingStatus":"PRODUCTIVE","fitnessLevelTrend":"INCREASING","loadLevelTrend":"DECREASING","trainingStatusFeedbackPhrase":"PRODUCTIVE_AER_LOW_SHORT"},{"userProfilePK":76018113,"calendarDate":"2022-05-07","deviceId":3401978503,"timestamp":"2022-05-07T12:10:52.0","sport":"RUNNING","subSport":"GENERIC","weeklyTrainingLoadSum":826,"loadTunnelMin":559,"loadTunnelMax":1258,"trainingStatus":"MAINTAINING","fitnessLevelTrend":"NO_CHANGE","loadLevelTrend":"NO_CHANGE","trainingStatusFeedbackPhrase":"MAINTAINING_AER_LOW_SHORT"},{"userProfilePK":76018113,"calendarDate":"2022-05-08","deviceId":3401978503,"timestamp":"2022-05-07T22:05:59.0","sport":"RUNNING","subSport":"GENERIC","weeklyTrainingLoadSum":634,"loadTunnelMin":559,"loadTunnelMax":1258,"trainingStatus":"MAINTAINING","fitnessLevelTrend":"NO_CHANGE","loadLevelTrend":"NO_CHANGE","trainingStatusFeedbackPhrase":"MAINTAINING_AER_LOW_SHORT"},{"userProfilePK":76018113,"calendarDate":"2022-05-08","deviceId":3401978503,"timestamp":"2022-05-08T09:19:19.0","sport":"RUNNING","subSport":"GENERIC","weeklyTrainingLoadSum":819,"loadTunnelMin":559,"loadTunnelMax":1258,"trainingStatus":"MAINTAINING","fitnessLevelTrend":"NO_CHANGE","loadLevelTrend":"NO_CHANGE","trainingStatusFeedbackPhrase":"MAINTAINING_AER_LOW_SHORT"},{"userProfilePK":76018113,"calendarDate":"2022-05-09","deviceId":3401978503,"timestamp":"2022-05-08T22:01:02.0","sport":"RUNNING","subSport":"GENERIC","weeklyTrainingLoadSum":617,"loadTunnelMin":559,"loadTunnelMax":1258,"trainingStatus":"RECOVERY","fitnessLevelTrend":"NO_CHANGE","loadLevelTrend":"DECREASING","trainingStatusFeedbackPhrase":"RECOVERY_AER_LOW_SHORT"},{"userProfilePK":76018113,"calendarDate":"2022-05-10","deviceId":3401978503,"timestamp":"2022-05-09T22:01:06.0","sport":"RUNNING","subSport":"GENERIC","weeklyTrainingLoadSum":617,"loadTunnelMin":559,"loadTunnelMax":1258,"trainingStatus":"RECOVERY","fitnessLevelTrend":"NO_CHANGE","loadLevelTrend":"DECREASING","trainingStatusFeedbackPhrase":"RECOVERY_AER_LOW_SHORT"},{"userProfilePK":76018113,"calendarDate":"2022-05-10","deviceId":3401978503,"timestamp":"2022-05-10T06:22:21.0","sport":"RUNNING","subSport":"GENERIC","weeklyTrainingLoadSum":774,"loadTunnelMin":559,"loadTunnelMax":1258,"trainingStatus":"MAINTAINING","fitnessLevelTrend":"NO_CHANGE","loadLevelTrend":"NO_CHANGE","trainingStatusFeedbackPhrase":"MAINTAINING_AER_LOW_SHORT"},{"userProfilePK":76018113,"calendarDate":"2022-05-11","deviceId":3401978503,"timestamp":"2022-05-10T22:01:07.0","sport":"RUNNING","subSport":"GENERIC","weeklyTrainingLoadSum":621,"loadTunnelMin":559,"loadTunnelMax":1258,"trainingStatus":"RECOVERY","fitnessLevelTrend":"NO_CHANGE","loadLevelTrend":"DECREASING","trainingStatusFeedbackPhrase":"RECOVERY_AER_LOW_SHORT"},{"userProfilePK":76018113,"calendarDate":"2022-05-11","deviceId":3401978503,"timestamp":"2022-05-11T06:17:00.0","sport":"RUNNING","subSport":"GENERIC","weeklyTrainingLoadSum":839,"loadTunnelMin":559,"loadTunnelMax":1258,"trainingStatus":"MAINTAINING","fitnessLevelTrend":"NO_CHANGE","loadLevelTrend":"NO_CHANGE","trainingStatusFeedbackPhrase":"MAINTAINING_AER_LOW_SHORT"},{"userProfilePK":76018113,"calendarDate":"2022-05-12","deviceId":3401978503,"timestamp":"2022-05-11T22:05:09.0","sport":"RUNNING","subSport":"GENERIC","weeklyTrainingLoadSum":839,"loadTunnelMin":559,"loadTunnelMax":1258,"trainingStatus":"MAINTAINING","fitnessLevelTrend":"NO_CHANGE","loadLevelTrend":"NO_CHANGE","trainingStatusFeedbackPhrase":"MAINTAINING_AER_LOW_SHORT"},{"userProfilePK":76018113,"calendarDate":"2022-05-13","deviceId":3401978503,"timestamp":"2022-05-12T22:05:11.0","sport":"RUNNING","subSport":"GENERIC","weeklyTrainingLoadSum":839,"loadTunnelMin":559,"loadTunnelMax":1258,"trainingStatus":"MAINTAINING","fitnessLevelTrend":"NO_CHANGE","loadLevelTrend":"NO_CHANGE","trainingStatusFeedbackPhrase":"MAINTAINING_AER_LOW_SHORT"},{"userProfilePK":76018113,"calendarDate":"2022-05-13","deviceId":3401978503,"timestamp":"2022-05-13T05:56:01.0","sport":"RUNNING","subSport":"GENERIC","weeklyTrainingLoadSum":1032,"loadTunnelMin":559,"loadTunnelMax":1258,"trainingStatus":"PRODUCTIVE","fitnessLevelTrend":"NO_CHANGE","loadLevelTrend":"INCREASING","trainingStatusFeedbackPhrase":"PRODUCTIVE_AER_LOW_SHORT"},{"userProfilePK":76018113,"calendarDate":"2022-05-14","deviceId":3401978503,"timestamp":"2022-05-13T22:05:15.0","sport":"RUNNING","subSport":"GENERIC","weeklyTrainingLoadSum":753,"loadTunnelMin":559,"loadTunnelMax":1258,"trainingStatus":"PRODUCTIVE","fitnessLevelTrend":"NO_CHANGE","loadLevelTrend":"NO_CHANGE","trainingStatusFeedbackPhrase":"PRODUCTIVE_AER_LOW_SHORT"},{"userProfilePK":76018113,"calendarDate":"2022-05-14","deviceId":3401978503,"timestamp":"2022-05-14T11:14:26.0","sport":"RUNNING","subSport":"GENERIC","weeklyTrainingLoadSum":964,"loadTunnelMin":559,"loadTunnelMax":1258,"trainingStatus":"MAINTAINING","fitnessLevelTrend":"NO_CHANGE","loadLevelTrend":"INCREASING","trainingStatusFeedbackPhrase":"MAINTAINING_AER_LOW_SHORT"},{"userProfilePK":76018113,"calendarDate":"2022-05-15","deviceId":3401978503,"timestamp":"2022-05-14T22:05:18.0","sport":"RUNNING","subSport":"GENERIC","weeklyTrainingLoadSum":779,"loadTunnelMin":559,"loadTunnelMax":1258,"trainingStatus":"MAINTAINING","fitnessLevelTrend":"NO_CHANGE","loadLevelTrend":"NO_CHANGE","trainingStatusFeedbackPhrase":"MAINTAINING_AER_LOW_SHORT"},{"userProfilePK":76018113,"calendarDate":"2022-05-16","deviceId":3401978503,"timestamp":"2022-05-15T23:05:20.0","sport":"RUNNING","subSport":"GENERIC","weeklyTrainingLoadSum":779,"loadTunnelMin":559,"loadTunnelMax":1258,"trainingStatus":"MAINTAINING","fitnessLevelTrend":"NO_CHANGE","loadLevelTrend":"NO_CHANGE","trainingStatusFeedbackPhrase":"MAINTAINING_AER_LOW_SHORT"},{"userProfilePK":76018113,"calendarDate":"2022-05-16","deviceId":3401978503,"timestamp":"2022-05-16T10:18:56.0","sport":"RUNNING","subSport":"GENERIC","weeklyTrainingLoadSum":779,"loadTunnelMin":559,"loadTunnelMax":1258,"trainingStatus":"MAINTAINING","fitnessLevelTrend":"NO_CHANGE","loadLevelTrend":"NO_CHANGE","trainingStatusFeedbackPhrase":"MAINTAINING_AER_LOW_SHORT"},{"userProfilePK":76018113,"calendarDate":"2022-05-16","deviceId":3401978503,"timestamp":"2022-05-16T11:43:02.0","sport":"RUNNING","subSport":"GENERIC","weeklyTrainingLoadSum":1050,"loadTunnelMin":559,"loadTunnelMax":1258,"trainingStatus":"PRODUCTIVE","fitnessLevelTrend":"NO_CHANGE","loadLevelTrend":"INCREASING","trainingStatusFeedbackPhrase":"PRODUCTIVE_AER_LOW_SHORT"},{"userProfilePK":76018113,"calendarDate":"2022-05-17","deviceId":3401978503,"timestamp":"2022-05-16T22:05:22.0","sport":"RUNNING","subSport":"GENERIC","weeklyTrainingLoadSum":893,"loadTunnelMin":559,"loadTunnelMax":1258,"trainingStatus":"PRODUCTIVE","fitnessLevelTrend":"NO_CHANGE","loadLevelTrend":"NO_CHANGE","trainingStatusFeedbackPhrase":"PRODUCTIVE_AER_LOW_SHORT"},{"userProfilePK":76018113,"calendarDate":"2022-05-18","deviceId":3401978503,"timestamp":"2022-05-18T05:05:25.0","sport":"RUNNING","subSport":"GENERIC","weeklyTrainingLoadSum":675,"loadTunnelMin":559,"loadTunnelMax":1258,"trainingStatus":"RECOVERY","fitnessLevelTrend":"NO_CHANGE","loadLevelTrend":"DECREASING","trainingStatusFeedbackPhrase":"RECOVERY_AER_LOW_SHORT"},{"userProfilePK":76018113,"calendarDate":"2022-05-19","deviceId":3401978503,"timestamp":"2022-05-19T05:05:27.0","sport":"RUNNING","subSport":"GENERIC","weeklyTrainingLoadSum":675,"loadTunnelMin":559,"loadTunnelMax":1258,"trainingStatus":"RECOVERY","fitnessLevelTrend":"NO_CHANGE","loadLevelTrend":"NO_CHANGE","trainingStatusFeedbackPhrase":"RECOVERY_AER_LOW_SHORT"},{"userProfilePK":76018113,"calendarDate":"2022-05-20","deviceId":3401978503,"timestamp":"2022-05-20T05:05:29.0","sport":"RUNNING","subSport":"GENERIC","weeklyTrainingLoadSum":482,"loadTunnelMin":559,"loadTunnelMax":1258,"trainingStatus":"RECOVERY","fitnessLevelTrend":"NO_CHANGE","loadLevelTrend":"DECREASING","trainingStatusFeedbackPhrase":"RECOVERY_AER_LOW_SHORT"},{"userProfilePK":76018113,"calendarDate":"2022-05-21","deviceId":3401978503,"timestamp":"2022-05-21T05:05:31.0","sport":"RUNNING","subSport":"GENERIC","weeklyTrainingLoadSum":271,"loadTunnelMin":559,"loadTunnelMax":1258,"trainingStatus":"RECOVERY","fitnessLevelTrend":"NO_CHANGE","loadLevelTrend":"DECREASING","trainingStatusFeedbackPhrase":"RECOVERY_AER_LOW_SHORT"},{"userProfilePK":76018113,"calendarDate":"2022-05-21","deviceId":3401978503,"timestamp":"2022-05-21T10:58:07.0","sport":"RUNNING","subSport":"GENERIC","weeklyTrainingLoadSum":271,"loadTunnelMin":559,"loadTunnelMax":1258,"trainingStatus":"RECOVERY","fitnessLevelTrend":"NO_CHANGE","loadLevelTrend":"DECREASING","trainingStatusFeedbackPhrase":"RECOVERY_AER_LOW_SHORT"},{"userProfilePK":76018113,"calendarDate":"2022-05-21","deviceId":3401978503,"timestamp":"2022-05-21T11:02:42.0","sport":"RUNNING","subSport":"GENERIC","weeklyTrainingLoadSum":271,"loadTunnelMin":559,"loadTunnelMax":1258,"trainingStatus":"RECOVERY","fitnessLevelTrend":"NO_CHANGE","loadLevelTrend":"DECREASING","trainingStatusFeedbackPhrase":"RECOVERY_AER_LOW_SHORT"},{"userProfilePK":76018113,"calendarDate":"2022-05-21","deviceId":3401978503,"timestamp":"2022-05-21T11:52:43.0","sport":"RUNNING","subSport":"GENERIC","weeklyTrainingLoadSum":573,"loadTunnelMin":559,"loadTunnelMax":1258,"trainingStatus":"RECOVERY","fitnessLevelTrend":"NO_CHANGE","loadLevelTrend":"DECREASING","trainingStatusFeedbackPhrase":"RECOVERY_AER_LOW_SHORT"},{"userProfilePK":76018113,"calendarDate":"2022-05-22","deviceId":3401978503,"timestamp":"2022-05-21T22:05:35.0","sport":"RUNNING","subSport":"GENERIC","weeklyTrainingLoadSum":573,"loadTunnelMin":559,"loadTunnelMax":1258,"trainingStatus":"RECOVERY","fitnessLevelTrend":"NO_CHANGE","loadLevelTrend":"DECREASING","trainingStatusFeedbackPhrase":"RECOVERY_AER_LOW_SHORT"},{"userProfilePK":76018113,"calendarDate":"2022-05-22","deviceId":3401978503,"timestamp":"2022-05-22T10:47:31.0","sport":"RUNNING","subSport":"GENERIC","weeklyTrainingLoadSum":767,"loadTunnelMin":559,"loadTunnelMax":1258,"trainingStatus":"MAINTAINING","fitnessLevelTrend":"NO_CHANGE","loadLevelTrend":"NO_CHANGE","trainingStatusFeedbackPhrase":"MAINTAINING_AER_LOW_SHORT"},{"userProfilePK":76018113,"calendarDate":"2022-05-23","deviceId":3401978503,"timestamp":"2022-05-22T22:05:39.0","sport":"RUNNING","subSport":"GENERIC","weeklyTrainingLoadSum":496,"loadTunnelMin":559,"loadTunnelMax":1258,"trainingStatus":"RECOVERY","fitnessLevelTrend":"NO_CHANGE","loadLevelTrend":"DECREASING","trainingStatusFeedbackPhrase":"RECOVERY_AER_LOW_SHORT"},{"userProfilePK":76018113,"calendarDate":"2022-05-24","deviceId":3401978503,"timestamp":"2022-05-23T22:05:42.0","sport":"RUNNING","subSport":"GENERIC","weeklyTrainingLoadSum":496,"loadTunnelMin":559,"loadTunnelMax":1258,"trainingStatus":"RECOVERY","fitnessLevelTrend":"NO_CHANGE","loadLevelTrend":"DECREASING","trainingStatusFeedbackPhrase":"RECOVERY_AER_LOW_SHORT"},{"userProfilePK":76018113,"calendarDate":"2022-05-24","deviceId":3401978503,"timestamp":"2022-05-24T05:56:37.0","sport":"RUNNING","subSport":"GENERIC","weeklyTrainingLoadSum":586,"loadTunnelMin":559,"loadTunnelMax":1258,"trainingStatus":"RECOVERY","fitnessLevelTrend":"NO_CHANGE","loadLevelTrend":"DECREASING","trainingStatusFeedbackPhrase":"RECOVERY_AER_LOW_SHORT"},{"userProfilePK":76018113,"calendarDate":"2022-05-25","deviceId":3401978503,"timestamp":"2022-05-24T22:05:44.0","sport":"RUNNING","subSport":"GENERIC","weeklyTrainingLoadSum":586,"loadTunnelMin":559,"loadTunnelMax":1258,"trainingStatus":"RECOVERY","fitnessLevelTrend":"NO_CHANGE","loadLevelTrend":"DECREASING","trainingStatusFeedbackPhrase":"RECOVERY_AER_LOW_SHORT"},{"userProfilePK":76018113,"calendarDate":"2022-05-26","deviceId":3401978503,"timestamp":"2022-05-25T22:05:48.0","sport":"RUNNING","subSport":"GENERIC","weeklyTrainingLoadSum":586,"loadTunnelMin":559,"loadTunnelMax":1258,"trainingStatus":"RECOVERY","fitnessLevelTrend":"NO_CHANGE","loadLevelTrend":"DECREASING","trainingStatusFeedbackPhrase":"RECOVERY_AER_LOW_SHORT"},{"userProfilePK":76018113,"calendarDate":"2022-05-27","deviceId":3401978503,"timestamp":"2022-05-26T22:05:50.0","sport":"RUNNING","subSport":"GENERIC","weeklyTrainingLoadSum":586,"loadTunnelMin":559,"loadTunnelMax":1258,"trainingStatus":"RECOVERY","fitnessLevelTrend":"NO_CHANGE","loadLevelTrend":"DECREASING","trainingStatusFeedbackPhrase":"RECOVERY_AER_LOW_SHORT"},{"userProfilePK":76018113,"calendarDate":"2022-05-27","deviceId":3401978503,"timestamp":"2022-05-27T05:52:31.0","sport":"RUNNING","subSport":"GENERIC","weeklyTrainingLoadSum":710,"loadTunnelMin":559,"loadTunnelMax":1258,"trainingStatus":"MAINTAINING","fitnessLevelTrend":"NO_CHANGE","loadLevelTrend":"NO_CHANGE","trainingStatusFeedbackPhrase":"MAINTAINING_AER_LOW_SHORT"},{"userProfilePK":76018113,"calendarDate":"2022-05-28","deviceId":3401978503,"timestamp":"2022-05-27T22:05:52.0","sport":"RUNNING","subSport":"GENERIC","weeklyTrainingLoadSum":408,"loadTunnelMin":446,"loadTunnelMax":988,"trainingStatus":"RECOVERY","fitnessLevelTrend":"NO_CHANGE","loadLevelTrend":"DECREASING","trainingStatusFeedbackPhrase":"RECOVERY_AER_LOW_SHORT"},{"userProfilePK":76018113,"calendarDate":"2022-05-29","deviceId":3401978503,"timestamp":"2022-05-28T22:05:55.0","sport":"RUNNING","subSport":"GENERIC","weeklyTrainingLoadSum":214,"loadTunnelMin":446,"loadTunnelMax":988,"trainingStatus":"RECOVERY","fitnessLevelTrend":"NO_CHANGE","loadLevelTrend":"DECREASING","trainingStatusFeedbackPhrase":"RECOVERY_AER_LOW_SHORT"},{"userProfilePK":76018113,"calendarDate":"2022-05-29","deviceId":3401978503,"timestamp":"2022-05-29T06:49:24.0","sport":"RUNNING","subSport":"GENERIC","weeklyTrainingLoadSum":214,"loadTunnelMin":446,"loadTunnelMax":988,"trainingStatus":"RECOVERY","fitnessLevelTrend":"NO_CHANGE","loadLevelTrend":"DECREASING","trainingStatusFeedbackPhrase":"RECOVERY_AER_LOW_SHORT"},{"userProfilePK":76018113,"calendarDate":"2022-05-29","deviceId":3401978503,"timestamp":"2022-05-29T07:50:27.0","sport":"RUNNING","subSport":"GENERIC","weeklyTrainingLoadSum":585,"loadTunnelMin":559,"loadTunnelMax":1258,"trainingStatus":"UNPRODUCTIVE","fitnessLevelTrend":"DECREASING","loadLevelTrend":"DECREASING","trainingStatusFeedbackPhrase":"UNPRODUCTIVE_AER_LOW_SHORT"},{"userProfilePK":76018113,"calendarDate":"2022-05-30","deviceId":3401978503,"timestamp":"2022-05-29T22:05:58.0","sport":"RUNNING","subSport":"GENERIC","weeklyTrainingLoadSum":585,"loadTunnelMin":446,"loadTunnelMax":988,"trainingStatus":"UNPRODUCTIVE","fitnessLevelTrend":"DECREASING","loadLevelTrend":"NO_CHANGE","trainingStatusFeedbackPhrase":"UNPRODUCTIVE_AER_LOW_SHORT"},{"userProfilePK":76018113,"calendarDate":"2022-05-31","deviceId":3401978503,"timestamp":"2022-05-30T22:05:59.0","sport":"RUNNING","subSport":"GENERIC","weeklyTrainingLoadSum":495,"loadTunnelMin":446,"loadTunnelMax":988,"trainingStatus":"UNPRODUCTIVE","fitnessLevelTrend":"DECREASING","loadLevelTrend":"DECREASING","trainingStatusFeedbackPhrase":"UNPRODUCTIVE_AER_LOW_SHORT"},{"userProfilePK":76018113,"calendarDate":"2022-05-31","deviceId":3401978503,"timestamp":"2022-05-31T05:58:15.0","sport":"RUNNING","subSport":"GENERIC","weeklyTrainingLoadSum":604,"loadTunnelMin":559,"loadTunnelMax":1258,"trainingStatus":"UNPRODUCTIVE","fitnessLevelTrend":"DECREASING","loadLevelTrend":"DECREASING","trainingStatusFeedbackPhrase":"UNPRODUCTIVE_AER_LOW_SHORT"},{"userProfilePK":76018113,"calendarDate":"2022-06-01","deviceId":3401978503,"timestamp":"2022-05-31T22:01:02.0","sport":"RUNNING","subSport":"GENERIC","weeklyTrainingLoadSum":604,"loadTunnelMin":446,"loadTunnelMax":988,"trainingStatus":"UNPRODUCTIVE","fitnessLevelTrend":"DECREASING","loadLevelTrend":"NO_CHANGE","trainingStatusFeedbackPhrase":"UNPRODUCTIVE_AER_LOW_SHORT"},{"userProfilePK":76018113,"calendarDate":"2022-06-02","deviceId":3401978503,"timestamp":"2022-06-01T22:01:04.0","sport":"RUNNING","subSport":"GENERIC","weeklyTrainingLoadSum":604,"loadTunnelMin":446,"loadTunnelMax":988,"trainingStatus":"UNPRODUCTIVE","fitnessLevelTrend":"DECREASING","loadLevelTrend":"NO_CHANGE","trainingStatusFeedbackPhrase":"UNPRODUCTIVE_AER_LOW_SHORT"},{"userProfilePK":76018113,"calendarDate":"2022-06-02","deviceId":3401978503,"timestamp":"2022-06-02T06:10:50.0","sport":"RUNNING","subSport":"GENERIC","weeklyTrainingLoadSum":785,"loadTunnelMin":559,"loadTunnelMax":1258,"trainingStatus":"MAINTAINING","fitnessLevelTrend":"NO_CHANGE","loadLevelTrend":"NO_CHANGE","trainingStatusFeedbackPhrase":"MAINTAINING_AER_LOW_SHORT"},{"userProfilePK":76018113,"calendarDate":"2022-06-03","deviceId":3401978503,"timestamp":"2022-06-02T22:01:07.0","sport":"RUNNING","subSport":"GENERIC","weeklyTrainingLoadSum":661,"loadTunnelMin":559,"loadTunnelMax":1258,"trainingStatus":"MAINTAINING","fitnessLevelTrend":"NO_CHANGE","loadLevelTrend":"NO_CHANGE","trainingStatusFeedbackPhrase":"MAINTAINING_AER_LOW_SHORT"},{"userProfilePK":76018113,"calendarDate":"2022-06-04","deviceId":3401978503,"timestamp":"2022-06-03T22:01:09.0","sport":"RUNNING","subSport":"GENERIC","weeklyTrainingLoadSum":661,"loadTunnelMin":446,"loadTunnelMax":988,"trainingStatus":"MAINTAINING","fitnessLevelTrend":"NO_CHANGE","loadLevelTrend":"NO_CHANGE","trainingStatusFeedbackPhrase":"MAINTAINING_AER_LOW_SHORT"},{"userProfilePK":76018113,"calendarDate":"2022-06-04","deviceId":3401978503,"timestamp":"2022-06-04T07:40:02.0","sport":"RUNNING","subSport":"GENERIC","weeklyTrainingLoadSum":661,"loadTunnelMin":446,"loadTunnelMax":988,"trainingStatus":"MAINTAINING","fitnessLevelTrend":"NO_CHANGE","loadLevelTrend":"NO_CHANGE","trainingStatusFeedbackPhrase":"MAINTAINING_AER_LOW_SHORT"},{"userProfilePK":76018113,"calendarDate":"2022-06-04","deviceId":3401978503,"timestamp":"2022-06-04T09:09:17.0","sport":"RUNNING","subSport":"GENERIC","weeklyTrainingLoadSum":865,"loadTunnelMin":559,"loadTunnelMax":1258,"trainingStatus":"MAINTAINING","fitnessLevelTrend":"NO_CHANGE","loadLevelTrend":"INCREASING","trainingStatusFeedbackPhrase":"MAINTAINING_AER_LOW_SHORT"},{"userProfilePK":76018113,"calendarDate":"2022-06-05","deviceId":3401978503,"timestamp":"2022-06-04T22:01:12.0","sport":"RUNNING","subSport":"GENERIC","weeklyTrainingLoadSum":494,"loadTunnelMin":446,"loadTunnelMax":988,"trainingStatus":"RECOVERY","fitnessLevelTrend":"NO_CHANGE","loadLevelTrend":"DECREASING","trainingStatusFeedbackPhrase":"RECOVERY_AER_LOW_SHORT"},{"userProfilePK":76018113,"calendarDate":"2022-06-06","deviceId":3401978503,"timestamp":"2022-06-05T22:01:14.0","sport":"RUNNING","subSport":"GENERIC","weeklyTrainingLoadSum":494,"loadTunnelMin":446,"loadTunnelMax":988,"trainingStatus":"RECOVERY","fitnessLevelTrend":"NO_CHANGE","loadLevelTrend":"DECREASING","trainingStatusFeedbackPhrase":"RECOVERY_AER_LOW_SHORT"},{"userProfilePK":76018113,"calendarDate":"2022-06-07","deviceId":3401978503,"timestamp":"2022-06-06T22:01:15.0","sport":"RUNNING","subSport":"GENERIC","weeklyTrainingLoadSum":385,"loadTunnelMin":446,"loadTunnelMax":988,"trainingStatus":"RECOVERY","fitnessLevelTrend":"NO_CHANGE","loadLevelTrend":"DECREASING","trainingStatusFeedbackPhrase":"RECOVERY_AER_LOW_SHORT"},{"userProfilePK":76018113,"calendarDate":"2022-06-07","deviceId":3401978503,"timestamp":"2022-06-07T06:08:04.0","sport":"RUNNING","subSport":"GENERIC","weeklyTrainingLoadSum":533,"loadTunnelMin":446,"loadTunnelMax":988,"trainingStatus":"RECOVERY","fitnessLevelTrend":"NO_CHANGE","loadLevelTrend":"DECREASING","trainingStatusFeedbackPhrase":"RECOVERY_AER_LOW_SHORT"},{"userProfilePK":76018113,"calendarDate":"2022-06-08","deviceId":3401978503,"timestamp":"2022-06-07T22:01:19.0","sport":"RUNNING","subSport":"GENERIC","weeklyTrainingLoadSum":533,"loadTunnelMin":446,"loadTunnelMax":988,"trainingStatus":"RECOVERY","fitnessLevelTrend":"NO_CHANGE","loadLevelTrend":"NO_CHANGE","trainingStatusFeedbackPhrase":"RECOVERY_AER_LOW_SHORT"},{"userProfilePK":76018113,"calendarDate":"2022-06-08","deviceId":3401978503,"timestamp":"2022-06-08T06:03:22.0","sport":"RUNNING","subSport":"GENERIC","weeklyTrainingLoadSum":694,"loadTunnelMin":446,"loadTunnelMax":988,"trainingStatus":"MAINTAINING","fitnessLevelTrend":"NO_CHANGE","loadLevelTrend":"NO_CHANGE","trainingStatusFeedbackPhrase":"MAINTAINING_AER_LOW_SHORT"},{"userProfilePK":76018113,"calendarDate":"2022-06-09","deviceId":3401978503,"timestamp":"2022-06-08T22:04:08.0","sport":"RUNNING","subSport":"GENERIC","weeklyTrainingLoadSum":513,"loadTunnelMin":446,"loadTunnelMax":988,"trainingStatus":"RECOVERY","fitnessLevelTrend":"NO_CHANGE","loadLevelTrend":"DECREASING","trainingStatusFeedbackPhrase":"RECOVERY_AER_LOW_SHORT"},{"userProfilePK":76018113,"calendarDate":"2022-06-10","deviceId":3401978503,"timestamp":"2022-06-09T22:04:09.0","sport":"RUNNING","subSport":"GENERIC","weeklyTrainingLoadSum":513,"loadTunnelMin":446,"loadTunnelMax":988,"trainingStatus":"RECOVERY","fitnessLevelTrend":"NO_CHANGE","loadLevelTrend":"NO_CHANGE","trainingStatusFeedbackPhrase":"RECOVERY_AER_LOW_SHORT"},{"userProfilePK":76018113,"calendarDate":"2022-06-11","deviceId":3401978503,"timestamp":"2022-06-10T22:04:10.0","sport":"RUNNING","subSport":"GENERIC","weeklyTrainingLoadSum":309,"loadTunnelMin":360,"loadTunnelMax":794,"trainingStatus":"RECOVERY","fitnessLevelTrend":"NO_CHANGE","loadLevelTrend":"DECREASING","trainingStatusFeedbackPhrase":"RECOVERY_AER_LOW_SHORT"},{"userProfilePK":76018113,"calendarDate":"2022-06-11","deviceId":3401978503,"timestamp":"2022-06-11T07:52:00.0","sport":"RUNNING","subSport":"GENERIC","weeklyTrainingLoadSum":514,"loadTunnelMin":446,"loadTunnelMax":988,"trainingStatus":"MAINTAINING","fitnessLevelTrend":"NO_CHANGE","loadLevelTrend":"NO_CHANGE","trainingStatusFeedbackPhrase":"MAINTAINING_AER_LOW_SHORT"},{"userProfilePK":76018113,"calendarDate":"2022-06-12","deviceId":3401978503,"timestamp":"2022-06-11T22:04:13.0","sport":"RUNNING","subSport":"GENERIC","weeklyTrainingLoadSum":514,"loadTunnelMin":446,"loadTunnelMax":988,"trainingStatus":"MAINTAINING","fitnessLevelTrend":"NO_CHANGE","loadLevelTrend":"NO_CHANGE","trainingStatusFeedbackPhrase":"MAINTAINING_AER_LOW_SHORT"},{"userProfilePK":76018113,"calendarDate":"2022-06-13","deviceId":3401978503,"timestamp":"2022-06-12T22:04:14.0","sport":"RUNNING","subSport":"GENERIC","weeklyTrainingLoadSum":514,"loadTunnelMin":360,"loadTunnelMax":794,"trainingStatus":"MAINTAINING","fitnessLevelTrend":"NO_CHANGE","loadLevelTrend":"NO_CHANGE","trainingStatusFeedbackPhrase":"MAINTAINING_AER_LOW_SHORT"},{"userProfilePK":76018113,"calendarDate":"2022-06-14","deviceId":3401978503,"timestamp":"2022-06-13T22:04:15.0","sport":"RUNNING","subSport":"GENERIC","weeklyTrainingLoadSum":366,"loadTunnelMin":360,"loadTunnelMax":794,"trainingStatus":"RECOVERY","fitnessLevelTrend":"NO_CHANGE","loadLevelTrend":"DECREASING","trainingStatusFeedbackPhrase":"RECOVERY_AER_LOW_SHORT"},{"userProfilePK":76018113,"calendarDate":"2022-06-14","deviceId":3401978503,"timestamp":"2022-06-14T04:56:57.0","sport":"RUNNING","subSport":"GENERIC","weeklyTrainingLoadSum":366,"loadTunnelMin":360,"loadTunnelMax":794,"trainingStatus":"RECOVERY","fitnessLevelTrend":"NO_CHANGE","loadLevelTrend":"DECREASING","trainingStatusFeedbackPhrase":"RECOVERY_AER_LOW_SHORT"},{"userProfilePK":76018113,"calendarDate":"2022-06-14","deviceId":3401978503,"timestamp":"2022-06-14T05:55:14.0","sport":"RUNNING","subSport":"GENERIC","weeklyTrainingLoadSum":540,"loadTunnelMin":446,"loadTunnelMax":988,"trainingStatus":"MAINTAINING","fitnessLevelTrend":"NO_CHANGE","loadLevelTrend":"NO_CHANGE","trainingStatusFeedbackPhrase":"MAINTAINING_AER_LOW_SHORT"},{"userProfilePK":76018113,"calendarDate":"2022-06-15","deviceId":3401978503,"timestamp":"2022-06-14T22:02:06.0","sport":"RUNNING","subSport":"GENERIC","weeklyTrainingLoadSum":379,"loadTunnelMin":446,"loadTunnelMax":988,"trainingStatus":"RECOVERY","fitnessLevelTrend":"NO_CHANGE","loadLevelTrend":"DECREASING","trainingStatusFeedbackPhrase":"RECOVERY_AER_LOW_SHORT"},{"userProfilePK":76018113,"calendarDate":"2022-06-15","deviceId":3401978503,"timestamp":"2022-06-15T06:37:08.0","sport":"RUNNING","subSport":"GENERIC","weeklyTrainingLoadSum":616,"loadTunnelMin":446,"loadTunnelMax":988,"trainingStatus":"MAINTAINING","fitnessLevelTrend":"NO_CHANGE","loadLevelTrend":"NO_CHANGE","trainingStatusFeedbackPhrase":"MAINTAINING_AER_LOW_SHORT"},{"userProfilePK":76018113,"calendarDate":"2022-06-16","deviceId":3401978503,"timestamp":"2022-06-15T22:02:07.0","sport":"RUNNING","subSport":"GENERIC","weeklyTrainingLoadSum":616,"loadTunnelMin":446,"loadTunnelMax":988,"trainingStatus":"MAINTAINING","fitnessLevelTrend":"NO_CHANGE","loadLevelTrend":"NO_CHANGE","trainingStatusFeedbackPhrase":"MAINTAINING_AER_LOW_SHORT"},{"userProfilePK":76018113,"calendarDate":"2022-06-17","deviceId":3401978503,"timestamp":"2022-06-16T22:02:09.0","sport":"RUNNING","subSport":"GENERIC","weeklyTrainingLoadSum":616,"loadTunnelMin":446,"loadTunnelMax":988,"trainingStatus":"MAINTAINING","fitnessLevelTrend":"NO_CHANGE","loadLevelTrend":"NO_CHANGE","trainingStatusFeedbackPhrase":"MAINTAINING_AER_LOW_SHORT"},{"userProfilePK":76018113,"calendarDate":"2022-06-17","deviceId":3401978503,"timestamp":"2022-06-17T05:39:17.0","sport":"RUNNING","subSport":"GENERIC","weeklyTrainingLoadSum":665,"loadTunnelMin":446,"loadTunnelMax":988,"trainingStatus":"MAINTAINING","fitnessLevelTrend":"NO_CHANGE","loadLevelTrend":"NO_CHANGE","trainingStatusFeedbackPhrase":"MAINTAINING_AER_LOW_SHORT"},{"userProfilePK":76018113,"calendarDate":"2022-06-17","deviceId":3401978503,"timestamp":"2022-06-17T06:04:19.0","sport":"RUNNING","subSport":"GENERIC","weeklyTrainingLoadSum":800,"loadTunnelMin":446,"loadTunnelMax":988,"trainingStatus":"MAINTAINING","fitnessLevelTrend":"NO_CHANGE","loadLevelTrend":"INCREASING","trainingStatusFeedbackPhrase":"MAINTAINING_AER_LOW_SHORT"},{"userProfilePK":76018113,"calendarDate":"2022-06-18","deviceId":3401978503,"timestamp":"2022-06-17T22:02:12.0","sport":"RUNNING","subSport":"GENERIC","weeklyTrainingLoadSum":595,"loadTunnelMin":446,"loadTunnelMax":988,"trainingStatus":"MAINTAINING","fitnessLevelTrend":"NO_CHANGE","loadLevelTrend":"NO_CHANGE","trainingStatusFeedbackPhrase":"MAINTAINING_AER_LOW_SHORT"},{"userProfilePK":76018113,"calendarDate":"2022-06-19","deviceId":3401978503,"timestamp":"2022-06-18T22:02:13.0","sport":"RUNNING","subSport":"GENERIC","weeklyTrainingLoadSum":595,"loadTunnelMin":446,"loadTunnelMax":988,"trainingStatus":"MAINTAINING","fitnessLevelTrend":"NO_CHANGE","loadLevelTrend":"NO_CHANGE","trainingStatusFeedbackPhrase":"MAINTAINING_AER_LOW_SHORT"},{"userProfilePK":76018113,"calendarDate":"2022-06-20","deviceId":3401978503,"timestamp":"2022-06-19T22:02:14.0","sport":"RUNNING","subSport":"GENERIC","weeklyTrainingLoadSum":595,"loadTunnelMin":446,"loadTunnelMax":988,"trainingStatus":"MAINTAINING","fitnessLevelTrend":"NO_CHANGE","loadLevelTrend":"NO_CHANGE","trainingStatusFeedbackPhrase":"MAINTAINING_AER_LOW_SHORT"},{"userProfilePK":76018113,"calendarDate":"2022-06-21","deviceId":3401978503,"timestamp":"2022-06-20T22:02:16.0","sport":"RUNNING","subSport":"GENERIC","weeklyTrainingLoadSum":421,"loadTunnelMin":360,"loadTunnelMax":794,"trainingStatus":"RECOVERY","fitnessLevelTrend":"NO_CHANGE","loadLevelTrend":"DECREASING","trainingStatusFeedbackPhrase":"RECOVERY_AER_LOW_SHORT"},{"userProfilePK":76018113,"calendarDate":"2022-06-21","deviceId":3401978503,"timestamp":"2022-06-21T06:05:57.0","sport":"RUNNING","subSport":"GENERIC","weeklyTrainingLoadSum":566,"loadTunnelMin":446,"loadTunnelMax":988,"trainingStatus":"MAINTAINING","fitnessLevelTrend":"NO_CHANGE","loadLevelTrend":"NO_CHANGE","trainingStatusFeedbackPhrase":"MAINTAINING_AER_LOW_SHORT"},{"userProfilePK":76018113,"calendarDate":"2022-06-22","deviceId":3401978503,"timestamp":"2022-06-21T22:02:19.0","sport":"RUNNING","subSport":"GENERIC","weeklyTrainingLoadSum":329,"loadTunnelMin":446,"loadTunnelMax":988,"trainingStatus":"RECOVERY","fitnessLevelTrend":"NO_CHANGE","loadLevelTrend":"DECREASING","trainingStatusFeedbackPhrase":"RECOVERY_AER_LOW_SHORT"},{"userProfilePK":76018113,"calendarDate":"2022-06-22","deviceId":3401978503,"timestamp":"2022-06-22T05:30:55.0","sport":"RUNNING","subSport":"GENERIC","weeklyTrainingLoadSum":449,"loadTunnelMin":446,"loadTunnelMax":988,"trainingStatus":"RECOVERY","fitnessLevelTrend":"NO_CHANGE","loadLevelTrend":"DECREASING","trainingStatusFeedbackPhrase":"RECOVERY_AER_LOW_SHORT"},{"userProfilePK":76018113,"calendarDate":"2022-06-23","deviceId":3401978503,"timestamp":"2022-06-22T22:02:20.0","sport":"RUNNING","subSport":"GENERIC","weeklyTrainingLoadSum":449,"loadTunnelMin":446,"loadTunnelMax":988,"trainingStatus":"RECOVERY","fitnessLevelTrend":"NO_CHANGE","loadLevelTrend":"DECREASING","trainingStatusFeedbackPhrase":"RECOVERY_AER_LOW_SHORT"},{"userProfilePK":76018113,"calendarDate":"2022-06-24","deviceId":3401978503,"timestamp":"2022-06-23T22:02:22.0","sport":"RUNNING","subSport":"GENERIC","weeklyTrainingLoadSum":265,"loadTunnelMin":446,"loadTunnelMax":988,"trainingStatus":"RECOVERY","fitnessLevelTrend":"NO_CHANGE","loadLevelTrend":"DECREASING","trainingStatusFeedbackPhrase":"RECOVERY_AER_LOW_SHORT"},{"userProfilePK":76018113,"calendarDate":"2022-06-25","deviceId":3401978503,"timestamp":"2022-06-24T22:02:26.0","sport":"RUNNING","subSport":"GENERIC","weeklyTrainingLoadSum":265,"loadTunnelMin":446,"loadTunnelMax":988,"trainingStatus":"RECOVERY","fitnessLevelTrend":"NO_CHANGE","loadLevelTrend":"DECREASING","trainingStatusFeedbackPhrase":"RECOVERY_AER_LOW_SHORT"},{"userProfilePK":76018113,"calendarDate":"2022-06-25","deviceId":3401978503,"timestamp":"2022-06-25T09:22:55.0","sport":"RUNNING","subSport":"GENERIC","weeklyTrainingLoadSum":482,"loadTunnelMin":446,"loadTunnelMax":988,"trainingStatus":"RECOVERY","fitnessLevelTrend":"NO_CHANGE","loadLevelTrend":"DECREASING","trainingStatusFeedbackPhrase":"RECOVERY_AER_LOW_SHORT"},{"userProfilePK":76018113,"calendarDate":"2022-06-26","deviceId":3401978503,"timestamp":"2022-06-25T22:02:36.0","sport":"RUNNING","subSport":"GENERIC","weeklyTrainingLoadSum":482,"loadTunnelMin":360,"loadTunnelMax":794,"trainingStatus":"RECOVERY","fitnessLevelTrend":"NO_CHANGE","loadLevelTrend":"NO_CHANGE","trainingStatusFeedbackPhrase":"RECOVERY_AER_LOW_SHORT"},{"userProfilePK":76018113,"calendarDate":"2022-06-27","deviceId":3401978503,"timestamp":"2022-06-26T22:02:43.0","sport":"RUNNING","subSport":"GENERIC","weeklyTrainingLoadSum":482,"loadTunnelMin":360,"loadTunnelMax":794,"trainingStatus":"RECOVERY","fitnessLevelTrend":"NO_CHANGE","loadLevelTrend":"NO_CHANGE","trainingStatusFeedbackPhrase":"RECOVERY_AER_LOW_SHORT"},{"userProfilePK":76018113,"calendarDate":"2022-06-28","deviceId":3401978503,"timestamp":"2022-06-27T22:02:51.0","sport":"RUNNING","subSport":"GENERIC","weeklyTrainingLoadSum":337,"loadTunnelMin":360,"loadTunnelMax":794,"trainingStatus":"RECOVERY","fitnessLevelTrend":"NO_CHANGE","loadLevelTrend":"DECREASING","trainingStatusFeedbackPhrase":"RECOVERY_AER_LOW_SHORT"},{"userProfilePK":76018113,"calendarDate":"2022-06-28","deviceId":3401978503,"timestamp":"2022-06-28T05:58:09.0","sport":"RUNNING","subSport":"GENERIC","weeklyTrainingLoadSum":522,"loadTunnelMin":360,"loadTunnelMax":794,"trainingStatus":"MAINTAINING","fitnessLevelTrend":"NO_CHANGE","loadLevelTrend":"NO_CHANGE","trainingStatusFeedbackPhrase":"MAINTAINING_AER_LOW_SHORT"},{"userProfilePK":76018113,"calendarDate":"2022-06-29","deviceId":3401978503,"timestamp":"2022-06-28T22:03:00.0","sport":"RUNNING","subSport":"GENERIC","weeklyTrainingLoadSum":402,"loadTunnelMin":360,"loadTunnelMax":794,"trainingStatus":"RECOVERY","fitnessLevelTrend":"NO_CHANGE","loadLevelTrend":"DECREASING","trainingStatusFeedbackPhrase":"RECOVERY_AER_LOW_SHORT"},{"userProfilePK":76018113,"calendarDate":"2022-06-30","deviceId":3401978503,"timestamp":"2022-06-29T22:03:08.0","sport":"RUNNING","subSport":"GENERIC","weeklyTrainingLoadSum":402,"loadTunnelMin":360,"loadTunnelMax":794,"trainingStatus":"RECOVERY","fitnessLevelTrend":"NO_CHANGE","loadLevelTrend":"DECREASING","trainingStatusFeedbackPhrase":"RECOVERY_AER_LOW_SHORT"},{"userProfilePK":76018113,"calendarDate":"2022-06-30","deviceId":3401978503,"timestamp":"2022-06-30T05:55:44.0","sport":"RUNNING","subSport":"GENERIC","weeklyTrainingLoadSum":631,"loadTunnelMin":446,"loadTunnelMax":988,"trainingStatus":"MAINTAINING","fitnessLevelTrend":"NO_CHANGE","loadLevelTrend":"NO_CHANGE","trainingStatusFeedbackPhrase":"MAINTAINING_AER_LOW_SHORT"},{"userProfilePK":76018113,"calendarDate":"2022-07-01","deviceId":3401978503,"timestamp":"2022-06-30T22:03:11.0","sport":"RUNNING","subSport":"GENERIC","weeklyTrainingLoadSum":631,"loadTunnelMin":446,"loadTunnelMax":988,"trainingStatus":"MAINTAINING","fitnessLevelTrend":"NO_CHANGE","loadLevelTrend":"NO_CHANGE","trainingStatusFeedbackPhrase":"MAINTAINING_AER_LOW_SHORT"},{"userProfilePK":76018113,"calendarDate":"2022-07-01","deviceId":3401978503,"timestamp":"2022-07-01T06:00:20.0","sport":"RUNNING","subSport":"GENERIC","weeklyTrainingLoadSum":874,"loadTunnelMin":446,"loadTunnelMax":988,"trainingStatus":"PRODUCTIVE","fitnessLevelTrend":"NO_CHANGE","loadLevelTrend":"INCREASING","trainingStatusFeedbackPhrase":"PRODUCTIVE_AER_LOW_SHORT"},{"userProfilePK":76018113,"calendarDate":"2022-07-02","deviceId":3401978503,"timestamp":"2022-07-01T22:03:13.0","sport":"RUNNING","subSport":"GENERIC","weeklyTrainingLoadSum":657,"loadTunnelMin":446,"loadTunnelMax":988,"trainingStatus":"PRODUCTIVE","fitnessLevelTrend":"NO_CHANGE","loadLevelTrend":"INCREASING","trainingStatusFeedbackPhrase":"PRODUCTIVE_AER_LOW_SHORT"},{"userProfilePK":76018113,"calendarDate":"2022-07-03","deviceId":3401978503,"timestamp":"2022-07-02T22:03:14.0","sport":"RUNNING","subSport":"GENERIC","weeklyTrainingLoadSum":657,"loadTunnelMin":446,"loadTunnelMax":988,"trainingStatus":"PRODUCTIVE","fitnessLevelTrend":"NO_CHANGE","loadLevelTrend":"INCREASING","trainingStatusFeedbackPhrase":"PRODUCTIVE_AER_LOW_SHORT"},{"userProfilePK":76018113,"calendarDate":"2022-07-03","deviceId":3401978503,"timestamp":"2022-07-03T08:24:12.0","sport":"RUNNING","subSport":"GENERIC","weeklyTrainingLoadSum":874,"loadTunnelMin":446,"loadTunnelMax":988,"trainingStatus":"PRODUCTIVE","fitnessLevelTrend":"NO_CHANGE","loadLevelTrend":"INCREASING","trainingStatusFeedbackPhrase":"PRODUCTIVE_AER_LOW_SHORT"},{"userProfilePK":76018113,"calendarDate":"2022-07-04","deviceId":3401978503,"timestamp":"2022-07-03T22:03:16.0","sport":"RUNNING","subSport":"GENERIC","weeklyTrainingLoadSum":874,"loadTunnelMin":446,"loadTunnelMax":988,"trainingStatus":"PRODUCTIVE","fitnessLevelTrend":"NO_CHANGE","loadLevelTrend":"INCREASING","trainingStatusFeedbackPhrase":"PRODUCTIVE_AER_LOW_SHORT"},{"userProfilePK":76018113,"calendarDate":"2022-07-05","deviceId":3401978503,"timestamp":"2022-07-04T22:03:18.0","sport":"RUNNING","subSport":"GENERIC","weeklyTrainingLoadSum":689,"loadTunnelMin":446,"loadTunnelMax":988,"trainingStatus":"PRODUCTIVE","fitnessLevelTrend":"NO_CHANGE","loadLevelTrend":"INCREASING","trainingStatusFeedbackPhrase":"PRODUCTIVE_AER_LOW_SHORT"},{"userProfilePK":76018113,"calendarDate":"2022-07-05","deviceId":3401978503,"timestamp":"2022-07-05T04:45:57.0","sport":"RUNNING","subSport":"GENERIC","weeklyTrainingLoadSum":690,"loadTunnelMin":446,"loadTunnelMax":988,"trainingStatus":"MAINTAINING","fitnessLevelTrend":"NO_CHANGE","loadLevelTrend":"INCREASING","trainingStatusFeedbackPhrase":"MAINTAINING_AER_LOW_SHORT"},{"userProfilePK":76018113,"calendarDate":"2022-07-05","deviceId":3401978503,"timestamp":"2022-07-05T05:41:31.0","sport":"RUNNING","subSport":"GENERIC","weeklyTrainingLoadSum":891,"loadTunnelMin":446,"loadTunnelMax":988,"trainingStatus":"PRODUCTIVE","fitnessLevelTrend":"NO_CHANGE","loadLevelTrend":"INCREASING","trainingStatusFeedbackPhrase":"PRODUCTIVE_AER_LOW_SHORT"},{"userProfilePK":76018113,"calendarDate":"2022-07-06","deviceId":3401978503,"timestamp":"2022-07-05T22:03:20.0","sport":"RUNNING","subSport":"GENERIC","weeklyTrainingLoadSum":891,"loadTunnelMin":446,"loadTunnelMax":988,"trainingStatus":"PRODUCTIVE","fitnessLevelTrend":"NO_CHANGE","loadLevelTrend":"INCREASING","trainingStatusFeedbackPhrase":"PRODUCTIVE_AER_LOW_SHORT"},{"userProfilePK":76018113,"calendarDate":"2022-07-06","deviceId":3401978503,"timestamp":"2022-07-06T20:15:10.0","sport":"RUNNING","subSport":"GENERIC","weeklyTrainingLoadSum":1155,"loadTunnelMin":446,"loadTunnelMax":988,"trainingStatus":"PRODUCTIVE","fitnessLevelTrend":"NO_CHANGE","loadLevelTrend":"INCREASING","trainingStatusFeedbackPhrase":"PRODUCTIVE_AER_LOW_SHORT"},{"userProfilePK":76018113,"calendarDate":"2022-07-07","deviceId":3401978503,"timestamp":"2022-07-06T22:03:22.0","sport":"RUNNING","subSport":"GENERIC","weeklyTrainingLoadSum":926,"loadTunnelMin":446,"loadTunnelMax":988,"trainingStatus":"PRODUCTIVE","fitnessLevelTrend":"NO_CHANGE","loadLevelTrend":"INCREASING","trainingStatusFeedbackPhrase":"PRODUCTIVE_AER_LOW_SHORT"},{"userProfilePK":76018113,"calendarDate":"2022-07-08","deviceId":3401978503,"timestamp":"2022-07-07T22:03:24.0","sport":"RUNNING","subSport":"GENERIC","weeklyTrainingLoadSum":683,"loadTunnelMin":446,"loadTunnelMax":988,"trainingStatus":"PRODUCTIVE","fitnessLevelTrend":"NO_CHANGE","loadLevelTrend":"NO_CHANGE","trainingStatusFeedbackPhrase":"PRODUCTIVE_AER_LOW_SHORT"},{"userProfilePK":76018113,"calendarDate":"2022-07-09","deviceId":3401978503,"timestamp":"2022-07-08T22:03:26.0","sport":"RUNNING","subSport":"GENERIC","weeklyTrainingLoadSum":683,"loadTunnelMin":446,"loadTunnelMax":988,"trainingStatus":"PRODUCTIVE","fitnessLevelTrend":"NO_CHANGE","loadLevelTrend":"NO_CHANGE","trainingStatusFeedbackPhrase":"PRODUCTIVE_AER_LOW_SHORT"},{"userProfilePK":76018113,"calendarDate":"2022-07-10","deviceId":3401978503,"timestamp":"2022-07-09T22:03:27.0","sport":"RUNNING","subSport":"GENERIC","weeklyTrainingLoadSum":466,"loadTunnelMin":446,"loadTunnelMax":988,"trainingStatus":"RECOVERY","fitnessLevelTrend":"NO_CHANGE","loadLevelTrend":"DECREASING","trainingStatusFeedbackPhrase":"RECOVERY_AER_LOW_SHORT"},{"userProfilePK":76018113,"calendarDate":"2022-07-10","deviceId":3401978503,"timestamp":"2022-07-10T07:56:35.0","sport":"RUNNING","subSport":"GENERIC","weeklyTrainingLoadSum":732,"loadTunnelMin":446,"loadTunnelMax":988,"trainingStatus":"MAINTAINING","fitnessLevelTrend":"NO_CHANGE","loadLevelTrend":"NO_CHANGE","trainingStatusFeedbackPhrase":"MAINTAINING_AER_LOW_SHORT"},{"userProfilePK":76018113,"calendarDate":"2022-07-11","deviceId":3401978503,"timestamp":"2022-07-10T22:03:30.0","sport":"RUNNING","subSport":"GENERIC","weeklyTrainingLoadSum":732,"loadTunnelMin":446,"loadTunnelMax":988,"trainingStatus":"MAINTAINING","fitnessLevelTrend":"NO_CHANGE","loadLevelTrend":"NO_CHANGE","trainingStatusFeedbackPhrase":"MAINTAINING_AER_LOW_SHORT"},{"userProfilePK":76018113,"calendarDate":"2022-07-12","deviceId":3401978503,"timestamp":"2022-07-11T22:03:32.0","sport":"RUNNING","subSport":"GENERIC","weeklyTrainingLoadSum":530,"loadTunnelMin":446,"loadTunnelMax":988,"trainingStatus":"RECOVERY","fitnessLevelTrend":"NO_CHANGE","loadLevelTrend":"DECREASING","trainingStatusFeedbackPhrase":"RECOVERY_AER_LOW_SHORT"},{"userProfilePK":76018113,"calendarDate":"2022-07-13","deviceId":3401978503,"timestamp":"2022-07-12T22:03:34.0","sport":"RUNNING","subSport":"GENERIC","weeklyTrainingLoadSum":266,"loadTunnelMin":446,"loadTunnelMax":988,"trainingStatus":"RECOVERY","fitnessLevelTrend":"NO_CHANGE","loadLevelTrend":"DECREASING","trainingStatusFeedbackPhrase":"RECOVERY_AER_LOW_SHORT"},{"userProfilePK":76018113,"calendarDate":"2022-07-13","deviceId":3401978503,"timestamp":"2022-07-13T05:54:54.0","sport":"RUNNING","subSport":"GENERIC","weeklyTrainingLoadSum":496,"loadTunnelMin":446,"loadTunnelMax":988,"trainingStatus":"RECOVERY","fitnessLevelTrend":"NO_CHANGE","loadLevelTrend":"DECREASING","trainingStatusFeedbackPhrase":"RECOVERY_AER_LOW_SHORT"},{"userProfilePK":76018113,"calendarDate":"2022-07-14","deviceId":3401978503,"timestamp":"2022-07-13T22:03:37.0","sport":"RUNNING","subSport":"GENERIC","weeklyTrainingLoadSum":496,"loadTunnelMin":446,"loadTunnelMax":988,"trainingStatus":"RECOVERY","fitnessLevelTrend":"NO_CHANGE","loadLevelTrend":"DECREASING","trainingStatusFeedbackPhrase":"RECOVERY_AER_LOW_SHORT"},{"userProfilePK":76018113,"calendarDate":"2022-07-14","deviceId":3401978503,"timestamp":"2022-07-14T05:22:50.0","sport":"RUNNING","subSport":"GENERIC","weeklyTrainingLoadSum":710,"loadTunnelMin":446,"loadTunnelMax":988,"trainingStatus":"MAINTAINING","fitnessLevelTrend":"NO_CHANGE","loadLevelTrend":"NO_CHANGE","trainingStatusFeedbackPhrase":"MAINTAINING_AER_LOW_SHORT"},{"userProfilePK":76018113,"calendarDate":"2022-07-15","deviceId":3401978503,"timestamp":"2022-07-14T22:03:39.0","sport":"RUNNING","subSport":"GENERIC","weeklyTrainingLoadSum":710,"loadTunnelMin":446,"loadTunnelMax":988,"trainingStatus":"MAINTAINING","fitnessLevelTrend":"NO_CHANGE","loadLevelTrend":"NO_CHANGE","trainingStatusFeedbackPhrase":"MAINTAINING_AER_LOW_SHORT"},{"userProfilePK":76018113,"calendarDate":"2022-07-16","deviceId":3401978503,"timestamp":"2022-07-15T22:03:41.0","sport":"RUNNING","subSport":"GENERIC","weeklyTrainingLoadSum":710,"loadTunnelMin":446,"loadTunnelMax":988,"trainingStatus":"MAINTAINING","fitnessLevelTrend":"NO_CHANGE","loadLevelTrend":"NO_CHANGE","trainingStatusFeedbackPhrase":"MAINTAINING_AER_LOW_SHORT"},{"userProfilePK":76018113,"calendarDate":"2022-07-17","deviceId":3401978503,"timestamp":"2022-07-16T22:03:42.0","sport":"RUNNING","subSport":"GENERIC","weeklyTrainingLoadSum":444,"loadTunnelMin":446,"loadTunnelMax":988,"trainingStatus":"RECOVERY","fitnessLevelTrend":"NO_CHANGE","loadLevelTrend":"DECREASING","trainingStatusFeedbackPhrase":"RECOVERY_AER_LOW_SHORT"},{"userProfilePK":76018113,"calendarDate":"2022-07-17","deviceId":3401978503,"timestamp":"2022-07-17T05:44:18.0","sport":"RUNNING","subSport":"GENERIC","weeklyTrainingLoadSum":444,"loadTunnelMin":446,"loadTunnelMax":988,"trainingStatus":"RECOVERY","fitnessLevelTrend":"NO_CHANGE","loadLevelTrend":"DECREASING","trainingStatusFeedbackPhrase":"RECOVERY_AER_LOW_SHORT"},{"userProfilePK":76018113,"calendarDate":"2022-07-17","deviceId":3401978503,"timestamp":"2022-07-17T07:22:51.0","sport":"RUNNING","subSport":"GENERIC","weeklyTrainingLoadSum":719,"loadTunnelMin":559,"loadTunnelMax":1258,"trainingStatus":"MAINTAINING","fitnessLevelTrend":"NO_CHANGE","loadLevelTrend":"NO_CHANGE","trainingStatusFeedbackPhrase":"MAINTAINING_AER_LOW_SHORT"},{"userProfilePK":76018113,"calendarDate":"2022-07-18","deviceId":3401978503,"timestamp":"2022-07-17T22:03:45.0","sport":"RUNNING","subSport":"GENERIC","weeklyTrainingLoadSum":719,"loadTunnelMin":559,"loadTunnelMax":1258,"trainingStatus":"MAINTAINING","fitnessLevelTrend":"NO_CHANGE","loadLevelTrend":"NO_CHANGE","trainingStatusFeedbackPhrase":"MAINTAINING_AER_LOW_SHORT"},{"userProfilePK":76018113,"calendarDate":"2022-07-19","deviceId":3401978503,"timestamp":"2022-07-18T22:03:46.0","sport":"RUNNING","subSport":"GENERIC","weeklyTrainingLoadSum":719,"loadTunnelMin":446,"loadTunnelMax":988,"trainingStatus":"MAINTAINING","fitnessLevelTrend":"NO_CHANGE","loadLevelTrend":"NO_CHANGE","trainingStatusFeedbackPhrase":"MAINTAINING_AER_LOW_SHORT"},{"userProfilePK":76018113,"calendarDate":"2022-07-20","deviceId":3401978503,"timestamp":"2022-07-19T22:03:47.0","sport":"RUNNING","subSport":"GENERIC","weeklyTrainingLoadSum":489,"loadTunnelMin":446,"loadTunnelMax":988,"trainingStatus":"RECOVERY","fitnessLevelTrend":"NO_CHANGE","loadLevelTrend":"DECREASING","trainingStatusFeedbackPhrase":"RECOVERY_AER_LOW_SHORT"}]