{
  "id" : null,
  "firstName" : "Alberto",
  "middleName" : null,
  "lastName" : "Requena",
  "fullName" : "Alberto Requena",
  "namePrefix" : null,
  "nameSuffix" : null,
  "gender" : null,
  "displayName" : null,
  "username" : "REQUENALBERTO@GMAIL.COM",
  "primaryAddress" : null,
  "primaryEmailAddress" : {
    "emailAddress" : "requenalberto@gmail.com",
    "type" : null,
    "primary" : true,
    "emailVerified" : false,
    "emailVerificationTimestamp" : null,
    "emailAddressId" : null
  },
  "primaryPhoneNumber" : null,
  "locale" : "es_ES",
  "type" : null,
  "active" : true,
  "version" : 142,
  "lastUpdateDateTime" : "2024-04-02T14:30:01Z",
  "createdDate" : "2019-04-07T05:24:36Z",
  "customerLocation" : {
    "countryCode" : "ES",
    "verified" : true,
    "verifiedTimestamp" : "2019-04-07T10:24:36Z"
  },
  "nextPurgeCheckDate" : null,
  "companyName" : null,
  "toBePurged" : false,
  "accountVerified" : false,
  "accountVerificationDate" : null,
  "legacyAccount" : false,
  "addresses" : [ ],
  "emailAddresses" : [ ],
  "phoneNumbers" : [ ],
  "foreignIdentifiers" : [ ],
  "loginInfo" : null
}
