[{"key":"001d1efc-8eca-424e-a45a-b36100d83fd9","referenceId":"8159311b-3e58-4ed4-ad34-ee7266216b18","referenceType":"CUSTOMER","correlationId":null,"consentTypeId":"DI_CONNECT_LIVEOPPONENTS","state":"REVOKED","locale":"en-US","source":"SOURCE_DEFAULTED","version":"1.0","createdDate":"2021-04-28T05:32:18.465Z","consentCreatedDate":"2021-04-05T21:08:18.494Z","actorId":null,"metadata":null},{"key":"02829bbb-6937-4f56-865b-adb057de9569","referenceId":"8159311b-3e58-4ed4-ad34-ee7266216b18","referenceType":"CUSTOMER","correlationId":null,"consentTypeId":"DI_CONNECT_LIVEOPPONENTS","state":"REVOKED","locale":"en-US","source":"SOURCE_DEFAULTED","version":"1.0","createdDate":"2021-04-20T08:12:17.818Z","consentCreatedDate":"2021-04-05T21:08:18.494Z","actorId":null,"metadata":null},{"key":"07ce7e4f-8d58-456d-8ea3-d983f4cc527d","referenceId":"8159311b-3e58-4ed4-ad34-ee7266216b18","referenceType":"CUSTOMER","correlationId":null,"consentTypeId":"DI_CONNECT_LIVEOPPONENTS","state":"REVOKED","locale":"en-US","source":"SOURCE_DEFAULTED","version":"1.0","createdDate":"2021-04-26T08:42:06.305Z","consentCreatedDate":"2021-04-05T21:08:18.494Z","actorId":null,"metadata":null},{"key":"11a24cbe-ef6d-4dff-9146-9061a4595670","referenceId":"8159311b-3e58-4ed4-ad34-ee7266216b18","referenceType":"CUSTOMER","correlationId":null,"consentTypeId":"DI_CONNECT_LIVEOPPONENTS","state":"REVOKED","locale":"en-US","source":"SOURCE_DEFAULTED","version":"1.0","createdDate":"2021-07-03T10:03:06.751Z","consentCreatedDate":"2021-04-05T21:08:18.494Z","actorId":null,"metadata":null},{"key":"14d5e9cb-40c4-4ef9-96fa-95d50b32362c","referenceId":"8159311b-3e58-4ed4-ad34-ee7266216b18","referenceType":"CUSTOMER","correlationId":null,"consentTypeId":"DI_CONNECT_LIVEOPPONENTS","state":"REVOKED","locale":"en-US","source":"SOURCE_DEFAULTED","version":"1.0","createdDate":"2021-04-20T08:10:46.573Z","consentCreatedDate":"2021-04-05T21:08:18.494Z","actorId":null,"metadata":null},{"key":"1a40e03d-c37f-4200-9185-e798cec34b67","referenceId":"8159311b-3e58-4ed4-ad34-ee7266216b18","referenceType":"CUSTOMER","correlationId":null,"consentTypeId":"DI_CONNECT_LIVEOPPONENTS","state":"REVOKED","locale":"en-US","source":"SOURCE_DEFAULTED","version":"1.0","createdDate":"2021-04-20T08:11:49.164Z","consentCreatedDate":"2021-04-05T21:08:18.494Z","actorId":null,"metadata":null},{"key":"1cb7ca9f-3729-427a-82e9-e7ab1379ee12","referenceId":"8159311b-3e58-4ed4-ad34-ee7266216b18","referenceType":"CUSTOMER","correlationId":null,"consentTypeId":"DI_CONNECT_LIVEOPPONENTS","state":"REVOKED","locale":"en-US","source":"SOURCE_DEFAULTED","version":"1.0","createdDate":"2021-06-05T08:53:35.406Z","consentCreatedDate":"2021-04-05T21:08:18.494Z","actorId":null,"metadata":null},{"key":"1e54125b-0e40-4cb1-bf9a-f3f4e06639c7","referenceId":"8159311b-3e58-4ed4-ad34-ee7266216b18","referenceType":"CUSTOMER","correlationId":null,"consentTypeId":"DI_CONNECT_LIVEOPPONENTS","state":"REVOKED","locale":"en-US","source":"SOURCE_DEFAULTED","version":"1.0","createdDate":"2021-04-20T08:11:05.858Z","consentCreatedDate":"2021-04-05T21:08:18.494Z","actorId":null,"metadata":null},{"key":"2b8572b6-c176-48d8-a4b0-de22e0dee163","referenceId":"8159311b-3e58-4ed4-ad34-ee7266216b18","referenceType":"CUSTOMER","correlationId":null,"consentTypeId":"DI_CONNECT_LIVEOPPONENTS","state":"REVOKED","locale":"en-US","source":"SOURCE_DEFAULTED","version":"1.0","createdDate":"2021-06-29T05:34:56.492Z","consentCreatedDate":"2021-04-05T21:08:18.494Z","actorId":null,"metadata":null},{"key":"2d27bfb1-5ed0-40b6-8785-d30bb402917b","referenceId":"8159311b-3e58-4ed4-ad34-ee7266216b18","referenceType":"CUSTOMER","correlationId":null,"consentTypeId":"DI_CONNECT_LIVEOPPONENTS","state":"REVOKED","locale":"en-US","source":"SOURCE_DEFAULTED","version":"1.0","createdDate":"2021-04-12T21:59:12.245Z","consentCreatedDate":"2021-04-05T21:08:18.494Z","actorId":null,"metadata":null},{"key":"408dce24-9246-452e-afb3-d6b11c5f5335","referenceId":"8159311b-3e58-4ed4-ad34-ee7266216b18","referenceType":"CUSTOMER","correlationId":null,"consentTypeId":"DI_CONNECT_LIVEOPPONENTS","state":"REVOKED","locale":"en-US","source":"SOURCE_DEFAULTED","version":"1.0","createdDate":"2021-06-29T05:09:55.114Z","consentCreatedDate":"2021-04-05T21:08:18.494Z","actorId":null,"metadata":null},{"key":"44b30aed-3f5c-47fa-91bf-3fb6ade699bd","referenceId":"8159311b-3e58-4ed4-ad34-ee7266216b18","referenceType":"CUSTOMER","correlationId":null,"consentTypeId":"DI_CONNECT_LIVEOPPONENTS","state":"REVOKED","locale":"en-US","source":"SOURCE_DEFAULTED","version":"1.0","createdDate":"2021-04-12T21:56:41.643Z","consentCreatedDate":"2021-04-05T21:08:18.494Z","actorId":null,"metadata":null},{"key":"503de8c9-5965-4227-a442-f7455bdc10b9","referenceId":"8159311b-3e58-4ed4-ad34-ee7266216b18","referenceType":"CUSTOMER","correlationId":null,"consentTypeId":"DI_CONNECT_LIVEOPPONENTS","state":"REVOKED","locale":"en-US","source":"SOURCE_DEFAULTED","version":"1.0","createdDate":"2021-04-20T08:10:59.217Z","consentCreatedDate":"2021-04-05T21:08:18.494Z","actorId":null,"metadata":null},{"key":"52b91e04-7a98-4914-9abf-eebdde1ad29d","referenceId":"8159311b-3e58-4ed4-ad34-ee7266216b18","referenceType":"CUSTOMER","correlationId":null,"consentTypeId":"DI_CONNECT_LIVEOPPONENTS","state":"REVOKED","locale":"en-US","source":"SOURCE_DEFAULTED","version":"1.0","createdDate":"2021-04-20T08:11:25.906Z","consentCreatedDate":"2021-04-05T21:08:18.494Z","actorId":null,"metadata":null},{"key":"56f7734a-9434-4351-a564-5847fede8a26","referenceId":"8159311b-3e58-4ed4-ad34-ee7266216b18","referenceType":"CUSTOMER","correlationId":null,"consentTypeId":"DI_CONNECT_LIVEOPPONENTS","state":"REVOKED","locale":"en-US","source":"SOURCE_DEFAULTED","version":"1.0","createdDate":"2021-04-12T21:04:37.320Z","consentCreatedDate":"2021-04-05T21:08:18.494Z","actorId":null,"metadata":null},{"key":"57956c65-071c-40da-a5b5-165ff431c683","referenceId":"8159311b-3e58-4ed4-ad34-ee7266216b18","referenceType":"CUSTOMER","correlationId":null,"consentTypeId":"DI_CONNECT_LIVEOPPONENTS","state":"REVOKED","locale":"en-US","source":"SOURCE_DEFAULTED","version":"1.0","createdDate":"2021-04-20T08:11:13.900Z","consentCreatedDate":"2021-04-05T21:08:18.494Z","actorId":null,"metadata":null},{"key":"7d69081b-aebb-4ed8-96fe-5bacc6124324","referenceId":"8159311b-3e58-4ed4-ad34-ee7266216b18","referenceType":"CUSTOMER","correlationId":null,"consentTypeId":"DI_CONNECT_LIVEOPPONENTS","state":"REVOKED","locale":"en-US","source":"SOURCE_DEFAULTED","version":"1.0","createdDate":"2021-09-16T05:39:50.754Z","consentCreatedDate":"2021-04-05T21:08:18.494Z","actorId":null,"metadata":null},{"key":"851e7cf7-8436-4435-9db4-88d43f27ad8e","referenceId":"8159311b-3e58-4ed4-ad34-ee7266216b18","referenceType":"CUSTOMER","correlationId":null,"consentTypeId":"DI_CONNECT_INSIGHTS","state":"GRANTED","locale":"es-ES","source":"web-modern-191","version":"28","createdDate":"2021-07-09T10:04:45.099Z","consentCreatedDate":"2021-07-09T10:04:45.099Z","actorId":null,"metadata":null},{"key":"8a7c5c8e8e334c2c018e34ad08a14b0b","referenceId":"8159311b-3e58-4ed4-ad34-ee7266216b18","referenceType":"CUSTOMER","correlationId":null,"consentTypeId":"DI_CONNECT_MYFITNESSPAL","state":"GRANTED","locale":"es-ES","source":"Mozilla/5.0 (iPhone; CPU iPhone OS 17_3_1 like Mac OS X) AppleWebKit/605.1.15 (KHTML, like Gecko) Version/17.3.1 Mobile/15E148 Safari/604.1","version":"48","createdDate":"2024-03-12T21:58:58.977Z","consentCreatedDate":"2019-04-07T10:53:19.272Z","actorId":null,"metadata":null},{"key":"8a7c5c8e8e334c2c018e3b4ba74322e4","referenceId":"8159311b-3e58-4ed4-ad34-ee7266216b18","referenceType":"CUSTOMER","correlationId":null,"consentTypeId":"DI_CONNECT_MYFITNESSPAL","state":"GRANTED","locale":"es-ES","source":"Mozilla/5.0 (iPhone; CPU iPhone OS 17_3_1 like Mac OS X) AppleWebKit/605.1.15 (KHTML, like Gecko) Version/17.3.1 Mobile/15E148 Safari/604.1","version":"48","createdDate":"2024-03-14T04:49:57.571Z","consentCreatedDate":"2019-04-07T10:53:19.272Z","actorId":null,"metadata":null},{"key":"8a7c739a7d84af06017d9b65db662f9d","referenceId":"8159311b-3e58-4ed4-ad34-ee7266216b18","referenceType":"CUSTOMER","correlationId":null,"consentTypeId":"DI_CONNECT_LIVEOPPONENTS","state":"REVOKED","locale":"en-US","source":"SOURCE_DEFAULTED","version":"1.0","createdDate":"2021-12-08T18:54:43.557Z","consentCreatedDate":"2021-04-05T21:08:18.494Z","actorId":null,"metadata":null},{"key":"8a7c92208e320598018e3b4b00665467","referenceId":"8159311b-3e58-4ed4-ad34-ee7266216b18","referenceType":"CUSTOMER","correlationId":null,"consentTypeId":"DI_CONNECT_MYFITNESSPAL","state":"REVOKED","locale":"es-ES","source":"GCM-iOS-4.76.1.3","version":"48","createdDate":"2024-03-14T04:49:14.854Z","consentCreatedDate":"2019-04-07T10:53:19.272Z","actorId":null,"metadata":null},{"key":"8a7c92208e320598018e3b4cd18c5492","referenceId":"8159311b-3e58-4ed4-ad34-ee7266216b18","referenceType":"CUSTOMER","correlationId":null,"consentTypeId":"DI_CONNECT_MYFITNESSPAL","state":"GRANTED","locale":"es-ES","source":"Mozilla/5.0 (iPhone; CPU iPhone OS 17_3_1 like Mac OS X) AppleWebKit/605.1.15 (KHTML, like Gecko) Version/17.3.1 Mobile/15E148 Safari/604.1","version":"48","createdDate":"2024-03-14T04:51:13.932Z","consentCreatedDate":"2019-04-07T10:53:19.272Z","actorId":null,"metadata":null},{"key":"8a7c92208e320598018e3b4d999754a3","referenceId":"8159311b-3e58-4ed4-ad34-ee7266216b18","referenceType":"CUSTOMER","correlationId":null,"consentTypeId":"DI_CONNECT_MYFITNESSPAL","state":"GRANTED","locale":"es-ES","source":"Mozilla/5.0 (iPhone; CPU iPhone OS 17_3_1 like Mac OS X) AppleWebKit/605.1.15 (KHTML, like Gecko) Version/17.3.1 Mobile/15E148 Safari/604.1","version":"48","createdDate":"2024-03-14T04:52:05.143Z","consentCreatedDate":"2019-04-07T10:53:19.272Z","actorId":null,"metadata":null},{"key":"8a7c92208e320598018e3b52055754ef","referenceId":"8159311b-3e58-4ed4-ad34-ee7266216b18","referenceType":"CUSTOMER","correlationId":null,"consentTypeId":"DI_CONNECT_MYFITNESSPAL","state":"GRANTED","locale":"es-ES","source":"Mozilla/5.0 (iPhone; CPU iPhone OS 17_3_1 like Mac OS X) AppleWebKit/605.1.15 (KHTML, like Gecko) Version/17.3.1 Mobile/15E148 Safari/604.1","version":"48","createdDate":"2024-03-14T04:56:54.871Z","consentCreatedDate":"2019-04-07T10:53:19.272Z","actorId":null,"metadata":null},{"key":"8a7cc08d8825c843018832622b9b65e3","referenceId":"8159311b-3e58-4ed4-ad34-ee7266216b18","referenceType":"CUSTOMER","correlationId":null,"consentTypeId":"DI_CONNECT_EC948E4D-614E-408B-ADFA-923E473DDA7C","state":"GRANTED","locale":"en-US","source":"Apache-HttpClient/4.5.13 (Java/1.8.0_362)","version":"48","createdDate":"2023-05-19T05:01:14.523Z","consentCreatedDate":"2023-05-19T05:01:14.523Z","actorId":null,"metadata":null},{"key":"8a7ce1ea7d2ec309017d3d0d14465a77","referenceId":"8159311b-3e58-4ed4-ad34-ee7266216b18","referenceType":"CUSTOMER","correlationId":null,"consentTypeId":"DI_CONNECT_LIVEOPPONENTS","state":"REVOKED","locale":"en-US","source":"SOURCE_DEFAULTED","version":"1.0","createdDate":"2021-11-20T11:13:27.110Z","consentCreatedDate":"2021-04-05T21:08:18.494Z","actorId":null,"metadata":null},{"key":"8a7ceca88e263346018e2853bb344835","referenceId":"8159311b-3e58-4ed4-ad34-ee7266216b18","referenceType":"CUSTOMER","correlationId":null,"consentTypeId":"DI_CONNECT_MYFITNESSPAL","state":"REVOKED","locale":"es-ES","source":"Mozilla/5.0 (Windows NT 10.0; Win64; x64) AppleWebKit/537.36 (KHTML, like Gecko) Chrome/122.0.0.0 Safari/537.36","version":"48","createdDate":"2024-03-10T12:25:59.860Z","consentCreatedDate":"2019-04-07T10:53:19.272Z","actorId":null,"metadata":null},{"key":"8a7ceca88e263346018e285629a048c8","referenceId":"8159311b-3e58-4ed4-ad34-ee7266216b18","referenceType":"CUSTOMER","correlationId":null,"consentTypeId":"DI_CONNECT_MYFITNESSPAL","state":"GRANTED","locale":"es-ES","source":"Mozilla/5.0 (Windows NT 10.0; Win64; x64) AppleWebKit/537.36 (KHTML, like Gecko) Chrome/122.0.0.0 Safari/537.36","version":"48","createdDate":"2024-03-10T12:28:39.200Z","consentCreatedDate":"2019-04-07T10:53:19.272Z","actorId":null,"metadata":null},{"key":"8a7d16387d2ec30e017d3d0e1fe8593d","referenceId":"8159311b-3e58-4ed4-ad34-ee7266216b18","referenceType":"CUSTOMER","correlationId":null,"consentTypeId":"DI_CONNECT_LIVEOPPONENTS","state":"REVOKED","locale":"en-US","source":"SOURCE_DEFAULTED","version":"1.0","createdDate":"2021-11-20T11:14:35.624Z","consentCreatedDate":"2021-04-05T21:08:18.494Z","actorId":null,"metadata":null},{"key":"8a7d4c8c7e55a5ba017ea593907a59e7","referenceId":"8159311b-3e58-4ed4-ad34-ee7266216b18","referenceType":"CUSTOMER","correlationId":null,"consentTypeId":"DI_CONNECT_LIVEOPPONENTS","state":"REVOKED","locale":"en-US","source":"Tacx-API-Garmin Consent API PRD","version":"1.0","createdDate":"2022-01-29T11:23:38.490Z","consentCreatedDate":"2021-04-05T21:08:18.494Z","actorId":null,"metadata":null},{"key":"8a7d4ec8851407ce01852e3216015e7c","referenceId":"8159311b-3e58-4ed4-ad34-ee7266216b18","referenceType":"CUSTOMER","correlationId":null,"consentTypeId":"DI_CONNECT_LIVEOPPONENTS","state":"REVOKED","locale":"en-US","source":"Tacx-API-Garmin Consent Svc PRD","version":"1.0","createdDate":"2022-12-20T06:21:52.513Z","consentCreatedDate":"2021-04-05T21:08:18.494Z","actorId":null,"metadata":null},{"key":"8a7deada7d10afa1017d1e0adf531854","referenceId":"8159311b-3e58-4ed4-ad34-ee7266216b18","referenceType":"CUSTOMER","correlationId":null,"consentTypeId":"DI_CONNECT_LIVEOPPONENTS","state":"REVOKED","locale":"en-US","source":"SOURCE_DEFAULTED","version":"1.0","createdDate":"2021-11-14T10:42:48.787Z","consentCreatedDate":"2021-04-05T21:08:18.494Z","actorId":null,"metadata":null},{"key":"8a7deeb47da68b0b017db7a6d48c208b","referenceId":"8159311b-3e58-4ed4-ad34-ee7266216b18","referenceType":"CUSTOMER","correlationId":null,"consentTypeId":"DI_CONNECT_LIVEOPPONENTS","state":"REVOKED","locale":"en-US","source":"SOURCE_DEFAULTED","version":"1.0","createdDate":"2021-12-14T06:35:03.692Z","consentCreatedDate":"2021-04-05T21:08:18.494Z","actorId":null,"metadata":null},{"key":"8a7deeb47da68b0b017db7a742872094","referenceId":"8159311b-3e58-4ed4-ad34-ee7266216b18","referenceType":"CUSTOMER","correlationId":null,"consentTypeId":"DI_CONNECT_LIVEOPPONENTS","state":"REVOKED","locale":"en-US","source":"SOURCE_DEFAULTED","version":"1.0","createdDate":"2021-12-14T06:35:31.846Z","consentCreatedDate":"2021-04-05T21:08:18.494Z","actorId":null,"metadata":null},{"key":"8a7e4b427d2ec30b017d3d09741c5827","referenceId":"8159311b-3e58-4ed4-ad34-ee7266216b18","referenceType":"CUSTOMER","correlationId":null,"consentTypeId":"DI_CONNECT_LIVEOPPONENTS","state":"REVOKED","locale":"en-US","source":"SOURCE_DEFAULTED","version":"1.0","createdDate":"2021-11-20T11:09:29.500Z","consentCreatedDate":"2021-04-05T21:08:18.494Z","actorId":null,"metadata":null},{"key":"8a7e55198e1d0087018e28549f3c1d81","referenceId":"8159311b-3e58-4ed4-ad34-ee7266216b18","referenceType":"CUSTOMER","correlationId":null,"consentTypeId":"DI_CONNECT_MYFITNESSPAL","state":"GRANTED","locale":"es-ES","source":"GCM-iOS-4.76.23","version":"48","createdDate":"2024-03-10T12:26:58.235Z","consentCreatedDate":"2019-04-07T10:53:19.272Z","actorId":null,"metadata":null},{"key":"8a7e55198e1d0087018e28555f1b1da7","referenceId":"8159311b-3e58-4ed4-ad34-ee7266216b18","referenceType":"CUSTOMER","correlationId":null,"consentTypeId":"DI_CONNECT_MYFITNESSPAL","state":"GRANTED","locale":"es-ES","source":"Mozilla/5.0 (iPhone; CPU iPhone OS 17_3_1 like Mac OS X) AppleWebKit/605.1.15 (KHTML, like Gecko) Version/17.3.1 Mobile/15E148 Safari/604.1","version":"48","createdDate":"2024-03-10T12:27:47.355Z","consentCreatedDate":"2019-04-07T10:53:19.272Z","actorId":null,"metadata":null},{"key":"8a7e9e918e2949c8018e29c276001732","referenceId":"8159311b-3e58-4ed4-ad34-ee7266216b18","referenceType":"CUSTOMER","correlationId":null,"consentTypeId":"DI_CONNECT_6D3229E6-03EC-4CF4-BF24-18F74B2212FE","state":"GRANTED","locale":"en-US","source":"Apache-HttpClient/4.5.13 (Java/1.8.0_392)","version":"48","createdDate":"2024-03-10T19:06:33.856Z","consentCreatedDate":"2020-09-06T14:26:53.204Z","actorId":null,"metadata":null},{"key":"8a7ed5658e42c72c018e4dd60e0a3f52","referenceId":"8159311b-3e58-4ed4-ad34-ee7266216b18","referenceType":"CUSTOMER","correlationId":null,"consentTypeId":"DI_CONNECT_MYFITNESSPAL","state":"GRANTED","locale":"es-ES","source":"Mozilla/5.0 (Windows NT 10.0; Win64; x64) AppleWebKit/537.36 (KHTML, like Gecko) Chrome/122.0.0.0 Safari/537.36","version":"48","createdDate":"2024-03-17T19:14:17.738Z","consentCreatedDate":"2019-04-07T10:53:19.272Z","actorId":null,"metadata":null},{"key":"8a7f441688f594050188f99617af1d53","referenceId":"8159311b-3e58-4ed4-ad34-ee7266216b18","referenceType":"CUSTOMER","correlationId":null,"consentTypeId":"DI_CONNECT_LIVEOPPONENTS","state":"REVOKED","locale":"en-US","source":"Tacx-API-Garmin Consent Svc PRD","version":"1.0","createdDate":"2023-06-26T21:22:23.279Z","consentCreatedDate":"2021-04-05T21:08:18.494Z","actorId":null,"metadata":null},{"key":"8a7fb01c7eda6ae8017ef297cb4c1d21","referenceId":"8159311b-3e58-4ed4-ad34-ee7266216b18","referenceType":"CUSTOMER","correlationId":null,"consentTypeId":"DI_CONNECT_LIVETRACK","state":"GRANTED","locale":"es-ES","source":"ConnectMobile-iOS/4.51.0.40 iOS/15.2.1","version":"41","createdDate":"2022-02-13T10:19:01.324Z","consentCreatedDate":"2022-02-13T10:19:01.324Z","actorId":null,"metadata":null},{"key":"92544568-6f2a-4ecd-a6a8-bb8e761654eb","referenceId":"8159311b-3e58-4ed4-ad34-ee7266216b18","referenceType":"CUSTOMER","correlationId":null,"consentTypeId":"DI_CONNECT_LIVEOPPONENTS","state":"REVOKED","locale":"en-US","source":"SOURCE_DEFAULTED","version":"1.0","createdDate":"2021-10-19T06:31:20.322Z","consentCreatedDate":"2021-04-05T21:08:18.494Z","actorId":null,"metadata":null},{"key":"a0f50564-af32-4c66-bc98-788f9cb4a052","referenceId":"8159311b-3e58-4ed4-ad34-ee7266216b18","referenceType":"CUSTOMER","correlationId":null,"consentTypeId":"DI_CONNECT_LIVEOPPONENTS","state":"REVOKED","locale":"en-US","source":"SOURCE_DEFAULTED","version":"1.0","createdDate":"2021-04-20T08:10:10.926Z","consentCreatedDate":"2021-04-05T21:08:18.494Z","actorId":null,"metadata":null},{"key":"a32abd89-a962-45d5-86bf-5e32176234ea","referenceId":"8159311b-3e58-4ed4-ad34-ee7266216b18","referenceType":"CUSTOMER","correlationId":null,"consentTypeId":"DI_CONNECT_UPLOAD","state":"GRANTED","locale":"en-US","source":"SOURCE_DEFAULTED","version":"1.0","createdDate":"2021-08-19T18:18:36.720Z","consentCreatedDate":"2019-04-07T10:28:22.393Z","actorId":null,"metadata":null},{"key":"a62ffc89-08ce-4aaa-a7d3-77e3bfa0bcd9","referenceId":"8159311b-3e58-4ed4-ad34-ee7266216b18","referenceType":"CUSTOMER","correlationId":null,"consentTypeId":"ITW_DS_EM_GLOBAL","state":"REVOKED","locale":"en-US","source":"SOURCE_DEFAULTED","version":"1.0","createdDate":"2021-04-05T21:08:20.229Z","consentCreatedDate":"2021-04-05T21:08:20.229Z","actorId":null,"metadata":null},{"key":"aadaff50-78d2-4750-9b28-d793e8d59a29","referenceId":"8159311b-3e58-4ed4-ad34-ee7266216b18","referenceType":"CUSTOMER","correlationId":null,"consentTypeId":"DI_CONNECT_LIVEOPPONENTS","state":"REVOKED","locale":"en-US","source":"SOURCE_DEFAULTED","version":"1.0","createdDate":"2021-07-03T10:03:24.639Z","consentCreatedDate":"2021-04-05T21:08:18.494Z","actorId":null,"metadata":null},{"key":"b8b181bc-fc5e-4f1e-8887-0982fc9f0c5f","referenceId":"8159311b-3e58-4ed4-ad34-ee7266216b18","referenceType":"CUSTOMER","correlationId":null,"consentTypeId":"DI_CONNECT_LIVEOPPONENTS","state":"REVOKED","locale":"en-US","source":"SOURCE_DEFAULTED","version":"1.0","createdDate":"2021-04-05T21:08:18.494Z","consentCreatedDate":"2021-04-05T21:08:18.494Z","actorId":null,"metadata":null},{"key":"bb78ef33-2896-4af3-8cdb-2bcea409cdf8","referenceId":"8159311b-3e58-4ed4-ad34-ee7266216b18","referenceType":"CUSTOMER","correlationId":null,"consentTypeId":"DI_CONNECT_LIVEOPPONENTS","state":"REVOKED","locale":"en-US","source":"SOURCE_DEFAULTED","version":"1.0","createdDate":"2021-04-06T05:26:40.456Z","consentCreatedDate":"2021-04-05T21:08:18.494Z","actorId":null,"metadata":null},{"key":"c4bd4a19-f4a1-45f0-8107-046cefcb0732","referenceId":"8159311b-3e58-4ed4-ad34-ee7266216b18","referenceType":"CUSTOMER","correlationId":null,"consentTypeId":"DI_CONNECT_LIVEOPPONENTS","state":"REVOKED","locale":"en-US","source":"SOURCE_DEFAULTED","version":"1.0","createdDate":"2021-04-20T05:42:19.591Z","consentCreatedDate":"2021-04-05T21:08:18.494Z","actorId":null,"metadata":null},{"key":"c755b66b-73ff-423b-9a64-316cecac42a7","referenceId":"8159311b-3e58-4ed4-ad34-ee7266216b18","referenceType":"CUSTOMER","correlationId":null,"consentTypeId":"DI_CONNECT_LIVEOPPONENTS","state":"REVOKED","locale":"en-US","source":"SOURCE_DEFAULTED","version":"1.0","createdDate":"2021-10-30T11:35:25.295Z","consentCreatedDate":"2021-04-05T21:08:18.494Z","actorId":null,"metadata":null},{"key":"c900fc63-8e06-4969-ac83-75e1fb61b78d","referenceId":"8159311b-3e58-4ed4-ad34-ee7266216b18","referenceType":"CUSTOMER","correlationId":null,"consentTypeId":"DI_CONNECT_LIVEOPPONENTS","state":"REVOKED","locale":"en-US","source":"SOURCE_DEFAULTED","version":"1.0","createdDate":"2021-06-05T08:53:13.030Z","consentCreatedDate":"2021-04-05T21:08:18.494Z","actorId":null,"metadata":null},{"key":"c9907ee5-497b-4766-8b11-8840a7515032","referenceId":"8159311b-3e58-4ed4-ad34-ee7266216b18","referenceType":"CUSTOMER","correlationId":null,"consentTypeId":"DI_CONNECT_LIVEOPPONENTS","state":"REVOKED","locale":"en-US","source":"SOURCE_DEFAULTED","version":"1.0","createdDate":"2021-06-15T16:38:44.712Z","consentCreatedDate":"2021-04-05T21:08:18.494Z","actorId":null,"metadata":null},{"key":"da883540-11ae-491b-a6df-33eda6f7199b","referenceId":"8159311b-3e58-4ed4-ad34-ee7266216b18","referenceType":"CUSTOMER","correlationId":null,"consentTypeId":"DI_CONNECT_LIVEOPPONENTS","state":"REVOKED","locale":"en-US","source":"SOURCE_DEFAULTED","version":"1.0","createdDate":"2021-04-20T08:10:49.700Z","consentCreatedDate":"2021-04-05T21:08:18.494Z","actorId":null,"metadata":null},{"key":"dbf0f99d-7335-4bc7-93a9-bce5af2a4bb3","referenceId":"8159311b-3e58-4ed4-ad34-ee7266216b18","referenceType":"CUSTOMER","correlationId":null,"consentTypeId":"DI_CONNECT_LIVEOPPONENTS","state":"REVOKED","locale":"en-US","source":"SOURCE_DEFAULTED","version":"1.0","createdDate":"2021-04-20T08:10:57.258Z","consentCreatedDate":"2021-04-05T21:08:18.494Z","actorId":null,"metadata":null},{"key":"e09da103-b1b2-418c-bedd-7c1efd69abc4","referenceId":"8159311b-3e58-4ed4-ad34-ee7266216b18","referenceType":"CUSTOMER","correlationId":null,"consentTypeId":"DI_CONNECT_LIVEOPPONENTS","state":"REVOKED","locale":"en-US","source":"SOURCE_DEFAULTED","version":"1.0","createdDate":"2021-04-20T08:12:59.634Z","consentCreatedDate":"2021-04-05T21:08:18.494Z","actorId":null,"metadata":null}]