[{"userProfilePK":76018113,"calendarDate":"2023-06-09","persistedTimestampGMT":"2023-06-09T05:45:22.720","timestampLocal":"2023-06-09T06:53:52.0","hydrationSource":"GARMIN_ACTIVITY","valueInML":0.0,"activityId":11302264125,"capped":false,"estimatedSweatLossInML":560.0,"duration":3014.56494140625,"uuid":{"uuid":"5afe275e-7e47-4883-ac40-39849a1047b8"}},{"userProfilePK":76018113,"calendarDate":"2023-06-10","persistedTimestampGMT":"2023-06-10T11:22:40.47","timestampLocal":"2023-06-10T11:58:27.0","hydrationSource":"GARMIN_ACTIVITY","valueInML":0.0,"activityId":11311150149,"capped":false,"estimatedSweatLossInML":1368.0,"duration":4991.13623046875,"uuid":{"uuid":"22ab79a5-75c5-439c-868f-341e9d7ff7e4"}},{"userProfilePK":76018113,"calendarDate":"2023-06-11","persistedTimestampGMT":"2023-06-11T09:56:46.634","timestampLocal":"2023-06-11T11:07:13.0","hydrationSource":"GARMIN_ACTIVITY","valueInML":0.0,"activityId":11318019408,"capped":false,"estimatedSweatLossInML":591.0,"duration":2950.864990234375,"uuid":{"uuid":"38be51d1-7d56-4fc7-9e26-f86a7c74b2dc"}},{"userProfilePK":76018113,"calendarDate":"2023-06-11","persistedTimestampGMT":"2023-06-11T17:46:21.830","timestampLocal":"2023-06-11T18:40:16.0","hydrationSource":"GARMIN_ACTIVITY","valueInML":0.0,"activityId":11321809075,"capped":false,"estimatedSweatLossInML":934.0,"duration":3604.674072265625,"uuid":{"uuid":"6817a51d-dcb2-461d-84c1-b5031b6f3ca5"}},{"userProfilePK":76018113,"calendarDate":"2023-06-13","persistedTimestampGMT":"2023-06-13T05:43:27.821","timestampLocal":"2023-06-13T07:01:48.0","hydrationSource":"GARMIN_ACTIVITY","valueInML":0.0,"activityId":11331503363,"capped":false,"estimatedSweatLossInML":446.0,"duration":2455.708984375,"uuid":{"uuid":"0c4797d5-ebcc-4721-8919-a5b4f7ad2edb"}},{"userProfilePK":76018113,"calendarDate":"2023-06-14","persistedTimestampGMT":"2023-06-14T06:27:29.273","timestampLocal":"2023-06-14T07:08:31.0","hydrationSource":"GARMIN_ACTIVITY","valueInML":0.0,"activityId":11339421433,"capped":false,"estimatedSweatLossInML":505.0,"duration":2751.52001953125,"uuid":{"uuid":"e8210e9c-276b-4da5-8227-a93421cdeaf0"}},{"userProfilePK":76018113,"calendarDate":"2023-06-15","persistedTimestampGMT":"2023-06-15T05:42:15.675","timestampLocal":"2023-06-15T07:08:27.0","hydrationSource":"GARMIN_ACTIVITY","valueInML":0.0,"activityId":11346714392,"capped":false,"estimatedSweatLossInML":464.0,"duration":1998.4530029296875,"uuid":{"uuid":"ea012547-4d09-43d0-bbe0-22f49bf38174"}},{"userProfilePK":76018113,"calendarDate":"2023-06-16","persistedTimestampGMT":"2023-06-16T05:28:12.37","timestampLocal":"2023-06-16T06:47:21.0","hydrationSource":"GARMIN_ACTIVITY","valueInML":0.0,"activityId":11353854756,"capped":false,"estimatedSweatLossInML":509.0,"duration":2412.169921875,"uuid":{"uuid":"0ae8e543-4702-48de-9f08-9bd61f01ce0c"}},{"userProfilePK":76018113,"calendarDate":"2023-06-24","persistedTimestampGMT":"2023-06-24T11:12:25.199","timestampLocal":"2023-06-24T11:50:36.0","hydrationSource":"GARMIN_ACTIVITY","valueInML":0.0,"activityId":11412756612,"capped":false,"estimatedSweatLossInML":1348.0,"duration":4856.3369140625,"uuid":{"uuid":"c9c1e2fc-2036-4acc-abb3-0455e59cf03f"}},{"userProfilePK":76018113,"calendarDate":"2023-06-25","persistedTimestampGMT":"2023-06-25T17:06:36.282","timestampLocal":"2023-06-25T17:48:50.0","hydrationSource":"GARMIN_ACTIVITY","valueInML":0.0,"activityId":11422959274,"capped":false,"estimatedSweatLossInML":1281.0,"duration":4616.23388671875,"uuid":{"uuid":"4a0b1456-b329-4bb1-9e20-537a75929ef2"}},{"userProfilePK":76018113,"calendarDate":"2023-06-27","persistedTimestampGMT":"2023-06-27T05:50:35.47","timestampLocal":"2023-06-27T07:07:51.0","hydrationSource":"GARMIN_ACTIVITY","valueInML":0.0,"activityId":11432894999,"capped":false,"estimatedSweatLossInML":542.0,"duration":2525.587890625,"uuid":{"uuid":"48f9d0ca-5c37-4078-a868-f4a6a1bcfbee"}},{"userProfilePK":76018113,"calendarDate":"2023-06-28","persistedTimestampGMT":"2023-06-28T20:57:29.185","timestampLocal":"2023-06-28T22:03:59.0","hydrationSource":"GARMIN_ACTIVITY","valueInML":0.0,"activityId":11446023444,"capped":false,"estimatedSweatLossInML":880.0,"duration":3169.155029296875,"uuid":{"uuid":"a6d2ba2b-977e-4baf-93e8-03158ed7a429"}},{"userProfilePK":76018113,"calendarDate":"2023-06-30","persistedTimestampGMT":"2023-06-30T05:48:18.243","timestampLocal":"2023-06-30T07:03:03.0","hydrationSource":"GARMIN_ACTIVITY","valueInML":0.0,"activityId":11454697433,"capped":false,"estimatedSweatLossInML":520.0,"duration":2667.030029296875,"uuid":{"uuid":"7d8af37f-db75-4155-9439-954c71799258"}},{"userProfilePK":76018113,"calendarDate":"2023-07-01","persistedTimestampGMT":"2023-07-01T16:08:33.997","timestampLocal":"2023-07-01T16:47:23.0","hydrationSource":"GARMIN_ACTIVITY","valueInML":0.0,"activityId":11464860642,"capped":false,"estimatedSweatLossInML":1289.0,"duration":4644.1767578125,"uuid":{"uuid":"aed37ccd-bbb1-45c6-8820-5fab5d61d2d0"}},{"userProfilePK":76018113,"calendarDate":"2023-07-04","persistedTimestampGMT":"2023-07-04T05:56:10.534","timestampLocal":"2023-07-04T07:04:59.0","hydrationSource":"GARMIN_ACTIVITY","valueInML":0.0,"activityId":11482593737,"capped":false,"estimatedSweatLossInML":663.0,"duration":3028.47509765625,"uuid":{"uuid":"d91c8b17-de21-4be9-8780-3b2bf54d53aa"}},{"userProfilePK":76018113,"calendarDate":"2023-07-05","persistedTimestampGMT":"2023-07-05T21:15:55.487","timestampLocal":"2023-07-05T22:23:33.0","hydrationSource":"GARMIN_ACTIVITY","valueInML":0.0,"activityId":11495800680,"capped":false,"estimatedSweatLossInML":655.0,"duration":3099.531005859375,"uuid":{"uuid":"195b6025-329d-4c4f-9a27-2af320d93b37"}},{"userProfilePK":76018113,"calendarDate":"2023-07-09","persistedTimestampGMT":"2023-07-09T11:12:50.747","timestampLocal":"2023-07-09T11:51:59.0","hydrationSource":"GARMIN_ACTIVITY","valueInML":0.0,"activityId":11521226107,"capped":false,"estimatedSweatLossInML":1333.0,"duration":4801.15380859375,"uuid":{"uuid":"16f0bca2-8cc5-4019-b72b-109c6470084b"}},{"userProfilePK":76018113,"calendarDate":"2023-07-14","persistedTimestampGMT":"2023-07-14T19:06:26.839","timestampLocal":"2023-07-14T20:33:31.0","hydrationSource":"GARMIN_ACTIVITY","valueInML":0.0,"activityId":11560773754,"capped":false,"estimatedSweatLossInML":539.0,"duration":1942.4630126953125,"uuid":{"uuid":"1de8c19f-1627-4d63-bcd8-188c5d384ea2"}},{"userProfilePK":76018113,"calendarDate":"2023-07-16","persistedTimestampGMT":"2023-07-16T06:59:11.55","timestampLocal":"2023-07-16T07:47:00.0","hydrationSource":"GARMIN_ACTIVITY","valueInML":0.0,"activityId":11570273219,"capped":false,"estimatedSweatLossInML":833.0,"duration":3000.302978515625,"uuid":{"uuid":"229680be-4542-41b4-8bda-da3ec5be5b0e"}},{"userProfilePK":76018113,"calendarDate":"2023-07-18","persistedTimestampGMT":"2023-07-18T05:52:57.554","timestampLocal":"2023-07-18T07:12:18.0","hydrationSource":"GARMIN_ACTIVITY","valueInML":0.0,"activityId":11585057321,"capped":false,"estimatedSweatLossInML":666.0,"duration":2400.39599609375,"uuid":{"uuid":"15058fd0-9e48-467d-aa95-3ff9e3b582a9"}},{"userProfilePK":76018113,"calendarDate":"2023-07-21","persistedTimestampGMT":"2023-07-21T06:00:34.933","timestampLocal":"2023-07-21T06:58:51.0","hydrationSource":"GARMIN_ACTIVITY","valueInML":0.0,"activityId":11607843852,"capped":false,"estimatedSweatLossInML":716.0,"duration":3681.02197265625,"uuid":{"uuid":"40e1f997-48a6-4e98-8d66-9be523fd46d7"}},{"userProfilePK":76018113,"calendarDate":"2023-07-22","persistedTimestampGMT":"2023-07-22T09:24:52.473","timestampLocal":"2023-07-22T10:33:29.0","hydrationSource":"GARMIN_ACTIVITY","valueInML":0.0,"activityId":11615671550,"capped":false,"estimatedSweatLossInML":758.0,"duration":3037.77490234375,"uuid":{"uuid":"3a6db688-9fe5-472c-a121-901af0582c59"}},{"userProfilePK":76018113,"calendarDate":"2023-07-24","persistedTimestampGMT":"2023-07-24T05:39:49.395","timestampLocal":"2023-07-24T06:59:23.0","hydrationSource":"GARMIN_ACTIVITY","valueInML":0.0,"activityId":11629257857,"capped":false,"estimatedSweatLossInML":497.0,"duration":2387.77490234375,"uuid":{"uuid":"6d41c412-0124-4619-aff2-166d27e33f48"}},{"userProfilePK":76018113,"calendarDate":"2023-07-25","persistedTimestampGMT":"2023-07-25T20:27:37.259","timestampLocal":"2023-07-25T21:27:47.0","hydrationSource":"GARMIN_ACTIVITY","valueInML":0.0,"activityId":11642200713,"capped":false,"estimatedSweatLossInML":893.0,"duration":3530.446044921875,"uuid":{"uuid":"84f0ea19-eaf8-4674-a25c-6361cc8ea5d4"}},{"userProfilePK":76018113,"calendarDate":"2023-07-27","persistedTimestampGMT":"2023-07-27T06:05:41.299","timestampLocal":"2023-07-27T06:59:19.0","hydrationSource":"GARMIN_ACTIVITY","valueInML":0.0,"activityId":11651533017,"capped":false,"estimatedSweatLossInML":775.0,"duration":3955.0810546875,"uuid":{"uuid":"8780c821-f99e-43a9-97e0-44f0d888d488"}},{"userProfilePK":76018113,"calendarDate":"2023-07-28","persistedTimestampGMT":"2023-07-28T17:47:10.826","timestampLocal":"2023-07-28T18:48:02.0","hydrationSource":"GARMIN_ACTIVITY","valueInML":0.0,"activityId":11662739010,"capped":false,"estimatedSweatLossInML":968.0,"duration":3487.2060546875,"uuid":{"uuid":"b1f1a1e3-5f38-4640-89a2-cd9767eda641"}},{"userProfilePK":76018113,"calendarDate":"2023-07-29","persistedTimestampGMT":"2023-07-29T11:48:45.811","timestampLocal":"2023-07-29T11:37:17.0","hydrationSource":"GARMIN_ACTIVITY","valueInML":0.0,"activityId":11667415178,"capped":false,"estimatedSweatLossInML":838.0,"duration":4305.64501953125,"uuid":{"uuid":"33dbec59-0346-43ee-bf15-2f821cdba640"}},{"userProfilePK":76018113,"calendarDate":"2023-07-30","persistedTimestampGMT":"2023-07-30T10:15:55.986","timestampLocal":"2023-07-30T11:21:42.0","hydrationSource":"GARMIN_ACTIVITY","valueInML":0.0,"activityId":11674041962,"capped":false,"estimatedSweatLossInML":872.0,"duration":3214.6259765625,"uuid":{"uuid":"f470dce0-0e38-4d12-9e97-5d4a16a2aeb9"}},{"userProfilePK":76018113,"calendarDate":"2023-08-01","persistedTimestampGMT":"2023-08-01T18:49:18.519","timestampLocal":"2023-08-01T19:25:58.0","hydrationSource":"GARMIN_ACTIVITY","valueInML":0.0,"activityId":11692495489,"capped":false,"estimatedSweatLossInML":1304.0,"duration":4937.4228515625,"uuid":{"uuid":"282eea4d-b50e-46af-83bc-9c0cb65ab556"}},{"userProfilePK":76018113,"calendarDate":"2023-08-02","persistedTimestampGMT":"2023-08-02T18:41:54.94","timestampLocal":"2023-08-02T19:43:06.0","hydrationSource":"GARMIN_ACTIVITY","valueInML":0.0,"activityId":11700057662,"capped":false,"estimatedSweatLossInML":960.0,"duration":3458.093994140625,"uuid":{"uuid":"292ed020-877a-469f-ad46-d158af182e4a"}},{"userProfilePK":76018113,"calendarDate":"2023-08-03","persistedTimestampGMT":"2023-08-03T08:02:37.710","timestampLocal":"2023-08-03T09:02:16.0","hydrationSource":"GARMIN_ACTIVITY","valueInML":0.0,"activityId":11703158846,"capped":false,"estimatedSweatLossInML":744.0,"duration":3565.330078125,"uuid":{"uuid":"b0d6519c-04c2-46b3-bb42-5180c5bde880"}},{"userProfilePK":76018113,"calendarDate":"2023-08-05","persistedTimestampGMT":"2023-08-05T12:45:43.769","timestampLocal":"2023-08-05T06:58:31.0","hydrationSource":"GARMIN_ACTIVITY","valueInML":0.0,"activityId":11719069141,"capped":false,"estimatedSweatLossInML":710.0,"duration":2701.302978515625,"uuid":{"uuid":"2b644ceb-d022-4e2e-b226-7de45099ad4e"}},{"userProfilePK":76018113,"calendarDate":"2023-08-05","persistedTimestampGMT":"2023-08-05T12:57:15.563","timestampLocal":"2023-08-05T07:46:38.0","hydrationSource":"GARMIN_ACTIVITY","valueInML":0.0,"activityId":11719153256,"capped":false,"estimatedSweatLossInML":170.0,"duration":621.2869873046875,"uuid":{"uuid":"e6fed60e-a449-4b06-aba4-96a8fe33df86"}},{"userProfilePK":76018113,"calendarDate":"2023-08-07","persistedTimestampGMT":"2023-08-07T14:07:07.219","timestampLocal":"2023-08-07T07:56:56.0","hydrationSource":"GARMIN_ACTIVITY","valueInML":0.0,"activityId":11733623204,"capped":false,"estimatedSweatLossInML":1153.0,"duration":4153.77392578125,"uuid":{"uuid":"e5efa610-014b-46ee-9904-61c0e0910a70"}},{"userProfilePK":76018113,"calendarDate":"2023-08-09","persistedTimestampGMT":"2023-08-09T13:27:11.743","timestampLocal":"2023-08-09T07:31:27.0","hydrationSource":"GARMIN_ACTIVITY","valueInML":0.0,"activityId":11748818244,"capped":false,"estimatedSweatLossInML":916.0,"duration":3301.1669921875,"uuid":{"uuid":"988c0e52-59b5-468e-b1b1-76baa4e38bb5"}},{"userProfilePK":76018113,"calendarDate":"2023-08-11","persistedTimestampGMT":"2023-08-11T13:19:10.402","timestampLocal":"2023-08-11T07:12:27.0","hydrationSource":"GARMIN_ACTIVITY","valueInML":0.0,"activityId":11764146869,"capped":false,"estimatedSweatLossInML":954.0,"duration":3543.3330078125,"uuid":{"uuid":"2b36d728-5b3b-406f-86de-907813e99fa9"}},{"userProfilePK":76018113,"calendarDate":"2023-08-14","persistedTimestampGMT":"2023-08-14T18:10:04.874","timestampLocal":"2023-08-14T11:45:59.0","hydrationSource":"GARMIN_ACTIVITY","valueInML":0.0,"activityId":11788784505,"capped":false,"estimatedSweatLossInML":606.0,"duration":3607.98388671875,"uuid":{"uuid":"0b98e227-4bfd-4cc6-b7e4-5be16de7d56a"}},{"userProfilePK":76018113,"calendarDate":"2023-08-16","persistedTimestampGMT":"2023-08-16T18:20:58.529","timestampLocal":"2023-08-16T19:27:47.0","hydrationSource":"GARMIN_ACTIVITY","valueInML":0.0,"activityId":11804927379,"capped":false,"estimatedSweatLossInML":571.0,"duration":2386.180908203125,"uuid":{"uuid":"6538d01a-711e-49a0-b1cb-fc24540077ac"}},{"userProfilePK":76018113,"calendarDate":"2023-08-18","persistedTimestampGMT":"2023-08-18T16:56:41.141","timestampLocal":"2023-08-18T18:02:43.0","hydrationSource":"GARMIN_ACTIVITY","valueInML":0.0,"activityId":11819319932,"capped":false,"estimatedSweatLossInML":631.0,"duration":2553.117919921875,"uuid":{"uuid":"c495d09a-5124-46f0-b096-cdc94dfdbdeb"}},{"userProfilePK":76018113,"calendarDate":"2023-08-21","persistedTimestampGMT":"2023-08-21T17:00:16.25","timestampLocal":"2023-08-21T18:07:44.0","hydrationSource":"GARMIN_ACTIVITY","valueInML":0.0,"activityId":11841622086,"capped":false,"estimatedSweatLossInML":611.0,"duration":2422.873046875,"uuid":{"uuid":"b4293238-7c16-4721-b6a8-2ed4946c71c6"}},{"userProfilePK":76018113,"calendarDate":"2023-08-24","persistedTimestampGMT":"2023-08-24T10:49:24.896","timestampLocal":"2023-08-24T10:04:39.0","hydrationSource":"GARMIN_ACTIVITY","valueInML":0.0,"activityId":11862483753,"capped":false,"estimatedSweatLossInML":741.0,"duration":2861.967041015625,"uuid":{"uuid":"f6de401b-919b-4558-a187-ceeb74632b68"}},{"userProfilePK":76018113,"calendarDate":"2023-08-25","persistedTimestampGMT":"2023-08-25T18:41:01.751","timestampLocal":"2023-08-25T20:00:06.0","hydrationSource":"GARMIN_ACTIVITY","valueInML":0.0,"activityId":11872733804,"capped":false,"estimatedSweatLossInML":667.0,"duration":2403.422119140625,"uuid":{"uuid":"3f2b88e9-b8e7-40a1-bb52-282698289016"}},{"userProfilePK":76018113,"calendarDate":"2023-08-27","persistedTimestampGMT":"2023-08-27T09:30:09.949","timestampLocal":"2023-08-27T10:46:30.0","hydrationSource":"GARMIN_ACTIVITY","valueInML":0.0,"activityId":11883539972,"capped":false,"estimatedSweatLossInML":539.0,"duration":2572.79296875,"uuid":{"uuid":"f3e40433-3aff-4d4f-8111-76d76707c825"}},{"userProfilePK":76018113,"calendarDate":"2023-08-31","persistedTimestampGMT":"2023-08-31T05:47:45.185","timestampLocal":"2023-08-31T07:03:12.0","hydrationSource":"GARMIN_ACTIVITY","valueInML":0.0,"activityId":11912077698,"capped":false,"estimatedSweatLossInML":521.0,"duration":2628.756103515625,"uuid":{"uuid":"530da425-8dcf-4090-85d7-5809477504f8"}}]