[{"userProfilePK":76018113,"calendarDate":"2022-02-02","persistedTimestampGMT":"2022-02-02T07:05:19.107","timestampLocal":"2022-02-02T07:19:16.0","hydrationSource":"GARMIN_ACTIVITY","valueInML":0.0,"activityId":8223560143,"capped":false,"estimatedSweatLossInML":495.0,"duration":2702.011962890625},{"userProfilePK":76018113,"calendarDate":"2022-02-03","persistedTimestampGMT":"2022-02-03T07:18:58.580","timestampLocal":"2022-02-03T07:17:30.0","hydrationSource":"GARMIN_ACTIVITY","valueInML":0.0,"activityId":8229366393,"capped":false,"estimatedSweatLossInML":671.0,"duration":3614.23291015625},{"userProfilePK":76018113,"calendarDate":"2022-02-06","persistedTimestampGMT":"2022-02-06T12:21:39.702","timestampLocal":"2022-02-06T11:45:29.0","hydrationSource":"GARMIN_ACTIVITY","valueInML":0.0,"activityId":8247527486,"capped":false,"estimatedSweatLossInML":1177.0,"duration":5708.97705078125},{"userProfilePK":76018113,"calendarDate":"2022-02-08","persistedTimestampGMT":"2022-02-08T07:13:37.559","timestampLocal":"2022-02-08T07:14:08.0","hydrationSource":"GARMIN_ACTIVITY","valueInML":0.0,"activityId":8257486653,"capped":false,"estimatedSweatLossInML":648.0,"duration":3341.049072265625},{"userProfilePK":76018113,"calendarDate":"2022-02-09","persistedTimestampGMT":"2022-02-09T07:23:34.950","timestampLocal":"2022-02-09T07:31:12.0","hydrationSource":"GARMIN_ACTIVITY","valueInML":0.0,"activityId":8263729109,"capped":false,"estimatedSweatLossInML":590.0,"duration":3010.14111328125},{"userProfilePK":76018113,"calendarDate":"2022-02-13","persistedTimestampGMT":"2022-02-13T12:12:52.785","timestampLocal":"2022-02-13T11:39:20.0","hydrationSource":"GARMIN_ACTIVITY","valueInML":0.0,"activityId":8288946254,"capped":false,"estimatedSweatLossInML":1204.0,"duration":5550.619140625},{"userProfilePK":76018113,"calendarDate":"2022-02-17","persistedTimestampGMT":"2022-02-17T06:58:40.931","timestampLocal":"2022-02-17T07:36:18.0","hydrationSource":"GARMIN_ACTIVITY","valueInML":0.0,"activityId":8310357744,"capped":false,"estimatedSweatLossInML":267.0,"duration":1322.154052734375},{"userProfilePK":76018113,"calendarDate":"2022-02-19","persistedTimestampGMT":"2022-02-19T13:05:46.202","timestampLocal":"2022-02-19T12:14:35.0","hydrationSource":"GARMIN_ACTIVITY","valueInML":0.0,"activityId":8322533109,"capped":false,"estimatedSweatLossInML":1356.0,"duration":6603.08203125},{"userProfilePK":76018113,"calendarDate":"2022-02-20","persistedTimestampGMT":"2022-02-20T17:30:39.630","timestampLocal":"2022-02-20T17:36:42.0","hydrationSource":"GARMIN_ACTIVITY","valueInML":0.0,"activityId":8330147943,"capped":false,"estimatedSweatLossInML":583.0,"duration":3179.632080078125},{"userProfilePK":76018113,"calendarDate":"2022-02-23","persistedTimestampGMT":"2022-02-23T07:19:42.493","timestampLocal":"2022-02-23T07:28:51.0","hydrationSource":"GARMIN_ACTIVITY","valueInML":0.0,"activityId":8343868879,"capped":false,"estimatedSweatLossInML":546.0,"duration":2999.583984375},{"userProfilePK":76018113,"calendarDate":"2022-02-25","persistedTimestampGMT":"2022-02-25T07:05:38.632","timestampLocal":"2022-02-25T07:15:02.0","hydrationSource":"GARMIN_ACTIVITY","valueInML":0.0,"activityId":8354957445,"capped":false,"estimatedSweatLossInML":517.0,"duration":2974.324951171875},{"userProfilePK":76018113,"calendarDate":"2022-02-27","persistedTimestampGMT":"2022-02-27T18:09:13.814","timestampLocal":"2022-02-27T17:20:38.0","hydrationSource":"GARMIN_ACTIVITY","valueInML":0.0,"activityId":8370109621,"capped":false,"estimatedSweatLossInML":1384.0,"duration":6451.73876953125},{"userProfilePK":76018113,"calendarDate":"2022-03-02","persistedTimestampGMT":"2022-03-04T06:14:19.218","timestampLocal":"2022-03-02T07:42:11.0","hydrationSource":"GARMIN_ACTIVITY","valueInML":0.0,"activityId":8395290215,"capped":false,"estimatedSweatLossInML":588.0,"duration":3032.177001953125},{"userProfilePK":76018113,"calendarDate":"2022-03-04","persistedTimestampGMT":"2022-03-04T07:02:57.289","timestampLocal":"2022-03-04T07:19:06.0","hydrationSource":"GARMIN_ACTIVITY","valueInML":0.0,"activityId":8395426218,"capped":false,"estimatedSweatLossInML":473.0,"duration":2570.947021484375},{"userProfilePK":76018113,"calendarDate":"2022-03-06","persistedTimestampGMT":"2022-03-06T12:44:52.844","timestampLocal":"2022-03-06T12:03:41.0","hydrationSource":"GARMIN_ACTIVITY","valueInML":0.0,"activityId":8408823071,"capped":false,"estimatedSweatLossInML":1312.0,"duration":6004.505859375},{"userProfilePK":76018113,"calendarDate":"2022-03-08","persistedTimestampGMT":"2022-03-08T07:18:46.485","timestampLocal":"2022-03-08T07:23:21.0","hydrationSource":"GARMIN_ACTIVITY","valueInML":0.0,"activityId":8418789622,"capped":false,"estimatedSweatLossInML":537.0,"duration":3228.14794921875},{"userProfilePK":76018113,"calendarDate":"2022-03-12","persistedTimestampGMT":"2022-03-12T16:38:01.776","timestampLocal":"2022-03-12T17:07:46.0","hydrationSource":"GARMIN_ACTIVITY","valueInML":0.0,"activityId":8445023885,"capped":false,"estimatedSweatLossInML":334.0,"duration":1777.8380126953125},{"userProfilePK":76018113,"calendarDate":"2022-03-12","persistedTimestampGMT":"2022-03-12T16:59:28.387","timestampLocal":"2022-03-12T17:40:05.0","hydrationSource":"GARMIN_ACTIVITY","valueInML":0.0,"activityId":8445166360,"capped":false,"estimatedSweatLossInML":210.0,"duration":1138.1240234375},{"userProfilePK":76018113,"calendarDate":"2022-03-13","persistedTimestampGMT":"2022-03-13T12:28:39.70","timestampLocal":"2022-03-13T12:20:09.0","hydrationSource":"GARMIN_ACTIVITY","valueInML":0.0,"activityId":8449627263,"capped":false,"estimatedSweatLossInML":982.0,"duration":4052.406005859375},{"userProfilePK":76018113,"calendarDate":"2022-03-18","persistedTimestampGMT":"2022-03-18T07:16:27.794","timestampLocal":"2022-03-18T07:21:16.0","hydrationSource":"GARMIN_ACTIVITY","valueInML":0.0,"activityId":8477737899,"capped":false,"estimatedSweatLossInML":576.0,"duration":3259.780029296875},{"userProfilePK":76018113,"calendarDate":"2022-03-20","persistedTimestampGMT":"2022-03-20T12:50:41.612","timestampLocal":"2022-03-20T12:38:14.0","hydrationSource":"GARMIN_ACTIVITY","valueInML":0.0,"activityId":8491297341,"capped":false,"estimatedSweatLossInML":913.0,"duration":4291.1982421875},{"userProfilePK":76018113,"calendarDate":"2022-03-23","persistedTimestampGMT":"2022-03-23T07:06:25.199","timestampLocal":"2022-03-23T07:06:04.0","hydrationSource":"GARMIN_ACTIVITY","valueInML":0.0,"activityId":8508000885,"capped":false,"estimatedSweatLossInML":591.0,"duration":3083.468017578125},{"userProfilePK":76018113,"calendarDate":"2022-03-24","persistedTimestampGMT":"2022-03-24T07:10:37.950","timestampLocal":"2022-03-24T07:10:44.0","hydrationSource":"GARMIN_ACTIVITY","valueInML":0.0,"activityId":8514116781,"capped":false,"estimatedSweatLossInML":635.0,"duration":3540.235107421875},{"userProfilePK":76018113,"calendarDate":"2022-03-27","persistedTimestampGMT":"2022-03-27T11:33:59.67","timestampLocal":"2022-03-27T12:21:48.0","hydrationSource":"GARMIN_ACTIVITY","valueInML":0.0,"activityId":8533597151,"capped":false,"estimatedSweatLossInML":891.0,"duration":4215.14599609375},{"userProfilePK":76018113,"calendarDate":"2022-03-30","persistedTimestampGMT":"2022-03-30T06:09:10.673","timestampLocal":"2022-03-30T07:16:27.0","hydrationSource":"GARMIN_ACTIVITY","valueInML":0.0,"activityId":8550437645,"capped":false,"estimatedSweatLossInML":582.0,"duration":3111.885009765625},{"userProfilePK":76018113,"calendarDate":"2022-04-03","persistedTimestampGMT":"2022-04-03T12:07:06.549","timestampLocal":"2022-04-03T13:08:39.0","hydrationSource":"GARMIN_ACTIVITY","valueInML":0.0,"activityId":8573652098,"capped":false,"estimatedSweatLossInML":679.0,"duration":3446.7470703125},{"userProfilePK":76018113,"calendarDate":"2022-04-05","persistedTimestampGMT":"2022-04-05T06:31:13.502","timestampLocal":"2022-04-05T07:22:54.0","hydrationSource":"GARMIN_ACTIVITY","valueInML":0.0,"activityId":8583268673,"capped":false,"estimatedSweatLossInML":794.0,"duration":4047.861083984375},{"userProfilePK":76018113,"calendarDate":"2022-04-06","persistedTimestampGMT":"2022-04-06T06:14:09.490","timestampLocal":"2022-04-06T07:20:17.0","hydrationSource":"GARMIN_ACTIVITY","valueInML":0.0,"activityId":8589126322,"capped":false,"estimatedSweatLossInML":513.0,"duration":3189.7470703125},{"userProfilePK":76018113,"calendarDate":"2022-04-10","persistedTimestampGMT":"2022-04-10T12:20:09.160","timestampLocal":"2022-04-10T12:51:01.0","hydrationSource":"GARMIN_ACTIVITY","valueInML":0.0,"activityId":8613125507,"capped":false,"estimatedSweatLossInML":1337.0,"duration":5291.02099609375},{"userProfilePK":76018113,"calendarDate":"2022-04-13","persistedTimestampGMT":"2022-04-13T08:53:38.460","timestampLocal":"2022-04-13T09:46:41.0","hydrationSource":"GARMIN_ACTIVITY","valueInML":0.0,"activityId":8629990646,"capped":false,"estimatedSweatLossInML":754.0,"duration":3973.376953125},{"userProfilePK":76018113,"calendarDate":"2022-04-14","persistedTimestampGMT":"2022-04-14T08:41:20.584","timestampLocal":"2022-04-14T09:46:21.0","hydrationSource":"GARMIN_ACTIVITY","valueInML":0.0,"activityId":8635802859,"capped":false,"estimatedSweatLossInML":578.0,"duration":3252.406982421875},{"userProfilePK":76018113,"calendarDate":"2022-04-16","persistedTimestampGMT":"2022-04-16T08:18:08.356","timestampLocal":"2022-04-16T09:29:34.0","hydrationSource":"GARMIN_ACTIVITY","valueInML":0.0,"activityId":8647359241,"capped":false,"estimatedSweatLossInML":495.0,"duration":2881.2509765625},{"userProfilePK":76018113,"calendarDate":"2022-04-17","persistedTimestampGMT":"2022-04-17T11:16:29.273","timestampLocal":"2022-04-17T12:17:33.0","hydrationSource":"GARMIN_ACTIVITY","valueInML":0.0,"activityId":8654706126,"capped":false,"estimatedSweatLossInML":866.0,"duration":3487.927978515625},{"userProfilePK":76018113,"calendarDate":"2022-04-19","persistedTimestampGMT":"2022-04-21T04:39:31.380","timestampLocal":"2022-04-19T07:37:55.0","hydrationSource":"GARMIN_ACTIVITY","valueInML":0.0,"activityId":8677479890,"capped":false,"estimatedSweatLossInML":499.0,"duration":2623.881103515625},{"userProfilePK":76018113,"calendarDate":"2022-04-21","persistedTimestampGMT":"2022-04-21T05:31:22.156","timestampLocal":"2022-04-21T06:40:59.0","hydrationSource":"GARMIN_ACTIVITY","valueInML":0.0,"activityId":8677614344,"capped":false,"estimatedSweatLossInML":499.0,"duration":2978.76904296875},{"userProfilePK":76018113,"calendarDate":"2022-04-23","persistedTimestampGMT":"2022-04-23T16:40:59.867","timestampLocal":"2022-04-23T17:02:15.0","hydrationSource":"GARMIN_ACTIVITY","valueInML":0.0,"activityId":8692754519,"capped":false,"estimatedSweatLossInML":466.0,"duration":2725.863037109375},{"userProfilePK":76018113,"calendarDate":"2022-04-24","persistedTimestampGMT":"2022-04-24T11:39:27.976","timestampLocal":"2022-04-24T12:09:01.0","hydrationSource":"GARMIN_ACTIVITY","valueInML":0.0,"activityId":8697096456,"capped":false,"estimatedSweatLossInML":979.0,"duration":5335.27783203125},{"userProfilePK":76018113,"calendarDate":"2022-04-27","persistedTimestampGMT":"2022-05-02T09:39:50.131","timestampLocal":"2022-04-27T07:17:55.0","hydrationSource":"GARMIN_ACTIVITY","valueInML":0.0,"activityId":8744864007,"capped":false,"estimatedSweatLossInML":556.0,"duration":2873.48095703125},{"userProfilePK":76018113,"calendarDate":"2022-04-28","persistedTimestampGMT":"2022-05-02T09:40:10.739","timestampLocal":"2022-04-28T07:07:58.0","hydrationSource":"GARMIN_ACTIVITY","valueInML":0.0,"activityId":8744865547,"capped":false,"estimatedSweatLossInML":484.0,"duration":2988.89404296875},{"userProfilePK":76018113,"calendarDate":"2022-04-30","persistedTimestampGMT":"2022-05-02T09:44:54.862","timestampLocal":"2022-04-30T12:42:52.0","hydrationSource":"GARMIN_ACTIVITY","valueInML":0.0,"activityId":8744888325,"capped":false,"estimatedSweatLossInML":714.0,"duration":3196.47900390625},{"userProfilePK":76018113,"calendarDate":"2022-05-01","persistedTimestampGMT":"2022-05-02T09:45:19.888","timestampLocal":"2022-05-01T12:17:24.0","hydrationSource":"GARMIN_ACTIVITY","valueInML":0.0,"activityId":8744890278,"capped":false,"estimatedSweatLossInML":936.0,"duration":4083.327880859375},{"userProfilePK":76018113,"calendarDate":"2022-05-02","persistedTimestampGMT":"2022-05-02T11:18:32.999","timestampLocal":"2022-05-02T12:26:38.0","hydrationSource":"GARMIN_ACTIVITY","valueInML":0.0,"activityId":8745417749,"capped":false,"estimatedSweatLossInML":663.0,"duration":3065.1298828125},{"userProfilePK":76018113,"calendarDate":"2022-05-04","persistedTimestampGMT":"2022-05-04T06:07:15.523","timestampLocal":"2022-05-04T07:11:39.0","hydrationSource":"GARMIN_ACTIVITY","valueInML":0.0,"activityId":8756920113,"capped":false,"estimatedSweatLossInML":507.0,"duration":3262.35205078125}]