[{"userProfilePK":76018113,"calendarDate":"2022-11-22","persistedTimestampGMT":"2022-11-22T07:00:56.24","timestampLocal":"2022-11-22T07:15:43.0","hydrationSource":"GARMIN_ACTIVITY","valueInML":0.0,"activityId":10016898590,"capped":false,"estimatedSweatLossInML":472.0,"duration":2676.87890625,"uuid":{"uuid":"54bb7755-3bee-4c22-9b7c-a8c7e16df022"}},{"userProfilePK":76018113,"calendarDate":"2022-11-23","persistedTimestampGMT":"2022-11-23T06:31:36.264","timestampLocal":"2022-11-23T06:28:49.0","hydrationSource":"GARMIN_ACTIVITY","valueInML":0.0,"activityId":10022306037,"capped":false,"estimatedSweatLossInML":741.0,"duration":3723.382080078125,"uuid":{"uuid":"2071243a-b9e4-46e4-a218-91485a6d72b4"}},{"userProfilePK":76018113,"calendarDate":"2022-11-26","persistedTimestampGMT":"2022-11-26T09:57:54.386","timestampLocal":"2022-11-26T08:44:44.0","hydrationSource":"GARMIN_ACTIVITY","valueInML":0.0,"activityId":10038566435,"capped":false,"estimatedSweatLossInML":1030.0,"duration":7802.22412109375,"uuid":{"uuid":"ee047edf-0514-4c54-a40b-f3a4c685eab5"}},{"userProfilePK":76018113,"calendarDate":"2022-12-01","persistedTimestampGMT":"2022-12-01T06:18:21.343","timestampLocal":"2022-12-01T07:07:13.0","hydrationSource":"GARMIN_ACTIVITY","valueInML":0.0,"activityId":10065367226,"capped":false,"estimatedSweatLossInML":117.0,"duration":642.5549926757812,"uuid":{"uuid":"58d0b2f0-4a05-4dcf-b70b-827f4d1e0b1e"}},{"userProfilePK":76018113,"calendarDate":"2022-12-04","persistedTimestampGMT":"2022-12-04T13:11:36.125","timestampLocal":"2022-12-04T08:55:13.0","hydrationSource":"GARMIN_ACTIVITY","valueInML":0.0,"activityId":10082626519,"capped":false,"estimatedSweatLossInML":2676.0,"duration":13370.525390625,"uuid":{"uuid":"57f126d2-e5ea-4df1-9425-78f15caf2d97"}},{"userProfilePK":76018113,"calendarDate":"2022-12-11","persistedTimestampGMT":"2022-12-11T11:41:16.742","timestampLocal":"2022-12-11T11:28:46.0","hydrationSource":"GARMIN_ACTIVITY","valueInML":0.0,"activityId":10118058737,"capped":false,"estimatedSweatLossInML":657.0,"duration":4309.64111328125,"uuid":{"uuid":"55d37fc0-3601-4b1d-bf4e-e74cb767d351"}},{"userProfilePK":76018113,"calendarDate":"2022-12-18","persistedTimestampGMT":"2022-12-18T08:49:49.197","timestampLocal":"2022-12-18T09:02:37.0","hydrationSource":"GARMIN_ACTIVITY","valueInML":0.0,"activityId":10150563026,"capped":false,"estimatedSweatLossInML":497.0,"duration":2778.157958984375,"uuid":{"uuid":"5a31fcc3-d0c9-48cb-9634-c9cfb810c0c6"}},{"userProfilePK":76018113,"calendarDate":"2022-12-21","persistedTimestampGMT":"2022-12-21T06:51:11.740","timestampLocal":"2022-12-21T06:50:46.0","hydrationSource":"GARMIN_ACTIVITY","valueInML":0.0,"activityId":10164760120,"capped":false,"estimatedSweatLossInML":638.0,"duration":3232.968017578125,"uuid":{"uuid":"26a85b4a-ba33-4928-a461-4389a914cabd"}},{"userProfilePK":76018113,"calendarDate":"2022-12-23","persistedTimestampGMT":"2022-12-23T10:12:57.330","timestampLocal":"2022-12-23T09:50:05.0","hydrationSource":"GARMIN_ACTIVITY","valueInML":0.0,"activityId":10174591247,"capped":false,"estimatedSweatLossInML":897.0,"duration":4921.35693359375,"uuid":{"uuid":"ef26d708-6bbb-4967-9bb4-7588b49af18d"}},{"userProfilePK":76018113,"calendarDate":"2022-12-24","persistedTimestampGMT":"2022-12-24T17:11:33.525","timestampLocal":"2022-12-24T17:03:29.0","hydrationSource":"GARMIN_ACTIVITY","valueInML":0.0,"activityId":10181279229,"capped":false,"estimatedSweatLossInML":713.0,"duration":4029.6240234375,"uuid":{"uuid":"841b80c5-df1f-4f2f-9f02-ab13c56d02e4"}},{"userProfilePK":76018113,"calendarDate":"2022-12-26","persistedTimestampGMT":"2022-12-26T16:56:25.688","timestampLocal":"2022-12-26T16:50:35.0","hydrationSource":"GARMIN_ACTIVITY","valueInML":0.0,"activityId":10190137353,"capped":false,"estimatedSweatLossInML":691.0,"duration":3908.06494140625,"uuid":{"uuid":"441dbe2e-aaee-4c08-945c-0aa08bd20633"}},{"userProfilePK":76018113,"calendarDate":"2022-12-27","persistedTimestampGMT":"2022-12-27T13:00:51.682","timestampLocal":"2022-12-27T12:02:39.0","hydrationSource":"GARMIN_ACTIVITY","valueInML":0.0,"activityId":10194151582,"capped":false,"estimatedSweatLossInML":1328.0,"duration":7010.994140625,"uuid":{"uuid":"441ba605-c349-4ad6-8755-d53b1d6e5e6d"}},{"userProfilePK":76018113,"calendarDate":"2022-12-29","persistedTimestampGMT":"2022-12-29T09:11:48.416","timestampLocal":"2022-12-29T09:16:21.0","hydrationSource":"GARMIN_ACTIVITY","valueInML":0.0,"activityId":10204322924,"capped":false,"estimatedSweatLossInML":415.0,"duration":2690.222900390625,"uuid":{"uuid":"b963cfb2-da8b-4cc7-9707-026d5bde489e"}},{"userProfilePK":76018113,"calendarDate":"2022-12-30","persistedTimestampGMT":"2022-12-30T11:34:58.530","timestampLocal":"2022-12-30T11:55:23.0","hydrationSource":"GARMIN_ACTIVITY","valueInML":0.0,"activityId":10210680350,"capped":false,"estimatedSweatLossInML":375.0,"duration":2306.715087890625,"uuid":{"uuid":"36509158-3d64-48d5-a2b5-e5ab74170cb6"}},{"userProfilePK":76018113,"calendarDate":"2022-12-31","persistedTimestampGMT":"2022-12-31T17:07:39.499","timestampLocal":"2022-12-31T16:14:50.0","hydrationSource":"GARMIN_ACTIVITY","valueInML":0.0,"activityId":10218804782,"capped":false,"estimatedSweatLossInML":1056.0,"duration":6689.48681640625,"uuid":{"uuid":"35777ee9-f082-4f88-b833-61a7ea8d2f85"}},{"userProfilePK":76018113,"calendarDate":"2023-01-02","persistedTimestampGMT":"2023-01-02T08:48:54.968","timestampLocal":"2023-01-02T08:21:13.0","hydrationSource":"GARMIN_ACTIVITY","valueInML":0.0,"activityId":10226895356,"capped":false,"estimatedSweatLossInML":963.0,"duration":5214.80908203125,"uuid":{"uuid":"fb053896-9888-4e38-8718-476a2c67b693"}},{"userProfilePK":76018113,"calendarDate":"2023-01-03","persistedTimestampGMT":"2023-01-03T08:16:19.789","timestampLocal":"2023-01-03T08:32:40.0","hydrationSource":"GARMIN_ACTIVITY","valueInML":0.0,"activityId":10233597050,"capped":false,"estimatedSweatLossInML":327.0,"duration":2575.512939453125,"uuid":{"uuid":"776d4fac-a801-4ab9-b95e-d34aea353359"}},{"userProfilePK":76018113,"calendarDate":"2023-01-05","persistedTimestampGMT":"2023-01-05T08:17:40.966","timestampLocal":"2023-01-05T08:18:27.0","hydrationSource":"GARMIN_ACTIVITY","valueInML":0.0,"activityId":10246770840,"capped":false,"estimatedSweatLossInML":472.0,"duration":3479.860107421875,"uuid":{"uuid":"6a91fa12-bd97-4cf1-9c34-4d3bf6a02e01"}},{"userProfilePK":76018113,"calendarDate":"2023-01-06","persistedTimestampGMT":"2023-01-06T08:51:26.162","timestampLocal":"2023-01-06T08:15:49.0","hydrationSource":"GARMIN_ACTIVITY","valueInML":0.0,"activityId":10253134694,"capped":false,"estimatedSweatLossInML":666.0,"duration":5466.73486328125,"uuid":{"uuid":"59f33d6f-b5fd-47aa-884d-6703f7fd70e2"}},{"userProfilePK":76018113,"calendarDate":"2023-01-10","persistedTimestampGMT":"2023-01-10T06:31:35.388","timestampLocal":"2023-01-10T06:20:36.0","hydrationSource":"GARMIN_ACTIVITY","valueInML":0.0,"activityId":10278836586,"capped":false,"estimatedSweatLossInML":708.0,"duration":4166.27392578125,"uuid":{"uuid":"08407341-909c-4d3b-84cf-c1476f70ff05"}},{"userProfilePK":76018113,"calendarDate":"2023-01-12","persistedTimestampGMT":"2023-01-12T07:13:43.679","timestampLocal":"2023-01-12T06:56:57.0","hydrationSource":"GARMIN_ACTIVITY","valueInML":0.0,"activityId":10292434159,"capped":false,"estimatedSweatLossInML":716.0,"duration":4369.2587890625,"uuid":{"uuid":"3374a408-e795-49b5-a17e-14cb53642142"}},{"userProfilePK":76018113,"calendarDate":"2023-01-13","persistedTimestampGMT":"2023-01-13T07:10:37.46","timestampLocal":"2023-01-13T06:56:52.0","hydrationSource":"GARMIN_ACTIVITY","valueInML":0.0,"activityId":10298721819,"capped":false,"estimatedSweatLossInML":744.0,"duration":4359.6181640625,"uuid":{"uuid":"a11a44d7-95a4-47aa-8cc7-3a2efa7b360d"}},{"userProfilePK":76018113,"calendarDate":"2023-01-14","persistedTimestampGMT":"2023-01-14T12:44:17.259","timestampLocal":"2023-01-14T11:57:58.0","hydrationSource":"GARMIN_ACTIVITY","valueInML":0.0,"activityId":10306463957,"capped":false,"estimatedSweatLossInML":1380.0,"duration":6322.2919921875,"uuid":{"uuid":"281a894d-aa68-4069-9efe-721ddeeba357"}},{"userProfilePK":76018113,"calendarDate":"2023-01-17","persistedTimestampGMT":"2023-01-17T06:51:58.882","timestampLocal":"2023-01-17T06:56:20.0","hydrationSource":"GARMIN_ACTIVITY","valueInML":0.0,"activityId":10324236683,"capped":false,"estimatedSweatLossInML":539.0,"duration":3290.94091796875,"uuid":{"uuid":"4264cc61-2c2b-441e-b6f0-880eb0f716c0"}},{"userProfilePK":76018113,"calendarDate":"2023-01-18","persistedTimestampGMT":"2023-01-18T06:16:09.96","timestampLocal":"2023-01-18T06:23:03.0","hydrationSource":"GARMIN_ACTIVITY","valueInML":0.0,"activityId":10330836230,"capped":false,"estimatedSweatLossInML":441.0,"duration":2781.840087890625,"uuid":{"uuid":"e481ee6b-bebf-42e9-9901-7b9b93206e09"}},{"userProfilePK":76018113,"calendarDate":"2023-01-20","persistedTimestampGMT":"2023-01-20T07:19:47.579","timestampLocal":"2023-01-20T07:14:11.0","hydrationSource":"GARMIN_ACTIVITY","valueInML":0.0,"activityId":10343834782,"capped":false,"estimatedSweatLossInML":712.0,"duration":3882.10302734375,"uuid":{"uuid":"9ffd18f7-5162-4404-9625-2770ef2e075a"}},{"userProfilePK":76018113,"calendarDate":"2023-01-22","persistedTimestampGMT":"2023-01-22T09:26:16.176","timestampLocal":"2023-01-22T09:01:13.0","hydrationSource":"GARMIN_ACTIVITY","valueInML":0.0,"activityId":10356696389,"capped":false,"estimatedSweatLossInML":1064.0,"duration":5054.02294921875,"uuid":{"uuid":"49c732ed-1a45-46fc-ab6f-2a62ea79250c"}},{"userProfilePK":76018113,"calendarDate":"2023-01-23","persistedTimestampGMT":"2023-01-23T16:51:13.469","timestampLocal":"2023-01-23T17:00:27.0","hydrationSource":"GARMIN_ACTIVITY","valueInML":0.0,"activityId":10365844389,"capped":false,"estimatedSweatLossInML":528.0,"duration":3000.322021484375,"uuid":{"uuid":"62df9630-38ec-4e5b-a5b9-4d919ba21098"}},{"userProfilePK":76018113,"calendarDate":"2023-01-25","persistedTimestampGMT":"2023-01-25T07:47:53.165","timestampLocal":"2023-01-25T07:35:55.0","hydrationSource":"GARMIN_ACTIVITY","valueInML":0.0,"activityId":10376327078,"capped":false,"estimatedSweatLossInML":713.0,"duration":4264.1728515625,"uuid":{"uuid":"c22b64e4-53ab-4097-99fd-56ec0e0cc3a7"}},{"userProfilePK":76018113,"calendarDate":"2023-01-27","persistedTimestampGMT":"2023-01-27T07:07:13.115","timestampLocal":"2023-01-27T07:22:17.0","hydrationSource":"GARMIN_ACTIVITY","valueInML":0.0,"activityId":10388835702,"capped":false,"estimatedSweatLossInML":474.0,"duration":2663.66796875,"uuid":{"uuid":"1bf83b2b-0a0a-41f2-a221-ec8d6f592c99"}},{"userProfilePK":76018113,"calendarDate":"2023-01-28","persistedTimestampGMT":"2023-01-28T10:10:57.300","timestampLocal":"2023-01-28T09:17:34.0","hydrationSource":"GARMIN_ACTIVITY","valueInML":0.0,"activityId":10395423018,"capped":false,"estimatedSweatLossInML":1504.0,"duration":6744.94677734375,"uuid":{"uuid":"6cd0a2ab-0500-4566-b6a7-60bdd7a10793"}},{"userProfilePK":76018113,"calendarDate":"2023-01-30","persistedTimestampGMT":"2023-01-30T18:58:06.982","timestampLocal":"2023-01-30T07:29:35.0","hydrationSource":"GARMIN_ACTIVITY","valueInML":0.0,"activityId":10411870175,"capped":false,"estimatedSweatLossInML":414.0,"duration":2581.18408203125,"uuid":{"uuid":"4435442b-5ef2-46f4-9765-934b4b473980"}},{"userProfilePK":76018113,"calendarDate":"2023-02-01","persistedTimestampGMT":"2023-02-01T06:46:30.648","timestampLocal":"2023-02-01T06:28:25.0","hydrationSource":"GARMIN_ACTIVITY","valueInML":0.0,"activityId":10421251996,"capped":false,"estimatedSweatLossInML":675.0,"duration":4203.2099609375,"uuid":{"uuid":"3fc705b1-4b3c-4792-a015-f110b02a1221"}},{"userProfilePK":76018113,"calendarDate":"2023-02-03","persistedTimestampGMT":"2023-02-03T07:14:15.4","timestampLocal":"2023-02-03T07:03:33.0","hydrationSource":"GARMIN_ACTIVITY","valueInML":0.0,"activityId":10434196713,"capped":false,"estimatedSweatLossInML":752.0,"duration":4190.998046875,"uuid":{"uuid":"50b46eb8-de4b-4d60-b29a-d5590b56fc40"}},{"userProfilePK":76018113,"calendarDate":"2023-02-05","persistedTimestampGMT":"2023-02-05T09:42:30.648","timestampLocal":"2023-02-05T08:52:34.0","hydrationSource":"GARMIN_ACTIVITY","valueInML":0.0,"activityId":10447250656,"capped":false,"estimatedSweatLossInML":1011.0,"duration":5788.47705078125,"uuid":{"uuid":"e90ddf4d-1ab5-4685-90b9-c1840b8e6f81"}},{"userProfilePK":76018113,"calendarDate":"2023-02-06","persistedTimestampGMT":"2023-02-06T07:30:10.854","timestampLocal":"2023-02-06T06:20:07.0","hydrationSource":"GARMIN_ACTIVITY","valueInML":0.0,"activityId":10453836906,"capped":false,"estimatedSweatLossInML":1408.0,"duration":7696.119140625,"uuid":{"uuid":"9572e534-ff1e-40fd-8345-d43cd83ff4f2"}},{"userProfilePK":76018113,"calendarDate":"2023-02-08","persistedTimestampGMT":"2023-02-08T06:30:51.332","timestampLocal":"2023-02-08T06:48:29.0","hydrationSource":"GARMIN_ACTIVITY","valueInML":0.0,"activityId":10467236767,"capped":false,"estimatedSweatLossInML":443.0,"duration":2510.052978515625,"uuid":{"uuid":"1af03579-c5d2-4d5b-8acb-299932d83cac"}},{"userProfilePK":76018113,"calendarDate":"2023-02-10","persistedTimestampGMT":"2023-02-10T07:21:38.440","timestampLocal":"2023-02-10T07:10:59.0","hydrationSource":"GARMIN_ACTIVITY","valueInML":0.0,"activityId":10480592442,"capped":false,"estimatedSweatLossInML":731.0,"duration":4183.09912109375,"uuid":{"uuid":"269fb13a-8e6e-4ccc-b218-6631f12c8de0"}},{"userProfilePK":76018113,"calendarDate":"2023-02-11","persistedTimestampGMT":"2023-02-11T08:51:15.4","timestampLocal":"2023-02-11T08:58:27.0","hydrationSource":"GARMIN_ACTIVITY","valueInML":0.0,"activityId":10486851287,"capped":false,"estimatedSweatLossInML":590.0,"duration":3121.77587890625,"uuid":{"uuid":"b9ef68e0-78ff-4553-b9e4-9f59bf66b3e8"}},{"userProfilePK":76018113,"calendarDate":"2023-02-12","persistedTimestampGMT":"2023-02-12T09:25:32.315","timestampLocal":"2023-02-12T08:34:33.0","hydrationSource":"GARMIN_ACTIVITY","valueInML":0.0,"activityId":10493860042,"capped":false,"estimatedSweatLossInML":1013.0,"duration":6493.6240234375,"uuid":{"uuid":"a15fd10d-bf22-4376-9407-6af1ecd626f0"}},{"userProfilePK":76018113,"calendarDate":"2023-02-14","persistedTimestampGMT":"2023-02-14T06:49:51.733","timestampLocal":"2023-02-14T07:09:07.0","hydrationSource":"GARMIN_ACTIVITY","valueInML":0.0,"activityId":10506971725,"capped":false,"estimatedSweatLossInML":438.0,"duration":2401.39990234375,"uuid":{"uuid":"f1dfe007-d6bc-4638-8fc4-47ac61fb33a1"}},{"userProfilePK":76018113,"calendarDate":"2023-02-16","persistedTimestampGMT":"2023-02-16T07:05:14.984","timestampLocal":"2023-02-16T07:20:59.0","hydrationSource":"GARMIN_ACTIVITY","valueInML":0.0,"activityId":10520680648,"capped":false,"estimatedSweatLossInML":380.0,"duration":2587.717041015625,"uuid":{"uuid":"eba9ffd7-b310-46a5-869e-02a64b3e62f3"}},{"userProfilePK":76018113,"calendarDate":"2023-02-19","persistedTimestampGMT":"2023-02-19T12:32:16.589","timestampLocal":"2023-02-19T08:34:35.0","hydrationSource":"GARMIN_ACTIVITY","valueInML":0.0,"activityId":10541677065,"capped":false,"estimatedSweatLossInML":2736.0,"duration":14204.9609375,"uuid":{"uuid":"e041c476-c4dc-4da4-ae38-9be89612033f"}},{"userProfilePK":76018113,"calendarDate":"2023-02-28","persistedTimestampGMT":"2023-02-28T06:57:46.40","timestampLocal":"2023-02-28T07:18:09.0","hydrationSource":"GARMIN_ACTIVITY","valueInML":0.0,"activityId":10598859645,"capped":false,"estimatedSweatLossInML":370.0,"duration":2341.839111328125,"uuid":{"uuid":"743493b4-bc59-437a-8104-a3e5442c2318"}}]