[{"userProfilePK":76018113,"calendarDate":"2022-05-07","persistedTimestampGMT":"2022-05-07T12:24:22.996","timestampLocal":"2022-05-07T12:59:24.0","hydrationSource":"GARMIN_ACTIVITY","valueInML":0.0,"activityId":8776758089,"capped":false,"estimatedSweatLossInML":1043.0,"duration":4276.376953125},{"userProfilePK":76018113,"calendarDate":"2022-05-08","persistedTimestampGMT":"2022-05-08T09:50:38.763","timestampLocal":"2022-05-08T10:13:44.0","hydrationSource":"GARMIN_ACTIVITY","valueInML":0.0,"activityId":8782092983,"capped":false,"estimatedSweatLossInML":800.0,"duration":3929.4619140625},{"userProfilePK":76018113,"calendarDate":"2022-05-10","persistedTimestampGMT":"2022-05-11T05:21:48.183","timestampLocal":"2022-05-10T07:19:42.0","hydrationSource":"GARMIN_ACTIVITY","valueInML":0.0,"activityId":8800477887,"capped":false,"estimatedSweatLossInML":691.0,"duration":3756.43701171875},{"userProfilePK":76018113,"calendarDate":"2022-05-11","persistedTimestampGMT":"2022-05-11T06:17:33.987","timestampLocal":"2022-05-11T07:23:20.0","hydrationSource":"GARMIN_ACTIVITY","valueInML":0.0,"activityId":8800694124,"capped":false,"estimatedSweatLossInML":596.0,"duration":3202.9150390625},{"userProfilePK":76018113,"calendarDate":"2022-05-13","persistedTimestampGMT":"2022-05-13T05:56:33.387","timestampLocal":"2022-05-13T06:58:17.0","hydrationSource":"GARMIN_ACTIVITY","valueInML":0.0,"activityId":8813145416,"capped":false,"estimatedSweatLossInML":635.0,"duration":3456.35302734375},{"userProfilePK":76018113,"calendarDate":"2022-05-14","persistedTimestampGMT":"2022-05-14T11:30:02.720","timestampLocal":"2022-05-14T12:16:07.0","hydrationSource":"GARMIN_ACTIVITY","valueInML":0.0,"activityId":8820454089,"capped":false,"estimatedSweatLossInML":832.0,"duration":3490.012939453125},{"userProfilePK":76018113,"calendarDate":"2022-05-16","persistedTimestampGMT":"2022-05-16T11:43:44.346","timestampLocal":"2022-05-16T11:19:19.0","hydrationSource":"GARMIN_ACTIVITY","valueInML":0.0,"activityId":8833500489,"capped":false,"estimatedSweatLossInML":1063.0,"duration":5021.78076171875},{"userProfilePK":76018113,"calendarDate":"2022-05-21","persistedTimestampGMT":"2022-05-21T12:23:38.664","timestampLocal":"2022-05-21T13:02:59.0","hydrationSource":"GARMIN_ACTIVITY","valueInML":0.0,"activityId":8864918125,"capped":false,"estimatedSweatLossInML":825.0,"duration":2973.202880859375},{"userProfilePK":76018113,"calendarDate":"2022-05-22","persistedTimestampGMT":"2022-05-22T10:48:11.811","timestampLocal":"2022-05-22T11:56:36.0","hydrationSource":"GARMIN_ACTIVITY","valueInML":0.0,"activityId":8870872629,"capped":false,"estimatedSweatLossInML":681.0,"duration":3040.532958984375},{"userProfilePK":76018113,"calendarDate":"2022-05-24","persistedTimestampGMT":"2022-05-24T05:57:06.498","timestampLocal":"2022-05-24T07:16:08.0","hydrationSource":"GARMIN_ACTIVITY","valueInML":0.0,"activityId":8882002657,"capped":false,"estimatedSweatLossInML":444.0,"duration":2426.14501953125},{"userProfilePK":76018113,"calendarDate":"2022-05-27","persistedTimestampGMT":"2022-05-27T05:55:18.505","timestampLocal":"2022-05-27T07:05:53.0","hydrationSource":"GARMIN_ACTIVITY","valueInML":0.0,"activityId":8900483516,"capped":false,"estimatedSweatLossInML":519.0,"duration":2788.593017578125},{"userProfilePK":76018113,"calendarDate":"2022-05-29","persistedTimestampGMT":"2022-05-29T07:50:59.861","timestampLocal":"2022-05-29T09:00:00.0","hydrationSource":"GARMIN_ACTIVITY","valueInML":0.0,"activityId":8912781208,"capped":false,"estimatedSweatLossInML":698.0,"duration":2903.885009765625},{"userProfilePK":76018113,"calendarDate":"2022-05-31","persistedTimestampGMT":"2022-05-31T19:09:16.614","timestampLocal":"2022-05-31T07:09:20.0","hydrationSource":"GARMIN_ACTIVITY","valueInML":0.0,"activityId":8929057463,"capped":false,"estimatedSweatLossInML":511.0,"duration":2931.618896484375},{"userProfilePK":76018113,"calendarDate":"2022-06-02","persistedTimestampGMT":"2022-06-02T06:11:36.811","timestampLocal":"2022-06-02T07:19:23.0","hydrationSource":"GARMIN_ACTIVITY","valueInML":0.0,"activityId":8937579649,"capped":false,"estimatedSweatLossInML":570.0,"duration":3074.425048828125},{"userProfilePK":76018113,"calendarDate":"2022-06-04","persistedTimestampGMT":"2022-06-04T09:10:02.52","timestampLocal":"2022-06-04T09:40:44.0","hydrationSource":"GARMIN_ACTIVITY","valueInML":0.0,"activityId":8950311209,"capped":false,"estimatedSweatLossInML":1153.0,"duration":5309.8271484375},{"userProfilePK":76018113,"calendarDate":"2022-06-07","persistedTimestampGMT":"2022-06-07T06:08:57.113","timestampLocal":"2022-06-07T07:19:42.0","hydrationSource":"GARMIN_ACTIVITY","valueInML":0.0,"activityId":8968940619,"capped":false,"estimatedSweatLossInML":585.0,"duration":2862.778076171875},{"userProfilePK":76018113,"calendarDate":"2022-06-08","persistedTimestampGMT":"2022-06-11T05:54:21.823","timestampLocal":"2022-06-08T07:22:04.0","hydrationSource":"GARMIN_ACTIVITY","valueInML":0.0,"activityId":8993061452,"capped":false,"estimatedSweatLossInML":519.0,"duration":2467.89208984375},{"userProfilePK":76018113,"calendarDate":"2022-06-11","persistedTimestampGMT":"2022-06-11T07:53:19.168","timestampLocal":"2022-06-11T08:06:21.0","hydrationSource":"GARMIN_ACTIVITY","valueInML":0.0,"activityId":8993533679,"capped":false,"estimatedSweatLossInML":1296.0,"duration":5934.4130859375},{"userProfilePK":76018113,"calendarDate":"2022-06-14","persistedTimestampGMT":"2022-06-14T05:55:52.420","timestampLocal":"2022-06-14T07:00:14.0","hydrationSource":"GARMIN_ACTIVITY","valueInML":0.0,"activityId":9012632132,"capped":false,"estimatedSweatLossInML":740.0,"duration":3286.31689453125},{"userProfilePK":76018113,"calendarDate":"2022-06-15","persistedTimestampGMT":"2022-06-15T06:38:43.65","timestampLocal":"2022-06-15T07:08:43.0","hydrationSource":"GARMIN_ACTIVITY","valueInML":0.0,"activityId":9019428205,"capped":false,"estimatedSweatLossInML":1173.0,"duration":5279.49609375},{"userProfilePK":76018113,"calendarDate":"2022-06-17","persistedTimestampGMT":"2022-06-17T05:39:31.792","timestampLocal":"2022-06-17T07:22:59.0","hydrationSource":"GARMIN_ACTIVITY","valueInML":0.0,"activityId":9031887233,"capped":false,"estimatedSweatLossInML":214.0,"duration":968.7589721679688},{"userProfilePK":76018113,"calendarDate":"2022-06-17","persistedTimestampGMT":"2022-06-17T06:04:42.919","timestampLocal":"2022-06-17T07:39:36.0","hydrationSource":"GARMIN_ACTIVITY","valueInML":0.0,"activityId":9031985961,"capped":false,"estimatedSweatLossInML":317.0,"duration":1471.928955078125},{"userProfilePK":76018113,"calendarDate":"2022-06-21","persistedTimestampGMT":"2022-06-21T06:06:40.844","timestampLocal":"2022-06-21T07:07:20.0","hydrationSource":"GARMIN_ACTIVITY","valueInML":0.0,"activityId":9056507194,"capped":false,"estimatedSweatLossInML":615.0,"duration":3509.5400390625},{"userProfilePK":76018113,"calendarDate":"2022-06-22","persistedTimestampGMT":"2022-06-22T23:24:27.272","timestampLocal":"2022-06-22T06:48:26.0","hydrationSource":"GARMIN_ACTIVITY","valueInML":0.0,"activityId":9068394574,"capped":false,"estimatedSweatLossInML":453.0,"duration":2540.64599609375},{"userProfilePK":76018113,"calendarDate":"2022-06-25","persistedTimestampGMT":"2022-06-25T20:01:48.203","timestampLocal":"2022-06-25T09:49:56.0","hydrationSource":"GARMIN_ACTIVITY","valueInML":0.0,"activityId":9085571756,"capped":false,"estimatedSweatLossInML":1187.0,"duration":5576.4267578125},{"userProfilePK":76018113,"calendarDate":"2022-06-28","persistedTimestampGMT":"2022-06-28T06:00:19.888","timestampLocal":"2022-06-28T07:03:44.0","hydrationSource":"GARMIN_ACTIVITY","valueInML":0.0,"activityId":9099754659,"capped":false,"estimatedSweatLossInML":614.0,"duration":3257.31689453125},{"userProfilePK":76018113,"calendarDate":"2022-06-30","persistedTimestampGMT":"2022-06-30T05:56:15.790","timestampLocal":"2022-06-30T07:07:20.0","hydrationSource":"GARMIN_ACTIVITY","valueInML":0.0,"activityId":9112607432,"capped":false,"estimatedSweatLossInML":565.0,"duration":2893.52490234375},{"userProfilePK":76018113,"calendarDate":"2022-07-01","persistedTimestampGMT":"2022-07-01T06:01:26.253","timestampLocal":"2022-07-01T06:29:19.0","hydrationSource":"GARMIN_ACTIVITY","valueInML":0.0,"activityId":9118561566,"capped":false,"estimatedSweatLossInML":997.0,"duration":5458.17919921875},{"userProfilePK":76018113,"calendarDate":"2022-07-03","persistedTimestampGMT":"2022-07-03T08:35:42.139","timestampLocal":"2022-07-03T09:02:40.0","hydrationSource":"GARMIN_ACTIVITY","valueInML":0.0,"activityId":9130850640,"capped":false,"estimatedSweatLossInML":1219.0,"duration":4822.10205078125},{"userProfilePK":76018113,"calendarDate":"2022-07-05","persistedTimestampGMT":"2022-07-05T05:45:51.643","timestampLocal":"2022-07-05T06:46:04.0","hydrationSource":"GARMIN_ACTIVITY","valueInML":0.0,"activityId":9142931981,"capped":false,"estimatedSweatLossInML":724.0,"duration":3324.172119140625},{"userProfilePK":76018113,"calendarDate":"2022-07-06","persistedTimestampGMT":"2022-07-06T20:15:52.543","timestampLocal":"2022-07-06T21:16:28.0","hydrationSource":"GARMIN_ACTIVITY","valueInML":0.0,"activityId":9154192982,"capped":false,"estimatedSweatLossInML":653.0,"duration":3510.087890625},{"userProfilePK":76018113,"calendarDate":"2022-07-10","persistedTimestampGMT":"2022-07-10T07:57:41.517","timestampLocal":"2022-07-10T08:14:06.0","hydrationSource":"GARMIN_ACTIVITY","valueInML":0.0,"activityId":9174394790,"capped":false,"estimatedSweatLossInML":1350.0,"duration":6147.4990234375},{"userProfilePK":76018113,"calendarDate":"2022-07-13","persistedTimestampGMT":"2022-07-13T05:55:38.676","timestampLocal":"2022-07-13T06:59:33.0","hydrationSource":"GARMIN_ACTIVITY","valueInML":0.0,"activityId":9193571252,"capped":false,"estimatedSweatLossInML":729.0,"duration":3310.06201171875},{"userProfilePK":76018113,"calendarDate":"2022-07-14","persistedTimestampGMT":"2022-07-14T05:23:27.916","timestampLocal":"2022-07-14T06:35:11.0","hydrationSource":"GARMIN_ACTIVITY","valueInML":0.0,"activityId":9199900123,"capped":false,"estimatedSweatLossInML":613.0,"duration":2851.531005859375,"uuid":{"uuid":"c154209a-4ef3-4501-8555-87d0227d8452"}},{"userProfilePK":76018113,"calendarDate":"2022-07-17","persistedTimestampGMT":"2022-07-17T07:24:28.343","timestampLocal":"2022-07-17T07:44:31.0","hydrationSource":"GARMIN_ACTIVITY","valueInML":0.0,"activityId":9218716449,"capped":false,"estimatedSweatLossInML":1444.0,"duration":5845.09814453125,"uuid":{"uuid":"a6e7ef21-374a-47ed-b0f1-77ff022b7686"}},{"userProfilePK":76018113,"calendarDate":"2022-08-06","persistedTimestampGMT":"2022-08-06T07:39:55.725","timestampLocal":"2022-08-06T09:13:34.0","hydrationSource":"GARMIN_ACTIVITY","valueInML":0.0,"activityId":9346705261,"capped":false,"estimatedSweatLossInML":428.0,"duration":1558.2039794921875,"uuid":{"uuid":"071a8642-f136-4b70-b5dd-65c6f9a7fb6a"}},{"userProfilePK":76018113,"calendarDate":"2022-08-08","persistedTimestampGMT":"2022-08-08T06:27:40.38","timestampLocal":"2022-08-08T07:33:59.0","hydrationSource":"GARMIN_ACTIVITY","valueInML":0.0,"activityId":9359775240,"capped":false,"estimatedSweatLossInML":824.0,"duration":3126.56396484375,"uuid":{"uuid":"e3e82b83-79cf-4823-abf7-d6688f17d1b7"}},{"userProfilePK":76018113,"calendarDate":"2022-08-09","persistedTimestampGMT":"2022-08-09T16:48:19.491","timestampLocal":"2022-08-09T18:07:45.0","hydrationSource":"GARMIN_ACTIVITY","valueInML":0.0,"activityId":9370039576,"capped":false,"estimatedSweatLossInML":495.0,"duration":1785.8260498046875,"uuid":{"uuid":"a38b0641-aed2-4c68-b92d-d889df12b04e"}},{"userProfilePK":76018113,"calendarDate":"2022-08-12","persistedTimestampGMT":"2022-08-12T06:52:34.624","timestampLocal":"2022-08-12T07:58:12.0","hydrationSource":"GARMIN_ACTIVITY","valueInML":0.0,"activityId":9387065454,"capped":false,"estimatedSweatLossInML":845.0,"duration":3204.5419921875,"uuid":{"uuid":"70e9ab4d-7636-48d9-b212-3cfb8b4915e8"}}]