[{"userProfilePK":76018113,"calendarDate":"2023-03-02","persistedTimestampGMT":"2023-03-02T06:57:59.713","timestampLocal":"2023-03-02T07:02:42.0","hydrationSource":"GARMIN_ACTIVITY","valueInML":0.0,"activityId":10612431765,"capped":false,"estimatedSweatLossInML":489.0,"duration":3263.032958984375,"uuid":{"uuid":"835e0071-2812-4803-95a8-cb3ac5e07b66"}},{"userProfilePK":76018113,"calendarDate":"2023-03-03","persistedTimestampGMT":"2023-03-03T07:12:09.818","timestampLocal":"2023-03-03T07:17:25.0","hydrationSource":"GARMIN_ACTIVITY","valueInML":0.0,"activityId":10619012016,"capped":false,"estimatedSweatLossInML":631.0,"duration":3216.0029296875,"uuid":{"uuid":"d9794ffe-591b-4e0b-b390-0ff2390d51ad"}},{"userProfilePK":76018113,"calendarDate":"2023-03-05","persistedTimestampGMT":"2023-03-05T11:55:46.265","timestampLocal":"2023-03-05T11:58:43.0","hydrationSource":"GARMIN_ACTIVITY","valueInML":0.0,"activityId":10633776344,"capped":false,"estimatedSweatLossInML":543.0,"duration":3228.85400390625,"uuid":{"uuid":"78eb01fa-f357-406f-aa19-f5927ffa7785"}},{"userProfilePK":76018113,"calendarDate":"2023-03-06","persistedTimestampGMT":"2023-03-06T22:29:50.635","timestampLocal":"2023-03-06T22:37:27.0","hydrationSource":"GARMIN_ACTIVITY","valueInML":0.0,"activityId":10644065888,"capped":false,"estimatedSweatLossInML":596.0,"duration":3085.44091796875,"uuid":{"uuid":"74640433-0458-4144-9792-cca3404de061"}},{"userProfilePK":76018113,"calendarDate":"2023-03-10","persistedTimestampGMT":"2023-03-10T06:56:43.866","timestampLocal":"2023-03-10T06:54:36.0","hydrationSource":"GARMIN_ACTIVITY","valueInML":0.0,"activityId":10665030182,"capped":false,"estimatedSweatLossInML":614.0,"duration":3676.97607421875,"uuid":{"uuid":"00dbd967-81f5-4a8a-a4cb-3f0ff2349705"}},{"userProfilePK":76018113,"calendarDate":"2023-03-12","persistedTimestampGMT":"2023-03-12T10:41:47.544","timestampLocal":"2023-03-12T11:14:49.0","hydrationSource":"GARMIN_ACTIVITY","valueInML":0.0,"activityId":10678632608,"capped":false,"estimatedSweatLossInML":266.0,"duration":1227.7509765625,"uuid":{"uuid":"430fb3e3-18a3-4410-9384-41737301644c"}},{"userProfilePK":76018113,"calendarDate":"2023-03-14","persistedTimestampGMT":"2023-03-14T06:08:50.124","timestampLocal":"2023-03-14T06:17:44.0","hydrationSource":"GARMIN_ACTIVITY","valueInML":0.0,"activityId":10690827083,"capped":false,"estimatedSweatLossInML":560.0,"duration":3023.385009765625,"uuid":{"uuid":"68cbf913-7c7f-40b5-b05f-20b046949004"}},{"userProfilePK":76018113,"calendarDate":"2023-03-15","persistedTimestampGMT":"2023-03-15T05:39:21.665","timestampLocal":"2023-03-15T05:54:41.0","hydrationSource":"GARMIN_ACTIVITY","valueInML":0.0,"activityId":10697417325,"capped":false,"estimatedSweatLossInML":458.0,"duration":2640.9970703125,"uuid":{"uuid":"8b3720dd-8538-44f4-98a5-1e551a51dc5b"}},{"userProfilePK":76018113,"calendarDate":"2023-03-17","persistedTimestampGMT":"2023-03-17T06:29:05.243","timestampLocal":"2023-03-17T06:17:26.0","hydrationSource":"GARMIN_ACTIVITY","valueInML":0.0,"activityId":10710896188,"capped":false,"estimatedSweatLossInML":847.0,"duration":4200.869140625,"uuid":{"uuid":"6f973ec4-e304-4182-ab4a-a1e5cce68dc5"}},{"userProfilePK":76018113,"calendarDate":"2023-03-18","persistedTimestampGMT":"2023-03-18T11:13:43.384","timestampLocal":"2023-03-18T11:07:32.0","hydrationSource":"GARMIN_ACTIVITY","valueInML":0.0,"activityId":10718392068,"capped":false,"estimatedSweatLossInML":679.0,"duration":3928.458984375,"uuid":{"uuid":"97eefe26-553c-48e8-8e9e-240797c84b69"}},{"userProfilePK":76018113,"calendarDate":"2023-03-20","persistedTimestampGMT":"2023-03-20T18:36:23.161","timestampLocal":"2023-03-20T18:41:53.0","hydrationSource":"GARMIN_ACTIVITY","valueInML":0.0,"activityId":10734930547,"capped":false,"estimatedSweatLossInML":545.0,"duration":3212.906005859375,"uuid":{"uuid":"c340415f-23f6-4d5b-bc9b-d6b17ca4c3ed"}},{"userProfilePK":76018113,"calendarDate":"2023-03-22","persistedTimestampGMT":"2023-03-22T06:43:49.937","timestampLocal":"2023-03-22T06:59:41.0","hydrationSource":"GARMIN_ACTIVITY","valueInML":0.0,"activityId":10744827030,"capped":false,"estimatedSweatLossInML":395.0,"duration":2584.153076171875,"uuid":{"uuid":"0db2f417-9176-495b-97c7-e07005bfbedc"}},{"userProfilePK":76018113,"calendarDate":"2023-03-24","persistedTimestampGMT":"2023-03-24T06:37:52.944","timestampLocal":"2023-03-24T06:56:37.0","hydrationSource":"GARMIN_ACTIVITY","valueInML":0.0,"activityId":10758236786,"capped":false,"estimatedSweatLossInML":433.0,"duration":2426.583984375,"uuid":{"uuid":"207382bd-b1ff-4e1d-b4f2-b93eab537e05"}},{"userProfilePK":76018113,"calendarDate":"2023-03-26","persistedTimestampGMT":"2023-03-26T10:40:51.562","timestampLocal":"2023-03-26T09:31:09.0","hydrationSource":"GARMIN_ACTIVITY","valueInML":0.0,"activityId":10772386781,"capped":false,"estimatedSweatLossInML":281.0,"duration":1211.2989501953125,"uuid":{"uuid":"491c6c1f-dfb9-41ba-9853-96ff39edd4c2"}},{"userProfilePK":76018113,"calendarDate":"2023-03-27","persistedTimestampGMT":"2023-03-27T06:00:12.31","timestampLocal":"2023-03-27T07:01:19.0","hydrationSource":"GARMIN_ACTIVITY","valueInML":0.0,"activityId":10777957355,"capped":false,"estimatedSweatLossInML":525.0,"duration":3470.925048828125,"uuid":{"uuid":"8521bcc8-4ed5-4457-8e21-eed11c4bb343"}},{"userProfilePK":76018113,"calendarDate":"2023-03-29","persistedTimestampGMT":"2023-03-29T19:28:53.217","timestampLocal":"2023-03-29T06:46:02.0","hydrationSource":"GARMIN_ACTIVITY","valueInML":0.0,"activityId":10796289672,"capped":false,"estimatedSweatLossInML":789.0,"duration":4256.97802734375,"uuid":{"uuid":"45fe7843-3765-430e-b247-6a1d103090c6"}},{"userProfilePK":76018113,"calendarDate":"2023-04-01","persistedTimestampGMT":"2023-04-01T11:00:18.600","timestampLocal":"2023-04-01T11:45:41.0","hydrationSource":"GARMIN_ACTIVITY","valueInML":0.0,"activityId":10811964970,"capped":false,"estimatedSweatLossInML":952.0,"duration":4428.97021484375,"uuid":{"uuid":"fa082db1-d921-4296-83a9-a5a3934aff7f"}},{"userProfilePK":76018113,"calendarDate":"2023-04-05","persistedTimestampGMT":"2023-04-05T09:09:46.328","timestampLocal":"2023-04-05T10:08:30.0","hydrationSource":"GARMIN_ACTIVITY","valueInML":0.0,"activityId":10839074941,"capped":false,"estimatedSweatLossInML":649.0,"duration":3611.218994140625,"uuid":{"uuid":"f7d93cd7-43bb-4e21-af10-3d5de2e0e0db"}},{"userProfilePK":76018113,"calendarDate":"2023-04-07","persistedTimestampGMT":"2023-04-07T18:04:47.779","timestampLocal":"2023-04-07T19:09:26.0","hydrationSource":"GARMIN_ACTIVITY","valueInML":0.0,"activityId":10855706933,"capped":false,"estimatedSweatLossInML":695.0,"duration":3041.89990234375,"uuid":{"uuid":"6227a70d-dbaa-492d-829d-be3bbadbd28b"}},{"userProfilePK":76018113,"calendarDate":"2023-04-09","persistedTimestampGMT":"2023-04-09T13:33:28.359","timestampLocal":"2023-04-09T11:43:42.0","hydrationSource":"GARMIN_ACTIVITY","valueInML":0.0,"activityId":10867805922,"capped":false,"estimatedSweatLossInML":1028.0,"duration":4938.591796875,"uuid":{"uuid":"164ccb40-1006-4652-95ba-dfe3520ef5d0"}},{"userProfilePK":76018113,"calendarDate":"2023-04-09","persistedTimestampGMT":"2023-04-09T19:02:57.193","timestampLocal":"2023-04-09T19:46:53.0","hydrationSource":"GARMIN_ACTIVITY","valueInML":0.0,"activityId":10869984084,"capped":false,"estimatedSweatLossInML":986.0,"duration":4500.333984375,"uuid":{"uuid":"ac6c9fc8-8ee0-4d97-85f7-024a5cb1b94f"}},{"userProfilePK":76018113,"calendarDate":"2023-04-11","persistedTimestampGMT":"2023-04-11T18:48:32.797","timestampLocal":"2023-04-11T19:34:03.0","hydrationSource":"GARMIN_ACTIVITY","valueInML":0.0,"activityId":10883912164,"capped":false,"estimatedSweatLossInML":914.0,"duration":4166.56689453125,"uuid":{"uuid":"914576a3-ab0b-48e6-9fa5-3f57d435e139"}},{"userProfilePK":76018113,"calendarDate":"2023-04-13","persistedTimestampGMT":"2023-04-13T06:12:13.301","timestampLocal":"2023-04-13T07:11:12.0","hydrationSource":"GARMIN_ACTIVITY","valueInML":0.0,"activityId":10893779582,"capped":false,"estimatedSweatLossInML":644.0,"duration":3582.85693359375,"uuid":{"uuid":"5294b158-39cf-49ab-9b08-bb38123c5858"}},{"userProfilePK":76018113,"calendarDate":"2023-04-15","persistedTimestampGMT":"2023-04-15T08:14:16.994","timestampLocal":"2023-04-15T09:58:49.0","hydrationSource":"GARMIN_ACTIVITY","valueInML":0.0,"activityId":10906909194,"capped":false,"estimatedSweatLossInML":176.0,"duration":912.0499877929688,"uuid":{"uuid":"da57c4f4-f107-4291-b93b-0872dffad18f"}},{"userProfilePK":76018113,"calendarDate":"2023-04-15","persistedTimestampGMT":"2023-04-15T08:47:12.142","timestampLocal":"2023-04-15T10:14:17.0","hydrationSource":"GARMIN_ACTIVITY","valueInML":0.0,"activityId":10907121248,"capped":false,"estimatedSweatLossInML":347.0,"duration":1932.97705078125,"uuid":{"uuid":"4c9b92b8-4c02-4770-a5a0-3e46f3f087c7"}},{"userProfilePK":76018113,"calendarDate":"2023-04-16","persistedTimestampGMT":"2023-04-16T09:32:18.956","timestampLocal":"2023-04-16T10:35:25.0","hydrationSource":"GARMIN_ACTIVITY","valueInML":0.0,"activityId":10914414304,"capped":false,"estimatedSweatLossInML":680.0,"duration":3367.487060546875,"uuid":{"uuid":"021aa2a6-9c7c-4a8e-92fe-5913e55da45b"}},{"userProfilePK":76018113,"calendarDate":"2023-04-20","persistedTimestampGMT":"2023-04-20T05:59:45.48","timestampLocal":"2023-04-20T06:49:51.0","hydrationSource":"GARMIN_ACTIVITY","valueInML":0.0,"activityId":10942275345,"capped":false,"estimatedSweatLossInML":727.0,"duration":4144.56689453125,"uuid":{"uuid":"1f1d468f-9d70-49a4-b97f-c134b9f4a3b0"}},{"userProfilePK":76018113,"calendarDate":"2023-04-21","persistedTimestampGMT":"2023-04-21T05:47:09.535","timestampLocal":"2023-04-21T06:51:26.0","hydrationSource":"GARMIN_ACTIVITY","valueInML":0.0,"activityId":10948966520,"capped":false,"estimatedSweatLossInML":531.0,"duration":3295.5869140625,"uuid":{"uuid":"e4c21f83-5b31-4e7a-902e-0779e1f77c8d"}},{"userProfilePK":76018113,"calendarDate":"2023-04-22","persistedTimestampGMT":"2023-04-22T17:48:56.402","timestampLocal":"2023-04-22T18:50:24.0","hydrationSource":"GARMIN_ACTIVITY","valueInML":0.0,"activityId":10960329454,"capped":false,"estimatedSweatLossInML":718.0,"duration":3488.43798828125,"uuid":{"uuid":"0cf3a00b-4538-4ab7-bffd-c7809e64137b"}},{"userProfilePK":76018113,"calendarDate":"2023-04-23","persistedTimestampGMT":"2023-04-23T15:44:38.536","timestampLocal":"2023-04-23T16:36:27.0","hydrationSource":"GARMIN_ACTIVITY","valueInML":0.0,"activityId":10966983356,"capped":false,"estimatedSweatLossInML":1063.0,"duration":4029.568115234375,"uuid":{"uuid":"7b533806-618e-4365-83bf-7a4847d090fd"}},{"userProfilePK":76018113,"calendarDate":"2023-04-25","persistedTimestampGMT":"2023-04-25T05:51:02.100","timestampLocal":"2023-04-25T06:41:12.0","hydrationSource":"GARMIN_ACTIVITY","valueInML":0.0,"activityId":10976821832,"capped":false,"estimatedSweatLossInML":790.0,"duration":4096.576171875,"uuid":{"uuid":"dd0b1f8c-764a-4fb6-abfd-c879325cf830"}},{"userProfilePK":76018113,"calendarDate":"2023-04-27","persistedTimestampGMT":"2023-04-27T06:29:34.712","timestampLocal":"2023-04-27T07:06:57.0","hydrationSource":"GARMIN_ACTIVITY","valueInML":0.0,"activityId":10991158594,"capped":false,"estimatedSweatLossInML":482.0,"duration":3246.450927734375,"uuid":{"uuid":"3b70c625-3df6-434e-979c-b9ad6e7b6751"}},{"userProfilePK":76018113,"calendarDate":"2023-04-28","persistedTimestampGMT":"2023-04-28T05:58:07.964","timestampLocal":"2023-04-28T06:46:57.0","hydrationSource":"GARMIN_ACTIVITY","valueInML":0.0,"activityId":10997925931,"capped":false,"estimatedSweatLossInML":901.0,"duration":4204.9638671875,"uuid":{"uuid":"ccb30f9e-c015-4d6c-a211-1c74a2f83d1a"}},{"userProfilePK":76018113,"calendarDate":"2023-04-30","persistedTimestampGMT":"2023-04-30T08:46:29.586","timestampLocal":"2023-04-30T09:38:45.0","hydrationSource":"GARMIN_ACTIVITY","valueInML":0.0,"activityId":11011766847,"capped":false,"estimatedSweatLossInML":682.0,"duration":3401.222900390625,"uuid":{"uuid":"53752894-ce0a-48c3-8b76-2fe1f1267587"}},{"userProfilePK":76018113,"calendarDate":"2023-05-06","persistedTimestampGMT":"2023-05-06T09:36:05.857","timestampLocal":"2023-05-06T10:51:41.0","hydrationSource":"GARMIN_ACTIVITY","valueInML":0.0,"activityId":11056202565,"capped":false,"estimatedSweatLossInML":620.0,"duration":2566.014892578125,"uuid":{"uuid":"fb4421d9-a965-4c44-b5ba-2ba03c18ceba"}},{"userProfilePK":76018113,"calendarDate":"2023-05-08","persistedTimestampGMT":"2023-05-08T05:48:51.2","timestampLocal":"2023-05-08T07:05:52.0","hydrationSource":"GARMIN_ACTIVITY","valueInML":0.0,"activityId":11069659641,"capped":false,"estimatedSweatLossInML":458.0,"duration":2517.820068359375,"uuid":{"uuid":"917f63bd-b3e9-4f3a-8d0f-94782e10fa98"}},{"userProfilePK":76018113,"calendarDate":"2023-05-10","persistedTimestampGMT":"2023-05-10T05:51:23.163","timestampLocal":"2023-05-10T06:58:48.0","hydrationSource":"GARMIN_ACTIVITY","valueInML":0.0,"activityId":11084301088,"capped":false,"estimatedSweatLossInML":607.0,"duration":3080.279052734375,"uuid":{"uuid":"c4af4278-3378-4151-8378-9835b4d137e3"}},{"userProfilePK":76018113,"calendarDate":"2023-05-12","persistedTimestampGMT":"2023-05-12T05:41:52.94","timestampLocal":"2023-05-12T06:49:05.0","hydrationSource":"GARMIN_ACTIVITY","valueInML":0.0,"activityId":11098376006,"capped":false,"estimatedSweatLossInML":542.0,"duration":3104.239990234375,"uuid":{"uuid":"f8d7ebcd-4f88-4ab0-b273-0756168c790c"}},{"userProfilePK":76018113,"calendarDate":"2023-05-13","persistedTimestampGMT":"2023-05-13T08:35:39.342","timestampLocal":"2023-05-13T09:27:33.0","hydrationSource":"GARMIN_ACTIVITY","valueInML":0.0,"activityId":11105453921,"capped":false,"estimatedSweatLossInML":699.0,"duration":3655.968994140625,"uuid":{"uuid":"f6df8093-cf32-4d2a-ba4f-6b68b6fc4f02"}},{"userProfilePK":76018113,"calendarDate":"2023-05-14","persistedTimestampGMT":"2023-05-14T17:59:51.343","timestampLocal":"2023-05-14T18:36:01.0","hydrationSource":"GARMIN_ACTIVITY","valueInML":0.0,"activityId":11117042762,"capped":false,"estimatedSweatLossInML":921.0,"duration":4977.89599609375,"uuid":{"uuid":"dd9556c7-867b-46fc-8a8d-04164577a75c"}},{"userProfilePK":76018113,"calendarDate":"2023-05-15","persistedTimestampGMT":"2023-05-15T10:51:01.746","timestampLocal":"2023-05-15T11:39:10.0","hydrationSource":"GARMIN_ACTIVITY","valueInML":0.0,"activityId":11120430315,"capped":false,"estimatedSweatLossInML":855.0,"duration":4262.86279296875,"uuid":{"uuid":"4496a42e-760b-4d0d-932e-05bf8006a0f6"}},{"userProfilePK":76018113,"calendarDate":"2023-05-17","persistedTimestampGMT":"2023-05-17T05:32:52.903","timestampLocal":"2023-05-17T06:54:09.0","hydrationSource":"GARMIN_ACTIVITY","valueInML":0.0,"activityId":11133345937,"capped":false,"estimatedSweatLossInML":459.0,"duration":2281.18408203125,"uuid":{"uuid":"579cb0d6-ac9b-468e-a200-0a5db09c42cf"}},{"userProfilePK":76018113,"calendarDate":"2023-05-18","persistedTimestampGMT":"2023-05-18T05:25:33.803","timestampLocal":"2023-05-18T06:29:33.0","hydrationSource":"GARMIN_ACTIVITY","valueInML":0.0,"activityId":11140220323,"capped":false,"estimatedSweatLossInML":635.0,"duration":3301.762939453125,"uuid":{"uuid":"bfce3897-c719-433a-bd5e-62db2ae1a876"}},{"userProfilePK":76018113,"calendarDate":"2023-05-19","persistedTimestampGMT":"2023-05-19T05:56:18.273","timestampLocal":"2023-05-19T06:57:59.0","hydrationSource":"GARMIN_ACTIVITY","valueInML":0.0,"activityId":11147756608,"capped":false,"estimatedSweatLossInML":613.0,"duration":3298.695068359375,"uuid":{"uuid":"d134e01c-7f02-42f5-b999-c6cca927d6ad"}},{"userProfilePK":76018113,"calendarDate":"2023-05-20","persistedTimestampGMT":"2023-05-20T08:55:40.584","timestampLocal":"2023-05-20T09:43:45.0","hydrationSource":"GARMIN_ACTIVITY","valueInML":0.0,"activityId":11155187592,"capped":false,"estimatedSweatLossInML":791.0,"duration":4199.2412109375,"uuid":{"uuid":"6b57fb98-9064-47ff-9d35-94aa598f68d9"}},{"userProfilePK":76018113,"calendarDate":"2023-05-21","persistedTimestampGMT":"2023-05-21T11:33:04.619","timestampLocal":"2023-05-21T12:07:26.0","hydrationSource":"GARMIN_ACTIVITY","valueInML":0.0,"activityId":11163960624,"capped":false,"estimatedSweatLossInML":1043.0,"duration":5107.31884765625,"uuid":{"uuid":"4d131a58-4d3f-452d-a796-7e0582036268"}},{"userProfilePK":76018113,"calendarDate":"2023-05-22","persistedTimestampGMT":"2023-05-22T05:30:32.273","timestampLocal":"2023-05-22T06:47:53.0","hydrationSource":"GARMIN_ACTIVITY","valueInML":0.0,"activityId":11169463696,"capped":false,"estimatedSweatLossInML":483.0,"duration":2520.200927734375,"uuid":{"uuid":"cbfab141-17b3-40c5-ae78-1df9e75eca84"}},{"userProfilePK":76018113,"calendarDate":"2023-05-24","persistedTimestampGMT":"2023-05-24T05:35:00.155","timestampLocal":"2023-05-24T06:49:14.0","hydrationSource":"GARMIN_ACTIVITY","valueInML":0.0,"activityId":11184172263,"capped":false,"estimatedSweatLossInML":503.0,"duration":2694.93505859375,"uuid":{"uuid":"0f8abd62-30a9-46ad-ae37-0014cba4468e"}},{"userProfilePK":76018113,"calendarDate":"2023-05-25","persistedTimestampGMT":"2023-05-25T22:52:50.521","timestampLocal":"2023-05-25T23:56:55.0","hydrationSource":"GARMIN_ACTIVITY","valueInML":0.0,"activityId":11197448873,"capped":false,"estimatedSweatLossInML":635.0,"duration":3303.259033203125,"uuid":{"uuid":"413bbd87-4f60-4470-bffb-b158f2dc6290"}},{"userProfilePK":76018113,"calendarDate":"2023-05-27","persistedTimestampGMT":"2023-05-27T08:22:17.277","timestampLocal":"2023-05-27T09:12:59.0","hydrationSource":"GARMIN_ACTIVITY","valueInML":0.0,"activityId":11205917499,"capped":false,"estimatedSweatLossInML":1079.0,"duration":4061.407958984375,"uuid":{"uuid":"3d0ce2e2-bcd6-4fdd-8e24-ce76fdbd0417"}},{"userProfilePK":76018113,"calendarDate":"2023-05-28","persistedTimestampGMT":"2023-05-28T19:44:07.18","timestampLocal":"2023-05-28T20:38:16.0","hydrationSource":"GARMIN_ACTIVITY","valueInML":0.0,"activityId":11218677645,"capped":false,"estimatedSweatLossInML":714.0,"duration":3903.958984375,"uuid":{"uuid":"e21e5f36-20a5-4e16-824a-867261e6e6f7"}},{"userProfilePK":76018113,"calendarDate":"2023-05-29","persistedTimestampGMT":"2023-05-29T17:17:56.711","timestampLocal":"2023-05-29T18:16:29.0","hydrationSource":"GARMIN_ACTIVITY","valueInML":0.0,"activityId":11225011938,"capped":false,"estimatedSweatLossInML":689.0,"duration":3665.322998046875,"uuid":{"uuid":"52088f8b-e29a-497c-b53e-6369dcefc450"}},{"userProfilePK":76018113,"calendarDate":"2023-05-31","persistedTimestampGMT":"2023-05-31T05:50:40.509","timestampLocal":"2023-05-31T06:57:04.0","hydrationSource":"GARMIN_ACTIVITY","valueInML":0.0,"activityId":11235637232,"capped":false,"estimatedSweatLossInML":598.0,"duration":3167.14111328125,"uuid":{"uuid":"622ec3c5-1a07-4b52-94f9-5f5263e0b35c"}},{"userProfilePK":76018113,"calendarDate":"2023-06-01","persistedTimestampGMT":"2023-06-01T05:55:07.379","timestampLocal":"2023-06-01T07:08:27.0","hydrationSource":"GARMIN_ACTIVITY","valueInML":0.0,"activityId":11243323591,"capped":false,"estimatedSweatLossInML":501.0,"duration":2745.428955078125,"uuid":{"uuid":"8965e3ef-597e-48ea-9dc3-1fbe2cb264b1"}},{"userProfilePK":76018113,"calendarDate":"2023-06-03","persistedTimestampGMT":"2023-06-03T19:38:43.903","timestampLocal":"2023-06-03T20:57:33.0","hydrationSource":"GARMIN_ACTIVITY","valueInML":0.0,"activityId":11262781052,"capped":false,"estimatedSweatLossInML":384.0,"duration":1908.64794921875,"uuid":{"uuid":"18a40dd4-1b48-48b3-8f3f-fdde6d375e4a"}},{"userProfilePK":76018113,"calendarDate":"2023-06-03","persistedTimestampGMT":"2023-06-03T20:00:53.454","timestampLocal":"2023-06-03T21:39:54.0","hydrationSource":"GARMIN_ACTIVITY","valueInML":0.0,"activityId":11262877153,"capped":false,"estimatedSweatLossInML":249.0,"duration":1195.4449462890625,"uuid":{"uuid":"e3b64fb6-25d5-4ffb-ade3-a199242f3a89"}},{"userProfilePK":76018113,"calendarDate":"2023-06-07","persistedTimestampGMT":"2023-06-07T05:59:29.470","timestampLocal":"2023-06-07T07:07:29.0","hydrationSource":"GARMIN_ACTIVITY","valueInML":0.0,"activityId":11287518961,"capped":false,"estimatedSweatLossInML":533.0,"duration":3097.215087890625,"uuid":{"uuid":"4bb38d1f-5a96-406f-9187-a3e4e31d4307"}},{"userProfilePK":76018113,"calendarDate":"2023-06-07","persistedTimestampGMT":"2023-06-07T19:11:54.825","timestampLocal":"2023-06-07T20:30:57.0","hydrationSource":"GARMIN_ACTIVITY","valueInML":0.0,"activityId":11292557853,"capped":false,"estimatedSweatLossInML":464.0,"duration":2420.05908203125,"uuid":{"uuid":"30cd1bf4-f484-46f9-b1c6-4292e1424123"}},{"userProfilePK":76018113,"calendarDate":"2023-06-09","persistedTimestampGMT":"2023-06-09T05:45:22.720","timestampLocal":"2023-06-09T06:53:52.0","hydrationSource":"GARMIN_ACTIVITY","valueInML":0.0,"activityId":11302264125,"capped":false,"estimatedSweatLossInML":560.0,"duration":3014.56494140625,"uuid":{"uuid":"5afe275e-7e47-4883-ac40-39849a1047b8"}}]