[{"userProfilePK":76018113,"calendarDate":"2023-09-22","persistedTimestampGMT":"2023-09-22T17:36:26.320","timestampLocal":"2023-09-22T07:16:38.0","hydrationSource":"GARMIN_ACTIVITY","valueInML":0.0,"activityId":12082352269,"capped":false,"estimatedSweatLossInML":334.0,"duration":1503.52197265625,"uuid":{"uuid":"9ba5dd65-a47e-427a-90d6-5b065f1c012c"}},{"userProfilePK":76018113,"calendarDate":"2023-09-28","persistedTimestampGMT":"2023-09-28T05:58:30.499","timestampLocal":"2023-09-28T07:17:49.0","hydrationSource":"GARMIN_ACTIVITY","valueInML":0.0,"activityId":12122790846,"capped":false,"estimatedSweatLossInML":371.0,"duration":2403.8310546875,"uuid":{"uuid":"6c04dea9-ec02-44ca-8b91-233a98f054eb"}},{"userProfilePK":76018113,"calendarDate":"2023-10-01","persistedTimestampGMT":"2023-10-06T05:54:55.577","timestampLocal":"2023-10-01T19:07:30.0","hydrationSource":"GARMIN_ACTIVITY","valueInML":0.0,"activityId":12193568884,"capped":false,"estimatedSweatLossInML":548.0,"duration":2769.6279296875,"uuid":{"uuid":"19a370b4-cabf-4a7a-ae38-648ea400dd46"}},{"userProfilePK":76018113,"calendarDate":"2023-10-06","persistedTimestampGMT":"2023-10-06T05:55:00.881","timestampLocal":"2023-10-06T07:09:49.0","hydrationSource":"GARMIN_ACTIVITY","valueInML":0.0,"activityId":12193569606,"capped":false,"estimatedSweatLossInML":701.0,"duration":2646.68994140625,"uuid":{"uuid":"f16cdeb9-6e92-46e6-82f5-92c064da555c"}},{"userProfilePK":76018113,"calendarDate":"2023-10-15","persistedTimestampGMT":"2023-10-15T10:49:13.667","timestampLocal":"2023-10-15T11:24:17.0","hydrationSource":"GARMIN_ACTIVITY","valueInML":0.0,"activityId":12324807242,"capped":false,"estimatedSweatLossInML":1052.0,"duration":5061.40478515625,"uuid":{"uuid":"003e3c57-eb44-431f-99cd-af9340888e50"}},{"userProfilePK":76018113,"calendarDate":"2023-10-21","persistedTimestampGMT":"2023-10-21T16:24:56.464","timestampLocal":"2023-10-21T10:10:54.0","hydrationSource":"GARMIN_ACTIVITY","valueInML":0.0,"activityId":12410362315,"capped":false,"estimatedSweatLossInML":550.0,"duration":3012.22607421875,"uuid":{"uuid":"b805782c-caa2-4771-881f-03737b371818"}},{"userProfilePK":76018113,"calendarDate":"2023-10-21","persistedTimestampGMT":"2023-10-21T16:25:03.532","timestampLocal":"2023-10-21T11:21:04.0","hydrationSource":"GARMIN_ACTIVITY","valueInML":0.0,"activityId":12410363929,"capped":false,"estimatedSweatLossInML":378.0,"duration":2405.278076171875,"uuid":{"uuid":"9506fb22-6ed9-4008-b02e-ecbcc81e005e"}},{"userProfilePK":76018113,"calendarDate":"2023-10-22","persistedTimestampGMT":"2023-10-22T11:04:38.404","timestampLocal":"2023-10-22T12:34:43.0","hydrationSource":"GARMIN_ACTIVITY","valueInML":0.0,"activityId":12419895436,"capped":false,"estimatedSweatLossInML":271.0,"duration":1775.1820068359375,"uuid":{"uuid":"cecec439-d86d-4402-91ce-4b4647f98f82"}},{"userProfilePK":76018113,"calendarDate":"2023-10-22","persistedTimestampGMT":"2023-10-22T11:43:00.1","timestampLocal":"2023-10-22T13:04:37.0","hydrationSource":"GARMIN_ACTIVITY","valueInML":0.0,"activityId":12420539838,"capped":false,"estimatedSweatLossInML":332.0,"duration":2287.2490234375,"uuid":{"uuid":"8dda20ec-b712-4888-b6bc-f887d3b73ed6"}},{"userProfilePK":76018113,"calendarDate":"2023-10-22","persistedTimestampGMT":"2023-10-22T12:33:53.282","timestampLocal":"2023-10-22T13:43:02.0","hydrationSource":"GARMIN_ACTIVITY","valueInML":0.0,"activityId":12421316843,"capped":false,"estimatedSweatLossInML":406.0,"duration":3025.219970703125,"uuid":{"uuid":"b0df3152-b406-4944-84cd-86a32f70635d"}},{"userProfilePK":76018113,"calendarDate":"2023-10-24","persistedTimestampGMT":"2023-10-24T05:44:34.55","timestampLocal":"2023-10-24T07:13:47.0","hydrationSource":"GARMIN_ACTIVITY","valueInML":0.0,"activityId":12444190964,"capped":false,"estimatedSweatLossInML":368.0,"duration":1800.6610107421875,"uuid":{"uuid":"449d3a06-fa3c-483e-9e72-6c522e536674"}},{"userProfilePK":76018113,"calendarDate":"2023-10-25","persistedTimestampGMT":"2023-10-25T05:30:51.747","timestampLocal":"2023-10-25T07:21:15.0","hydrationSource":"GARMIN_ACTIVITY","valueInML":0.0,"activityId":12458234311,"capped":false,"estimatedSweatLossInML":72.0,"duration":484.71600341796875,"uuid":{"uuid":"6c924560-2f88-43ed-84d9-e9bca50d6923"}},{"userProfilePK":76018113,"calendarDate":"2023-10-26","persistedTimestampGMT":"2023-10-26T05:31:23.977","timestampLocal":"2023-10-26T06:34:03.0","hydrationSource":"GARMIN_ACTIVITY","valueInML":0.0,"activityId":12471763789,"capped":false,"estimatedSweatLossInML":553.0,"duration":3422.382080078125,"uuid":{"uuid":"8e4aa2b1-9502-439f-b85d-5a6116b23fb0"}},{"userProfilePK":76018113,"calendarDate":"2023-10-27","persistedTimestampGMT":"2023-10-27T05:22:07.621","timestampLocal":"2023-10-27T06:45:52.0","hydrationSource":"GARMIN_ACTIVITY","valueInML":0.0,"activityId":12484533052,"capped":false,"estimatedSweatLossInML":417.0,"duration":2124.77099609375,"uuid":{"uuid":"5dd314d8-91e8-4eaf-b2d5-52f7bdc1b1ed"}},{"userProfilePK":76018113,"calendarDate":"2023-10-28","persistedTimestampGMT":"2023-10-28T10:03:10.197","timestampLocal":"2023-10-28T10:04:22.0","hydrationSource":"GARMIN_ACTIVITY","valueInML":0.0,"activityId":12499070747,"capped":false,"estimatedSweatLossInML":1222.0,"duration":7099.7099609375,"uuid":{"uuid":"8c744e4a-46fb-498f-b396-bd40fb43b99b"}},{"userProfilePK":76018113,"calendarDate":"2023-10-29","persistedTimestampGMT":"2023-10-29T10:45:50.643","timestampLocal":"2023-10-29T10:50:11.0","hydrationSource":"GARMIN_ACTIVITY","valueInML":0.0,"activityId":12513832725,"capped":false,"estimatedSweatLossInML":682.0,"duration":3073.176025390625,"uuid":{"uuid":"540edb75-cf0a-4ef2-9179-537d6a2ecd03"}},{"userProfilePK":76018113,"calendarDate":"2023-10-31","persistedTimestampGMT":"2023-10-31T07:30:00.135","timestampLocal":"2023-10-31T07:12:35.0","hydrationSource":"GARMIN_ACTIVITY","valueInML":0.0,"activityId":12538544412,"capped":false,"estimatedSweatLossInML":578.0,"duration":3674.090087890625,"uuid":{"uuid":"432b2ae2-db1b-4610-993f-05328684500d"}},{"userProfilePK":76018113,"calendarDate":"2023-11-01","persistedTimestampGMT":"2023-11-01T09:58:27.272","timestampLocal":"2023-11-01T09:44:07.0","hydrationSource":"GARMIN_ACTIVITY","valueInML":0.0,"activityId":12553342624,"capped":false,"estimatedSweatLossInML":775.0,"duration":4415.72998046875,"uuid":{"uuid":"24abae85-5be9-4f62-a128-3bd73a6628f1"}},{"userProfilePK":76018113,"calendarDate":"2023-11-03","persistedTimestampGMT":"2023-11-03T06:55:00.418","timestampLocal":"2023-11-03T07:01:49.0","hydrationSource":"GARMIN_ACTIVITY","valueInML":0.0,"activityId":12577961854,"capped":false,"estimatedSweatLossInML":585.0,"duration":3145.7548828125,"uuid":{"uuid":"bf3ae931-2bf2-40e8-b0b6-96a99b83710e"}},{"userProfilePK":76018113,"calendarDate":"2023-11-04","persistedTimestampGMT":"2023-11-04T09:16:32.310","timestampLocal":"2023-11-04T09:03:52.0","hydrationSource":"GARMIN_ACTIVITY","valueInML":0.0,"activityId":12591091577,"capped":false,"estimatedSweatLossInML":706.0,"duration":4336.14599609375,"uuid":{"uuid":"52074d6b-20b7-4182-9658-52f27fb4e92b"}},{"userProfilePK":76018113,"calendarDate":"2023-11-05","persistedTimestampGMT":"2023-11-05T11:06:04.229","timestampLocal":"2023-11-05T11:08:10.0","hydrationSource":"GARMIN_ACTIVITY","valueInML":0.0,"activityId":12606107161,"capped":false,"estimatedSweatLossInML":695.0,"duration":3433.23388671875,"uuid":{"uuid":"7b50a29b-f67a-45cf-8ba5-904643b33e47"}},{"userProfilePK":76018113,"calendarDate":"2023-11-07","persistedTimestampGMT":"2023-11-07T06:53:21.783","timestampLocal":"2023-11-07T06:55:28.0","hydrationSource":"GARMIN_ACTIVITY","valueInML":0.0,"activityId":12631082857,"capped":false,"estimatedSweatLossInML":655.0,"duration":3413.822021484375,"uuid":{"uuid":"36bf7828-6966-4cf8-b416-681cf3f17c3e"}},{"userProfilePK":76018113,"calendarDate":"2023-11-08","persistedTimestampGMT":"2023-11-08T06:35:59.576","timestampLocal":"2023-11-08T06:50:21.0","hydrationSource":"GARMIN_ACTIVITY","valueInML":0.0,"activityId":12645229384,"capped":false,"estimatedSweatLossInML":343.0,"duration":2715.7919921875,"uuid":{"uuid":"0a421e62-35aa-4978-98d7-13e169e109e7"}},{"userProfilePK":76018113,"calendarDate":"2023-11-09","persistedTimestampGMT":"2023-11-09T12:05:21.474","timestampLocal":"2023-11-09T08:35:36.0","hydrationSource":"GARMIN_ACTIVITY","valueInML":0.0,"activityId":12661747255,"capped":false,"estimatedSweatLossInML":585.0,"duration":3611.073974609375,"uuid":{"uuid":"61351c2d-408f-4b61-af87-69339c76dcd6"}},{"userProfilePK":76018113,"calendarDate":"2023-11-10","persistedTimestampGMT":"2023-11-10T06:50:18.743","timestampLocal":"2023-11-10T06:38:24.0","hydrationSource":"GARMIN_ACTIVITY","valueInML":0.0,"activityId":12671522532,"capped":false,"estimatedSweatLossInML":643.0,"duration":4290.0029296875,"uuid":{"uuid":"be58c6f5-73e6-4559-9221-9ff34fa31280"}},{"userProfilePK":76018113,"calendarDate":"2023-11-12","persistedTimestampGMT":"2023-11-12T13:44:43.440","timestampLocal":"2023-11-12T13:51:05.0","hydrationSource":"GARMIN_ACTIVITY","valueInML":0.0,"activityId":12702323707,"capped":false,"estimatedSweatLossInML":693.0,"duration":3180.80908203125,"uuid":{"uuid":"4713edb8-11c4-43ec-a6c7-dc31655da7a1"}},{"userProfilePK":76018113,"calendarDate":"2023-11-14","persistedTimestampGMT":"2023-11-14T06:56:16.836","timestampLocal":"2023-11-14T06:55:03.0","hydrationSource":"GARMIN_ACTIVITY","valueInML":0.0,"activityId":12723411328,"capped":false,"estimatedSweatLossInML":665.0,"duration":3618.5869140625,"uuid":{"uuid":"600fb77e-e413-4d34-a8e4-1c2bae20b3d7"}},{"userProfilePK":76018113,"calendarDate":"2023-11-15","persistedTimestampGMT":"2023-11-15T06:28:52.616","timestampLocal":"2023-11-15T06:46:24.0","hydrationSource":"GARMIN_ACTIVITY","valueInML":0.0,"activityId":12736783585,"capped":false,"estimatedSweatLossInML":467.0,"duration":2534.157958984375,"uuid":{"uuid":"d943430f-17fd-44c7-8ce5-bb037c451f2e"}},{"userProfilePK":76018113,"calendarDate":"2023-11-16","persistedTimestampGMT":"2023-11-16T06:37:01.9","timestampLocal":"2023-11-16T06:37:25.0","hydrationSource":"GARMIN_ACTIVITY","valueInML":0.0,"activityId":12750427608,"capped":false,"estimatedSweatLossInML":682.0,"duration":3552.638916015625,"uuid":{"uuid":"01f99389-10fd-476a-8ce8-be500ccf6778"}},{"userProfilePK":76018113,"calendarDate":"2023-11-17","persistedTimestampGMT":"2023-11-17T06:57:09.319","timestampLocal":"2023-11-17T06:44:04.0","hydrationSource":"GARMIN_ACTIVITY","valueInML":0.0,"activityId":12762943544,"capped":false,"estimatedSweatLossInML":752.0,"duration":4323.287109375,"uuid":{"uuid":"8b01d725-d2e4-4e24-ae92-86b869eb2dd7"}},{"userProfilePK":76018113,"calendarDate":"2023-11-19","persistedTimestampGMT":"2023-11-19T08:59:58.13","timestampLocal":"2023-11-19T09:01:42.0","hydrationSource":"GARMIN_ACTIVITY","valueInML":0.0,"activityId":12788484074,"capped":false,"estimatedSweatLossInML":566.0,"duration":3450.52490234375,"uuid":{"uuid":"9dfc216f-433c-4674-8dcc-da9d537367ca"}},{"userProfilePK":76018113,"calendarDate":"2023-11-21","persistedTimestampGMT":"2023-11-21T07:30:28.158","timestampLocal":"2023-11-21T07:34:57.0","hydrationSource":"GARMIN_ACTIVITY","valueInML":0.0,"activityId":12814404607,"capped":false,"estimatedSweatLossInML":578.0,"duration":3283.826904296875,"uuid":{"uuid":"4800c7e6-d533-4924-8a03-f234d94ec7cf"}},{"userProfilePK":76018113,"calendarDate":"2023-11-22","persistedTimestampGMT":"2023-11-22T06:55:21.729","timestampLocal":"2023-11-22T06:59:12.0","hydrationSource":"GARMIN_ACTIVITY","valueInML":0.0,"activityId":12827367093,"capped":false,"estimatedSweatLossInML":557.0,"duration":3347.85009765625,"uuid":{"uuid":"ee53509c-7501-4d20-95c6-9ec11c143115"}},{"userProfilePK":76018113,"calendarDate":"2023-11-23","persistedTimestampGMT":"2023-11-23T06:38:06.159","timestampLocal":"2023-11-23T06:48:36.0","hydrationSource":"GARMIN_ACTIVITY","valueInML":0.0,"activityId":12840197686,"capped":false,"estimatedSweatLossInML":477.0,"duration":2928.4599609375,"uuid":{"uuid":"eb7f6af4-a6ea-45cd-b3f9-fcd236031905"}},{"userProfilePK":76018113,"calendarDate":"2023-11-25","persistedTimestampGMT":"2023-11-25T09:58:37.298","timestampLocal":"2023-11-25T09:52:54.0","hydrationSource":"GARMIN_ACTIVITY","valueInML":0.0,"activityId":12865579679,"capped":false,"estimatedSweatLossInML":578.0,"duration":3694.425048828125,"uuid":{"uuid":"13ae000b-08bf-46ad-8ad8-6243d007d972"}},{"userProfilePK":76018113,"calendarDate":"2023-11-25","persistedTimestampGMT":"2023-11-25T11:37:19.362","timestampLocal":"2023-11-25T11:29:43.0","hydrationSource":"GARMIN_ACTIVITY","valueInML":0.0,"activityId":12866970901,"capped":false,"estimatedSweatLossInML":624.0,"duration":3288.93896484375,"uuid":{"uuid":"39551ae4-5a1b-4bd1-b174-810544548ebf"}},{"userProfilePK":76018113,"calendarDate":"2023-11-26","persistedTimestampGMT":"2023-11-26T12:15:10.226","timestampLocal":"2023-11-26T12:40:49.0","hydrationSource":"GARMIN_ACTIVITY","valueInML":0.0,"activityId":12880440701,"capped":false,"estimatedSweatLossInML":453.0,"duration":2045.302001953125,"uuid":{"uuid":"19c5f856-f851-42aa-88d7-29f972088ea0"}},{"userProfilePK":76018113,"calendarDate":"2023-12-03","persistedTimestampGMT":"2023-12-03T08:26:42.328","timestampLocal":"2023-12-03T08:30:18.0","hydrationSource":"GARMIN_ACTIVITY","valueInML":0.0,"activityId":12962163156,"capped":false,"estimatedSweatLossInML":401.0,"duration":3334.89794921875,"uuid":{"uuid":"03a5a32e-5989-4e5d-84e8-c0def9b07e88"}},{"userProfilePK":76018113,"calendarDate":"2023-12-16","persistedTimestampGMT":"2023-12-17T11:10:08.38","timestampLocal":"2023-12-16T08:15:36.0","hydrationSource":"GARMIN_ACTIVITY","valueInML":0.0,"activityId":13131192089,"capped":false,"estimatedSweatLossInML":530.0,"duration":2852.94091796875,"uuid":{"uuid":"f4264db6-d5c5-47fa-b96b-04802ba5fc2e"}},{"userProfilePK":76018113,"calendarDate":"2023-12-17","persistedTimestampGMT":"2023-12-17T11:10:19.362","timestampLocal":"2023-12-17T09:21:56.0","hydrationSource":"GARMIN_ACTIVITY","valueInML":0.0,"activityId":13131195709,"capped":false,"estimatedSweatLossInML":490.0,"duration":2873.947021484375,"uuid":{"uuid":"2a96595f-5050-477b-8d49-496dfcae9338"}},{"userProfilePK":76018113,"calendarDate":"2023-12-19","persistedTimestampGMT":"2023-12-19T06:00:09.497","timestampLocal":"2023-12-19T06:16:16.0","hydrationSource":"GARMIN_ACTIVITY","valueInML":0.0,"activityId":13152458315,"capped":false,"estimatedSweatLossInML":500.0,"duration":2580.9541015625,"uuid":{"uuid":"13d69ec1-5efc-4242-9de7-8cd116cbeb76"}},{"userProfilePK":76018113,"calendarDate":"2023-12-22","persistedTimestampGMT":"2023-12-22T15:29:46.164","timestampLocal":"2023-12-22T09:38:02.0","hydrationSource":"GARMIN_ACTIVITY","valueInML":0.0,"activityId":13191397469,"capped":false,"estimatedSweatLossInML":831.0,"duration":3065.51806640625,"uuid":{"uuid":"d321192a-828b-45f7-8bdf-450a170d58c1"}},{"userProfilePK":76018113,"calendarDate":"2023-12-24","persistedTimestampGMT":"2023-12-24T16:38:21.959","timestampLocal":"2023-12-24T10:23:19.0","hydrationSource":"GARMIN_ACTIVITY","valueInML":0.0,"activityId":13215933983,"capped":false,"estimatedSweatLossInML":1166.0,"duration":4201.31103515625,"uuid":{"uuid":"132ccf87-a94e-4b5b-af43-a9e145dac5f7"}},{"userProfilePK":76018113,"calendarDate":"2023-12-25","persistedTimestampGMT":"2023-12-26T03:27:49.300","timestampLocal":"2023-12-25T17:51:49.0","hydrationSource":"GARMIN_ACTIVITY","valueInML":0.0,"activityId":13229158543,"capped":false,"estimatedSweatLossInML":493.0,"duration":2134.5400390625,"uuid":{"uuid":"bb0159db-2fb6-43e2-acee-ffeff638502b"}}]