[{"userProfilePK":76018113,"calendarDate":"2020-09-03","uuid":"2b948b29c03c43f6b93c2c408207bb74","durationInMilliseconds":86400000,"totalKilocalories":2442.0,"activeKilocalories":490.0,"bmrKilocalories":1952.0,"wellnessKilocalories":2442.0,"remainingKilocalories":2442.0,"wellnessTotalKilocalories":2442.0,"wellnessActiveKilocalories":490.0,"totalSteps":6234,"dailyStepGoal":7410,"netCalorieGoal":1530,"totalDistanceMeters":6516,"wellnessDistanceMeters":6516,"wellnessStartTimeGmt":"2020-09-02T22:00:00.0","wellnessEndTimeGmt":"2020-09-03T22:00:00.0","wellnessStartTimeLocal":"2020-09-03T00:00:00.0","wellnessEndTimeLocal":"2020-09-04T00:00:00.0","highlyActiveSeconds":1791,"activeSeconds":1598,"moderateIntensityMinutes":47,"vigorousIntensityMinutes":0,"floorsAscendedInMeters":37.046,"floorsDescendedInMeters":31.139,"userIntensityMinutesGoal":150,"userFloorsAscendedGoal":10,"minHeartRate":54,"maxHeartRate":163,"restingHeartRate":72,"currentDayRestingHeartRate":72,"restingHeartRateTimestamp":1599170400000,"includesWellnessData":true,"includesActivityData":true,"includesCalorieConsumedData":false,"includesSingleMeasurement":false,"includesContinuousMeasurement":false,"includesAllDayPulseOx":false,"includesSleepPulseOx":false,"source":0,"allDayStress":{"userProfilePK":76018113,"calendarDate":"2020-09-03","aggregatorList":[{"type":"TOTAL","averageStressLevel":57,"averageStressLevelIntensity":55,"maxStressLevel":96,"stressIntensityCount":336,"stressOffWristCount":1000,"stressTooActiveCount":91,"totalStressCount":1427,"totalStressIntensity":-13847,"stressDuration":18900,"restDuration":1260,"activityDuration":5460,"uncategorizedDuration":60000,"totalDuration":85620,"lowDuration":6000,"mediumDuration":9120,"highDuration":3780},{"type":"AWAKE","averageStressLevel":57,"averageStressLevelIntensity":55,"maxStressLevel":96,"stressIntensityCount":336,"stressOffWristCount":1000,"stressTooActiveCount":91,"totalStressCount":1427,"totalStressIntensity":-13847,"stressDuration":18900,"restDuration":1260,"activityDuration":5460,"uncategorizedDuration":60000,"totalDuration":85620,"lowDuration":6000,"mediumDuration":9120,"highDuration":3780},{"type":"ASLEEP","averageStressLevel":-2,"averageStressLevelIntensity":-2,"maxStressLevel":0,"stressIntensityCount":0,"stressOffWristCount":0,"stressTooActiveCount":0,"totalStressCount":0,"totalStressIntensity":0,"stressDuration":0,"restDuration":0,"activityDuration":0,"uncategorizedDuration":0,"totalDuration":0,"lowDuration":0,"mediumDuration":0,"highDuration":0}]},"bodyBattery":{"userProfilePK":76018113,"calendarDate":"2020-09-03","bodyBatteryVersion":1.0},"minAvgHeartRate":57,"maxAvgHeartRate":163,"version":61680002},{"userProfilePK":76018113,"calendarDate":"2020-09-04","uuid":"52d4805b687c402c9faab5492df9d77d","durationInMilliseconds":86400000,"totalKilocalories":1952.0,"activeKilocalories":0.0,"bmrKilocalories":1952.0,"wellnessKilocalories":1952.0,"remainingKilocalories":1952.0,"wellnessTotalKilocalories":1952.0,"wellnessActiveKilocalories":0.0,"totalSteps":27,"dailyStepGoal":7300,"netCalorieGoal":1530,"totalDistanceMeters":21,"wellnessDistanceMeters":21,"wellnessStartTimeGmt":"2020-09-03T22:00:00.0","wellnessEndTimeGmt":"2020-09-04T22:00:00.0","wellnessStartTimeLocal":"2020-09-04T00:00:00.0","wellnessEndTimeLocal":"2020-09-05T00:00:00.0","highlyActiveSeconds":6,"activeSeconds":3,"moderateIntensityMinutes":0,"vigorousIntensityMinutes":0,"floorsAscendedInMeters":0.0,"floorsDescendedInMeters":0.0,"userIntensityMinutesGoal":150,"userFloorsAscendedGoal":10,"minHeartRate":62,"maxHeartRate":99,"includesWellnessData":true,"includesActivityData":false,"includesCalorieConsumedData":false,"includesSingleMeasurement":false,"includesContinuousMeasurement":false,"includesAllDayPulseOx":false,"includesSleepPulseOx":false,"source":0,"allDayStress":{"userProfilePK":76018113,"calendarDate":"2020-09-04","aggregatorList":[{"type":"TOTAL","averageStressLevel":51,"averageStressLevelIntensity":40,"maxStressLevel":90,"stressIntensityCount":12,"stressOffWristCount":1416,"stressTooActiveCount":5,"totalStressCount":1433,"totalStressIntensity":-253,"stressDuration":480,"restDuration":240,"activityDuration":300,"uncategorizedDuration":84960,"totalDuration":85980,"lowDuration":60,"mediumDuration":120,"highDuration":300},{"type":"AWAKE","averageStressLevel":51,"averageStressLevelIntensity":40,"maxStressLevel":90,"stressIntensityCount":12,"stressOffWristCount":1416,"stressTooActiveCount":5,"totalStressCount":1433,"totalStressIntensity":-253,"stressDuration":480,"restDuration":240,"activityDuration":300,"uncategorizedDuration":84960,"totalDuration":85980,"lowDuration":60,"mediumDuration":120,"highDuration":300},{"type":"ASLEEP","averageStressLevel":-2,"averageStressLevelIntensity":-2,"maxStressLevel":0,"stressIntensityCount":0,"stressOffWristCount":0,"stressTooActiveCount":0,"totalStressCount":0,"totalStressIntensity":0,"stressDuration":0,"restDuration":0,"activityDuration":0,"uncategorizedDuration":0,"totalDuration":0,"lowDuration":0,"mediumDuration":0,"highDuration":0}]},"bodyBattery":{"userProfilePK":76018113,"calendarDate":"2020-09-04","bodyBatteryVersion":1.0},"minAvgHeartRate":66,"maxAvgHeartRate":97,"version":36660002},{"userProfilePK":76018113,"calendarDate":"2020-09-05","uuid":"8e137625cc1148deaf1ca69a392fed04","durationInMilliseconds":86400000,"totalKilocalories":2255.0,"activeKilocalories":303.0,"bmrKilocalories":1952.0,"wellnessKilocalories":2255.0,"remainingKilocalories":2255.0,"wellnessTotalKilocalories":2255.0,"wellnessActiveKilocalories":303.0,"totalSteps":5854,"dailyStepGoal":7300,"netCalorieGoal":1530,"totalDistanceMeters":4587,"wellnessDistanceMeters":4587,"wellnessStartTimeGmt":"2020-09-04T22:00:00.0","wellnessEndTimeGmt":"2020-09-05T22:00:00.0","wellnessStartTimeLocal":"2020-09-05T00:00:00.0","wellnessEndTimeLocal":"2020-09-06T00:00:00.0","highlyActiveSeconds":870,"activeSeconds":6289,"moderateIntensityMinutes":35,"vigorousIntensityMinutes":0,"floorsAscendedInMeters":9.407,"floorsDescendedInMeters":8.031,"userIntensityMinutesGoal":150,"userFloorsAscendedGoal":10,"minHeartRate":54,"maxHeartRate":134,"restingHeartRate":73,"currentDayRestingHeartRate":74,"restingHeartRateTimestamp":1599343200000,"includesWellnessData":true,"includesActivityData":false,"includesCalorieConsumedData":false,"includesSingleMeasurement":false,"includesContinuousMeasurement":false,"includesAllDayPulseOx":false,"includesSleepPulseOx":false,"source":0,"allDayStress":{"userProfilePK":76018113,"calendarDate":"2020-09-05","aggregatorList":[{"type":"TOTAL","averageStressLevel":64,"averageStressLevelIntensity":61,"maxStressLevel":96,"stressIntensityCount":219,"stressOffWristCount":1031,"stressTooActiveCount":179,"totalStressCount":1429,"totalStressIntensity":-10759,"stressDuration":12120,"restDuration":1020,"activityDuration":10740,"uncategorizedDuration":61860,"totalDuration":85740,"lowDuration":2520,"mediumDuration":5100,"highDuration":4500},{"type":"AWAKE","averageStressLevel":64,"averageStressLevelIntensity":61,"maxStressLevel":96,"stressIntensityCount":219,"stressOffWristCount":1031,"stressTooActiveCount":179,"totalStressCount":1429,"totalStressIntensity":-10759,"stressDuration":12120,"restDuration":1020,"activityDuration":10740,"uncategorizedDuration":61860,"totalDuration":85740,"lowDuration":2520,"mediumDuration":5100,"highDuration":4500},{"type":"ASLEEP","averageStressLevel":-2,"averageStressLevelIntensity":-2,"maxStressLevel":0,"stressIntensityCount":0,"stressOffWristCount":0,"stressTooActiveCount":0,"totalStressCount":0,"totalStressIntensity":0,"stressDuration":0,"restDuration":0,"activityDuration":0,"uncategorizedDuration":0,"totalDuration":0,"lowDuration":0,"mediumDuration":0,"highDuration":0}]},"bodyBattery":{"userProfilePK":76018113,"calendarDate":"2020-09-05","bodyBatteryVersion":1.0},"minAvgHeartRate":57,"maxAvgHeartRate":127,"version":72840002},{"userProfilePK":76018113,"calendarDate":"2020-09-06","uuid":"3ee196e6c91443dda6dfdd1acf4af475","durationInMilliseconds":86400000,"totalKilocalories":2249.0,"activeKilocalories":297.0,"bmrKilocalories":1952.0,"wellnessKilocalories":2249.0,"remainingKilocalories":2249.0,"wellnessTotalKilocalories":2249.0,"wellnessActiveKilocalories":297.0,"totalSteps":2706,"dailyStepGoal":7010,"netCalorieGoal":1530,"totalDistanceMeters":2118,"wellnessDistanceMeters":2118,"wellnessStartTimeGmt":"2020-09-05T22:00:00.0","wellnessEndTimeGmt":"2020-09-06T22:00:00.0","wellnessStartTimeLocal":"2020-09-06T00:00:00.0","wellnessEndTimeLocal":"2020-09-07T00:00:00.0","highlyActiveSeconds":1560,"activeSeconds":4637,"moderateIntensityMinutes":22,"vigorousIntensityMinutes":0,"floorsAscendedInMeters":7.078,"floorsDescendedInMeters":0.0,"userIntensityMinutesGoal":150,"userFloorsAscendedGoal":10,"minHeartRate":56,"maxHeartRate":127,"restingHeartRate":71,"currentDayRestingHeartRate":68,"restingHeartRateTimestamp":1599429600000,"includesWellnessData":true,"includesActivityData":false,"includesCalorieConsumedData":false,"includesSingleMeasurement":false,"includesContinuousMeasurement":false,"includesAllDayPulseOx":false,"includesSleepPulseOx":false,"source":0,"allDayStress":{"userProfilePK":76018113,"calendarDate":"2020-09-06","aggregatorList":[{"type":"TOTAL","averageStressLevel":55,"averageStressLevelIntensity":52,"maxStressLevel":98,"stressIntensityCount":172,"stressOffWristCount":1062,"stressTooActiveCount":188,"totalStressCount":1422,"totalStressIntensity":-6439,"stressDuration":9060,"restDuration":1260,"activityDuration":11280,"uncategorizedDuration":63720,"totalDuration":85320,"lowDuration":2760,"mediumDuration":4140,"highDuration":2160},{"type":"AWAKE","averageStressLevel":55,"averageStressLevelIntensity":52,"maxStressLevel":98,"stressIntensityCount":172,"stressOffWristCount":1062,"stressTooActiveCount":188,"totalStressCount":1422,"totalStressIntensity":-6439,"stressDuration":9060,"restDuration":1260,"activityDuration":11280,"uncategorizedDuration":63720,"totalDuration":85320,"lowDuration":2760,"mediumDuration":4140,"highDuration":2160},{"type":"ASLEEP","averageStressLevel":-2,"averageStressLevelIntensity":-2,"maxStressLevel":0,"stressIntensityCount":0,"stressOffWristCount":0,"stressTooActiveCount":0,"totalStressCount":0,"totalStressIntensity":0,"stressDuration":0,"restDuration":0,"activityDuration":0,"uncategorizedDuration":0,"totalDuration":0,"lowDuration":0,"mediumDuration":0,"highDuration":0}]},"bodyBattery":{"userProfilePK":76018113,"calendarDate":"2020-09-06","bodyBatteryVersion":1.0},"minAvgHeartRate":58,"maxAvgHeartRate":123,"version":60000002},{"userProfilePK":76018113,"calendarDate":"2020-09-07","uuid":"a8b21a2b92a64b75a1b3f9c524324303","durationInMilliseconds":86400000,"totalKilocalories":2021.0,"activeKilocalories":69.0,"bmrKilocalories":1952.0,"wellnessKilocalories":2021.0,"remainingKilocalories":2021.0,"wellnessTotalKilocalories":2021.0,"wellnessActiveKilocalories":69.0,"totalSteps":1684,"dailyStepGoal":6150,"netCalorieGoal":1530,"totalDistanceMeters":1318,"wellnessDistanceMeters":1318,"wellnessStartTimeGmt":"2020-09-06T22:00:00.0","wellnessEndTimeGmt":"2020-09-07T22:00:00.0","wellnessStartTimeLocal":"2020-09-07T00:00:00.0","wellnessEndTimeLocal":"2020-09-08T00:00:00.0","highlyActiveSeconds":1260,"activeSeconds":1740,"moderateIntensityMinutes":23,"vigorousIntensityMinutes":0,"floorsAscendedInMeters":0.0,"floorsDescendedInMeters":0.0,"userIntensityMinutesGoal":150,"userFloorsAscendedGoal":10,"minHeartRate":52,"maxHeartRate":99,"restingHeartRate":69,"currentDayRestingHeartRate":60,"restingHeartRateTimestamp":1599516000000,"includesWellnessData":true,"includesActivityData":false,"includesCalorieConsumedData":false,"includesSingleMeasurement":false,"includesContinuousMeasurement":false,"includesAllDayPulseOx":false,"includesSleepPulseOx":false,"source":0,"allDayStress":{"userProfilePK":76018113,"calendarDate":"2020-09-07","aggregatorList":[{"type":"TOTAL","averageStressLevel":3,"averageStressLevelIntensity":3,"maxStressLevel":46,"stressIntensityCount":132,"stressOffWristCount":1228,"stressTooActiveCount":77,"totalStressCount":1437,"totalStressIntensity":11790,"stressDuration":60,"restDuration":7860,"activityDuration":4620,"uncategorizedDuration":73680,"totalDuration":86220,"lowDuration":60,"mediumDuration":0,"highDuration":0},{"type":"AWAKE","averageStressLevel":3,"averageStressLevelIntensity":3,"maxStressLevel":46,"stressIntensityCount":132,"stressOffWristCount":1228,"stressTooActiveCount":77,"totalStressCount":1437,"totalStressIntensity":11790,"stressDuration":60,"restDuration":7860,"activityDuration":4620,"uncategorizedDuration":73680,"totalDuration":86220,"lowDuration":60,"mediumDuration":0,"highDuration":0},{"type":"ASLEEP","averageStressLevel":-2,"averageStressLevelIntensity":-2,"maxStressLevel":0,"stressIntensityCount":0,"stressOffWristCount":0,"stressTooActiveCount":0,"totalStressCount":0,"totalStressIntensity":0,"stressDuration":0,"restDuration":0,"activityDuration":0,"uncategorizedDuration":0,"totalDuration":0,"lowDuration":0,"mediumDuration":0,"highDuration":0}]},"bodyBattery":{"userProfilePK":76018113,"calendarDate":"2020-09-07","bodyBatteryVersion":1.0},"minAvgHeartRate":55,"maxAvgHeartRate":99,"version":29520002},{"userProfilePK":76018113,"calendarDate":"2020-09-08","uuid":"3f020e244f23434385761568d7da7e0b","durationInMilliseconds":54600000,"totalKilocalories":1234.0,"activeKilocalories":1.0,"bmrKilocalories":1233.0,"wellnessKilocalories":1234.0,"remainingKilocalories":1234.0,"wellnessTotalKilocalories":1234.0,"wellnessActiveKilocalories":1.0,"totalSteps":46,"dailyStepGoal":5260,"netCalorieGoal":1530,"totalDistanceMeters":36,"wellnessDistanceMeters":36,"wellnessStartTimeGmt":"2020-09-07T22:00:00.0","wellnessEndTimeGmt":"2020-09-08T13:10:00.0","wellnessStartTimeLocal":"2020-09-08T00:00:00.0","wellnessEndTimeLocal":"2020-09-08T15:10:00.0","highlyActiveSeconds":0,"activeSeconds":21,"moderateIntensityMinutes":0,"vigorousIntensityMinutes":0,"floorsAscendedInMeters":0.0,"floorsDescendedInMeters":2.19,"userIntensityMinutesGoal":150,"userFloorsAscendedGoal":10,"minHeartRate":88,"maxHeartRate":88,"includesWellnessData":true,"includesActivityData":false,"includesCalorieConsumedData":false,"includesSingleMeasurement":false,"includesContinuousMeasurement":false,"includesAllDayPulseOx":false,"includesSleepPulseOx":false,"source":0,"allDayStress":{"userProfilePK":76018113,"calendarDate":"2020-09-08","aggregatorList":[{"type":"TOTAL","averageStressLevel":-1,"averageStressLevelIntensity":-1,"maxStressLevel":0,"stressIntensityCount":0,"stressOffWristCount":894,"stressTooActiveCount":3,"totalStressCount":897,"totalStressIntensity":0,"stressDuration":0,"restDuration":0,"activityDuration":180,"uncategorizedDuration":53640,"totalDuration":53820,"lowDuration":0,"mediumDuration":0,"highDuration":0},{"type":"AWAKE","averageStressLevel":-1,"averageStressLevelIntensity":-1,"maxStressLevel":0,"stressIntensityCount":0,"stressOffWristCount":894,"stressTooActiveCount":3,"totalStressCount":897,"totalStressIntensity":0,"stressDuration":0,"restDuration":0,"activityDuration":180,"uncategorizedDuration":53640,"totalDuration":53820,"lowDuration":0,"mediumDuration":0,"highDuration":0},{"type":"ASLEEP","averageStressLevel":-2,"averageStressLevelIntensity":-2,"maxStressLevel":0,"stressIntensityCount":0,"stressOffWristCount":0,"stressTooActiveCount":0,"totalStressCount":0,"totalStressIntensity":0,"stressDuration":0,"restDuration":0,"activityDuration":0,"uncategorizedDuration":0,"totalDuration":0,"lowDuration":0,"mediumDuration":0,"highDuration":0}]},"bodyBattery":{"userProfilePK":76018113,"calendarDate":"2020-09-08","bodyBatteryVersion":1.0},"minAvgHeartRate":88,"maxAvgHeartRate":88,"version":54600000},{"userProfilePK":76018113,"calendarDate":"2020-09-11","uuid":"b410459cb9f740d3ae6fba67ffb3b7f3","durationInMilliseconds":0,"totalKilocalories":163.0,"activeKilocalories":163.0,"burnedKilocalories":163.0,"remainingKilocalories":163.0,"wellnessTotalKilocalories":163.0,"netCalorieGoal":1530,"totalDistanceMeters":10732,"wellnessStartTimeGmt":"2020-09-10T22:00:00.0","wellnessEndTimeGmt":"2020-09-11T22:00:00.0","wellnessStartTimeLocal":"2020-09-11T00:00:00.0","wellnessEndTimeLocal":"2020-09-12T00:00:00.0","includesWellnessData":false,"includesActivityData":true,"includesCalorieConsumedData":false,"source":0,"allDayStress":{},"version":1}]