[{"userProfilePK":76018113,"calendarDate":"2020-02-25","uuid":"89963ea39b574dd09d0dbdadd0dd66fa","durationInMilliseconds":86400000,"totalKilocalories":2006.0,"activeKilocalories":0.0,"bmrKilocalories":2006.0,"wellnessKilocalories":2006.0,"remainingKilocalories":2006.0,"wellnessTotalKilocalories":2006.0,"wellnessActiveKilocalories":0.0,"totalSteps":0,"dailyStepGoal":8470,"netCalorieGoal":1530,"totalDistanceMeters":0,"wellnessDistanceMeters":0,"wellnessStartTimeGmt":"2020-02-24T23:00:00.0","wellnessEndTimeGmt":"2020-02-25T23:00:00.0","wellnessStartTimeLocal":"2020-02-25T00:00:00.0","wellnessEndTimeLocal":"2020-02-26T00:00:00.0","highlyActiveSeconds":0,"activeSeconds":0,"moderateIntensityMinutes":0,"vigorousIntensityMinutes":0,"floorsAscendedInMeters":0.0,"floorsDescendedInMeters":0.0,"userIntensityMinutesGoal":150,"userFloorsAscendedGoal":10,"includesWellnessData":true,"includesActivityData":false,"includesCalorieConsumedData":false,"includesSingleMeasurement":false,"includesContinuousMeasurement":false,"includesAllDayPulseOx":false,"includesSleepPulseOx":false,"source":0,"allDayStress":{"userProfilePK":76018113,"calendarDate":"2020-02-25","aggregatorList":[{"type":"TOTAL","averageStressLevel":-1,"averageStressLevelIntensity":-1,"maxStressLevel":0,"stressIntensityCount":0,"stressOffWristCount":1440,"stressTooActiveCount":0,"totalStressCount":1440,"totalStressIntensity":0,"stressDuration":0,"restDuration":0,"activityDuration":0,"uncategorizedDuration":86400,"totalDuration":86400,"lowDuration":0,"mediumDuration":0,"highDuration":0},{"type":"AWAKE","averageStressLevel":-1,"averageStressLevelIntensity":-1,"maxStressLevel":0,"stressIntensityCount":0,"stressOffWristCount":1440,"stressTooActiveCount":0,"totalStressCount":1440,"totalStressIntensity":0,"stressDuration":0,"restDuration":0,"activityDuration":0,"uncategorizedDuration":86400,"totalDuration":86400,"lowDuration":0,"mediumDuration":0,"highDuration":0},{"type":"ASLEEP","averageStressLevel":-2,"averageStressLevelIntensity":-2,"maxStressLevel":0,"stressIntensityCount":0,"stressOffWristCount":0,"stressTooActiveCount":0,"totalStressCount":0,"totalStressIntensity":0,"stressDuration":0,"restDuration":0,"activityDuration":0,"uncategorizedDuration":0,"totalDuration":0,"lowDuration":0,"mediumDuration":0,"highDuration":0}]},"bodyBattery":{"userProfilePK":76018113,"calendarDate":"2020-02-25","bodyBatteryVersion":1.0},"version":3},{"userProfilePK":76018113,"calendarDate":"2020-02-26","uuid":"14965e126f834a85ade8305668579eec","durationInMilliseconds":86400000,"totalKilocalories":2680.0,"activeKilocalories":680.0,"bmrKilocalories":2000.0,"wellnessKilocalories":2680.0,"consumedKilocalories":0.0,"remainingKilocalories":2680.0,"wellnessTotalKilocalories":2680.0,"wellnessActiveKilocalories":680.0,"totalSteps":6137,"dailyStepGoal":8470,"netCalorieGoal":1530,"totalDistanceMeters":4825,"wellnessDistanceMeters":4825,"wellnessStartTimeGmt":"2020-02-25T23:00:00.0","wellnessEndTimeGmt":"2020-02-26T23:00:00.0","wellnessStartTimeLocal":"2020-02-26T00:00:00.0","wellnessEndTimeLocal":"2020-02-27T00:00:00.0","highlyActiveSeconds":1475,"activeSeconds":8211,"moderateIntensityMinutes":0,"vigorousIntensityMinutes":0,"floorsAscendedInMeters":2.403,"floorsDescendedInMeters":8.218,"userIntensityMinutesGoal":150,"userFloorsAscendedGoal":10,"minHeartRate":53,"maxHeartRate":125,"restingHeartRate":65,"currentDayRestingHeartRate":68,"restingHeartRateTimestamp":1582758000000,"includesWellnessData":true,"includesActivityData":false,"includesCalorieConsumedData":true,"includesSingleMeasurement":false,"includesContinuousMeasurement":false,"includesAllDayPulseOx":false,"includesSleepPulseOx":false,"source":0,"allDayStress":{"userProfilePK":76018113,"calendarDate":"2020-02-26","aggregatorList":[{"type":"TOTAL","averageStressLevel":29,"averageStressLevelIntensity":21,"maxStressLevel":96,"stressIntensityCount":726,"stressOffWristCount":456,"stressTooActiveCount":243,"totalStressCount":1425,"totalStressIntensity":13076,"stressDuration":18240,"restDuration":25320,"activityDuration":14580,"uncategorizedDuration":27360,"totalDuration":85500,"lowDuration":7200,"mediumDuration":7440,"highDuration":3600},{"type":"AWAKE","averageStressLevel":29,"averageStressLevelIntensity":21,"maxStressLevel":96,"stressIntensityCount":726,"stressOffWristCount":456,"stressTooActiveCount":243,"totalStressCount":1425,"totalStressIntensity":13076,"stressDuration":18240,"restDuration":25320,"activityDuration":14580,"uncategorizedDuration":27360,"totalDuration":85500,"lowDuration":7200,"mediumDuration":7440,"highDuration":3600},{"type":"ASLEEP","averageStressLevel":-2,"averageStressLevelIntensity":-2,"maxStressLevel":0,"stressIntensityCount":0,"stressOffWristCount":0,"stressTooActiveCount":0,"totalStressCount":0,"totalStressIntensity":0,"stressDuration":0,"restDuration":0,"activityDuration":0,"uncategorizedDuration":0,"totalDuration":0,"lowDuration":0,"mediumDuration":0,"highDuration":0}]},"bodyBattery":{"userProfilePK":76018113,"calendarDate":"2020-02-26","bodyBatteryVersion":1.0},"minAvgHeartRate":54,"maxAvgHeartRate":119,"version":53520005},{"userProfilePK":76018113,"calendarDate":"2020-02-27","uuid":"96a44122e83441f7b6968100299775e0","durationInMilliseconds":86400000,"totalKilocalories":2558.0,"activeKilocalories":558.0,"bmrKilocalories":2000.0,"wellnessKilocalories":2558.0,"remainingKilocalories":2558.0,"wellnessTotalKilocalories":2558.0,"wellnessActiveKilocalories":558.0,"totalSteps":7228,"dailyStepGoal":8010,"netCalorieGoal":1530,"totalDistanceMeters":5657,"wellnessDistanceMeters":5657,"wellnessStartTimeGmt":"2020-02-26T23:00:00.0","wellnessEndTimeGmt":"2020-02-27T23:00:00.0","wellnessStartTimeLocal":"2020-02-27T00:00:00.0","wellnessEndTimeLocal":"2020-02-28T00:00:00.0","highlyActiveSeconds":1892,"activeSeconds":9207,"moderateIntensityMinutes":0,"vigorousIntensityMinutes":0,"floorsAscendedInMeters":2.428,"floorsDescendedInMeters":11.648,"userIntensityMinutesGoal":150,"userFloorsAscendedGoal":10,"minHeartRate":50,"maxHeartRate":118,"restingHeartRate":64,"currentDayRestingHeartRate":62,"restingHeartRateTimestamp":1582844400000,"includesWellnessData":true,"includesActivityData":false,"includesCalorieConsumedData":false,"includesSingleMeasurement":false,"includesContinuousMeasurement":false,"includesAllDayPulseOx":false,"includesSleepPulseOx":false,"source":0,"allDayStress":{"userProfilePK":76018113,"calendarDate":"2020-02-27","aggregatorList":[{"type":"TOTAL","averageStressLevel":25,"averageStressLevelIntensity":18,"maxStressLevel":90,"stressIntensityCount":614,"stressOffWristCount":559,"stressTooActiveCount":257,"totalStressCount":1430,"totalStressIntensity":17292,"stressDuration":13020,"restDuration":23820,"activityDuration":15420,"uncategorizedDuration":33540,"totalDuration":85800,"lowDuration":5940,"mediumDuration":5820,"highDuration":1260},{"type":"AWAKE","averageStressLevel":25,"averageStressLevelIntensity":18,"maxStressLevel":90,"stressIntensityCount":614,"stressOffWristCount":559,"stressTooActiveCount":257,"totalStressCount":1430,"totalStressIntensity":17292,"stressDuration":13020,"restDuration":23820,"activityDuration":15420,"uncategorizedDuration":33540,"totalDuration":85800,"lowDuration":5940,"mediumDuration":5820,"highDuration":1260},{"type":"ASLEEP","averageStressLevel":-2,"averageStressLevelIntensity":-2,"maxStressLevel":0,"stressIntensityCount":0,"stressOffWristCount":0,"stressTooActiveCount":0,"totalStressCount":0,"totalStressIntensity":0,"stressDuration":0,"restDuration":0,"activityDuration":0,"uncategorizedDuration":0,"totalDuration":0,"lowDuration":0,"mediumDuration":0,"highDuration":0}]},"bodyBattery":{"userProfilePK":76018113,"calendarDate":"2020-02-27","bodyBatteryVersion":1.0},"minAvgHeartRate":51,"maxAvgHeartRate":114,"version":84540002},{"userProfilePK":76018113,"calendarDate":"2020-02-28","uuid":"7bac9d0175ef46a89fd7d22475c5bbb3","durationInMilliseconds":86400000,"totalKilocalories":2544.0,"activeKilocalories":552.0,"bmrKilocalories":1992.0,"wellnessKilocalories":2544.0,"consumedKilocalories":0.0,"remainingKilocalories":2544.0,"wellnessTotalKilocalories":2544.0,"wellnessActiveKilocalories":552.0,"totalSteps":8168,"dailyStepGoal":7860,"netCalorieGoal":1530,"totalDistanceMeters":6402,"wellnessDistanceMeters":6402,"wellnessStartTimeGmt":"2020-02-27T23:00:00.0","wellnessEndTimeGmt":"2020-02-28T23:00:00.0","wellnessStartTimeLocal":"2020-02-28T00:00:00.0","wellnessEndTimeLocal":"2020-02-29T00:00:00.0","highlyActiveSeconds":866,"activeSeconds":10095,"moderateIntensityMinutes":44,"vigorousIntensityMinutes":0,"floorsAscendedInMeters":3.048,"floorsDescendedInMeters":16.728,"userIntensityMinutesGoal":150,"userFloorsAscendedGoal":10,"minHeartRate":54,"maxHeartRate":120,"restingHeartRate":64,"currentDayRestingHeartRate":68,"restingHeartRateTimestamp":1582930800000,"includesWellnessData":true,"includesActivityData":false,"includesCalorieConsumedData":true,"includesSingleMeasurement":false,"includesContinuousMeasurement":false,"includesAllDayPulseOx":false,"includesSleepPulseOx":false,"source":0,"allDayStress":{"userProfilePK":76018113,"calendarDate":"2020-02-28","aggregatorList":[{"type":"TOTAL","averageStressLevel":30,"averageStressLevelIntensity":23,"maxStressLevel":94,"stressIntensityCount":592,"stressOffWristCount":526,"stressTooActiveCount":290,"totalStressCount":1408,"totalStressIntensity":6749,"stressDuration":16140,"restDuration":19380,"activityDuration":17400,"uncategorizedDuration":31560,"totalDuration":84480,"lowDuration":8460,"mediumDuration":6000,"highDuration":1680},{"type":"AWAKE","averageStressLevel":30,"averageStressLevelIntensity":23,"maxStressLevel":94,"stressIntensityCount":592,"stressOffWristCount":526,"stressTooActiveCount":290,"totalStressCount":1408,"totalStressIntensity":6749,"stressDuration":16140,"restDuration":19380,"activityDuration":17400,"uncategorizedDuration":31560,"totalDuration":84480,"lowDuration":8460,"mediumDuration":6000,"highDuration":1680},{"type":"ASLEEP","averageStressLevel":-2,"averageStressLevelIntensity":-2,"maxStressLevel":0,"stressIntensityCount":0,"stressOffWristCount":0,"stressTooActiveCount":0,"totalStressCount":0,"totalStressIntensity":0,"stressDuration":0,"restDuration":0,"activityDuration":0,"uncategorizedDuration":0,"totalDuration":0,"lowDuration":0,"mediumDuration":0,"highDuration":0}]},"bodyBattery":{"userProfilePK":76018113,"calendarDate":"2020-02-28","bodyBatteryVersion":1.0},"minAvgHeartRate":60,"maxAvgHeartRate":119,"version":41100003},{"userProfilePK":76018113,"calendarDate":"2020-02-29","uuid":"52f6a4e52807490288f5482dd7d7a300","durationInMilliseconds":81480000,"totalKilocalories":2503.0,"activeKilocalories":625.0,"bmrKilocalories":1878.0,"wellnessKilocalories":2503.0,"consumedKilocalories":0.0,"remainingKilocalories":2503.0,"wellnessTotalKilocalories":2503.0,"wellnessActiveKilocalories":625.0,"totalSteps":5448,"dailyStepGoal":7890,"netCalorieGoal":1530,"totalDistanceMeters":4279,"wellnessDistanceMeters":4279,"wellnessStartTimeGmt":"2020-02-28T23:00:00.0","wellnessEndTimeGmt":"2020-02-29T21:38:00.0","wellnessStartTimeLocal":"2020-02-29T00:00:00.0","wellnessEndTimeLocal":"2020-02-29T22:38:00.0","highlyActiveSeconds":1784,"activeSeconds":7669,"moderateIntensityMinutes":32,"vigorousIntensityMinutes":0,"floorsAscendedInMeters":60.172,"floorsDescendedInMeters":69.792,"userIntensityMinutesGoal":150,"userFloorsAscendedGoal":10,"minHeartRate":55,"maxHeartRate":145,"restingHeartRate":65,"currentDayRestingHeartRate":63,"restingHeartRateTimestamp":1583012280000,"includesWellnessData":true,"includesActivityData":false,"includesCalorieConsumedData":true,"includesSingleMeasurement":false,"includesContinuousMeasurement":false,"includesAllDayPulseOx":false,"includesSleepPulseOx":false,"source":0,"allDayStress":{"userProfilePK":76018113,"calendarDate":"2020-02-29","aggregatorList":[{"type":"TOTAL","averageStressLevel":25,"averageStressLevelIntensity":19,"maxStressLevel":96,"stressIntensityCount":553,"stressOffWristCount":587,"stressTooActiveCount":207,"totalStressCount":1347,"totalStressIntensity":14383,"stressDuration":11940,"restDuration":21240,"activityDuration":12420,"uncategorizedDuration":35220,"totalDuration":80820,"lowDuration":5700,"mediumDuration":4680,"highDuration":1560},{"type":"AWAKE","averageStressLevel":25,"averageStressLevelIntensity":19,"maxStressLevel":96,"stressIntensityCount":553,"stressOffWristCount":587,"stressTooActiveCount":207,"totalStressCount":1347,"totalStressIntensity":14383,"stressDuration":11940,"restDuration":21240,"activityDuration":12420,"uncategorizedDuration":35220,"totalDuration":80820,"lowDuration":5700,"mediumDuration":4680,"highDuration":1560},{"type":"ASLEEP","averageStressLevel":-2,"averageStressLevelIntensity":-2,"maxStressLevel":0,"stressIntensityCount":0,"stressOffWristCount":0,"stressTooActiveCount":0,"totalStressCount":0,"totalStressIntensity":0,"stressDuration":0,"restDuration":0,"activityDuration":0,"uncategorizedDuration":0,"totalDuration":0,"lowDuration":0,"mediumDuration":0,"highDuration":0}]},"bodyBattery":{"userProfilePK":76018113,"calendarDate":"2020-02-29","bodyBatteryVersion":1.0},"minAvgHeartRate":57,"maxAvgHeartRate":135,"version":81480000},{"userProfilePK":76018113,"calendarDate":"2020-03-01","uuid":"34155bd32e7049a08c067a3e0cb339c3","durationInMilliseconds":0,"consumedKilocalories":0.0,"remainingKilocalories":0.0,"includesCalorieConsumedData":true,"allDayStress":{},"version":0},{"userProfilePK":76018113,"calendarDate":"2020-03-02","uuid":"f8c51dd1e5834c3ea4bc905a5fce9aee","durationInMilliseconds":28140000,"totalKilocalories":648.0,"activeKilocalories":0.0,"bmrKilocalories":648.0,"wellnessKilocalories":648.0,"consumedKilocalories":0.0,"remainingKilocalories":648.0,"wellnessTotalKilocalories":648.0,"wellnessActiveKilocalories":0.0,"totalSteps":0,"dailyStepGoal":7890,"netCalorieGoal":1530,"totalDistanceMeters":0,"wellnessDistanceMeters":0,"wellnessStartTimeGmt":"2020-03-01T23:00:00.0","wellnessEndTimeGmt":"2020-03-02T06:49:00.0","wellnessStartTimeLocal":"2020-03-02T00:00:00.0","wellnessEndTimeLocal":"2020-03-02T07:49:00.0","highlyActiveSeconds":0,"activeSeconds":0,"moderateIntensityMinutes":0,"vigorousIntensityMinutes":0,"floorsAscendedInMeters":0.0,"floorsDescendedInMeters":0.0,"userIntensityMinutesGoal":150,"userFloorsAscendedGoal":10,"includesWellnessData":true,"includesActivityData":false,"includesCalorieConsumedData":true,"includesSingleMeasurement":false,"includesContinuousMeasurement":false,"includesAllDayPulseOx":false,"includesSleepPulseOx":false,"source":0,"allDayStress":{},"version":28140000},{"userProfilePK":76018113,"calendarDate":"2020-03-03","uuid":"fe323cac191c42ad8ed0eb940711923f","durationInMilliseconds":0,"consumedKilocalories":0.0,"remainingKilocalories":0.0,"includesCalorieConsumedData":true,"allDayStress":{},"version":0},{"userProfilePK":76018113,"calendarDate":"2020-03-04","uuid":"bfed4b77db47463f8f61c878ac25a789","durationInMilliseconds":0,"consumedKilocalories":0.0,"remainingKilocalories":0.0,"netCalorieGoal":1530,"includesCalorieConsumedData":true,"allDayStress":{},"version":2},{"userProfilePK":76018113,"calendarDate":"2020-03-05","uuid":"4e3cac9de89c4869b9f71051e349d3e7","durationInMilliseconds":86400000,"totalKilocalories":1992.0,"activeKilocalories":0.0,"bmrKilocalories":1992.0,"wellnessKilocalories":1992.0,"consumedKilocalories":0.0,"remainingKilocalories":1992.0,"wellnessTotalKilocalories":1992.0,"wellnessActiveKilocalories":0.0,"totalSteps":0,"dailyStepGoal":7890,"netCalorieGoal":1530,"totalDistanceMeters":0,"wellnessDistanceMeters":0,"wellnessStartTimeGmt":"2020-03-04T23:00:00.0","wellnessEndTimeGmt":"2020-03-05T23:00:00.0","wellnessStartTimeLocal":"2020-03-05T00:00:00.0","wellnessEndTimeLocal":"2020-03-06T00:00:00.0","highlyActiveSeconds":0,"activeSeconds":0,"moderateIntensityMinutes":0,"vigorousIntensityMinutes":0,"floorsAscendedInMeters":0.0,"floorsDescendedInMeters":0.0,"userIntensityMinutesGoal":150,"userFloorsAscendedGoal":10,"includesWellnessData":true,"includesActivityData":false,"includesCalorieConsumedData":true,"includesSingleMeasurement":false,"includesContinuousMeasurement":false,"includesAllDayPulseOx":false,"includesSleepPulseOx":false,"source":0,"allDayStress":{"userProfilePK":76018113,"calendarDate":"2020-03-05","aggregatorList":[{"type":"TOTAL","averageStressLevel":-1,"averageStressLevelIntensity":-1,"maxStressLevel":0,"stressIntensityCount":0,"stressOffWristCount":984,"stressTooActiveCount":0,"totalStressCount":984,"totalStressIntensity":0,"stressDuration":0,"restDuration":0,"activityDuration":0,"uncategorizedDuration":59040,"totalDuration":59040,"lowDuration":0,"mediumDuration":0,"highDuration":0},{"type":"AWAKE","averageStressLevel":-1,"averageStressLevelIntensity":-1,"maxStressLevel":0,"stressIntensityCount":0,"stressOffWristCount":984,"stressTooActiveCount":0,"totalStressCount":984,"totalStressIntensity":0,"stressDuration":0,"restDuration":0,"activityDuration":0,"uncategorizedDuration":59040,"totalDuration":59040,"lowDuration":0,"mediumDuration":0,"highDuration":0},{"type":"ASLEEP","averageStressLevel":-2,"averageStressLevelIntensity":-2,"maxStressLevel":0,"stressIntensityCount":0,"stressOffWristCount":0,"stressTooActiveCount":0,"totalStressCount":0,"totalStressIntensity":0,"stressDuration":0,"restDuration":0,"activityDuration":0,"uncategorizedDuration":0,"totalDuration":0,"lowDuration":0,"mediumDuration":0,"highDuration":0}]},"bodyBattery":{"userProfilePK":76018113,"calendarDate":"2020-03-05","bodyBatteryVersion":1.0},"version":2},{"userProfilePK":76018113,"calendarDate":"2020-03-06","uuid":"a9e6a60563cc4af585e4d56eabdcc686","durationInMilliseconds":86400000,"totalKilocalories":2527.0,"activeKilocalories":546.0,"bmrKilocalories":1981.0,"wellnessKilocalories":2527.0,"consumedKilocalories":0.0,"remainingKilocalories":2527.0,"wellnessTotalKilocalories":2527.0,"wellnessActiveKilocalories":546.0,"totalSteps":7171,"dailyStepGoal":7890,"netCalorieGoal":1530,"totalDistanceMeters":5612,"wellnessDistanceMeters":5612,"wellnessStartTimeGmt":"2020-03-05T23:00:00.0","wellnessEndTimeGmt":"2020-03-06T23:00:00.0","wellnessStartTimeLocal":"2020-03-06T00:00:00.0","wellnessEndTimeLocal":"2020-03-07T00:00:00.0","highlyActiveSeconds":715,"activeSeconds":7363,"moderateIntensityMinutes":36,"vigorousIntensityMinutes":0,"floorsAscendedInMeters":9.427,"floorsDescendedInMeters":25.648,"userIntensityMinutesGoal":150,"userFloorsAscendedGoal":10,"minHeartRate":46,"maxHeartRate":146,"restingHeartRate":63,"currentDayRestingHeartRate":53,"restingHeartRateTimestamp":1583535600000,"includesWellnessData":true,"includesActivityData":false,"includesCalorieConsumedData":true,"includesSingleMeasurement":false,"includesContinuousMeasurement":false,"includesAllDayPulseOx":false,"includesSleepPulseOx":false,"source":0,"allDayStress":{"userProfilePK":76018113,"calendarDate":"2020-03-06","aggregatorList":[{"type":"TOTAL","averageStressLevel":20,"averageStressLevelIntensity":15,"maxStressLevel":96,"stressIntensityCount":647,"stressOffWristCount":559,"stressTooActiveCount":216,"totalStressCount":1422,"totalStressIntensity":25904,"stressDuration":9480,"restDuration":29340,"activityDuration":12960,"uncategorizedDuration":33540,"totalDuration":85320,"lowDuration":3660,"mediumDuration":3660,"highDuration":2160},{"type":"AWAKE","averageStressLevel":20,"averageStressLevelIntensity":15,"maxStressLevel":96,"stressIntensityCount":647,"stressOffWristCount":559,"stressTooActiveCount":216,"totalStressCount":1422,"totalStressIntensity":25904,"stressDuration":9480,"restDuration":29340,"activityDuration":12960,"uncategorizedDuration":33540,"totalDuration":85320,"lowDuration":3660,"mediumDuration":3660,"highDuration":2160},{"type":"ASLEEP","averageStressLevel":-2,"averageStressLevelIntensity":-2,"maxStressLevel":0,"stressIntensityCount":0,"stressOffWristCount":0,"stressTooActiveCount":0,"totalStressCount":0,"totalStressIntensity":0,"stressDuration":0,"restDuration":0,"activityDuration":0,"uncategorizedDuration":0,"totalDuration":0,"lowDuration":0,"mediumDuration":0,"highDuration":0}]},"bodyBattery":{"userProfilePK":76018113,"calendarDate":"2020-03-06","bodyBatteryVersion":1.0},"minAvgHeartRate":50,"maxAvgHeartRate":136,"version":60780004},{"userProfilePK":76018113,"calendarDate":"2020-03-07","uuid":"d93c223ee75545fcb0f110baa8fc3ef8","durationInMilliseconds":86400000,"totalKilocalories":2268.0,"activeKilocalories":287.0,"bmrKilocalories":1981.0,"wellnessKilocalories":2268.0,"consumedKilocalories":0.0,"remainingKilocalories":2268.0,"wellnessTotalKilocalories":2268.0,"wellnessActiveKilocalories":287.0,"totalSteps":3147,"dailyStepGoal":7820,"netCalorieGoal":1530,"totalDistanceMeters":2463,"wellnessDistanceMeters":2463,"wellnessStartTimeGmt":"2020-03-06T23:00:00.0","wellnessEndTimeGmt":"2020-03-07T23:00:00.0","wellnessStartTimeLocal":"2020-03-07T00:00:00.0","wellnessEndTimeLocal":"2020-03-08T00:00:00.0","highlyActiveSeconds":391,"activeSeconds":5795,"moderateIntensityMinutes":29,"vigorousIntensityMinutes":0,"floorsAscendedInMeters":13.563,"floorsDescendedInMeters":7.6690000000000005,"userIntensityMinutesGoal":150,"userFloorsAscendedGoal":10,"minHeartRate":53,"maxHeartRate":133,"restingHeartRate":62,"currentDayRestingHeartRate":65,"restingHeartRateTimestamp":1583622000000,"includesWellnessData":true,"includesActivityData":false,"includesCalorieConsumedData":true,"includesSingleMeasurement":false,"includesContinuousMeasurement":false,"includesAllDayPulseOx":false,"includesSleepPulseOx":false,"source":0,"allDayStress":{"userProfilePK":76018113,"calendarDate":"2020-03-07","aggregatorList":[{"type":"TOTAL","averageStressLevel":31,"averageStressLevelIntensity":22,"maxStressLevel":95,"stressIntensityCount":326,"stressOffWristCount":932,"stressTooActiveCount":179,"totalStressCount":1437,"totalStressIntensity":4670,"stressDuration":9000,"restDuration":10560,"activityDuration":10740,"uncategorizedDuration":55920,"totalDuration":86220,"lowDuration":3780,"mediumDuration":3900,"highDuration":1320},{"type":"AWAKE","averageStressLevel":31,"averageStressLevelIntensity":22,"maxStressLevel":95,"stressIntensityCount":326,"stressOffWristCount":932,"stressTooActiveCount":179,"totalStressCount":1437,"totalStressIntensity":4670,"stressDuration":9000,"restDuration":10560,"activityDuration":10740,"uncategorizedDuration":55920,"totalDuration":86220,"lowDuration":3780,"mediumDuration":3900,"highDuration":1320},{"type":"ASLEEP","averageStressLevel":-2,"averageStressLevelIntensity":-2,"maxStressLevel":0,"stressIntensityCount":0,"stressOffWristCount":0,"stressTooActiveCount":0,"totalStressCount":0,"totalStressIntensity":0,"stressDuration":0,"restDuration":0,"activityDuration":0,"uncategorizedDuration":0,"totalDuration":0,"lowDuration":0,"mediumDuration":0,"highDuration":0}]},"bodyBattery":{"userProfilePK":76018113,"calendarDate":"2020-03-07","bodyBatteryVersion":1.0},"minAvgHeartRate":54,"maxAvgHeartRate":119,"version":73380003},{"userProfilePK":76018113,"calendarDate":"2020-03-08","uuid":"01334d2ca0c34949ac37d42744172fe8","durationInMilliseconds":86400000,"totalKilocalories":3060.0,"activeKilocalories":1079.0,"bmrKilocalories":1981.0,"wellnessKilocalories":3060.0,"consumedKilocalories":0.0,"remainingKilocalories":3060.0,"wellnessTotalKilocalories":3060.0,"wellnessActiveKilocalories":1079.0,"totalSteps":13927,"dailyStepGoal":6890,"netCalorieGoal":1530,"totalDistanceMeters":12751,"wellnessDistanceMeters":12751,"wellnessStartTimeGmt":"2020-03-07T23:00:00.0","wellnessEndTimeGmt":"2020-03-08T23:00:00.0","wellnessStartTimeLocal":"2020-03-08T00:00:00.0","wellnessEndTimeLocal":"2020-03-09T00:00:00.0","highlyActiveSeconds":3776,"activeSeconds":6167,"moderateIntensityMinutes":97,"vigorousIntensityMinutes":0,"floorsAscendedInMeters":67.777,"floorsDescendedInMeters":78.168,"userIntensityMinutesGoal":150,"userFloorsAscendedGoal":10,"minHeartRate":43,"maxHeartRate":183,"restingHeartRate":63,"currentDayRestingHeartRate":66,"restingHeartRateTimestamp":1583708400000,"includesWellnessData":true,"includesActivityData":true,"includesCalorieConsumedData":true,"includesSingleMeasurement":false,"includesContinuousMeasurement":false,"includesAllDayPulseOx":false,"includesSleepPulseOx":false,"source":0,"allDayStress":{"userProfilePK":76018113,"calendarDate":"2020-03-08","aggregatorList":[{"type":"TOTAL","averageStressLevel":23,"averageStressLevelIntensity":17,"maxStressLevel":90,"stressIntensityCount":342,"stressOffWristCount":859,"stressTooActiveCount":219,"totalStressCount":1420,"totalStressIntensity":11090,"stressDuration":5580,"restDuration":14940,"activityDuration":13140,"uncategorizedDuration":51540,"totalDuration":85200,"lowDuration":1860,"mediumDuration":2940,"highDuration":780},{"type":"AWAKE","averageStressLevel":23,"averageStressLevelIntensity":17,"maxStressLevel":90,"stressIntensityCount":342,"stressOffWristCount":859,"stressTooActiveCount":219,"totalStressCount":1420,"totalStressIntensity":11090,"stressDuration":5580,"restDuration":14940,"activityDuration":13140,"uncategorizedDuration":51540,"totalDuration":85200,"lowDuration":1860,"mediumDuration":2940,"highDuration":780},{"type":"ASLEEP","averageStressLevel":-2,"averageStressLevelIntensity":-2,"maxStressLevel":0,"stressIntensityCount":0,"stressOffWristCount":0,"stressTooActiveCount":0,"totalStressCount":0,"totalStressIntensity":0,"stressDuration":0,"restDuration":0,"activityDuration":0,"uncategorizedDuration":0,"totalDuration":0,"lowDuration":0,"mediumDuration":0,"highDuration":0}]},"bodyBattery":{"userProfilePK":76018113,"calendarDate":"2020-03-08","bodyBatteryVersion":1.0},"minAvgHeartRate":45,"maxAvgHeartRate":183,"version":67020003},{"userProfilePK":76018113,"calendarDate":"2020-03-09","uuid":"6821ffcfdf0c49d087b9e847086bbf60","durationInMilliseconds":86400000,"totalKilocalories":2285.0,"activeKilocalories":296.0,"bmrKilocalories":1989.0,"wellnessKilocalories":2285.0,"remainingKilocalories":2285.0,"wellnessTotalKilocalories":2285.0,"wellnessActiveKilocalories":296.0,"totalSteps":5013,"dailyStepGoal":7600,"netCalorieGoal":1530,"totalDistanceMeters":3923,"wellnessDistanceMeters":3923,"wellnessStartTimeGmt":"2020-03-08T23:00:00.0","wellnessEndTimeGmt":"2020-03-09T23:00:00.0","wellnessStartTimeLocal":"2020-03-09T00:00:00.0","wellnessEndTimeLocal":"2020-03-10T00:00:00.0","highlyActiveSeconds":1005,"activeSeconds":5275,"moderateIntensityMinutes":23,"vigorousIntensityMinutes":0,"floorsAscendedInMeters":5.07,"floorsDescendedInMeters":12.559,"userIntensityMinutesGoal":150,"userFloorsAscendedGoal":10,"minHeartRate":46,"maxHeartRate":123,"restingHeartRate":61,"currentDayRestingHeartRate":60,"restingHeartRateTimestamp":1583794800000,"includesWellnessData":true,"includesActivityData":false,"includesCalorieConsumedData":false,"includesSingleMeasurement":false,"includesContinuousMeasurement":false,"includesAllDayPulseOx":false,"includesSleepPulseOx":false,"source":0,"allDayStress":{"userProfilePK":76018113,"calendarDate":"2020-03-09","aggregatorList":[{"type":"TOTAL","averageStressLevel":18,"averageStressLevelIntensity":14,"maxStressLevel":89,"stressIntensityCount":580,"stressOffWristCount":675,"stressTooActiveCount":178,"totalStressCount":1433,"totalStressIntensity":26056,"stressDuration":8520,"restDuration":26280,"activityDuration":10680,"uncategorizedDuration":40500,"totalDuration":85980,"lowDuration":4080,"mediumDuration":3780,"highDuration":660},{"type":"AWAKE","averageStressLevel":18,"averageStressLevelIntensity":14,"maxStressLevel":89,"stressIntensityCount":580,"stressOffWristCount":675,"stressTooActiveCount":178,"totalStressCount":1433,"totalStressIntensity":26056,"stressDuration":8520,"restDuration":26280,"activityDuration":10680,"uncategorizedDuration":40500,"totalDuration":85980,"lowDuration":4080,"mediumDuration":3780,"highDuration":660},{"type":"ASLEEP","averageStressLevel":-2,"averageStressLevelIntensity":-2,"maxStressLevel":0,"stressIntensityCount":0,"stressOffWristCount":0,"stressTooActiveCount":0,"totalStressCount":0,"totalStressIntensity":0,"stressDuration":0,"restDuration":0,"activityDuration":0,"uncategorizedDuration":0,"totalDuration":0,"lowDuration":0,"mediumDuration":0,"highDuration":0}]},"bodyBattery":{"userProfilePK":76018113,"calendarDate":"2020-03-09","bodyBatteryVersion":1.0},"minAvgHeartRate":47,"maxAvgHeartRate":114,"version":81480002},{"userProfilePK":76018113,"calendarDate":"2020-03-10","uuid":"ef2c1f1c8af24a6d9aa5f3561d8d7c4d","durationInMilliseconds":86400000,"totalKilocalories":2405.0,"activeKilocalories":418.0,"bmrKilocalories":1987.0,"wellnessKilocalories":2405.0,"remainingKilocalories":2405.0,"wellnessTotalKilocalories":2405.0,"wellnessActiveKilocalories":418.0,"totalSteps":7937,"dailyStepGoal":7350,"netCalorieGoal":1530,"totalDistanceMeters":6251,"wellnessDistanceMeters":6251,"wellnessStartTimeGmt":"2020-03-09T23:00:00.0","wellnessEndTimeGmt":"2020-03-10T23:00:00.0","wellnessStartTimeLocal":"2020-03-10T00:00:00.0","wellnessEndTimeLocal":"2020-03-11T00:00:00.0","highlyActiveSeconds":984,"activeSeconds":10431,"moderateIntensityMinutes":94,"vigorousIntensityMinutes":0,"floorsAscendedInMeters":6.724,"floorsDescendedInMeters":6.738,"userIntensityMinutesGoal":150,"userFloorsAscendedGoal":10,"minHeartRate":47,"maxHeartRate":117,"restingHeartRate":61,"currentDayRestingHeartRate":59,"restingHeartRateTimestamp":1583881200000,"includesWellnessData":true,"includesActivityData":false,"includesCalorieConsumedData":false,"includesSingleMeasurement":false,"includesContinuousMeasurement":false,"includesAllDayPulseOx":false,"includesSleepPulseOx":false,"source":0,"allDayStress":{"userProfilePK":76018113,"calendarDate":"2020-03-10","aggregatorList":[{"type":"TOTAL","averageStressLevel":18,"averageStressLevelIntensity":15,"maxStressLevel":95,"stressIntensityCount":616,"stressOffWristCount":535,"stressTooActiveCount":275,"totalStressCount":1426,"totalStressIntensity":25682,"stressDuration":9360,"restDuration":27600,"activityDuration":16500,"uncategorizedDuration":32100,"totalDuration":85560,"lowDuration":5760,"mediumDuration":2940,"highDuration":660},{"type":"AWAKE","averageStressLevel":18,"averageStressLevelIntensity":15,"maxStressLevel":95,"stressIntensityCount":616,"stressOffWristCount":535,"stressTooActiveCount":275,"totalStressCount":1426,"totalStressIntensity":25682,"stressDuration":9360,"restDuration":27600,"activityDuration":16500,"uncategorizedDuration":32100,"totalDuration":85560,"lowDuration":5760,"mediumDuration":2940,"highDuration":660},{"type":"ASLEEP","averageStressLevel":-2,"averageStressLevelIntensity":-2,"maxStressLevel":0,"stressIntensityCount":0,"stressOffWristCount":0,"stressTooActiveCount":0,"totalStressCount":0,"totalStressIntensity":0,"stressDuration":0,"restDuration":0,"activityDuration":0,"uncategorizedDuration":0,"totalDuration":0,"lowDuration":0,"mediumDuration":0,"highDuration":0}]},"bodyBattery":{"userProfilePK":76018113,"calendarDate":"2020-03-10","bodyBatteryVersion":1.0},"minAvgHeartRate":49,"maxAvgHeartRate":112,"version":85740002},{"userProfilePK":76018113,"calendarDate":"2020-03-11","uuid":"ad60cea3a05748fabb24ac45858ddedb","durationInMilliseconds":86400000,"totalKilocalories":2750.0,"activeKilocalories":763.0,"bmrKilocalories":1987.0,"wellnessKilocalories":2750.0,"remainingKilocalories":2750.0,"wellnessTotalKilocalories":2750.0,"wellnessActiveKilocalories":763.0,"totalSteps":10458,"dailyStepGoal":8020,"netCalorieGoal":1530,"totalDistanceMeters":11240,"wellnessDistanceMeters":11240,"wellnessStartTimeGmt":"2020-03-10T23:00:00.0","wellnessEndTimeGmt":"2020-03-11T23:00:00.0","wellnessStartTimeLocal":"2020-03-11T00:00:00.0","wellnessEndTimeLocal":"2020-03-12T00:00:00.0","highlyActiveSeconds":3978,"activeSeconds":5014,"moderateIntensityMinutes":83,"vigorousIntensityMinutes":0,"floorsAscendedInMeters":52.841,"floorsDescendedInMeters":128.798,"userIntensityMinutesGoal":150,"userFloorsAscendedGoal":10,"minHeartRate":44,"maxHeartRate":194,"restingHeartRate":59,"currentDayRestingHeartRate":53,"restingHeartRateTimestamp":1583967600000,"includesWellnessData":true,"includesActivityData":false,"includesCalorieConsumedData":false,"includesSingleMeasurement":false,"includesContinuousMeasurement":false,"includesAllDayPulseOx":false,"includesSleepPulseOx":false,"source":0,"allDayStress":{"userProfilePK":76018113,"calendarDate":"2020-03-11","aggregatorList":[{"type":"TOTAL","averageStressLevel":36,"averageStressLevelIntensity":25,"maxStressLevel":91,"stressIntensityCount":200,"stressOffWristCount":1132,"stressTooActiveCount":103,"totalStressCount":1435,"totalStressIntensity":528,"stressDuration":7020,"restDuration":4980,"activityDuration":6180,"uncategorizedDuration":67920,"totalDuration":86100,"lowDuration":3300,"mediumDuration":3000,"highDuration":720},{"type":"AWAKE","averageStressLevel":36,"averageStressLevelIntensity":25,"maxStressLevel":91,"stressIntensityCount":200,"stressOffWristCount":1132,"stressTooActiveCount":103,"totalStressCount":1435,"totalStressIntensity":528,"stressDuration":7020,"restDuration":4980,"activityDuration":6180,"uncategorizedDuration":67920,"totalDuration":86100,"lowDuration":3300,"mediumDuration":3000,"highDuration":720},{"type":"ASLEEP","averageStressLevel":-2,"averageStressLevelIntensity":-2,"maxStressLevel":0,"stressIntensityCount":0,"stressOffWristCount":0,"stressTooActiveCount":0,"totalStressCount":0,"totalStressIntensity":0,"stressDuration":0,"restDuration":0,"activityDuration":0,"uncategorizedDuration":0,"totalDuration":0,"lowDuration":0,"mediumDuration":0,"highDuration":0}]},"bodyBattery":{"userProfilePK":76018113,"calendarDate":"2020-03-11","bodyBatteryVersion":1.0},"minAvgHeartRate":47,"maxAvgHeartRate":188,"version":48960002},{"userProfilePK":76018113,"calendarDate":"2020-03-12","uuid":"8451e033f3554e2d9e87fffceaf21e76","durationInMilliseconds":86400000,"totalKilocalories":1996.0,"activeKilocalories":9.0,"bmrKilocalories":1987.0,"wellnessKilocalories":1996.0,"remainingKilocalories":1996.0,"wellnessTotalKilocalories":1996.0,"wellnessActiveKilocalories":9.0,"totalSteps":57,"dailyStepGoal":8020,"netCalorieGoal":1530,"totalDistanceMeters":45,"wellnessDistanceMeters":45,"wellnessStartTimeGmt":"2020-03-11T23:00:00.0","wellnessEndTimeGmt":"2020-03-12T23:00:00.0","wellnessStartTimeLocal":"2020-03-12T00:00:00.0","wellnessEndTimeLocal":"2020-03-13T00:00:00.0","highlyActiveSeconds":0,"activeSeconds":105,"moderateIntensityMinutes":0,"vigorousIntensityMinutes":0,"floorsAscendedInMeters":0.0,"floorsDescendedInMeters":0.0,"userIntensityMinutesGoal":150,"userFloorsAscendedGoal":10,"minHeartRate":58,"maxHeartRate":105,"restingHeartRate":59,"currentDayRestingHeartRate":64,"restingHeartRateTimestamp":1584054000000,"includesWellnessData":true,"includesActivityData":false,"includesCalorieConsumedData":false,"includesSingleMeasurement":false,"includesContinuousMeasurement":false,"includesAllDayPulseOx":false,"includesSleepPulseOx":false,"source":0,"allDayStress":{"userProfilePK":76018113,"calendarDate":"2020-03-12","aggregatorList":[{"type":"TOTAL","averageStressLevel":29,"averageStressLevelIntensity":22,"maxStressLevel":84,"stressIntensityCount":19,"stressOffWristCount":1410,"stressTooActiveCount":10,"totalStressCount":1439,"totalStressIntensity":264,"stressDuration":540,"restDuration":600,"activityDuration":600,"uncategorizedDuration":84600,"totalDuration":86340,"lowDuration":300,"mediumDuration":180,"highDuration":60},{"type":"AWAKE","averageStressLevel":29,"averageStressLevelIntensity":22,"maxStressLevel":84,"stressIntensityCount":19,"stressOffWristCount":1410,"stressTooActiveCount":10,"totalStressCount":1439,"totalStressIntensity":264,"stressDuration":540,"restDuration":600,"activityDuration":600,"uncategorizedDuration":84600,"totalDuration":86340,"lowDuration":300,"mediumDuration":180,"highDuration":60},{"type":"ASLEEP","averageStressLevel":-2,"averageStressLevelIntensity":-2,"maxStressLevel":0,"stressIntensityCount":0,"stressOffWristCount":0,"stressTooActiveCount":0,"totalStressCount":0,"totalStressIntensity":0,"stressDuration":0,"restDuration":0,"activityDuration":0,"uncategorizedDuration":0,"totalDuration":0,"lowDuration":0,"mediumDuration":0,"highDuration":0}]},"bodyBattery":{"userProfilePK":76018113,"calendarDate":"2020-03-12","bodyBatteryVersion":1.0},"minAvgHeartRate":59,"maxAvgHeartRate":100,"version":1},{"userProfilePK":76018113,"calendarDate":"2020-03-13","uuid":"059c1ca3200e44d8b02ce1a0afbecbcc","durationInMilliseconds":86400000,"totalKilocalories":1987.0,"activeKilocalories":0.0,"bmrKilocalories":1987.0,"wellnessKilocalories":1987.0,"remainingKilocalories":1987.0,"wellnessTotalKilocalories":1987.0,"wellnessActiveKilocalories":0.0,"totalSteps":21,"dailyStepGoal":8020,"netCalorieGoal":1530,"totalDistanceMeters":16,"wellnessDistanceMeters":16,"wellnessStartTimeGmt":"2020-03-12T23:00:00.0","wellnessEndTimeGmt":"2020-03-13T23:00:00.0","wellnessStartTimeLocal":"2020-03-13T00:00:00.0","wellnessEndTimeLocal":"2020-03-14T00:00:00.0","highlyActiveSeconds":0,"activeSeconds":66,"moderateIntensityMinutes":0,"vigorousIntensityMinutes":0,"floorsAscendedInMeters":0.0,"floorsDescendedInMeters":0.0,"userIntensityMinutesGoal":150,"userFloorsAscendedGoal":10,"minHeartRate":83,"maxHeartRate":98,"includesWellnessData":true,"includesActivityData":false,"includesCalorieConsumedData":false,"includesSingleMeasurement":false,"includesContinuousMeasurement":false,"includesAllDayPulseOx":false,"includesSleepPulseOx":false,"source":0,"allDayStress":{"userProfilePK":76018113,"calendarDate":"2020-03-13","aggregatorList":[{"type":"TOTAL","averageStressLevel":78,"averageStressLevelIntensity":77,"maxStressLevel":87,"stressIntensityCount":3,"stressOffWristCount":1398,"stressTooActiveCount":36,"totalStressCount":1437,"totalStressIntensity":-210,"stressDuration":180,"restDuration":0,"activityDuration":2160,"uncategorizedDuration":83880,"totalDuration":86220,"lowDuration":0,"mediumDuration":60,"highDuration":120},{"type":"AWAKE","averageStressLevel":78,"averageStressLevelIntensity":77,"maxStressLevel":87,"stressIntensityCount":3,"stressOffWristCount":1398,"stressTooActiveCount":36,"totalStressCount":1437,"totalStressIntensity":-210,"stressDuration":180,"restDuration":0,"activityDuration":2160,"uncategorizedDuration":83880,"totalDuration":86220,"lowDuration":0,"mediumDuration":60,"highDuration":120},{"type":"ASLEEP","averageStressLevel":-2,"averageStressLevelIntensity":-2,"maxStressLevel":0,"stressIntensityCount":0,"stressOffWristCount":0,"stressTooActiveCount":0,"totalStressCount":0,"totalStressIntensity":0,"stressDuration":0,"restDuration":0,"activityDuration":0,"uncategorizedDuration":0,"totalDuration":0,"lowDuration":0,"mediumDuration":0,"highDuration":0}]},"bodyBattery":{"userProfilePK":76018113,"calendarDate":"2020-03-13","bodyBatteryVersion":1.0},"minAvgHeartRate":83,"maxAvgHeartRate":98,"version":71460002},{"userProfilePK":76018113,"calendarDate":"2020-03-14","uuid":"33afb4f138a74010a620c5d337cbd01f","durationInMilliseconds":86400000,"totalKilocalories":1987.0,"activeKilocalories":0.0,"bmrKilocalories":1987.0,"wellnessKilocalories":1987.0,"remainingKilocalories":1987.0,"wellnessTotalKilocalories":1987.0,"wellnessActiveKilocalories":0.0,"totalSteps":0,"dailyStepGoal":8020,"netCalorieGoal":1530,"totalDistanceMeters":0,"wellnessDistanceMeters":0,"wellnessStartTimeGmt":"2020-03-13T23:00:00.0","wellnessEndTimeGmt":"2020-03-14T23:00:00.0","wellnessStartTimeLocal":"2020-03-14T00:00:00.0","wellnessEndTimeLocal":"2020-03-15T00:00:00.0","highlyActiveSeconds":0,"activeSeconds":0,"moderateIntensityMinutes":0,"vigorousIntensityMinutes":0,"floorsAscendedInMeters":0.0,"floorsDescendedInMeters":0.0,"userIntensityMinutesGoal":150,"userFloorsAscendedGoal":10,"includesWellnessData":true,"includesActivityData":false,"includesCalorieConsumedData":false,"includesSingleMeasurement":false,"includesContinuousMeasurement":false,"includesAllDayPulseOx":false,"includesSleepPulseOx":false,"source":0,"allDayStress":{"userProfilePK":76018113,"calendarDate":"2020-03-14","aggregatorList":[{"type":"TOTAL","averageStressLevel":-1,"averageStressLevelIntensity":-1,"maxStressLevel":0,"stressIntensityCount":0,"stressOffWristCount":904,"stressTooActiveCount":0,"totalStressCount":904,"totalStressIntensity":0,"stressDuration":0,"restDuration":0,"activityDuration":0,"uncategorizedDuration":54240,"totalDuration":54240,"lowDuration":0,"mediumDuration":0,"highDuration":0},{"type":"AWAKE","averageStressLevel":-1,"averageStressLevelIntensity":-1,"maxStressLevel":0,"stressIntensityCount":0,"stressOffWristCount":904,"stressTooActiveCount":0,"totalStressCount":904,"totalStressIntensity":0,"stressDuration":0,"restDuration":0,"activityDuration":0,"uncategorizedDuration":54240,"totalDuration":54240,"lowDuration":0,"mediumDuration":0,"highDuration":0},{"type":"ASLEEP","averageStressLevel":-2,"averageStressLevelIntensity":-2,"maxStressLevel":0,"stressIntensityCount":0,"stressOffWristCount":0,"stressTooActiveCount":0,"totalStressCount":0,"totalStressIntensity":0,"stressDuration":0,"restDuration":0,"activityDuration":0,"uncategorizedDuration":0,"totalDuration":0,"lowDuration":0,"mediumDuration":0,"highDuration":0}]},"bodyBattery":{"userProfilePK":76018113,"calendarDate":"2020-03-14","bodyBatteryVersion":1.0},"version":55320002},{"userProfilePK":76018113,"calendarDate":"2020-03-15","uuid":"944fe5cfb4e2499eb673f0b1c68e3c3e","durationInMilliseconds":86400000,"totalKilocalories":1989.0,"activeKilocalories":2.0,"bmrKilocalories":1987.0,"wellnessKilocalories":1989.0,"remainingKilocalories":1989.0,"wellnessTotalKilocalories":1989.0,"wellnessActiveKilocalories":2.0,"totalSteps":67,"dailyStepGoal":8020,"netCalorieGoal":1530,"totalDistanceMeters":52,"wellnessDistanceMeters":52,"wellnessStartTimeGmt":"2020-03-14T23:00:00.0","wellnessEndTimeGmt":"2020-03-15T23:00:00.0","wellnessStartTimeLocal":"2020-03-15T00:00:00.0","wellnessEndTimeLocal":"2020-03-16T00:00:00.0","highlyActiveSeconds":0,"activeSeconds":22,"moderateIntensityMinutes":0,"vigorousIntensityMinutes":0,"floorsAscendedInMeters":0.0,"floorsDescendedInMeters":0.0,"userIntensityMinutesGoal":150,"userFloorsAscendedGoal":10,"minHeartRate":92,"maxHeartRate":101,"includesWellnessData":true,"includesActivityData":false,"includesCalorieConsumedData":false,"includesSingleMeasurement":false,"includesContinuousMeasurement":false,"includesAllDayPulseOx":false,"includesSleepPulseOx":false,"source":0,"allDayStress":{"userProfilePK":76018113,"calendarDate":"2020-03-15","aggregatorList":[{"type":"TOTAL","averageStressLevel":-1,"averageStressLevelIntensity":-1,"maxStressLevel":0,"stressIntensityCount":0,"stressOffWristCount":1436,"stressTooActiveCount":2,"totalStressCount":1438,"totalStressIntensity":0,"stressDuration":0,"restDuration":0,"activityDuration":120,"uncategorizedDuration":86160,"totalDuration":86280,"lowDuration":0,"mediumDuration":0,"highDuration":0},{"type":"AWAKE","averageStressLevel":-1,"averageStressLevelIntensity":-1,"maxStressLevel":0,"stressIntensityCount":0,"stressOffWristCount":1436,"stressTooActiveCount":2,"totalStressCount":1438,"totalStressIntensity":0,"stressDuration":0,"restDuration":0,"activityDuration":120,"uncategorizedDuration":86160,"totalDuration":86280,"lowDuration":0,"mediumDuration":0,"highDuration":0},{"type":"ASLEEP","averageStressLevel":-2,"averageStressLevelIntensity":-2,"maxStressLevel":0,"stressIntensityCount":0,"stressOffWristCount":0,"stressTooActiveCount":0,"totalStressCount":0,"totalStressIntensity":0,"stressDuration":0,"restDuration":0,"activityDuration":0,"uncategorizedDuration":0,"totalDuration":0,"lowDuration":0,"mediumDuration":0,"highDuration":0}]},"bodyBattery":{"userProfilePK":76018113,"calendarDate":"2020-03-15","bodyBatteryVersion":1.0},"minAvgHeartRate":92,"maxAvgHeartRate":100,"version":1},{"userProfilePK":76018113,"calendarDate":"2020-03-16","uuid":"b6f3a589440d42c483217539a74b609d","durationInMilliseconds":86400000,"totalKilocalories":1987.0,"activeKilocalories":0.0,"bmrKilocalories":1987.0,"wellnessKilocalories":1987.0,"remainingKilocalories":1987.0,"wellnessTotalKilocalories":1987.0,"wellnessActiveKilocalories":0.0,"totalSteps":0,"dailyStepGoal":8020,"netCalorieGoal":1530,"totalDistanceMeters":0,"wellnessDistanceMeters":0,"wellnessStartTimeGmt":"2020-03-15T23:00:00.0","wellnessEndTimeGmt":"2020-03-16T23:00:00.0","wellnessStartTimeLocal":"2020-03-16T00:00:00.0","wellnessEndTimeLocal":"2020-03-17T00:00:00.0","highlyActiveSeconds":0,"activeSeconds":0,"moderateIntensityMinutes":0,"vigorousIntensityMinutes":0,"floorsAscendedInMeters":0.0,"floorsDescendedInMeters":0.0,"userIntensityMinutesGoal":150,"userFloorsAscendedGoal":10,"includesWellnessData":true,"includesActivityData":false,"includesCalorieConsumedData":false,"includesSingleMeasurement":false,"includesContinuousMeasurement":false,"includesAllDayPulseOx":false,"includesSleepPulseOx":false,"source":0,"allDayStress":{"userProfilePK":76018113,"calendarDate":"2020-03-16","aggregatorList":[{"type":"TOTAL","averageStressLevel":-1,"averageStressLevelIntensity":-1,"maxStressLevel":0,"stressIntensityCount":0,"stressOffWristCount":1440,"stressTooActiveCount":0,"totalStressCount":1440,"totalStressIntensity":0,"stressDuration":0,"restDuration":0,"activityDuration":0,"uncategorizedDuration":86400,"totalDuration":86400,"lowDuration":0,"mediumDuration":0,"highDuration":0},{"type":"AWAKE","averageStressLevel":-1,"averageStressLevelIntensity":-1,"maxStressLevel":0,"stressIntensityCount":0,"stressOffWristCount":1440,"stressTooActiveCount":0,"totalStressCount":1440,"totalStressIntensity":0,"stressDuration":0,"restDuration":0,"activityDuration":0,"uncategorizedDuration":86400,"totalDuration":86400,"lowDuration":0,"mediumDuration":0,"highDuration":0},{"type":"ASLEEP","averageStressLevel":-2,"averageStressLevelIntensity":-2,"maxStressLevel":0,"stressIntensityCount":0,"stressOffWristCount":0,"stressTooActiveCount":0,"totalStressCount":0,"totalStressIntensity":0,"stressDuration":0,"restDuration":0,"activityDuration":0,"uncategorizedDuration":0,"totalDuration":0,"lowDuration":0,"mediumDuration":0,"highDuration":0}]},"bodyBattery":{"userProfilePK":76018113,"calendarDate":"2020-03-16","bodyBatteryVersion":1.0},"version":1},{"userProfilePK":76018113,"calendarDate":"2020-03-17","uuid":"82200b40b65f4c9ba049f4160ecc2b02","durationInMilliseconds":86400000,"totalKilocalories":1987.0,"activeKilocalories":0.0,"bmrKilocalories":1987.0,"wellnessKilocalories":1987.0,"remainingKilocalories":1987.0,"wellnessTotalKilocalories":1987.0,"wellnessActiveKilocalories":0.0,"totalSteps":0,"dailyStepGoal":8020,"netCalorieGoal":1530,"totalDistanceMeters":0,"wellnessDistanceMeters":0,"wellnessStartTimeGmt":"2020-03-16T23:00:00.0","wellnessEndTimeGmt":"2020-03-17T23:00:00.0","wellnessStartTimeLocal":"2020-03-17T00:00:00.0","wellnessEndTimeLocal":"2020-03-18T00:00:00.0","highlyActiveSeconds":0,"activeSeconds":0,"moderateIntensityMinutes":0,"vigorousIntensityMinutes":0,"floorsAscendedInMeters":0.0,"floorsDescendedInMeters":0.0,"userIntensityMinutesGoal":150,"userFloorsAscendedGoal":10,"includesWellnessData":true,"includesActivityData":false,"includesCalorieConsumedData":false,"includesSingleMeasurement":false,"includesContinuousMeasurement":false,"includesAllDayPulseOx":false,"includesSleepPulseOx":false,"source":0,"allDayStress":{"userProfilePK":76018113,"calendarDate":"2020-03-17","aggregatorList":[{"type":"TOTAL","averageStressLevel":-1,"averageStressLevelIntensity":-1,"maxStressLevel":0,"stressIntensityCount":0,"stressOffWristCount":1437,"stressTooActiveCount":0,"totalStressCount":1437,"totalStressIntensity":0,"stressDuration":0,"restDuration":0,"activityDuration":0,"uncategorizedDuration":86220,"totalDuration":86220,"lowDuration":0,"mediumDuration":0,"highDuration":0},{"type":"AWAKE","averageStressLevel":-1,"averageStressLevelIntensity":-1,"maxStressLevel":0,"stressIntensityCount":0,"stressOffWristCount":1437,"stressTooActiveCount":0,"totalStressCount":1437,"totalStressIntensity":0,"stressDuration":0,"restDuration":0,"activityDuration":0,"uncategorizedDuration":86220,"totalDuration":86220,"lowDuration":0,"mediumDuration":0,"highDuration":0},{"type":"ASLEEP","averageStressLevel":-2,"averageStressLevelIntensity":-2,"maxStressLevel":0,"stressIntensityCount":0,"stressOffWristCount":0,"stressTooActiveCount":0,"totalStressCount":0,"totalStressIntensity":0,"stressDuration":0,"restDuration":0,"activityDuration":0,"uncategorizedDuration":0,"totalDuration":0,"lowDuration":0,"mediumDuration":0,"highDuration":0}]},"bodyBattery":{"userProfilePK":76018113,"calendarDate":"2020-03-17","bodyBatteryVersion":1.0},"version":1},{"userProfilePK":76018113,"calendarDate":"2020-03-18","uuid":"fb57bea18b064b57b620c88551a928fd","durationInMilliseconds":86400000,"totalKilocalories":1987.0,"activeKilocalories":0.0,"bmrKilocalories":1987.0,"wellnessKilocalories":1987.0,"remainingKilocalories":1987.0,"wellnessTotalKilocalories":1987.0,"wellnessActiveKilocalories":0.0,"totalSteps":0,"dailyStepGoal":8020,"netCalorieGoal":1530,"totalDistanceMeters":0,"wellnessDistanceMeters":0,"wellnessStartTimeGmt":"2020-03-17T23:00:00.0","wellnessEndTimeGmt":"2020-03-18T23:00:00.0","wellnessStartTimeLocal":"2020-03-18T00:00:00.0","wellnessEndTimeLocal":"2020-03-19T00:00:00.0","highlyActiveSeconds":0,"activeSeconds":0,"moderateIntensityMinutes":0,"vigorousIntensityMinutes":0,"floorsAscendedInMeters":0.0,"floorsDescendedInMeters":0.0,"userIntensityMinutesGoal":150,"userFloorsAscendedGoal":10,"includesWellnessData":true,"includesActivityData":false,"includesCalorieConsumedData":false,"includesSingleMeasurement":false,"includesContinuousMeasurement":false,"includesAllDayPulseOx":false,"includesSleepPulseOx":false,"source":0,"allDayStress":{"userProfilePK":76018113,"calendarDate":"2020-03-18","aggregatorList":[{"type":"TOTAL","averageStressLevel":-1,"averageStressLevelIntensity":-1,"maxStressLevel":0,"stressIntensityCount":0,"stressOffWristCount":1439,"stressTooActiveCount":0,"totalStressCount":1439,"totalStressIntensity":0,"stressDuration":0,"restDuration":0,"activityDuration":0,"uncategorizedDuration":86340,"totalDuration":86340,"lowDuration":0,"mediumDuration":0,"highDuration":0},{"type":"AWAKE","averageStressLevel":-1,"averageStressLevelIntensity":-1,"maxStressLevel":0,"stressIntensityCount":0,"stressOffWristCount":1439,"stressTooActiveCount":0,"totalStressCount":1439,"totalStressIntensity":0,"stressDuration":0,"restDuration":0,"activityDuration":0,"uncategorizedDuration":86340,"totalDuration":86340,"lowDuration":0,"mediumDuration":0,"highDuration":0},{"type":"ASLEEP","averageStressLevel":-2,"averageStressLevelIntensity":-2,"maxStressLevel":0,"stressIntensityCount":0,"stressOffWristCount":0,"stressTooActiveCount":0,"totalStressCount":0,"totalStressIntensity":0,"stressDuration":0,"restDuration":0,"activityDuration":0,"uncategorizedDuration":0,"totalDuration":0,"lowDuration":0,"mediumDuration":0,"highDuration":0}]},"bodyBattery":{"userProfilePK":76018113,"calendarDate":"2020-03-18","bodyBatteryVersion":1.0},"version":1},{"userProfilePK":76018113,"calendarDate":"2020-03-19","uuid":"cc882878e5304bd1ade59fb95e5df0d9","durationInMilliseconds":86400000,"totalKilocalories":1987.0,"activeKilocalories":0.0,"bmrKilocalories":1987.0,"wellnessKilocalories":1987.0,"remainingKilocalories":1987.0,"wellnessTotalKilocalories":1987.0,"wellnessActiveKilocalories":0.0,"totalSteps":0,"dailyStepGoal":8020,"netCalorieGoal":1530,"totalDistanceMeters":0,"wellnessDistanceMeters":0,"wellnessStartTimeGmt":"2020-03-18T23:00:00.0","wellnessEndTimeGmt":"2020-03-19T23:00:00.0","wellnessStartTimeLocal":"2020-03-19T00:00:00.0","wellnessEndTimeLocal":"2020-03-20T00:00:00.0","highlyActiveSeconds":0,"activeSeconds":0,"moderateIntensityMinutes":0,"vigorousIntensityMinutes":0,"floorsAscendedInMeters":0.0,"floorsDescendedInMeters":0.0,"userIntensityMinutesGoal":150,"userFloorsAscendedGoal":10,"includesWellnessData":true,"includesActivityData":false,"includesCalorieConsumedData":false,"includesSingleMeasurement":false,"includesContinuousMeasurement":false,"includesAllDayPulseOx":false,"includesSleepPulseOx":false,"source":0,"allDayStress":{"userProfilePK":76018113,"calendarDate":"2020-03-19","aggregatorList":[{"type":"TOTAL","averageStressLevel":-1,"averageStressLevelIntensity":-1,"maxStressLevel":0,"stressIntensityCount":0,"stressOffWristCount":1439,"stressTooActiveCount":0,"totalStressCount":1439,"totalStressIntensity":0,"stressDuration":0,"restDuration":0,"activityDuration":0,"uncategorizedDuration":86340,"totalDuration":86340,"lowDuration":0,"mediumDuration":0,"highDuration":0},{"type":"AWAKE","averageStressLevel":-1,"averageStressLevelIntensity":-1,"maxStressLevel":0,"stressIntensityCount":0,"stressOffWristCount":1439,"stressTooActiveCount":0,"totalStressCount":1439,"totalStressIntensity":0,"stressDuration":0,"restDuration":0,"activityDuration":0,"uncategorizedDuration":86340,"totalDuration":86340,"lowDuration":0,"mediumDuration":0,"highDuration":0},{"type":"ASLEEP","averageStressLevel":-2,"averageStressLevelIntensity":-2,"maxStressLevel":0,"stressIntensityCount":0,"stressOffWristCount":0,"stressTooActiveCount":0,"totalStressCount":0,"totalStressIntensity":0,"stressDuration":0,"restDuration":0,"activityDuration":0,"uncategorizedDuration":0,"totalDuration":0,"lowDuration":0,"mediumDuration":0,"highDuration":0}]},"bodyBattery":{"userProfilePK":76018113,"calendarDate":"2020-03-19","bodyBatteryVersion":1.0},"version":1},{"userProfilePK":76018113,"calendarDate":"2020-03-20","uuid":"bfe69a05c576480398a6a250b5f42167","durationInMilliseconds":86400000,"totalKilocalories":1987.0,"activeKilocalories":0.0,"bmrKilocalories":1987.0,"wellnessKilocalories":1987.0,"remainingKilocalories":1987.0,"wellnessTotalKilocalories":1987.0,"wellnessActiveKilocalories":0.0,"totalSteps":0,"dailyStepGoal":8020,"netCalorieGoal":1530,"totalDistanceMeters":0,"wellnessDistanceMeters":0,"wellnessStartTimeGmt":"2020-03-19T23:00:00.0","wellnessEndTimeGmt":"2020-03-20T23:00:00.0","wellnessStartTimeLocal":"2020-03-20T00:00:00.0","wellnessEndTimeLocal":"2020-03-21T00:00:00.0","highlyActiveSeconds":0,"activeSeconds":0,"moderateIntensityMinutes":0,"vigorousIntensityMinutes":0,"floorsAscendedInMeters":0.0,"floorsDescendedInMeters":0.0,"userIntensityMinutesGoal":150,"userFloorsAscendedGoal":10,"includesWellnessData":true,"includesActivityData":false,"includesCalorieConsumedData":false,"includesSingleMeasurement":false,"includesContinuousMeasurement":false,"includesAllDayPulseOx":false,"includesSleepPulseOx":false,"source":0,"allDayStress":{"userProfilePK":76018113,"calendarDate":"2020-03-20","aggregatorList":[{"type":"TOTAL","averageStressLevel":-1,"averageStressLevelIntensity":-1,"maxStressLevel":0,"stressIntensityCount":0,"stressOffWristCount":1439,"stressTooActiveCount":0,"totalStressCount":1439,"totalStressIntensity":0,"stressDuration":0,"restDuration":0,"activityDuration":0,"uncategorizedDuration":86340,"totalDuration":86340,"lowDuration":0,"mediumDuration":0,"highDuration":0},{"type":"AWAKE","averageStressLevel":-1,"averageStressLevelIntensity":-1,"maxStressLevel":0,"stressIntensityCount":0,"stressOffWristCount":1439,"stressTooActiveCount":0,"totalStressCount":1439,"totalStressIntensity":0,"stressDuration":0,"restDuration":0,"activityDuration":0,"uncategorizedDuration":86340,"totalDuration":86340,"lowDuration":0,"mediumDuration":0,"highDuration":0},{"type":"ASLEEP","averageStressLevel":-2,"averageStressLevelIntensity":-2,"maxStressLevel":0,"stressIntensityCount":0,"stressOffWristCount":0,"stressTooActiveCount":0,"totalStressCount":0,"totalStressIntensity":0,"stressDuration":0,"restDuration":0,"activityDuration":0,"uncategorizedDuration":0,"totalDuration":0,"lowDuration":0,"mediumDuration":0,"highDuration":0}]},"bodyBattery":{"userProfilePK":76018113,"calendarDate":"2020-03-20","bodyBatteryVersion":1.0},"version":1},{"userProfilePK":76018113,"calendarDate":"2020-03-21","uuid":"f0a8e04b52ba422ca38e652f7614ba01","durationInMilliseconds":86400000,"totalKilocalories":1987.0,"activeKilocalories":0.0,"bmrKilocalories":1987.0,"wellnessKilocalories":1987.0,"remainingKilocalories":1987.0,"wellnessTotalKilocalories":1987.0,"wellnessActiveKilocalories":0.0,"totalSteps":0,"dailyStepGoal":8020,"netCalorieGoal":1530,"totalDistanceMeters":0,"wellnessDistanceMeters":0,"wellnessStartTimeGmt":"2020-03-20T23:00:00.0","wellnessEndTimeGmt":"2020-03-21T23:00:00.0","wellnessStartTimeLocal":"2020-03-21T00:00:00.0","wellnessEndTimeLocal":"2020-03-22T00:00:00.0","highlyActiveSeconds":0,"activeSeconds":0,"moderateIntensityMinutes":0,"vigorousIntensityMinutes":0,"floorsAscendedInMeters":0.0,"floorsDescendedInMeters":0.0,"userIntensityMinutesGoal":150,"userFloorsAscendedGoal":10,"includesWellnessData":true,"includesActivityData":false,"includesCalorieConsumedData":false,"includesSingleMeasurement":false,"includesContinuousMeasurement":false,"includesAllDayPulseOx":false,"includesSleepPulseOx":false,"source":0,"allDayStress":{"userProfilePK":76018113,"calendarDate":"2020-03-21","aggregatorList":[{"type":"TOTAL","averageStressLevel":-1,"averageStressLevelIntensity":-1,"maxStressLevel":0,"stressIntensityCount":0,"stressOffWristCount":1427,"stressTooActiveCount":0,"totalStressCount":1427,"totalStressIntensity":0,"stressDuration":0,"restDuration":0,"activityDuration":0,"uncategorizedDuration":85620,"totalDuration":85620,"lowDuration":0,"mediumDuration":0,"highDuration":0},{"type":"AWAKE","averageStressLevel":-1,"averageStressLevelIntensity":-1,"maxStressLevel":0,"stressIntensityCount":0,"stressOffWristCount":1427,"stressTooActiveCount":0,"totalStressCount":1427,"totalStressIntensity":0,"stressDuration":0,"restDuration":0,"activityDuration":0,"uncategorizedDuration":85620,"totalDuration":85620,"lowDuration":0,"mediumDuration":0,"highDuration":0},{"type":"ASLEEP","averageStressLevel":-2,"averageStressLevelIntensity":-2,"maxStressLevel":0,"stressIntensityCount":0,"stressOffWristCount":0,"stressTooActiveCount":0,"totalStressCount":0,"totalStressIntensity":0,"stressDuration":0,"restDuration":0,"activityDuration":0,"uncategorizedDuration":0,"totalDuration":0,"lowDuration":0,"mediumDuration":0,"highDuration":0}]},"bodyBattery":{"userProfilePK":76018113,"calendarDate":"2020-03-21","bodyBatteryVersion":1.0},"version":1},{"userProfilePK":76018113,"calendarDate":"2020-03-22","uuid":"e15798685b6546af88e6d5fc106a7824","durationInMilliseconds":86400000,"totalKilocalories":1987.0,"activeKilocalories":0.0,"bmrKilocalories":1987.0,"wellnessKilocalories":1987.0,"remainingKilocalories":1987.0,"wellnessTotalKilocalories":1987.0,"wellnessActiveKilocalories":0.0,"totalSteps":0,"dailyStepGoal":8020,"netCalorieGoal":1530,"totalDistanceMeters":0,"wellnessDistanceMeters":0,"wellnessStartTimeGmt":"2020-03-21T23:00:00.0","wellnessEndTimeGmt":"2020-03-22T23:00:00.0","wellnessStartTimeLocal":"2020-03-22T00:00:00.0","wellnessEndTimeLocal":"2020-03-23T00:00:00.0","highlyActiveSeconds":0,"activeSeconds":0,"moderateIntensityMinutes":0,"vigorousIntensityMinutes":0,"floorsAscendedInMeters":0.0,"floorsDescendedInMeters":0.0,"userIntensityMinutesGoal":150,"userFloorsAscendedGoal":10,"includesWellnessData":true,"includesActivityData":false,"includesCalorieConsumedData":false,"includesSingleMeasurement":false,"includesContinuousMeasurement":false,"includesAllDayPulseOx":false,"includesSleepPulseOx":false,"source":0,"allDayStress":{"userProfilePK":76018113,"calendarDate":"2020-03-22","aggregatorList":[{"type":"TOTAL","averageStressLevel":-1,"averageStressLevelIntensity":-1,"maxStressLevel":0,"stressIntensityCount":0,"stressOffWristCount":1440,"stressTooActiveCount":0,"totalStressCount":1440,"totalStressIntensity":0,"stressDuration":0,"restDuration":0,"activityDuration":0,"uncategorizedDuration":86400,"totalDuration":86400,"lowDuration":0,"mediumDuration":0,"highDuration":0},{"type":"AWAKE","averageStressLevel":-1,"averageStressLevelIntensity":-1,"maxStressLevel":0,"stressIntensityCount":0,"stressOffWristCount":1440,"stressTooActiveCount":0,"totalStressCount":1440,"totalStressIntensity":0,"stressDuration":0,"restDuration":0,"activityDuration":0,"uncategorizedDuration":86400,"totalDuration":86400,"lowDuration":0,"mediumDuration":0,"highDuration":0},{"type":"ASLEEP","averageStressLevel":-2,"averageStressLevelIntensity":-2,"maxStressLevel":0,"stressIntensityCount":0,"stressOffWristCount":0,"stressTooActiveCount":0,"totalStressCount":0,"totalStressIntensity":0,"stressDuration":0,"restDuration":0,"activityDuration":0,"uncategorizedDuration":0,"totalDuration":0,"lowDuration":0,"mediumDuration":0,"highDuration":0}]},"bodyBattery":{"userProfilePK":76018113,"calendarDate":"2020-03-22","bodyBatteryVersion":1.0},"version":1},{"userProfilePK":76018113,"calendarDate":"2020-03-23","uuid":"87386e45290d44408594202548b9b186","durationInMilliseconds":86400000,"totalKilocalories":1987.0,"activeKilocalories":0.0,"bmrKilocalories":1987.0,"wellnessKilocalories":1987.0,"remainingKilocalories":1987.0,"wellnessTotalKilocalories":1987.0,"wellnessActiveKilocalories":0.0,"totalSteps":0,"dailyStepGoal":8020,"netCalorieGoal":1530,"totalDistanceMeters":0,"wellnessDistanceMeters":0,"wellnessStartTimeGmt":"2020-03-22T23:00:00.0","wellnessEndTimeGmt":"2020-03-23T23:00:00.0","wellnessStartTimeLocal":"2020-03-23T00:00:00.0","wellnessEndTimeLocal":"2020-03-24T00:00:00.0","highlyActiveSeconds":0,"activeSeconds":0,"moderateIntensityMinutes":0,"vigorousIntensityMinutes":0,"floorsAscendedInMeters":0.0,"floorsDescendedInMeters":0.0,"userIntensityMinutesGoal":150,"userFloorsAscendedGoal":10,"includesWellnessData":true,"includesActivityData":false,"includesCalorieConsumedData":false,"includesSingleMeasurement":false,"includesContinuousMeasurement":false,"includesAllDayPulseOx":false,"includesSleepPulseOx":false,"source":0,"allDayStress":{"userProfilePK":76018113,"calendarDate":"2020-03-23","aggregatorList":[{"type":"TOTAL","averageStressLevel":-1,"averageStressLevelIntensity":-1,"maxStressLevel":0,"stressIntensityCount":0,"stressOffWristCount":1440,"stressTooActiveCount":0,"totalStressCount":1440,"totalStressIntensity":0,"stressDuration":0,"restDuration":0,"activityDuration":0,"uncategorizedDuration":86400,"totalDuration":86400,"lowDuration":0,"mediumDuration":0,"highDuration":0},{"type":"AWAKE","averageStressLevel":-1,"averageStressLevelIntensity":-1,"maxStressLevel":0,"stressIntensityCount":0,"stressOffWristCount":1440,"stressTooActiveCount":0,"totalStressCount":1440,"totalStressIntensity":0,"stressDuration":0,"restDuration":0,"activityDuration":0,"uncategorizedDuration":86400,"totalDuration":86400,"lowDuration":0,"mediumDuration":0,"highDuration":0},{"type":"ASLEEP","averageStressLevel":-2,"averageStressLevelIntensity":-2,"maxStressLevel":0,"stressIntensityCount":0,"stressOffWristCount":0,"stressTooActiveCount":0,"totalStressCount":0,"totalStressIntensity":0,"stressDuration":0,"restDuration":0,"activityDuration":0,"uncategorizedDuration":0,"totalDuration":0,"lowDuration":0,"mediumDuration":0,"highDuration":0}]},"bodyBattery":{"userProfilePK":76018113,"calendarDate":"2020-03-23","bodyBatteryVersion":1.0},"version":4},{"userProfilePK":76018113,"calendarDate":"2020-03-24","uuid":"cffa0e26eb6841e9a278f30847679264","durationInMilliseconds":59460000,"totalKilocalories":1368.0,"activeKilocalories":1.0,"bmrKilocalories":1367.0,"wellnessKilocalories":1368.0,"remainingKilocalories":1368.0,"wellnessTotalKilocalories":1368.0,"wellnessActiveKilocalories":1.0,"totalSteps":56,"dailyStepGoal":8020,"netCalorieGoal":1530,"totalDistanceMeters":44,"wellnessDistanceMeters":44,"wellnessStartTimeGmt":"2020-03-23T23:00:00.0","wellnessEndTimeGmt":"2020-03-24T15:31:00.0","wellnessStartTimeLocal":"2020-03-24T00:00:00.0","wellnessEndTimeLocal":"2020-03-24T16:31:00.0","highlyActiveSeconds":0,"activeSeconds":21,"moderateIntensityMinutes":0,"vigorousIntensityMinutes":0,"floorsAscendedInMeters":0.0,"floorsDescendedInMeters":0.0,"userIntensityMinutesGoal":150,"userFloorsAscendedGoal":10,"minHeartRate":68,"maxHeartRate":85,"includesWellnessData":true,"includesActivityData":false,"includesCalorieConsumedData":false,"includesSingleMeasurement":false,"includesContinuousMeasurement":false,"includesAllDayPulseOx":false,"includesSleepPulseOx":false,"source":0,"allDayStress":{"userProfilePK":76018113,"calendarDate":"2020-03-24","aggregatorList":[{"type":"TOTAL","averageStressLevel":54,"averageStressLevelIntensity":54,"maxStressLevel":54,"stressIntensityCount":1,"stressOffWristCount":953,"stressTooActiveCount":1,"totalStressCount":955,"totalStressIntensity":-39,"stressDuration":60,"restDuration":0,"activityDuration":60,"uncategorizedDuration":57180,"totalDuration":57300,"lowDuration":0,"mediumDuration":60,"highDuration":0},{"type":"AWAKE","averageStressLevel":54,"averageStressLevelIntensity":54,"maxStressLevel":54,"stressIntensityCount":1,"stressOffWristCount":953,"stressTooActiveCount":1,"totalStressCount":955,"totalStressIntensity":-39,"stressDuration":60,"restDuration":0,"activityDuration":60,"uncategorizedDuration":57180,"totalDuration":57300,"lowDuration":0,"mediumDuration":60,"highDuration":0},{"type":"ASLEEP","averageStressLevel":-2,"averageStressLevelIntensity":-2,"maxStressLevel":0,"stressIntensityCount":0,"stressOffWristCount":0,"stressTooActiveCount":0,"totalStressCount":0,"totalStressIntensity":0,"stressDuration":0,"restDuration":0,"activityDuration":0,"uncategorizedDuration":0,"totalDuration":0,"lowDuration":0,"mediumDuration":0,"highDuration":0}]},"bodyBattery":{"userProfilePK":76018113,"calendarDate":"2020-03-24","bodyBatteryVersion":1.0},"minAvgHeartRate":71,"maxAvgHeartRate":85,"version":59460000},{"userProfilePK":76018113,"calendarDate":"2020-03-27","uuid":"f16a9bfa682f47f38421a884da0f80cb","durationInMilliseconds":0,"consumedKilocalories":0.0,"remainingKilocalories":0.0,"netCalorieGoal":1530,"wellnessStartTimeGmt":"2020-03-26T23:00:00.0","wellnessEndTimeGmt":"2020-03-27T23:00:00.0","wellnessStartTimeLocal":"2020-03-27T00:00:00.0","wellnessEndTimeLocal":"2020-03-28T00:00:00.0","includesWellnessData":false,"includesActivityData":false,"includesCalorieConsumedData":true,"source":0,"allDayStress":{},"version":2},{"userProfilePK":76018113,"calendarDate":"2020-03-28","uuid":"100d620023b641ee821e263ff44b0eb5","durationInMilliseconds":0,"consumedKilocalories":0.0,"remainingKilocalories":0.0,"netCalorieGoal":1530,"wellnessStartTimeGmt":"2020-03-27T23:00:00.0","wellnessEndTimeGmt":"2020-03-28T23:00:00.0","wellnessStartTimeLocal":"2020-03-28T00:00:00.0","wellnessEndTimeLocal":"2020-03-29T00:00:00.0","includesWellnessData":false,"includesActivityData":false,"includesCalorieConsumedData":true,"source":0,"allDayStress":{},"version":2},{"userProfilePK":76018113,"calendarDate":"2020-03-29","uuid":"660cb2e43ad84158b5b7ebafbb373a2a","durationInMilliseconds":0,"consumedKilocalories":0.0,"remainingKilocalories":0.0,"netCalorieGoal":1530,"wellnessStartTimeGmt":"2020-03-28T23:00:00.0","wellnessEndTimeGmt":"2020-03-29T23:00:00.0","wellnessStartTimeLocal":"2020-03-29T00:00:00.0","wellnessEndTimeLocal":"2020-03-30T00:00:00.0","includesWellnessData":false,"includesActivityData":false,"includesCalorieConsumedData":true,"source":0,"allDayStress":{},"version":2},{"userProfilePK":76018113,"calendarDate":"2020-03-30","uuid":"ccec524dcc53474595c0a53571c5a974","durationInMilliseconds":0,"consumedKilocalories":0.0,"remainingKilocalories":0.0,"netCalorieGoal":1530,"wellnessStartTimeGmt":"2020-03-29T23:00:00.0","wellnessEndTimeGmt":"2020-03-30T23:00:00.0","wellnessStartTimeLocal":"2020-03-30T00:00:00.0","wellnessEndTimeLocal":"2020-03-31T00:00:00.0","includesWellnessData":false,"includesActivityData":false,"includesCalorieConsumedData":true,"source":0,"allDayStress":{},"version":2},{"userProfilePK":76018113,"calendarDate":"2020-03-31","uuid":"511ebaa6c50645efb2937f0765a0dbe5","durationInMilliseconds":0,"consumedKilocalories":0.0,"remainingKilocalories":0.0,"netCalorieGoal":1530,"wellnessStartTimeGmt":"2020-03-30T23:00:00.0","wellnessEndTimeGmt":"2020-03-31T23:00:00.0","wellnessStartTimeLocal":"2020-03-31T00:00:00.0","wellnessEndTimeLocal":"2020-04-01T00:00:00.0","includesWellnessData":false,"includesActivityData":false,"includesCalorieConsumedData":true,"source":0,"allDayStress":{},"version":2},{"userProfilePK":76018113,"calendarDate":"2020-04-01","uuid":"3ad395a5fb9f4178baacd3addb08ca55","durationInMilliseconds":0,"consumedKilocalories":0.0,"remainingKilocalories":0.0,"netCalorieGoal":1530,"wellnessStartTimeGmt":"2020-03-31T23:00:00.0","wellnessEndTimeGmt":"2020-04-01T23:00:00.0","wellnessStartTimeLocal":"2020-04-01T00:00:00.0","wellnessEndTimeLocal":"2020-04-02T00:00:00.0","includesWellnessData":false,"includesActivityData":false,"includesCalorieConsumedData":true,"source":0,"allDayStress":{},"version":2},{"userProfilePK":76018113,"calendarDate":"2020-04-04","uuid":"a87ba5572af64071b9788df3808df992","durationInMilliseconds":0,"consumedKilocalories":0.0,"remainingKilocalories":0.0,"netCalorieGoal":1530,"wellnessStartTimeGmt":"2020-04-03T23:00:00.0","wellnessEndTimeGmt":"2020-04-04T23:00:00.0","wellnessStartTimeLocal":"2020-04-04T00:00:00.0","wellnessEndTimeLocal":"2020-04-05T00:00:00.0","includesWellnessData":false,"includesActivityData":false,"includesCalorieConsumedData":true,"source":0,"allDayStress":{},"version":4},{"userProfilePK":76018113,"calendarDate":"2020-04-06","uuid":"9a4c1bed2ef84373b1a7c10fb55c72d6","durationInMilliseconds":0,"consumedKilocalories":0.0,"remainingKilocalories":0.0,"netCalorieGoal":1530,"wellnessStartTimeGmt":"2020-04-05T23:00:00.0","wellnessEndTimeGmt":"2020-04-06T23:00:00.0","wellnessStartTimeLocal":"2020-04-06T00:00:00.0","wellnessEndTimeLocal":"2020-04-07T00:00:00.0","includesWellnessData":false,"includesActivityData":false,"includesCalorieConsumedData":true,"source":0,"allDayStress":{},"version":2},{"userProfilePK":76018113,"calendarDate":"2020-04-08","uuid":"d3debfc0a8e84fdc9c3bbd23a334eb6d","durationInMilliseconds":0,"consumedKilocalories":0.0,"remainingKilocalories":0.0,"netCalorieGoal":1530,"wellnessStartTimeGmt":"2020-04-07T23:00:00.0","wellnessEndTimeGmt":"2020-04-08T23:00:00.0","wellnessStartTimeLocal":"2020-04-08T00:00:00.0","wellnessEndTimeLocal":"2020-04-09T00:00:00.0","includesWellnessData":false,"includesActivityData":false,"includesCalorieConsumedData":true,"source":0,"allDayStress":{},"version":2}]