[{"userProfilePK":76018113,"calendarDate":"2019-04-07","uuid":"8dc57ffdaded471d9af2e45319d742d3","durationInMilliseconds":86400000,"totalKilocalories":3174.0,"activeKilocalories":1161.0,"bmrKilocalories":2013.0,"wellnessKilocalories":3174.0,"burnedKilocalories":0.0,"consumedKilocalories":0.0,"remainingKilocalories":3174.0,"wellnessTotalKilocalories":3174.0,"wellnessActiveKilocalories":1161.0,"totalSteps":12122,"dailyStepGoal":5000,"netCalorieGoal":1520,"totalDistanceMeters":12912,"wellnessDistanceMeters":12912,"wellnessStartTimeGmt":"2019-04-06T22:00:00.0","wellnessEndTimeGmt":"2019-04-07T22:00:00.0","wellnessStartTimeLocal":"2019-04-07T00:00:00.0","wellnessEndTimeLocal":"2019-04-08T00:00:00.0","highlyActiveSeconds":4314,"activeSeconds":3700,"moderateIntensityMinutes":18,"vigorousIntensityMinutes":53,"floorsAscendedInMeters":19.351,"floorsDescendedInMeters":49.372,"userIntensityMinutesGoal":150,"userFloorsAscendedGoal":10,"minHeartRate":56,"maxHeartRate":181,"restingHeartRate":64,"currentDayRestingHeartRate":64,"restingHeartRateTimestamp":1554674400000,"includesWellnessData":true,"includesActivityData":true,"includesCalorieConsumedData":true,"includesSingleMeasurement":false,"includesContinuousMeasurement":false,"includesAllDayPulseOx":false,"includesSleepPulseOx":false,"source":0,"allDayStress":{"userProfilePK":76018113,"calendarDate":"2019-04-07","aggregatorList":[{"type":"TOTAL","averageStressLevel":30,"averageStressLevelIntensity":21,"maxStressLevel":97,"stressIntensityCount":345,"stressOffWristCount":114,"stressTooActiveCount":205,"totalStressCount":664,"totalStressIntensity":6121,"stressDuration":8940,"restDuration":11760,"activityDuration":12300,"uncategorizedDuration":6840,"totalDuration":39840,"lowDuration":2700,"mediumDuration":5220,"highDuration":1020},{"type":"AWAKE","averageStressLevel":30,"averageStressLevelIntensity":21,"maxStressLevel":97,"stressIntensityCount":345,"stressOffWristCount":114,"stressTooActiveCount":205,"totalStressCount":664,"totalStressIntensity":6121,"stressDuration":8940,"restDuration":11760,"activityDuration":12300,"uncategorizedDuration":6840,"totalDuration":39840,"lowDuration":2700,"mediumDuration":5220,"highDuration":1020},{"type":"ASLEEP","averageStressLevel":-2,"averageStressLevelIntensity":-2,"maxStressLevel":0,"stressIntensityCount":0,"stressOffWristCount":0,"stressTooActiveCount":0,"totalStressCount":0,"totalStressIntensity":0,"stressDuration":0,"restDuration":0,"activityDuration":0,"uncategorizedDuration":0,"totalDuration":0,"lowDuration":0,"mediumDuration":0,"highDuration":0}]},"bodyBattery":{"userProfilePK":76018113,"calendarDate":"2019-04-07","bodyBatteryVersion":1.0},"minAvgHeartRate":60,"maxAvgHeartRate":181,"version":65940004},{"userProfilePK":76018113,"calendarDate":"2019-04-08","uuid":"ce49fca4fadb4c619d271dd1d4d1ae60","durationInMilliseconds":86400000,"totalKilocalories":2312.0,"activeKilocalories":306.0,"bmrKilocalories":2006.0,"wellnessKilocalories":2312.0,"consumedKilocalories":0.0,"remainingKilocalories":2312.0,"wellnessTotalKilocalories":2312.0,"wellnessActiveKilocalories":306.0,"totalSteps":5652,"dailyStepGoal":5720,"netCalorieGoal":1520,"totalDistanceMeters":4423,"wellnessDistanceMeters":4423,"wellnessStartTimeGmt":"2019-04-07T22:00:00.0","wellnessEndTimeGmt":"2019-04-08T22:00:00.0","wellnessStartTimeLocal":"2019-04-08T00:00:00.0","wellnessEndTimeLocal":"2019-04-09T00:00:00.0","highlyActiveSeconds":846,"activeSeconds":5747,"moderateIntensityMinutes":11,"vigorousIntensityMinutes":0,"floorsAscendedInMeters":4.679,"floorsDescendedInMeters":9.723,"userIntensityMinutesGoal":150,"userFloorsAscendedGoal":10,"minHeartRate":50,"maxHeartRate":122,"restingHeartRate":61,"currentDayRestingHeartRate":59,"restingHeartRateTimestamp":1554760800000,"includesWellnessData":true,"includesActivityData":false,"includesCalorieConsumedData":true,"includesSingleMeasurement":false,"includesContinuousMeasurement":false,"includesAllDayPulseOx":false,"includesSleepPulseOx":false,"source":0,"allDayStress":{"userProfilePK":76018113,"calendarDate":"2019-04-08","aggregatorList":[{"type":"TOTAL","averageStressLevel":29,"averageStressLevelIntensity":21,"maxStressLevel":91,"stressIntensityCount":721,"stressOffWristCount":519,"stressTooActiveCount":187,"totalStressCount":1427,"totalStressIntensity":13447,"stressDuration":18480,"restDuration":24780,"activityDuration":11220,"uncategorizedDuration":31140,"totalDuration":85620,"lowDuration":7980,"mediumDuration":8700,"highDuration":1800},{"type":"AWAKE","averageStressLevel":29,"averageStressLevelIntensity":21,"maxStressLevel":91,"stressIntensityCount":721,"stressOffWristCount":519,"stressTooActiveCount":187,"totalStressCount":1427,"totalStressIntensity":13447,"stressDuration":18480,"restDuration":24780,"activityDuration":11220,"uncategorizedDuration":31140,"totalDuration":85620,"lowDuration":7980,"mediumDuration":8700,"highDuration":1800},{"type":"ASLEEP","averageStressLevel":-2,"averageStressLevelIntensity":-2,"maxStressLevel":0,"stressIntensityCount":0,"stressOffWristCount":0,"stressTooActiveCount":0,"totalStressCount":0,"totalStressIntensity":0,"stressDuration":0,"restDuration":0,"activityDuration":0,"uncategorizedDuration":0,"totalDuration":0,"lowDuration":0,"mediumDuration":0,"highDuration":0}]},"bodyBattery":{"userProfilePK":76018113,"calendarDate":"2019-04-08","bodyBatteryVersion":1.0},"minAvgHeartRate":50,"maxAvgHeartRate":116,"version":56040004},{"userProfilePK":76018113,"calendarDate":"2019-04-09","uuid":"6c3b1cd43e0f45a0bfce49b99f52d826","durationInMilliseconds":86400000,"totalKilocalories":2760.0,"activeKilocalories":738.0,"bmrKilocalories":2022.0,"wellnessKilocalories":2760.0,"burnedKilocalories":0.0,"consumedKilocalories":0.0,"remainingKilocalories":2760.0,"wellnessTotalKilocalories":2760.0,"wellnessActiveKilocalories":738.0,"totalSteps":12056,"dailyStepGoal":5720,"netCalorieGoal":1520,"totalDistanceMeters":10763,"wellnessDistanceMeters":10763,"wellnessStartTimeGmt":"2019-04-08T22:00:00.0","wellnessEndTimeGmt":"2019-04-09T22:00:00.0","wellnessStartTimeLocal":"2019-04-09T00:00:00.0","wellnessEndTimeLocal":"2019-04-10T00:00:00.0","highlyActiveSeconds":3269,"activeSeconds":7844,"moderateIntensityMinutes":18,"vigorousIntensityMinutes":8,"floorsAscendedInMeters":7.533,"floorsDescendedInMeters":6.682,"userIntensityMinutesGoal":150,"userFloorsAscendedGoal":10,"minHeartRate":48,"maxHeartRate":167,"restingHeartRate":60,"currentDayRestingHeartRate":58,"restingHeartRateTimestamp":1554847200000,"includesWellnessData":true,"includesActivityData":true,"includesCalorieConsumedData":true,"includesSingleMeasurement":false,"includesContinuousMeasurement":false,"includesAllDayPulseOx":false,"includesSleepPulseOx":false,"source":0,"allDayStress":{"userProfilePK":76018113,"calendarDate":"2019-04-09","aggregatorList":[{"type":"TOTAL","averageStressLevel":38,"averageStressLevelIntensity":26,"maxStressLevel":89,"stressIntensityCount":690,"stressOffWristCount":469,"stressTooActiveCount":261,"totalStressCount":1420,"totalStressIntensity":-1287,"stressDuration":23700,"restDuration":17700,"activityDuration":15660,"uncategorizedDuration":28140,"totalDuration":85200,"lowDuration":8040,"mediumDuration":11280,"highDuration":4380},{"type":"AWAKE","averageStressLevel":38,"averageStressLevelIntensity":26,"maxStressLevel":89,"stressIntensityCount":690,"stressOffWristCount":469,"stressTooActiveCount":261,"totalStressCount":1420,"totalStressIntensity":-1287,"stressDuration":23700,"restDuration":17700,"activityDuration":15660,"uncategorizedDuration":28140,"totalDuration":85200,"lowDuration":8040,"mediumDuration":11280,"highDuration":4380},{"type":"ASLEEP","averageStressLevel":-2,"averageStressLevelIntensity":-2,"maxStressLevel":0,"stressIntensityCount":0,"stressOffWristCount":0,"stressTooActiveCount":0,"totalStressCount":0,"totalStressIntensity":0,"stressDuration":0,"restDuration":0,"activityDuration":0,"uncategorizedDuration":0,"totalDuration":0,"lowDuration":0,"mediumDuration":0,"highDuration":0}]},"bodyBattery":{"userProfilePK":76018113,"calendarDate":"2019-04-09","bodyBatteryVersion":1.0},"minAvgHeartRate":48,"maxAvgHeartRate":167,"version":83400004},{"userProfilePK":76018113,"calendarDate":"2019-04-10","uuid":"0c76e1208d8f43aea17bafa559bed050","durationInMilliseconds":86400000,"totalKilocalories":2970.0,"activeKilocalories":948.0,"bmrKilocalories":2022.0,"wellnessKilocalories":2970.0,"burnedKilocalories":0.0,"consumedKilocalories":0.0,"remainingKilocalories":2970.0,"wellnessTotalKilocalories":2970.0,"wellnessActiveKilocalories":948.0,"totalSteps":13244,"dailyStepGoal":6360,"netCalorieGoal":1520,"totalDistanceMeters":12142,"wellnessDistanceMeters":12142,"wellnessStartTimeGmt":"2019-04-09T22:00:00.0","wellnessEndTimeGmt":"2019-04-10T22:00:00.0","wellnessStartTimeLocal":"2019-04-10T00:00:00.0","wellnessEndTimeLocal":"2019-04-11T00:00:00.0","highlyActiveSeconds":4090,"activeSeconds":9197,"moderateIntensityMinutes":9,"vigorousIntensityMinutes":25,"floorsAscendedInMeters":30.655,"floorsDescendedInMeters":47.799,"userIntensityMinutesGoal":150,"userFloorsAscendedGoal":10,"minHeartRate":55,"maxHeartRate":172,"restingHeartRate":61,"currentDayRestingHeartRate":63,"restingHeartRateTimestamp":1554933600000,"includesWellnessData":true,"includesActivityData":true,"includesCalorieConsumedData":true,"includesSingleMeasurement":false,"includesContinuousMeasurement":false,"includesAllDayPulseOx":false,"includesSleepPulseOx":false,"source":0,"allDayStress":{"userProfilePK":76018113,"calendarDate":"2019-04-10","aggregatorList":[{"type":"TOTAL","averageStressLevel":55,"averageStressLevelIntensity":53,"maxStressLevel":93,"stressIntensityCount":585,"stressOffWristCount":505,"stressTooActiveCount":337,"totalStressCount":1427,"totalStressIntensity":-22330,"stressDuration":32820,"restDuration":2280,"activityDuration":20220,"uncategorizedDuration":30300,"totalDuration":85620,"lowDuration":13200,"mediumDuration":14160,"highDuration":5460},{"type":"AWAKE","averageStressLevel":55,"averageStressLevelIntensity":53,"maxStressLevel":93,"stressIntensityCount":585,"stressOffWristCount":505,"stressTooActiveCount":337,"totalStressCount":1427,"totalStressIntensity":-22330,"stressDuration":32820,"restDuration":2280,"activityDuration":20220,"uncategorizedDuration":30300,"totalDuration":85620,"lowDuration":13200,"mediumDuration":14160,"highDuration":5460},{"type":"ASLEEP","averageStressLevel":-2,"averageStressLevelIntensity":-2,"maxStressLevel":0,"stressIntensityCount":0,"stressOffWristCount":0,"stressTooActiveCount":0,"totalStressCount":0,"totalStressIntensity":0,"stressDuration":0,"restDuration":0,"activityDuration":0,"uncategorizedDuration":0,"totalDuration":0,"lowDuration":0,"mediumDuration":0,"highDuration":0}]},"bodyBattery":{"userProfilePK":76018113,"calendarDate":"2019-04-10","bodyBatteryVersion":1.0},"minAvgHeartRate":57,"maxAvgHeartRate":172,"version":83760003},{"userProfilePK":76018113,"calendarDate":"2019-04-11","uuid":"1f53cee0a7ac4033befbd1796f79418f","durationInMilliseconds":86400000,"totalKilocalories":2285.0,"activeKilocalories":265.0,"bmrKilocalories":2020.0,"wellnessKilocalories":2285.0,"consumedKilocalories":0.0,"remainingKilocalories":2285.0,"wellnessTotalKilocalories":2285.0,"wellnessActiveKilocalories":265.0,"totalSteps":6924,"dailyStepGoal":7740,"netCalorieGoal":1520,"totalDistanceMeters":5427,"wellnessDistanceMeters":5427,"wellnessStartTimeGmt":"2019-04-10T22:00:00.0","wellnessEndTimeGmt":"2019-04-11T22:00:00.0","wellnessStartTimeLocal":"2019-04-11T00:00:00.0","wellnessEndTimeLocal":"2019-04-12T00:00:00.0","highlyActiveSeconds":1580,"activeSeconds":5520,"moderateIntensityMinutes":0,"vigorousIntensityMinutes":0,"floorsAscendedInMeters":3.0480000000000005,"floorsDescendedInMeters":8.166,"userIntensityMinutesGoal":150,"userFloorsAscendedGoal":10,"minHeartRate":51,"maxHeartRate":108,"restingHeartRate":61,"currentDayRestingHeartRate":63,"restingHeartRateTimestamp":1555020000000,"includesWellnessData":true,"includesActivityData":false,"includesCalorieConsumedData":true,"includesSingleMeasurement":false,"includesContinuousMeasurement":false,"includesAllDayPulseOx":false,"includesSleepPulseOx":false,"source":0,"allDayStress":{"userProfilePK":76018113,"calendarDate":"2019-04-11","aggregatorList":[{"type":"TOTAL","averageStressLevel":14,"averageStressLevelIntensity":13,"maxStressLevel":82,"stressIntensityCount":672,"stressOffWristCount":504,"stressTooActiveCount":258,"totalStressCount":1434,"totalStressIntensity":33234,"stressDuration":6840,"restDuration":33480,"activityDuration":15480,"uncategorizedDuration":30240,"totalDuration":86040,"lowDuration":5280,"mediumDuration":1440,"highDuration":120},{"type":"AWAKE","averageStressLevel":14,"averageStressLevelIntensity":13,"maxStressLevel":82,"stressIntensityCount":672,"stressOffWristCount":504,"stressTooActiveCount":258,"totalStressCount":1434,"totalStressIntensity":33234,"stressDuration":6840,"restDuration":33480,"activityDuration":15480,"uncategorizedDuration":30240,"totalDuration":86040,"lowDuration":5280,"mediumDuration":1440,"highDuration":120},{"type":"ASLEEP","averageStressLevel":-2,"averageStressLevelIntensity":-2,"maxStressLevel":0,"stressIntensityCount":0,"stressOffWristCount":0,"stressTooActiveCount":0,"totalStressCount":0,"totalStressIntensity":0,"stressDuration":0,"restDuration":0,"activityDuration":0,"uncategorizedDuration":0,"totalDuration":0,"lowDuration":0,"mediumDuration":0,"highDuration":0}]},"bodyBattery":{"userProfilePK":76018113,"calendarDate":"2019-04-11","bodyBatteryVersion":1.0},"minAvgHeartRate":54,"maxAvgHeartRate":105,"version":61320003},{"userProfilePK":76018113,"calendarDate":"2019-04-12","uuid":"648d86c4a6da4ca88c44e1dd36c54a61","durationInMilliseconds":86400000,"totalKilocalories":2868.0,"activeKilocalories":848.0,"bmrKilocalories":2020.0,"wellnessKilocalories":2868.0,"burnedKilocalories":0.0,"consumedKilocalories":0.0,"remainingKilocalories":2868.0,"wellnessTotalKilocalories":2868.0,"wellnessActiveKilocalories":848.0,"totalSteps":11401,"dailyStepGoal":7660,"netCalorieGoal":1520,"totalDistanceMeters":10185,"wellnessDistanceMeters":10185,"wellnessStartTimeGmt":"2019-04-11T22:00:00.0","wellnessEndTimeGmt":"2019-04-12T22:00:00.0","wellnessStartTimeLocal":"2019-04-12T00:00:00.0","wellnessEndTimeLocal":"2019-04-13T00:00:00.0","highlyActiveSeconds":3502,"activeSeconds":6069,"moderateIntensityMinutes":11,"vigorousIntensityMinutes":15,"floorsAscendedInMeters":6.701,"floorsDescendedInMeters":21.669,"userIntensityMinutesGoal":150,"userFloorsAscendedGoal":10,"minHeartRate":50,"maxHeartRate":171,"restingHeartRate":62,"currentDayRestingHeartRate":65,"restingHeartRateTimestamp":1555106400000,"includesWellnessData":true,"includesActivityData":true,"includesCalorieConsumedData":true,"includesSingleMeasurement":false,"includesContinuousMeasurement":false,"includesAllDayPulseOx":false,"includesSleepPulseOx":false,"source":0,"allDayStress":{"userProfilePK":76018113,"calendarDate":"2019-04-12","aggregatorList":[{"type":"TOTAL","averageStressLevel":33,"averageStressLevelIntensity":24,"maxStressLevel":95,"stressIntensityCount":626,"stressOffWristCount":500,"stressTooActiveCount":305,"totalStressCount":1431,"totalStressIntensity":2562,"stressDuration":19860,"restDuration":17700,"activityDuration":18300,"uncategorizedDuration":30000,"totalDuration":85860,"lowDuration":10560,"mediumDuration":6720,"highDuration":2580},{"type":"AWAKE","averageStressLevel":33,"averageStressLevelIntensity":24,"maxStressLevel":95,"stressIntensityCount":626,"stressOffWristCount":500,"stressTooActiveCount":305,"totalStressCount":1431,"totalStressIntensity":2562,"stressDuration":19860,"restDuration":17700,"activityDuration":18300,"uncategorizedDuration":30000,"totalDuration":85860,"lowDuration":10560,"mediumDuration":6720,"highDuration":2580},{"type":"ASLEEP","averageStressLevel":-2,"averageStressLevelIntensity":-2,"maxStressLevel":0,"stressIntensityCount":0,"stressOffWristCount":0,"stressTooActiveCount":0,"totalStressCount":0,"totalStressIntensity":0,"stressDuration":0,"restDuration":0,"activityDuration":0,"uncategorizedDuration":0,"totalDuration":0,"lowDuration":0,"mediumDuration":0,"highDuration":0}]},"bodyBattery":{"userProfilePK":76018113,"calendarDate":"2019-04-12","bodyBatteryVersion":1.0},"minAvgHeartRate":52,"maxAvgHeartRate":171,"version":82140005},{"userProfilePK":76018113,"calendarDate":"2019-04-13","uuid":"3b37a25347b148d7950f51cd0fd62748","durationInMilliseconds":86400000,"totalKilocalories":3265.0,"activeKilocalories":1245.0,"bmrKilocalories":2020.0,"wellnessKilocalories":3265.0,"burnedKilocalories":0.0,"consumedKilocalories":0.0,"remainingKilocalories":3265.0,"wellnessTotalKilocalories":3265.0,"wellnessActiveKilocalories":1245.0,"totalSteps":18943,"dailyStepGoal":8040,"netCalorieGoal":1520,"totalDistanceMeters":17677,"wellnessDistanceMeters":17677,"wellnessStartTimeGmt":"2019-04-12T22:00:00.0","wellnessEndTimeGmt":"2019-04-13T22:00:00.0","wellnessStartTimeLocal":"2019-04-13T00:00:00.0","wellnessEndTimeLocal":"2019-04-14T00:00:00.0","highlyActiveSeconds":4023,"activeSeconds":8993,"moderateIntensityMinutes":46,"vigorousIntensityMinutes":12,"floorsAscendedInMeters":18.758,"floorsDescendedInMeters":76.986,"userIntensityMinutesGoal":150,"userFloorsAscendedGoal":10,"minHeartRate":55,"maxHeartRate":163,"restingHeartRate":62,"currentDayRestingHeartRate":62,"restingHeartRateTimestamp":1555192800000,"includesWellnessData":true,"includesActivityData":true,"includesCalorieConsumedData":true,"includesSingleMeasurement":false,"includesContinuousMeasurement":false,"includesAllDayPulseOx":false,"includesSleepPulseOx":false,"source":0,"allDayStress":{"userProfilePK":76018113,"calendarDate":"2019-04-13","aggregatorList":[{"type":"TOTAL","averageStressLevel":23,"averageStressLevelIntensity":18,"maxStressLevel":95,"stressIntensityCount":585,"stressOffWristCount":610,"stressTooActiveCount":242,"totalStressCount":1437,"totalStressIntensity":17420,"stressDuration":11760,"restDuration":23340,"activityDuration":14520,"uncategorizedDuration":36600,"totalDuration":86220,"lowDuration":7200,"mediumDuration":3240,"highDuration":1320},{"type":"AWAKE","averageStressLevel":23,"averageStressLevelIntensity":18,"maxStressLevel":95,"stressIntensityCount":585,"stressOffWristCount":610,"stressTooActiveCount":242,"totalStressCount":1437,"totalStressIntensity":17420,"stressDuration":11760,"restDuration":23340,"activityDuration":14520,"uncategorizedDuration":36600,"totalDuration":86220,"lowDuration":7200,"mediumDuration":3240,"highDuration":1320},{"type":"ASLEEP","averageStressLevel":-2,"averageStressLevelIntensity":-2,"maxStressLevel":0,"stressIntensityCount":0,"stressOffWristCount":0,"stressTooActiveCount":0,"totalStressCount":0,"totalStressIntensity":0,"stressDuration":0,"restDuration":0,"activityDuration":0,"uncategorizedDuration":0,"totalDuration":0,"lowDuration":0,"mediumDuration":0,"highDuration":0}]},"bodyBattery":{"userProfilePK":76018113,"calendarDate":"2019-04-13","bodyBatteryVersion":1.0},"minAvgHeartRate":56,"maxAvgHeartRate":162,"version":52320005},{"userProfilePK":76018113,"calendarDate":"2019-04-14","uuid":"c1767590c8bc4313baf4eeb40ae28627","durationInMilliseconds":86400000,"totalKilocalories":3064.0,"activeKilocalories":1044.0,"bmrKilocalories":2020.0,"wellnessKilocalories":3064.0,"burnedKilocalories":0.0,"consumedKilocalories":0.0,"remainingKilocalories":3064.0,"wellnessTotalKilocalories":3064.0,"wellnessActiveKilocalories":1044.0,"totalSteps":22346,"dailyStepGoal":10040,"netCalorieGoal":1520,"totalDistanceMeters":19746,"wellnessDistanceMeters":19746,"wellnessStartTimeGmt":"2019-04-13T22:00:00.0","wellnessEndTimeGmt":"2019-04-14T22:00:00.0","wellnessStartTimeLocal":"2019-04-14T00:00:00.0","wellnessEndTimeLocal":"2019-04-15T00:00:00.0","highlyActiveSeconds":2351,"activeSeconds":13580,"moderateIntensityMinutes":4,"vigorousIntensityMinutes":29,"floorsAscendedInMeters":88.861,"floorsDescendedInMeters":82.094,"userIntensityMinutesGoal":150,"userFloorsAscendedGoal":10,"minHeartRate":50,"maxHeartRate":175,"restingHeartRate":60,"currentDayRestingHeartRate":54,"restingHeartRateTimestamp":1555279200000,"includesWellnessData":true,"includesActivityData":true,"includesCalorieConsumedData":true,"includesSingleMeasurement":false,"includesContinuousMeasurement":false,"includesAllDayPulseOx":false,"includesSleepPulseOx":false,"source":0,"allDayStress":{"userProfilePK":76018113,"calendarDate":"2019-04-14","aggregatorList":[{"type":"TOTAL","averageStressLevel":16,"averageStressLevelIntensity":11,"maxStressLevel":96,"stressIntensityCount":124,"stressOffWristCount":1039,"stressTooActiveCount":271,"totalStressCount":1434,"totalStressIntensity":6944,"stressDuration":1740,"restDuration":5700,"activityDuration":16260,"uncategorizedDuration":62340,"totalDuration":86040,"lowDuration":420,"mediumDuration":1080,"highDuration":240},{"type":"AWAKE","averageStressLevel":16,"averageStressLevelIntensity":11,"maxStressLevel":96,"stressIntensityCount":124,"stressOffWristCount":1039,"stressTooActiveCount":271,"totalStressCount":1434,"totalStressIntensity":6944,"stressDuration":1740,"restDuration":5700,"activityDuration":16260,"uncategorizedDuration":62340,"totalDuration":86040,"lowDuration":420,"mediumDuration":1080,"highDuration":240},{"type":"ASLEEP","averageStressLevel":-2,"averageStressLevelIntensity":-2,"maxStressLevel":0,"stressIntensityCount":0,"stressOffWristCount":0,"stressTooActiveCount":0,"totalStressCount":0,"totalStressIntensity":0,"stressDuration":0,"restDuration":0,"activityDuration":0,"uncategorizedDuration":0,"totalDuration":0,"lowDuration":0,"mediumDuration":0,"highDuration":0}]},"bodyBattery":{"userProfilePK":76018113,"calendarDate":"2019-04-14","bodyBatteryVersion":1.0},"minAvgHeartRate":51,"maxAvgHeartRate":174,"version":64020005},{"userProfilePK":76018113,"calendarDate":"2019-04-15","uuid":"760b874e512449db903e60b8561f23c0","durationInMilliseconds":86400000,"totalKilocalories":2847.0,"activeKilocalories":827.0,"bmrKilocalories":2020.0,"wellnessKilocalories":2847.0,"burnedKilocalories":0.0,"consumedKilocalories":0.0,"remainingKilocalories":2847.0,"wellnessTotalKilocalories":2847.0,"wellnessActiveKilocalories":827.0,"totalSteps":14260,"dailyStepGoal":12040,"netCalorieGoal":1520,"totalDistanceMeters":12864,"wellnessDistanceMeters":12864,"wellnessStartTimeGmt":"2019-04-14T22:00:00.0","wellnessEndTimeGmt":"2019-04-15T22:00:00.0","wellnessStartTimeLocal":"2019-04-15T00:00:00.0","wellnessEndTimeLocal":"2019-04-16T00:00:00.0","highlyActiveSeconds":2085,"activeSeconds":8451,"moderateIntensityMinutes":14,"vigorousIntensityMinutes":14,"floorsAscendedInMeters":20.113,"floorsDescendedInMeters":27.637,"userIntensityMinutesGoal":150,"userFloorsAscendedGoal":10,"minHeartRate":51,"maxHeartRate":180,"restingHeartRate":60,"currentDayRestingHeartRate":58,"restingHeartRateTimestamp":1555365600000,"includesWellnessData":true,"includesActivityData":true,"includesCalorieConsumedData":true,"includesSingleMeasurement":false,"includesContinuousMeasurement":false,"includesAllDayPulseOx":false,"includesSleepPulseOx":false,"source":0,"allDayStress":{"userProfilePK":76018113,"calendarDate":"2019-04-15","aggregatorList":[{"type":"TOTAL","averageStressLevel":52,"averageStressLevelIntensity":46,"maxStressLevel":96,"stressIntensityCount":278,"stressOffWristCount":939,"stressTooActiveCount":212,"totalStressCount":1429,"totalStressIntensity":-7724,"stressDuration":13800,"restDuration":2880,"activityDuration":12720,"uncategorizedDuration":56340,"totalDuration":85740,"lowDuration":3600,"mediumDuration":7560,"highDuration":2640},{"type":"AWAKE","averageStressLevel":52,"averageStressLevelIntensity":46,"maxStressLevel":96,"stressIntensityCount":278,"stressOffWristCount":939,"stressTooActiveCount":212,"totalStressCount":1429,"totalStressIntensity":-7724,"stressDuration":13800,"restDuration":2880,"activityDuration":12720,"uncategorizedDuration":56340,"totalDuration":85740,"lowDuration":3600,"mediumDuration":7560,"highDuration":2640},{"type":"ASLEEP","averageStressLevel":-2,"averageStressLevelIntensity":-2,"maxStressLevel":0,"stressIntensityCount":0,"stressOffWristCount":0,"stressTooActiveCount":0,"totalStressCount":0,"totalStressIntensity":0,"stressDuration":0,"restDuration":0,"activityDuration":0,"uncategorizedDuration":0,"totalDuration":0,"lowDuration":0,"mediumDuration":0,"highDuration":0}]},"bodyBattery":{"userProfilePK":76018113,"calendarDate":"2019-04-15","bodyBatteryVersion":1.0},"minAvgHeartRate":52,"maxAvgHeartRate":176,"version":45840005},{"userProfilePK":76018113,"calendarDate":"2019-04-16","uuid":"a2c67ef603d8488aa05c17df5f8dcb5f","durationInMilliseconds":86400000,"totalKilocalories":3382.0,"activeKilocalories":1362.0,"bmrKilocalories":2020.0,"wellnessKilocalories":3382.0,"burnedKilocalories":0.0,"consumedKilocalories":0.0,"remainingKilocalories":3382.0,"wellnessTotalKilocalories":3382.0,"wellnessActiveKilocalories":1362.0,"totalSteps":18706,"dailyStepGoal":12490,"netCalorieGoal":1520,"totalDistanceMeters":15661,"wellnessDistanceMeters":15661,"wellnessStartTimeGmt":"2019-04-15T22:00:00.0","wellnessEndTimeGmt":"2019-04-16T22:00:00.0","wellnessStartTimeLocal":"2019-04-16T00:00:00.0","wellnessEndTimeLocal":"2019-04-17T00:00:00.0","highlyActiveSeconds":1547,"activeSeconds":12464,"moderateIntensityMinutes":19,"vigorousIntensityMinutes":11,"floorsAscendedInMeters":9.144,"floorsDescendedInMeters":17.732,"userIntensityMinutesGoal":150,"userFloorsAscendedGoal":10,"minHeartRate":45,"maxHeartRate":168,"restingHeartRate":59,"currentDayRestingHeartRate":53,"restingHeartRateTimestamp":1555452000000,"includesWellnessData":true,"includesActivityData":true,"includesCalorieConsumedData":true,"includesSingleMeasurement":false,"includesContinuousMeasurement":false,"includesAllDayPulseOx":false,"includesSleepPulseOx":false,"source":0,"allDayStress":{"userProfilePK":76018113,"calendarDate":"2019-04-16","aggregatorList":[{"type":"TOTAL","averageStressLevel":22,"averageStressLevelIntensity":17,"maxStressLevel":95,"stressIntensityCount":400,"stressOffWristCount":764,"stressTooActiveCount":266,"totalStressCount":1430,"totalStressIntensity":14160,"stressDuration":7380,"restDuration":16620,"activityDuration":15960,"uncategorizedDuration":45840,"totalDuration":85800,"lowDuration":3120,"mediumDuration":3240,"highDuration":1020},{"type":"AWAKE","averageStressLevel":22,"averageStressLevelIntensity":17,"maxStressLevel":95,"stressIntensityCount":400,"stressOffWristCount":764,"stressTooActiveCount":266,"totalStressCount":1430,"totalStressIntensity":14160,"stressDuration":7380,"restDuration":16620,"activityDuration":15960,"uncategorizedDuration":45840,"totalDuration":85800,"lowDuration":3120,"mediumDuration":3240,"highDuration":1020},{"type":"ASLEEP","averageStressLevel":-2,"averageStressLevelIntensity":-2,"maxStressLevel":0,"stressIntensityCount":0,"stressOffWristCount":0,"stressTooActiveCount":0,"totalStressCount":0,"totalStressIntensity":0,"stressDuration":0,"restDuration":0,"activityDuration":0,"uncategorizedDuration":0,"totalDuration":0,"lowDuration":0,"mediumDuration":0,"highDuration":0}]},"bodyBattery":{"userProfilePK":76018113,"calendarDate":"2019-04-16","bodyBatteryVersion":1.0},"minAvgHeartRate":47,"maxAvgHeartRate":167,"version":73200006},{"userProfilePK":76018113,"calendarDate":"2019-04-17","uuid":"40b7bfdd991f44a9ae3b7c897a2703d5","durationInMilliseconds":86400000,"totalKilocalories":2553.0,"activeKilocalories":533.0,"bmrKilocalories":2020.0,"wellnessKilocalories":2553.0,"burnedKilocalories":0.0,"consumedKilocalories":0.0,"remainingKilocalories":2553.0,"wellnessTotalKilocalories":2553.0,"wellnessActiveKilocalories":533.0,"totalSteps":9387,"dailyStepGoal":13740,"netCalorieGoal":1520,"totalDistanceMeters":8994,"wellnessDistanceMeters":8994,"wellnessStartTimeGmt":"2019-04-16T22:00:00.0","wellnessEndTimeGmt":"2019-04-17T22:00:00.0","wellnessStartTimeLocal":"2019-04-17T00:00:00.0","wellnessEndTimeLocal":"2019-04-18T00:00:00.0","highlyActiveSeconds":2677,"activeSeconds":3737,"moderateIntensityMinutes":25,"vigorousIntensityMinutes":10,"floorsAscendedInMeters":88.905,"floorsDescendedInMeters":70.72,"userIntensityMinutesGoal":150,"userFloorsAscendedGoal":10,"minHeartRate":55,"maxHeartRate":168,"restingHeartRate":59,"currentDayRestingHeartRate":59,"restingHeartRateTimestamp":1555538400000,"includesWellnessData":true,"includesActivityData":true,"includesCalorieConsumedData":true,"includesSingleMeasurement":false,"includesContinuousMeasurement":false,"includesAllDayPulseOx":false,"includesSleepPulseOx":false,"source":0,"allDayStress":{"userProfilePK":76018113,"calendarDate":"2019-04-17","aggregatorList":[{"type":"TOTAL","averageStressLevel":14,"averageStressLevelIntensity":12,"maxStressLevel":83,"stressIntensityCount":329,"stressOffWristCount":955,"stressTooActiveCount":133,"totalStressCount":1417,"totalStressIntensity":17263,"stressDuration":3420,"restDuration":16320,"activityDuration":7980,"uncategorizedDuration":57300,"totalDuration":85020,"lowDuration":2820,"mediumDuration":480,"highDuration":120},{"type":"AWAKE","averageStressLevel":14,"averageStressLevelIntensity":12,"maxStressLevel":83,"stressIntensityCount":329,"stressOffWristCount":955,"stressTooActiveCount":133,"totalStressCount":1417,"totalStressIntensity":17263,"stressDuration":3420,"restDuration":16320,"activityDuration":7980,"uncategorizedDuration":57300,"totalDuration":85020,"lowDuration":2820,"mediumDuration":480,"highDuration":120},{"type":"ASLEEP","averageStressLevel":-2,"averageStressLevelIntensity":-2,"maxStressLevel":0,"stressIntensityCount":0,"stressOffWristCount":0,"stressTooActiveCount":0,"totalStressCount":0,"totalStressIntensity":0,"stressDuration":0,"restDuration":0,"activityDuration":0,"uncategorizedDuration":0,"totalDuration":0,"lowDuration":0,"mediumDuration":0,"highDuration":0}]},"bodyBattery":{"userProfilePK":76018113,"calendarDate":"2019-04-17","bodyBatteryVersion":1.0},"minAvgHeartRate":55,"maxAvgHeartRate":167,"version":80400004},{"userProfilePK":76018113,"calendarDate":"2019-04-18","uuid":"4ced5c7791754c4fa10c5e7704a8aa0f","durationInMilliseconds":86400000,"totalKilocalories":3328.0,"activeKilocalories":1308.0,"bmrKilocalories":2020.0,"wellnessKilocalories":3328.0,"burnedKilocalories":0.0,"consumedKilocalories":0.0,"remainingKilocalories":3328.0,"wellnessTotalKilocalories":3328.0,"wellnessActiveKilocalories":1308.0,"totalSteps":18519,"dailyStepGoal":13310,"netCalorieGoal":1520,"totalDistanceMeters":17452,"wellnessDistanceMeters":17452,"wellnessStartTimeGmt":"2019-04-17T22:00:00.0","wellnessEndTimeGmt":"2019-04-18T22:00:00.0","wellnessStartTimeLocal":"2019-04-18T00:00:00.0","wellnessEndTimeLocal":"2019-04-19T00:00:00.0","highlyActiveSeconds":6114,"activeSeconds":6841,"moderateIntensityMinutes":32,"vigorousIntensityMinutes":45,"floorsAscendedInMeters":121.92,"floorsDescendedInMeters":237.549,"userIntensityMinutesGoal":150,"userFloorsAscendedGoal":10,"minHeartRate":44,"maxHeartRate":177,"restingHeartRate":57,"currentDayRestingHeartRate":49,"restingHeartRateTimestamp":1555624800000,"includesWellnessData":true,"includesActivityData":true,"includesCalorieConsumedData":true,"includesSingleMeasurement":false,"includesContinuousMeasurement":false,"includesAllDayPulseOx":false,"includesSleepPulseOx":false,"source":0,"allDayStress":{"userProfilePK":76018113,"calendarDate":"2019-04-18","aggregatorList":[{"type":"TOTAL","averageStressLevel":23,"averageStressLevelIntensity":17,"maxStressLevel":96,"stressIntensityCount":488,"stressOffWristCount":590,"stressTooActiveCount":350,"totalStressCount":1428,"totalStressIntensity":17189,"stressDuration":9480,"restDuration":19800,"activityDuration":21000,"uncategorizedDuration":35400,"totalDuration":85680,"lowDuration":3360,"mediumDuration":4560,"highDuration":1560},{"type":"AWAKE","averageStressLevel":23,"averageStressLevelIntensity":17,"maxStressLevel":96,"stressIntensityCount":488,"stressOffWristCount":590,"stressTooActiveCount":350,"totalStressCount":1428,"totalStressIntensity":17189,"stressDuration":9480,"restDuration":19800,"activityDuration":21000,"uncategorizedDuration":35400,"totalDuration":85680,"lowDuration":3360,"mediumDuration":4560,"highDuration":1560},{"type":"ASLEEP","averageStressLevel":-2,"averageStressLevelIntensity":-2,"maxStressLevel":0,"stressIntensityCount":0,"stressOffWristCount":0,"stressTooActiveCount":0,"totalStressCount":0,"totalStressIntensity":0,"stressDuration":0,"restDuration":0,"activityDuration":0,"uncategorizedDuration":0,"totalDuration":0,"lowDuration":0,"mediumDuration":0,"highDuration":0}]},"bodyBattery":{"userProfilePK":76018113,"calendarDate":"2019-04-18","bodyBatteryVersion":1.0},"minAvgHeartRate":45,"maxAvgHeartRate":177,"version":53460005},{"userProfilePK":76018113,"calendarDate":"2019-04-19","uuid":"5f44cc7865fb45618a70d96c6dd17d1f","durationInMilliseconds":86400000,"totalKilocalories":2031.0,"activeKilocalories":11.0,"bmrKilocalories":2020.0,"wellnessKilocalories":2031.0,"burnedKilocalories":0.0,"consumedKilocalories":0.0,"remainingKilocalories":2031.0,"wellnessTotalKilocalories":2031.0,"wellnessActiveKilocalories":11.0,"totalSteps":246,"dailyStepGoal":13830,"netCalorieGoal":1520,"totalDistanceMeters":193,"wellnessDistanceMeters":193,"wellnessStartTimeGmt":"2019-04-18T22:00:00.0","wellnessEndTimeGmt":"2019-04-19T22:00:00.0","wellnessStartTimeLocal":"2019-04-19T00:00:00.0","wellnessEndTimeLocal":"2019-04-20T00:00:00.0","highlyActiveSeconds":180,"activeSeconds":550,"moderateIntensityMinutes":0,"vigorousIntensityMinutes":0,"floorsAscendedInMeters":0.0,"floorsDescendedInMeters":0.0,"userIntensityMinutesGoal":150,"userFloorsAscendedGoal":10,"minHeartRate":51,"maxHeartRate":95,"restingHeartRate":55,"currentDayRestingHeartRate":53,"restingHeartRateTimestamp":1555711200000,"includesWellnessData":true,"includesActivityData":true,"includesCalorieConsumedData":true,"includesSingleMeasurement":false,"includesContinuousMeasurement":false,"includesAllDayPulseOx":false,"includesSleepPulseOx":false,"source":0,"allDayStress":{"userProfilePK":76018113,"calendarDate":"2019-04-19","aggregatorList":[{"type":"TOTAL","averageStressLevel":13,"averageStressLevelIntensity":12,"maxStressLevel":69,"stressIntensityCount":94,"stressOffWristCount":631,"stressTooActiveCount":18,"totalStressCount":743,"totalStressIntensity":4860,"stressDuration":360,"restDuration":5280,"activityDuration":1080,"uncategorizedDuration":37860,"totalDuration":44580,"lowDuration":180,"mediumDuration":180,"highDuration":0},{"type":"AWAKE","averageStressLevel":13,"averageStressLevelIntensity":12,"maxStressLevel":69,"stressIntensityCount":94,"stressOffWristCount":631,"stressTooActiveCount":18,"totalStressCount":743,"totalStressIntensity":4860,"stressDuration":360,"restDuration":5280,"activityDuration":1080,"uncategorizedDuration":37860,"totalDuration":44580,"lowDuration":180,"mediumDuration":180,"highDuration":0},{"type":"ASLEEP","averageStressLevel":-2,"averageStressLevelIntensity":-2,"maxStressLevel":0,"stressIntensityCount":0,"stressOffWristCount":0,"stressTooActiveCount":0,"totalStressCount":0,"totalStressIntensity":0,"stressDuration":0,"restDuration":0,"activityDuration":0,"uncategorizedDuration":0,"totalDuration":0,"lowDuration":0,"mediumDuration":0,"highDuration":0}]},"bodyBattery":{"userProfilePK":76018113,"calendarDate":"2019-04-19","bodyBatteryVersion":1.0},"minAvgHeartRate":52,"maxAvgHeartRate":91,"version":84060005},{"userProfilePK":76018113,"calendarDate":"2019-04-20","uuid":"03a205f2e8e64e48bd842a3c7379b079","durationInMilliseconds":86400000,"totalKilocalories":3437.0,"activeKilocalories":1417.0,"bmrKilocalories":2020.0,"wellnessKilocalories":3437.0,"burnedKilocalories":0.0,"consumedKilocalories":0.0,"remainingKilocalories":3437.0,"wellnessTotalKilocalories":3437.0,"wellnessActiveKilocalories":1417.0,"totalSteps":21085,"dailyStepGoal":13830,"netCalorieGoal":1520,"totalDistanceMeters":19412,"wellnessDistanceMeters":19412,"wellnessStartTimeGmt":"2019-04-19T22:00:00.0","wellnessEndTimeGmt":"2019-04-20T22:00:00.0","wellnessStartTimeLocal":"2019-04-20T00:00:00.0","wellnessEndTimeLocal":"2019-04-21T00:00:00.0","highlyActiveSeconds":5528,"activeSeconds":13190,"moderateIntensityMinutes":33,"vigorousIntensityMinutes":26,"floorsAscendedInMeters":84.525,"floorsDescendedInMeters":154.618,"userIntensityMinutesGoal":150,"userFloorsAscendedGoal":10,"minHeartRate":43,"maxHeartRate":174,"restingHeartRate":54,"currentDayRestingHeartRate":56,"restingHeartRateTimestamp":1555797600000,"includesWellnessData":true,"includesActivityData":true,"includesCalorieConsumedData":true,"includesSingleMeasurement":false,"includesContinuousMeasurement":false,"includesAllDayPulseOx":false,"includesSleepPulseOx":false,"source":0,"allDayStress":{"userProfilePK":76018113,"calendarDate":"2019-04-20","aggregatorList":[{"type":"TOTAL","averageStressLevel":40,"averageStressLevelIntensity":30,"maxStressLevel":96,"stressIntensityCount":416,"stressOffWristCount":626,"stressTooActiveCount":389,"totalStressCount":1431,"totalStressIntensity":-3080,"stressDuration":14220,"restDuration":10740,"activityDuration":23340,"uncategorizedDuration":37560,"totalDuration":85860,"lowDuration":5520,"mediumDuration":5340,"highDuration":3360},{"type":"AWAKE","averageStressLevel":40,"averageStressLevelIntensity":30,"maxStressLevel":96,"stressIntensityCount":416,"stressOffWristCount":626,"stressTooActiveCount":389,"totalStressCount":1431,"totalStressIntensity":-3080,"stressDuration":14220,"restDuration":10740,"activityDuration":23340,"uncategorizedDuration":37560,"totalDuration":85860,"lowDuration":5520,"mediumDuration":5340,"highDuration":3360},{"type":"ASLEEP","averageStressLevel":-2,"averageStressLevelIntensity":-2,"maxStressLevel":0,"stressIntensityCount":0,"stressOffWristCount":0,"stressTooActiveCount":0,"totalStressCount":0,"totalStressIntensity":0,"stressDuration":0,"restDuration":0,"activityDuration":0,"uncategorizedDuration":0,"totalDuration":0,"lowDuration":0,"mediumDuration":0,"highDuration":0}]},"bodyBattery":{"userProfilePK":76018113,"calendarDate":"2019-04-20","bodyBatteryVersion":1.0},"minAvgHeartRate":50,"maxAvgHeartRate":174,"version":46080005},{"userProfilePK":76018113,"calendarDate":"2019-04-21","uuid":"312857f4acaf4b6ebbd72c1291a4aea7","durationInMilliseconds":86400000,"totalKilocalories":2500.0,"activeKilocalories":480.0,"bmrKilocalories":2020.0,"wellnessKilocalories":2500.0,"consumedKilocalories":0.0,"remainingKilocalories":2500.0,"wellnessTotalKilocalories":2500.0,"wellnessActiveKilocalories":480.0,"totalSteps":7377,"dailyStepGoal":15290,"netCalorieGoal":1520,"totalDistanceMeters":5773,"wellnessDistanceMeters":5773,"wellnessStartTimeGmt":"2019-04-20T22:00:00.0","wellnessEndTimeGmt":"2019-04-21T22:00:00.0","wellnessStartTimeLocal":"2019-04-21T00:00:00.0","wellnessEndTimeLocal":"2019-04-22T00:00:00.0","highlyActiveSeconds":600,"activeSeconds":8835,"moderateIntensityMinutes":0,"vigorousIntensityMinutes":0,"floorsAscendedInMeters":6.565,"floorsDescendedInMeters":4.297,"userIntensityMinutesGoal":150,"userFloorsAscendedGoal":10,"minHeartRate":40,"maxHeartRate":117,"restingHeartRate":55,"currentDayRestingHeartRate":62,"restingHeartRateTimestamp":1555884000000,"includesWellnessData":true,"includesActivityData":false,"includesCalorieConsumedData":true,"includesSingleMeasurement":false,"includesContinuousMeasurement":false,"includesAllDayPulseOx":false,"includesSleepPulseOx":false,"source":0,"allDayStress":{"userProfilePK":76018113,"calendarDate":"2019-04-21","aggregatorList":[{"type":"TOTAL","averageStressLevel":45,"averageStressLevelIntensity":42,"maxStressLevel":94,"stressIntensityCount":500,"stressOffWristCount":623,"stressTooActiveCount":309,"totalStressCount":1432,"totalStressIntensity":-11452,"stressDuration":25380,"restDuration":4620,"activityDuration":18540,"uncategorizedDuration":37380,"totalDuration":85920,"lowDuration":14940,"mediumDuration":7980,"highDuration":2460},{"type":"AWAKE","averageStressLevel":45,"averageStressLevelIntensity":42,"maxStressLevel":94,"stressIntensityCount":500,"stressOffWristCount":623,"stressTooActiveCount":309,"totalStressCount":1432,"totalStressIntensity":-11452,"stressDuration":25380,"restDuration":4620,"activityDuration":18540,"uncategorizedDuration":37380,"totalDuration":85920,"lowDuration":14940,"mediumDuration":7980,"highDuration":2460},{"type":"ASLEEP","averageStressLevel":-2,"averageStressLevelIntensity":-2,"maxStressLevel":0,"stressIntensityCount":0,"stressOffWristCount":0,"stressTooActiveCount":0,"totalStressCount":0,"totalStressIntensity":0,"stressDuration":0,"restDuration":0,"activityDuration":0,"uncategorizedDuration":0,"totalDuration":0,"lowDuration":0,"mediumDuration":0,"highDuration":0}]},"bodyBattery":{"userProfilePK":76018113,"calendarDate":"2019-04-21","bodyBatteryVersion":1.0},"minAvgHeartRate":40,"maxAvgHeartRate":113,"version":78060005},{"userProfilePK":76018113,"calendarDate":"2019-04-22","uuid":"5eade0770f59485691c04c898111d309","durationInMilliseconds":86400000,"totalKilocalories":2575.0,"activeKilocalories":555.0,"bmrKilocalories":2020.0,"wellnessKilocalories":2575.0,"consumedKilocalories":0.0,"remainingKilocalories":2575.0,"wellnessTotalKilocalories":2575.0,"wellnessActiveKilocalories":555.0,"totalSteps":7337,"dailyStepGoal":14500,"netCalorieGoal":1520,"totalDistanceMeters":5742,"wellnessDistanceMeters":5742,"wellnessStartTimeGmt":"2019-04-21T22:00:00.0","wellnessEndTimeGmt":"2019-04-22T22:00:00.0","wellnessStartTimeLocal":"2019-04-22T00:00:00.0","wellnessEndTimeLocal":"2019-04-23T00:00:00.0","highlyActiveSeconds":756,"activeSeconds":7702,"moderateIntensityMinutes":0,"vigorousIntensityMinutes":0,"floorsAscendedInMeters":12.192,"floorsDescendedInMeters":15.557,"userIntensityMinutesGoal":150,"userFloorsAscendedGoal":10,"minHeartRate":45,"maxHeartRate":156,"restingHeartRate":55,"currentDayRestingHeartRate":56,"restingHeartRateTimestamp":1555970400000,"includesWellnessData":true,"includesActivityData":false,"includesCalorieConsumedData":true,"includesSingleMeasurement":false,"includesContinuousMeasurement":false,"includesAllDayPulseOx":false,"includesSleepPulseOx":false,"source":0,"allDayStress":{"userProfilePK":76018113,"calendarDate":"2019-04-22","aggregatorList":[{"type":"TOTAL","averageStressLevel":48,"averageStressLevelIntensity":42,"maxStressLevel":98,"stressIntensityCount":734,"stressOffWristCount":472,"stressTooActiveCount":222,"totalStressCount":1428,"totalStressIntensity":-16998,"stressDuration":34200,"restDuration":9840,"activityDuration":13320,"uncategorizedDuration":28320,"totalDuration":85680,"lowDuration":12600,"mediumDuration":16440,"highDuration":5160},{"type":"AWAKE","averageStressLevel":48,"averageStressLevelIntensity":42,"maxStressLevel":98,"stressIntensityCount":734,"stressOffWristCount":472,"stressTooActiveCount":222,"totalStressCount":1428,"totalStressIntensity":-16998,"stressDuration":34200,"restDuration":9840,"activityDuration":13320,"uncategorizedDuration":28320,"totalDuration":85680,"lowDuration":12600,"mediumDuration":16440,"highDuration":5160},{"type":"ASLEEP","averageStressLevel":-2,"averageStressLevelIntensity":-2,"maxStressLevel":0,"stressIntensityCount":0,"stressOffWristCount":0,"stressTooActiveCount":0,"totalStressCount":0,"totalStressIntensity":0,"stressDuration":0,"restDuration":0,"activityDuration":0,"uncategorizedDuration":0,"totalDuration":0,"lowDuration":0,"mediumDuration":0,"highDuration":0}]},"bodyBattery":{"userProfilePK":76018113,"calendarDate":"2019-04-22","bodyBatteryVersion":1.0},"minAvgHeartRate":45,"maxAvgHeartRate":155,"version":53580004},{"userProfilePK":76018113,"calendarDate":"2019-04-23","uuid":"fbe91f693ef54422b22c87946861b61b","durationInMilliseconds":86400000,"totalKilocalories":3055.0,"activeKilocalories":1035.0,"bmrKilocalories":2020.0,"wellnessKilocalories":3055.0,"burnedKilocalories":0.0,"consumedKilocalories":0.0,"remainingKilocalories":3055.0,"wellnessTotalKilocalories":3055.0,"wellnessActiveKilocalories":1035.0,"totalSteps":14237,"dailyStepGoal":13070,"netCalorieGoal":1520,"totalDistanceMeters":12689,"wellnessDistanceMeters":12689,"wellnessStartTimeGmt":"2019-04-22T22:00:00.0","wellnessEndTimeGmt":"2019-04-23T22:00:00.0","wellnessStartTimeLocal":"2019-04-23T00:00:00.0","wellnessEndTimeLocal":"2019-04-24T00:00:00.0","highlyActiveSeconds":2121,"activeSeconds":10659,"moderateIntensityMinutes":13,"vigorousIntensityMinutes":16,"floorsAscendedInMeters":21.922,"floorsDescendedInMeters":24.183,"userIntensityMinutesGoal":150,"userFloorsAscendedGoal":10,"minHeartRate":44,"maxHeartRate":182,"restingHeartRate":56,"currentDayRestingHeartRate":58,"restingHeartRateTimestamp":1556056800000,"includesWellnessData":true,"includesActivityData":true,"includesCalorieConsumedData":true,"includesSingleMeasurement":false,"includesContinuousMeasurement":false,"includesAllDayPulseOx":false,"includesSleepPulseOx":false,"source":0,"allDayStress":{"userProfilePK":76018113,"calendarDate":"2019-04-23","aggregatorList":[{"type":"TOTAL","averageStressLevel":43,"averageStressLevelIntensity":32,"maxStressLevel":96,"stressIntensityCount":575,"stressOffWristCount":564,"stressTooActiveCount":292,"totalStressCount":1431,"totalStressIntensity":-5979,"stressDuration":23040,"restDuration":11460,"activityDuration":17520,"uncategorizedDuration":33840,"totalDuration":85860,"lowDuration":8460,"mediumDuration":9660,"highDuration":4920},{"type":"AWAKE","averageStressLevel":43,"averageStressLevelIntensity":32,"maxStressLevel":96,"stressIntensityCount":575,"stressOffWristCount":564,"stressTooActiveCount":292,"totalStressCount":1431,"totalStressIntensity":-5979,"stressDuration":23040,"restDuration":11460,"activityDuration":17520,"uncategorizedDuration":33840,"totalDuration":85860,"lowDuration":8460,"mediumDuration":9660,"highDuration":4920},{"type":"ASLEEP","averageStressLevel":-2,"averageStressLevelIntensity":-2,"maxStressLevel":0,"stressIntensityCount":0,"stressOffWristCount":0,"stressTooActiveCount":0,"totalStressCount":0,"totalStressIntensity":0,"stressDuration":0,"restDuration":0,"activityDuration":0,"uncategorizedDuration":0,"totalDuration":0,"lowDuration":0,"mediumDuration":0,"highDuration":0}]},"bodyBattery":{"userProfilePK":76018113,"calendarDate":"2019-04-23","bodyBatteryVersion":1.0},"minAvgHeartRate":44,"maxAvgHeartRate":182,"version":70380003},{"userProfilePK":76018113,"calendarDate":"2019-04-24","uuid":"4223f8e06526431c9333b2170b28815d","durationInMilliseconds":86400000,"totalKilocalories":2317.0,"activeKilocalories":308.0,"bmrKilocalories":2009.0,"wellnessKilocalories":2317.0,"consumedKilocalories":0.0,"remainingKilocalories":2317.0,"wellnessTotalKilocalories":2317.0,"wellnessActiveKilocalories":308.0,"totalSteps":5719,"dailyStepGoal":13190,"netCalorieGoal":1520,"totalDistanceMeters":4476,"wellnessDistanceMeters":4476,"wellnessStartTimeGmt":"2019-04-23T22:00:00.0","wellnessEndTimeGmt":"2019-04-24T22:00:00.0","wellnessStartTimeLocal":"2019-04-24T00:00:00.0","wellnessEndTimeLocal":"2019-04-25T00:00:00.0","highlyActiveSeconds":960,"activeSeconds":7119,"moderateIntensityMinutes":0,"vigorousIntensityMinutes":0,"floorsAscendedInMeters":2.135,"floorsDescendedInMeters":7.183,"userIntensityMinutesGoal":150,"userFloorsAscendedGoal":10,"minHeartRate":46,"maxHeartRate":129,"restingHeartRate":56,"currentDayRestingHeartRate":62,"restingHeartRateTimestamp":1556143200000,"includesWellnessData":true,"includesActivityData":false,"includesCalorieConsumedData":true,"includesSingleMeasurement":false,"includesContinuousMeasurement":false,"includesAllDayPulseOx":false,"includesSleepPulseOx":false,"source":0,"allDayStress":{"userProfilePK":76018113,"calendarDate":"2019-04-24","aggregatorList":[{"type":"TOTAL","averageStressLevel":33,"averageStressLevelIntensity":24,"maxStressLevel":91,"stressIntensityCount":707,"stressOffWristCount":522,"stressTooActiveCount":205,"totalStressCount":1434,"totalStressIntensity":4328,"stressDuration":22980,"restDuration":19440,"activityDuration":12300,"uncategorizedDuration":31320,"totalDuration":86040,"lowDuration":11160,"mediumDuration":10140,"highDuration":1680},{"type":"AWAKE","averageStressLevel":33,"averageStressLevelIntensity":24,"maxStressLevel":91,"stressIntensityCount":707,"stressOffWristCount":522,"stressTooActiveCount":205,"totalStressCount":1434,"totalStressIntensity":4328,"stressDuration":22980,"restDuration":19440,"activityDuration":12300,"uncategorizedDuration":31320,"totalDuration":86040,"lowDuration":11160,"mediumDuration":10140,"highDuration":1680},{"type":"ASLEEP","averageStressLevel":-2,"averageStressLevelIntensity":-2,"maxStressLevel":0,"stressIntensityCount":0,"stressOffWristCount":0,"stressTooActiveCount":0,"totalStressCount":0,"totalStressIntensity":0,"stressDuration":0,"restDuration":0,"activityDuration":0,"uncategorizedDuration":0,"totalDuration":0,"lowDuration":0,"mediumDuration":0,"highDuration":0}]},"bodyBattery":{"userProfilePK":76018113,"calendarDate":"2019-04-24","bodyBatteryVersion":1.0},"minAvgHeartRate":49,"maxAvgHeartRate":123,"version":55860003},{"userProfilePK":76018113,"calendarDate":"2019-04-25","uuid":"b8564c6a8bf54175af49fb8352b55ab7","durationInMilliseconds":86400000,"totalKilocalories":2409.0,"activeKilocalories":400.0,"bmrKilocalories":2009.0,"wellnessKilocalories":2409.0,"consumedKilocalories":0.0,"remainingKilocalories":2409.0,"wellnessTotalKilocalories":2409.0,"wellnessActiveKilocalories":400.0,"totalSteps":6029,"dailyStepGoal":12450,"netCalorieGoal":1520,"totalDistanceMeters":4718,"wellnessDistanceMeters":4718,"wellnessStartTimeGmt":"2019-04-24T22:00:00.0","wellnessEndTimeGmt":"2019-04-25T22:00:00.0","wellnessStartTimeLocal":"2019-04-25T00:00:00.0","wellnessEndTimeLocal":"2019-04-26T00:00:00.0","highlyActiveSeconds":2957,"activeSeconds":7640,"moderateIntensityMinutes":55,"vigorousIntensityMinutes":0,"floorsAscendedInMeters":3.048,"floorsDescendedInMeters":24.605,"userIntensityMinutesGoal":150,"userFloorsAscendedGoal":10,"minHeartRate":42,"maxHeartRate":116,"restingHeartRate":58,"currentDayRestingHeartRate":62,"restingHeartRateTimestamp":1556229600000,"includesWellnessData":true,"includesActivityData":false,"includesCalorieConsumedData":true,"includesSingleMeasurement":false,"includesContinuousMeasurement":false,"includesAllDayPulseOx":false,"includesSleepPulseOx":false,"source":0,"allDayStress":{"userProfilePK":76018113,"calendarDate":"2019-04-25","aggregatorList":[{"type":"TOTAL","averageStressLevel":46,"averageStressLevelIntensity":40,"maxStressLevel":98,"stressIntensityCount":550,"stressOffWristCount":605,"stressTooActiveCount":277,"totalStressCount":1432,"totalStressIntensity":-11452,"stressDuration":24960,"restDuration":8040,"activityDuration":16620,"uncategorizedDuration":36300,"totalDuration":85920,"lowDuration":9660,"mediumDuration":12480,"highDuration":2820},{"type":"AWAKE","averageStressLevel":46,"averageStressLevelIntensity":40,"maxStressLevel":98,"stressIntensityCount":550,"stressOffWristCount":605,"stressTooActiveCount":277,"totalStressCount":1432,"totalStressIntensity":-11452,"stressDuration":24960,"restDuration":8040,"activityDuration":16620,"uncategorizedDuration":36300,"totalDuration":85920,"lowDuration":9660,"mediumDuration":12480,"highDuration":2820},{"type":"ASLEEP","averageStressLevel":-2,"averageStressLevelIntensity":-2,"maxStressLevel":0,"stressIntensityCount":0,"stressOffWristCount":0,"stressTooActiveCount":0,"totalStressCount":0,"totalStressIntensity":0,"stressDuration":0,"restDuration":0,"activityDuration":0,"uncategorizedDuration":0,"totalDuration":0,"lowDuration":0,"mediumDuration":0,"highDuration":0}]},"bodyBattery":{"userProfilePK":76018113,"calendarDate":"2019-04-25","bodyBatteryVersion":1.0},"minAvgHeartRate":43,"maxAvgHeartRate":110,"version":70380003},{"userProfilePK":76018113,"calendarDate":"2019-04-26","uuid":"43c4e6a9197d49e5a71a612c667d035d","durationInMilliseconds":86400000,"totalKilocalories":2868.0,"activeKilocalories":859.0,"bmrKilocalories":2009.0,"wellnessKilocalories":2868.0,"remainingKilocalories":2868.0,"wellnessTotalKilocalories":2868.0,"wellnessActiveKilocalories":859.0,"totalSteps":13922,"dailyStepGoal":11170,"netCalorieGoal":1520,"totalDistanceMeters":10895,"wellnessDistanceMeters":10895,"wellnessStartTimeGmt":"2019-04-25T22:00:00.0","wellnessEndTimeGmt":"2019-04-26T22:00:00.0","wellnessStartTimeLocal":"2019-04-26T00:00:00.0","wellnessEndTimeLocal":"2019-04-27T00:00:00.0","highlyActiveSeconds":4695,"activeSeconds":14038,"moderateIntensityMinutes":157,"vigorousIntensityMinutes":0,"floorsAscendedInMeters":24.407,"floorsDescendedInMeters":22.781,"userIntensityMinutesGoal":150,"userFloorsAscendedGoal":10,"minHeartRate":46,"maxHeartRate":121,"restingHeartRate":60,"currentDayRestingHeartRate":65,"restingHeartRateTimestamp":1556316000000,"includesWellnessData":true,"includesActivityData":false,"includesCalorieConsumedData":false,"includesSingleMeasurement":false,"includesContinuousMeasurement":false,"includesAllDayPulseOx":false,"includesSleepPulseOx":false,"source":0,"allDayStress":{"userProfilePK":76018113,"calendarDate":"2019-04-26","aggregatorList":[{"type":"TOTAL","averageStressLevel":46,"averageStressLevelIntensity":38,"maxStressLevel":94,"stressIntensityCount":407,"stressOffWristCount":500,"stressTooActiveCount":372,"totalStressCount":1279,"totalStressIntensity":-7477,"stressDuration":17280,"restDuration":7140,"activityDuration":22320,"uncategorizedDuration":30000,"totalDuration":76740,"lowDuration":5040,"mediumDuration":9000,"highDuration":3240},{"type":"AWAKE","averageStressLevel":46,"averageStressLevelIntensity":38,"maxStressLevel":94,"stressIntensityCount":407,"stressOffWristCount":500,"stressTooActiveCount":372,"totalStressCount":1279,"totalStressIntensity":-7477,"stressDuration":17280,"restDuration":7140,"activityDuration":22320,"uncategorizedDuration":30000,"totalDuration":76740,"lowDuration":5040,"mediumDuration":9000,"highDuration":3240},{"type":"ASLEEP","averageStressLevel":-2,"averageStressLevelIntensity":-2,"maxStressLevel":0,"stressIntensityCount":0,"stressOffWristCount":0,"stressTooActiveCount":0,"totalStressCount":0,"totalStressIntensity":0,"stressDuration":0,"restDuration":0,"activityDuration":0,"uncategorizedDuration":0,"totalDuration":0,"lowDuration":0,"mediumDuration":0,"highDuration":0}]},"bodyBattery":{"userProfilePK":76018113,"calendarDate":"2019-04-26","bodyBatteryVersion":1.0},"minAvgHeartRate":52,"maxAvgHeartRate":120,"version":79140002},{"userProfilePK":76018113,"calendarDate":"2019-04-27","uuid":"75cbf061de5740cba8aaf4ae9774f386","durationInMilliseconds":86400000,"totalKilocalories":2009.0,"activeKilocalories":0.0,"bmrKilocalories":2009.0,"wellnessKilocalories":2009.0,"consumedKilocalories":0.0,"remainingKilocalories":2009.0,"wellnessTotalKilocalories":2009.0,"wellnessActiveKilocalories":0.0,"totalSteps":0,"dailyStepGoal":11450,"netCalorieGoal":1520,"totalDistanceMeters":0,"wellnessDistanceMeters":0,"wellnessStartTimeGmt":"2019-04-26T22:00:00.0","wellnessEndTimeGmt":"2019-04-27T22:00:00.0","wellnessStartTimeLocal":"2019-04-27T00:00:00.0","wellnessEndTimeLocal":"2019-04-28T00:00:00.0","highlyActiveSeconds":0,"activeSeconds":0,"moderateIntensityMinutes":0,"vigorousIntensityMinutes":0,"floorsAscendedInMeters":0.0,"floorsDescendedInMeters":0.0,"userIntensityMinutesGoal":150,"userFloorsAscendedGoal":10,"includesWellnessData":true,"includesActivityData":false,"includesCalorieConsumedData":true,"includesSingleMeasurement":false,"includesContinuousMeasurement":false,"includesAllDayPulseOx":false,"includesSleepPulseOx":false,"source":0,"allDayStress":{"userProfilePK":76018113,"calendarDate":"2019-04-27","aggregatorList":[{"type":"TOTAL","averageStressLevel":-1,"averageStressLevelIntensity":-1,"maxStressLevel":0,"stressIntensityCount":0,"stressOffWristCount":1440,"stressTooActiveCount":0,"totalStressCount":1440,"totalStressIntensity":0,"stressDuration":0,"restDuration":0,"activityDuration":0,"uncategorizedDuration":86400,"totalDuration":86400,"lowDuration":0,"mediumDuration":0,"highDuration":0},{"type":"AWAKE","averageStressLevel":-1,"averageStressLevelIntensity":-1,"maxStressLevel":0,"stressIntensityCount":0,"stressOffWristCount":1440,"stressTooActiveCount":0,"totalStressCount":1440,"totalStressIntensity":0,"stressDuration":0,"restDuration":0,"activityDuration":0,"uncategorizedDuration":86400,"totalDuration":86400,"lowDuration":0,"mediumDuration":0,"highDuration":0},{"type":"ASLEEP","averageStressLevel":-2,"averageStressLevelIntensity":-2,"maxStressLevel":0,"stressIntensityCount":0,"stressOffWristCount":0,"stressTooActiveCount":0,"totalStressCount":0,"totalStressIntensity":0,"stressDuration":0,"restDuration":0,"activityDuration":0,"uncategorizedDuration":0,"totalDuration":0,"lowDuration":0,"mediumDuration":0,"highDuration":0}]},"bodyBattery":{"userProfilePK":76018113,"calendarDate":"2019-04-27","bodyBatteryVersion":1.0},"version":2},{"userProfilePK":76018113,"calendarDate":"2019-04-28","uuid":"a7305178c4a345d3a7cac546714e62fa","durationInMilliseconds":86400000,"totalKilocalories":2009.0,"activeKilocalories":0.0,"bmrKilocalories":2009.0,"wellnessKilocalories":2009.0,"consumedKilocalories":0.0,"remainingKilocalories":2009.0,"wellnessTotalKilocalories":2009.0,"wellnessActiveKilocalories":0.0,"totalSteps":0,"dailyStepGoal":11450,"netCalorieGoal":1520,"totalDistanceMeters":0,"wellnessDistanceMeters":0,"wellnessStartTimeGmt":"2019-04-27T22:00:00.0","wellnessEndTimeGmt":"2019-04-28T22:00:00.0","wellnessStartTimeLocal":"2019-04-28T00:00:00.0","wellnessEndTimeLocal":"2019-04-29T00:00:00.0","highlyActiveSeconds":0,"activeSeconds":0,"moderateIntensityMinutes":0,"vigorousIntensityMinutes":0,"floorsAscendedInMeters":0.0,"floorsDescendedInMeters":0.0,"userIntensityMinutesGoal":150,"userFloorsAscendedGoal":10,"includesWellnessData":true,"includesActivityData":false,"includesCalorieConsumedData":true,"includesSingleMeasurement":false,"includesContinuousMeasurement":false,"includesAllDayPulseOx":false,"includesSleepPulseOx":false,"source":0,"allDayStress":{"userProfilePK":76018113,"calendarDate":"2019-04-28","aggregatorList":[{"type":"TOTAL","averageStressLevel":-1,"averageStressLevelIntensity":-1,"maxStressLevel":0,"stressIntensityCount":0,"stressOffWristCount":1438,"stressTooActiveCount":0,"totalStressCount":1438,"totalStressIntensity":0,"stressDuration":0,"restDuration":0,"activityDuration":0,"uncategorizedDuration":86280,"totalDuration":86280,"lowDuration":0,"mediumDuration":0,"highDuration":0},{"type":"AWAKE","averageStressLevel":-1,"averageStressLevelIntensity":-1,"maxStressLevel":0,"stressIntensityCount":0,"stressOffWristCount":1438,"stressTooActiveCount":0,"totalStressCount":1438,"totalStressIntensity":0,"stressDuration":0,"restDuration":0,"activityDuration":0,"uncategorizedDuration":86280,"totalDuration":86280,"lowDuration":0,"mediumDuration":0,"highDuration":0},{"type":"ASLEEP","averageStressLevel":-2,"averageStressLevelIntensity":-2,"maxStressLevel":0,"stressIntensityCount":0,"stressOffWristCount":0,"stressTooActiveCount":0,"totalStressCount":0,"totalStressIntensity":0,"stressDuration":0,"restDuration":0,"activityDuration":0,"uncategorizedDuration":0,"totalDuration":0,"lowDuration":0,"mediumDuration":0,"highDuration":0}]},"bodyBattery":{"userProfilePK":76018113,"calendarDate":"2019-04-28","bodyBatteryVersion":1.0},"version":2},{"userProfilePK":76018113,"calendarDate":"2019-04-29","uuid":"b3d584a829a44247a0c71ef468b1be32","durationInMilliseconds":86400000,"totalKilocalories":2009.0,"activeKilocalories":0.0,"bmrKilocalories":2009.0,"wellnessKilocalories":2009.0,"consumedKilocalories":0.0,"remainingKilocalories":2009.0,"wellnessTotalKilocalories":2009.0,"wellnessActiveKilocalories":0.0,"totalSteps":0,"dailyStepGoal":11450,"netCalorieGoal":1520,"totalDistanceMeters":0,"wellnessDistanceMeters":0,"wellnessStartTimeGmt":"2019-04-28T22:00:00.0","wellnessEndTimeGmt":"2019-04-29T22:00:00.0","wellnessStartTimeLocal":"2019-04-29T00:00:00.0","wellnessEndTimeLocal":"2019-04-30T00:00:00.0","highlyActiveSeconds":0,"activeSeconds":0,"moderateIntensityMinutes":0,"vigorousIntensityMinutes":0,"floorsAscendedInMeters":0.0,"floorsDescendedInMeters":0.0,"userIntensityMinutesGoal":150,"userFloorsAscendedGoal":10,"includesWellnessData":true,"includesActivityData":false,"includesCalorieConsumedData":true,"includesSingleMeasurement":false,"includesContinuousMeasurement":false,"includesAllDayPulseOx":false,"includesSleepPulseOx":false,"source":0,"allDayStress":{"userProfilePK":76018113,"calendarDate":"2019-04-29","aggregatorList":[{"type":"TOTAL","averageStressLevel":-1,"averageStressLevelIntensity":-1,"maxStressLevel":0,"stressIntensityCount":0,"stressOffWristCount":1438,"stressTooActiveCount":0,"totalStressCount":1438,"totalStressIntensity":0,"stressDuration":0,"restDuration":0,"activityDuration":0,"uncategorizedDuration":86280,"totalDuration":86280,"lowDuration":0,"mediumDuration":0,"highDuration":0},{"type":"AWAKE","averageStressLevel":-1,"averageStressLevelIntensity":-1,"maxStressLevel":0,"stressIntensityCount":0,"stressOffWristCount":1438,"stressTooActiveCount":0,"totalStressCount":1438,"totalStressIntensity":0,"stressDuration":0,"restDuration":0,"activityDuration":0,"uncategorizedDuration":86280,"totalDuration":86280,"lowDuration":0,"mediumDuration":0,"highDuration":0},{"type":"ASLEEP","averageStressLevel":-2,"averageStressLevelIntensity":-2,"maxStressLevel":0,"stressIntensityCount":0,"stressOffWristCount":0,"stressTooActiveCount":0,"totalStressCount":0,"totalStressIntensity":0,"stressDuration":0,"restDuration":0,"activityDuration":0,"uncategorizedDuration":0,"totalDuration":0,"lowDuration":0,"mediumDuration":0,"highDuration":0}]},"bodyBattery":{"userProfilePK":76018113,"calendarDate":"2019-04-29","bodyBatteryVersion":1.0},"version":2},{"userProfilePK":76018113,"calendarDate":"2019-04-30","uuid":"7cba484f836345f6b6934c25141c9125","durationInMilliseconds":86400000,"totalKilocalories":2009.0,"activeKilocalories":0.0,"bmrKilocalories":2009.0,"wellnessKilocalories":2009.0,"consumedKilocalories":0.0,"remainingKilocalories":2009.0,"wellnessTotalKilocalories":2009.0,"wellnessActiveKilocalories":0.0,"totalSteps":0,"dailyStepGoal":11450,"netCalorieGoal":1520,"totalDistanceMeters":0,"wellnessDistanceMeters":0,"wellnessStartTimeGmt":"2019-04-29T22:00:00.0","wellnessEndTimeGmt":"2019-04-30T22:00:00.0","wellnessStartTimeLocal":"2019-04-30T00:00:00.0","wellnessEndTimeLocal":"2019-05-01T00:00:00.0","highlyActiveSeconds":0,"activeSeconds":0,"moderateIntensityMinutes":0,"vigorousIntensityMinutes":0,"floorsAscendedInMeters":0.0,"floorsDescendedInMeters":0.0,"userIntensityMinutesGoal":150,"userFloorsAscendedGoal":10,"includesWellnessData":true,"includesActivityData":false,"includesCalorieConsumedData":true,"includesSingleMeasurement":false,"includesContinuousMeasurement":false,"includesAllDayPulseOx":false,"includesSleepPulseOx":false,"source":0,"allDayStress":{"userProfilePK":76018113,"calendarDate":"2019-04-30","aggregatorList":[{"type":"TOTAL","averageStressLevel":-1,"averageStressLevelIntensity":-1,"maxStressLevel":0,"stressIntensityCount":0,"stressOffWristCount":1434,"stressTooActiveCount":0,"totalStressCount":1434,"totalStressIntensity":0,"stressDuration":0,"restDuration":0,"activityDuration":0,"uncategorizedDuration":86040,"totalDuration":86040,"lowDuration":0,"mediumDuration":0,"highDuration":0},{"type":"AWAKE","averageStressLevel":-1,"averageStressLevelIntensity":-1,"maxStressLevel":0,"stressIntensityCount":0,"stressOffWristCount":1434,"stressTooActiveCount":0,"totalStressCount":1434,"totalStressIntensity":0,"stressDuration":0,"restDuration":0,"activityDuration":0,"uncategorizedDuration":86040,"totalDuration":86040,"lowDuration":0,"mediumDuration":0,"highDuration":0},{"type":"ASLEEP","averageStressLevel":-2,"averageStressLevelIntensity":-2,"maxStressLevel":0,"stressIntensityCount":0,"stressOffWristCount":0,"stressTooActiveCount":0,"totalStressCount":0,"totalStressIntensity":0,"stressDuration":0,"restDuration":0,"activityDuration":0,"uncategorizedDuration":0,"totalDuration":0,"lowDuration":0,"mediumDuration":0,"highDuration":0}]},"bodyBattery":{"userProfilePK":76018113,"calendarDate":"2019-04-30","bodyBatteryVersion":1.0},"version":2}]