[{"userProfilePK":76018113,"calendarDate":"2020-12-22","uuid":"27b6cffe90ae4c4b92e891e359ea7d85","durationInMilliseconds":0,"totalKilocalories":433.0,"activeKilocalories":433.0,"burnedKilocalories":433.0,"remainingKilocalories":433.0,"wellnessTotalKilocalories":433.0,"netCalorieGoal":1530,"totalDistanceMeters":15796,"wellnessStartTimeGmt":"2020-12-21T23:00:00.0","wellnessEndTimeGmt":"2020-12-22T23:00:00.0","wellnessStartTimeLocal":"2020-12-22T00:00:00.0","wellnessEndTimeLocal":"2020-12-23T00:00:00.0","includesWellnessData":false,"includesActivityData":true,"includesCalorieConsumedData":false,"source":0,"allDayStress":{},"version":1},{"userProfilePK":76018113,"calendarDate":"2021-01-04","uuid":"cdd8271b017e44c5ad6017504bd9e1db","durationInMilliseconds":0,"totalKilocalories":459.0,"activeKilocalories":459.0,"burnedKilocalories":459.0,"remainingKilocalories":459.0,"netCalorieGoal":1530,"totalDistanceMeters":14175,"includesWellnessData":false,"includesActivityData":true,"includesCalorieConsumedData":false,"allDayStress":{},"version":0},{"userProfilePK":76018113,"calendarDate":"2021-01-05","uuid":"794423b6f7364529a4668e2b1f3e95c7","durationInMilliseconds":0,"totalKilocalories":507.0,"activeKilocalories":507.0,"burnedKilocalories":507.0,"remainingKilocalories":507.0,"netCalorieGoal":1530,"totalDistanceMeters":12935,"includesWellnessData":false,"includesActivityData":true,"includesCalorieConsumedData":false,"allDayStress":{},"version":0},{"userProfilePK":76018113,"calendarDate":"2021-01-09","uuid":"0a6f87eae9d6450db9b378f9d86a4e96","durationInMilliseconds":0,"totalKilocalories":463.0,"activeKilocalories":463.0,"burnedKilocalories":463.0,"remainingKilocalories":463.0,"netCalorieGoal":1530,"totalDistanceMeters":13321,"includesWellnessData":false,"includesActivityData":true,"includesCalorieConsumedData":false,"allDayStress":{},"version":0},{"userProfilePK":76018113,"calendarDate":"2021-01-10","uuid":"49f8eb0926da456dbbd1cf3a8ab2f017","durationInMilliseconds":0,"totalKilocalories":477.0,"activeKilocalories":477.0,"burnedKilocalories":477.0,"remainingKilocalories":477.0,"wellnessTotalKilocalories":477.0,"netCalorieGoal":1530,"totalDistanceMeters":14181,"wellnessStartTimeGmt":"2021-01-09T23:00:00.0","wellnessEndTimeGmt":"2021-01-10T23:00:00.0","wellnessStartTimeLocal":"2021-01-10T00:00:00.0","wellnessEndTimeLocal":"2021-01-11T00:00:00.0","includesWellnessData":false,"includesActivityData":true,"includesCalorieConsumedData":false,"source":0,"allDayStress":{},"version":1},{"userProfilePK":76018113,"calendarDate":"2021-01-12","uuid":"9acafe428b454b89bb826ad6a8c3ae3c","durationInMilliseconds":0,"totalKilocalories":479.0,"activeKilocalories":479.0,"burnedKilocalories":479.0,"remainingKilocalories":479.0,"netCalorieGoal":1530,"totalDistanceMeters":12804,"includesWellnessData":false,"includesActivityData":true,"includesCalorieConsumedData":false,"allDayStress":{},"version":0},{"userProfilePK":76018113,"calendarDate":"2021-01-19","uuid":"dccc2ee21e294a95b78577a4e0362e6c","durationInMilliseconds":0,"totalKilocalories":399.0,"activeKilocalories":399.0,"burnedKilocalories":399.0,"remainingKilocalories":399.0,"netCalorieGoal":1530,"totalDistanceMeters":15024,"includesWellnessData":false,"includesActivityData":true,"includesCalorieConsumedData":false,"allDayStress":{},"version":0},{"userProfilePK":76018113,"calendarDate":"2021-01-21","uuid":"478d5bf063bb40a1b8b29aed965fbe97","durationInMilliseconds":0,"totalKilocalories":399.0,"activeKilocalories":399.0,"burnedKilocalories":399.0,"remainingKilocalories":399.0,"netCalorieGoal":1530,"totalDistanceMeters":14911,"includesWellnessData":false,"includesActivityData":true,"includesCalorieConsumedData":false,"allDayStress":{},"version":0},{"userProfilePK":76018113,"calendarDate":"2021-01-23","uuid":"e5c69005b125470c8a803683b4b718c5","durationInMilliseconds":0,"totalKilocalories":654.0,"activeKilocalories":654.0,"burnedKilocalories":654.0,"remainingKilocalories":654.0,"netCalorieGoal":1530,"totalDistanceMeters":22301,"includesWellnessData":false,"includesActivityData":true,"includesCalorieConsumedData":false,"allDayStress":{},"version":0},{"userProfilePK":76018113,"calendarDate":"2021-01-25","uuid":"e6f4cab0a29347efada101036dee160a","durationInMilliseconds":0,"totalKilocalories":464.0,"activeKilocalories":464.0,"burnedKilocalories":464.0,"remainingKilocalories":464.0,"netCalorieGoal":1530,"totalDistanceMeters":13758,"includesWellnessData":false,"includesActivityData":true,"includesCalorieConsumedData":false,"allDayStress":{},"version":0},{"userProfilePK":76018113,"calendarDate":"2021-01-29","uuid":"6e726074a9bd4ccbac96119ba14d4955","durationInMilliseconds":0,"totalKilocalories":506.0,"activeKilocalories":506.0,"burnedKilocalories":506.0,"remainingKilocalories":506.0,"netCalorieGoal":1530,"totalDistanceMeters":13328,"includesWellnessData":false,"includesActivityData":true,"includesCalorieConsumedData":false,"allDayStress":{},"version":0},{"userProfilePK":76018113,"calendarDate":"2021-01-31","uuid":"7047691cfff745cb97ca92251969ba4c","durationInMilliseconds":0,"totalKilocalories":758.0,"activeKilocalories":758.0,"burnedKilocalories":758.0,"remainingKilocalories":758.0,"netCalorieGoal":1530,"totalDistanceMeters":22589,"includesWellnessData":false,"includesActivityData":true,"includesCalorieConsumedData":false,"allDayStress":{},"version":0},{"userProfilePK":76018113,"calendarDate":"2021-02-02","uuid":"7a1bf2b2a01d40b690335f860a615e9c","durationInMilliseconds":0,"totalKilocalories":466.0,"activeKilocalories":466.0,"burnedKilocalories":466.0,"remainingKilocalories":466.0,"wellnessTotalKilocalories":466.0,"netCalorieGoal":1530,"totalDistanceMeters":15021,"wellnessStartTimeGmt":"2021-02-01T23:00:00.0","wellnessEndTimeGmt":"2021-02-02T23:00:00.0","wellnessStartTimeLocal":"2021-02-02T00:00:00.0","wellnessEndTimeLocal":"2021-02-03T00:00:00.0","includesWellnessData":false,"includesActivityData":true,"includesCalorieConsumedData":false,"source":0,"allDayStress":{},"version":1},{"userProfilePK":76018113,"calendarDate":"2021-02-03","uuid":"71894e03f4b4409d9b2b6a5a58cefc63","durationInMilliseconds":0,"totalKilocalories":538.0,"activeKilocalories":538.0,"burnedKilocalories":538.0,"remainingKilocalories":538.0,"netCalorieGoal":1530,"totalDistanceMeters":13233,"includesWellnessData":false,"includesActivityData":true,"includesCalorieConsumedData":false,"allDayStress":{},"version":0},{"userProfilePK":76018113,"calendarDate":"2021-02-06","uuid":"1acd6a1f4832482e8fb5049c482c0f5a","durationInMilliseconds":0,"totalKilocalories":705.0,"activeKilocalories":705.0,"burnedKilocalories":705.0,"remainingKilocalories":705.0,"wellnessTotalKilocalories":705.0,"netCalorieGoal":1530,"totalDistanceMeters":21515,"wellnessStartTimeGmt":"2021-02-05T23:00:00.0","wellnessEndTimeGmt":"2021-02-06T23:00:00.0","wellnessStartTimeLocal":"2021-02-06T00:00:00.0","wellnessEndTimeLocal":"2021-02-07T00:00:00.0","includesWellnessData":false,"includesActivityData":true,"includesCalorieConsumedData":false,"source":0,"allDayStress":{},"version":1},{"userProfilePK":76018113,"calendarDate":"2021-02-08","uuid":"5fedea6b3c9a4b66a9c08564ab277cf7","durationInMilliseconds":0,"totalKilocalories":492.0,"activeKilocalories":492.0,"burnedKilocalories":492.0,"remainingKilocalories":492.0,"netCalorieGoal":1530,"totalDistanceMeters":15215,"includesWellnessData":false,"includesActivityData":true,"includesCalorieConsumedData":false,"allDayStress":{},"version":0},{"userProfilePK":76018113,"calendarDate":"2021-02-11","uuid":"b04831f25c4749f0a92506c10612a098","durationInMilliseconds":0,"totalKilocalories":514.0,"activeKilocalories":514.0,"burnedKilocalories":514.0,"remainingKilocalories":514.0,"wellnessTotalKilocalories":514.0,"netCalorieGoal":1530,"totalDistanceMeters":14062,"wellnessStartTimeGmt":"2021-02-10T23:00:00.0","wellnessEndTimeGmt":"2021-02-11T23:00:00.0","wellnessStartTimeLocal":"2021-02-11T00:00:00.0","wellnessEndTimeLocal":"2021-02-12T00:00:00.0","includesWellnessData":false,"includesActivityData":true,"includesCalorieConsumedData":false,"source":0,"allDayStress":{},"version":1},{"userProfilePK":76018113,"calendarDate":"2021-02-16","uuid":"400dac538be144b0bd6af8f2657a3622","durationInMilliseconds":0,"totalKilocalories":503.0,"activeKilocalories":503.0,"burnedKilocalories":503.0,"remainingKilocalories":503.0,"netCalorieGoal":1530,"totalDistanceMeters":18839,"includesWellnessData":false,"includesActivityData":true,"includesCalorieConsumedData":false,"allDayStress":{},"version":0},{"userProfilePK":76018113,"calendarDate":"2021-02-17","uuid":"4bd83e7178a14dd0b11123c2e22ecc16","durationInMilliseconds":0,"totalKilocalories":424.0,"activeKilocalories":424.0,"burnedKilocalories":424.0,"remainingKilocalories":424.0,"wellnessTotalKilocalories":424.0,"netCalorieGoal":1530,"totalDistanceMeters":14644,"wellnessStartTimeGmt":"2021-02-16T23:00:00.0","wellnessEndTimeGmt":"2021-02-17T23:00:00.0","wellnessStartTimeLocal":"2021-02-17T00:00:00.0","wellnessEndTimeLocal":"2021-02-18T00:00:00.0","includesWellnessData":false,"includesActivityData":true,"includesCalorieConsumedData":false,"source":0,"allDayStress":{},"version":1},{"userProfilePK":76018113,"calendarDate":"2021-02-20","uuid":"280dc2e4873d4ec4bb5eed08e751f704","durationInMilliseconds":0,"totalKilocalories":672.0,"activeKilocalories":672.0,"burnedKilocalories":672.0,"remainingKilocalories":672.0,"wellnessTotalKilocalories":672.0,"netCalorieGoal":1530,"totalDistanceMeters":21988,"wellnessStartTimeGmt":"2021-02-19T23:00:00.0","wellnessEndTimeGmt":"2021-02-20T23:00:00.0","wellnessStartTimeLocal":"2021-02-20T00:00:00.0","wellnessEndTimeLocal":"2021-02-21T00:00:00.0","includesWellnessData":false,"includesActivityData":true,"includesCalorieConsumedData":false,"source":0,"allDayStress":{},"version":1},{"userProfilePK":76018113,"calendarDate":"2021-02-22","uuid":"08c343a44cb341b29db7d4e78c5bf55b","durationInMilliseconds":0,"totalKilocalories":667.0,"activeKilocalories":667.0,"burnedKilocalories":667.0,"remainingKilocalories":667.0,"netCalorieGoal":1530,"totalDistanceMeters":21530,"includesWellnessData":false,"includesActivityData":true,"includesCalorieConsumedData":false,"allDayStress":{},"version":0},{"userProfilePK":76018113,"calendarDate":"2021-02-23","uuid":"f5d5a8613bf94fcb941cfe5ed1bf232a","durationInMilliseconds":0,"totalKilocalories":435.0,"activeKilocalories":435.0,"burnedKilocalories":435.0,"remainingKilocalories":435.0,"netCalorieGoal":1530,"totalDistanceMeters":13095,"includesWellnessData":false,"includesActivityData":true,"includesCalorieConsumedData":false,"allDayStress":{},"version":0},{"userProfilePK":76018113,"calendarDate":"2021-02-26","uuid":"d874cfb36b2a4843af8c6cfd381c2a48","durationInMilliseconds":0,"totalKilocalories":440.0,"activeKilocalories":440.0,"burnedKilocalories":440.0,"remainingKilocalories":440.0,"netCalorieGoal":1530,"totalDistanceMeters":12965,"includesWellnessData":false,"includesActivityData":true,"includesCalorieConsumedData":false,"allDayStress":{},"version":0},{"userProfilePK":76018113,"calendarDate":"2021-02-27","uuid":"7db801e35e3b442fbf42cfd6c3662bd4","durationInMilliseconds":0,"totalKilocalories":711.0,"activeKilocalories":711.0,"burnedKilocalories":711.0,"remainingKilocalories":711.0,"wellnessTotalKilocalories":711.0,"netCalorieGoal":1530,"totalDistanceMeters":19877,"wellnessStartTimeGmt":"2021-02-26T23:00:00.0","wellnessEndTimeGmt":"2021-02-27T23:00:00.0","wellnessStartTimeLocal":"2021-02-27T00:00:00.0","wellnessEndTimeLocal":"2021-02-28T00:00:00.0","includesWellnessData":false,"includesActivityData":true,"includesCalorieConsumedData":false,"source":0,"allDayStress":{},"version":1},{"userProfilePK":76018113,"calendarDate":"2021-02-28","uuid":"9ea9acd4bca249b0999a010d3d163c37","durationInMilliseconds":86400000,"totalKilocalories":1945.0,"activeKilocalories":0.0,"bmrKilocalories":1945.0,"wellnessKilocalories":1945.0,"remainingKilocalories":1945.0,"wellnessTotalKilocalories":1945.0,"wellnessActiveKilocalories":0.0,"totalSteps":0,"dailyStepGoal":3490,"netCalorieGoal":1530,"totalDistanceMeters":0,"wellnessDistanceMeters":0,"wellnessStartTimeGmt":"2021-02-27T23:00:00.0","wellnessEndTimeGmt":"2021-02-28T23:00:00.0","wellnessStartTimeLocal":"2021-02-28T00:00:00.0","wellnessEndTimeLocal":"2021-03-01T00:00:00.0","highlyActiveSeconds":0,"activeSeconds":0,"moderateIntensityMinutes":0,"vigorousIntensityMinutes":0,"floorsAscendedInMeters":0.0,"floorsDescendedInMeters":0.0,"userIntensityMinutesGoal":150,"userFloorsAscendedGoal":10,"includesWellnessData":true,"includesActivityData":false,"includesCalorieConsumedData":false,"includesSingleMeasurement":false,"includesContinuousMeasurement":false,"includesAllDayPulseOx":false,"includesSleepPulseOx":false,"source":0,"allDayStress":{"userProfilePK":76018113,"calendarDate":"2021-02-28","aggregatorList":[{"type":"TOTAL","averageStressLevel":-1,"averageStressLevelIntensity":-1,"maxStressLevel":0,"stressIntensityCount":0,"stressOffWristCount":1218,"stressTooActiveCount":0,"totalStressCount":1218,"totalStressIntensity":0,"stressDuration":0,"restDuration":0,"activityDuration":0,"uncategorizedDuration":73080,"totalDuration":73080,"lowDuration":0,"mediumDuration":0,"highDuration":0},{"type":"AWAKE","averageStressLevel":-1,"averageStressLevelIntensity":-1,"maxStressLevel":0,"stressIntensityCount":0,"stressOffWristCount":1218,"stressTooActiveCount":0,"totalStressCount":1218,"totalStressIntensity":0,"stressDuration":0,"restDuration":0,"activityDuration":0,"uncategorizedDuration":73080,"totalDuration":73080,"lowDuration":0,"mediumDuration":0,"highDuration":0},{"type":"ASLEEP","averageStressLevel":-2,"averageStressLevelIntensity":-2,"maxStressLevel":0,"stressIntensityCount":0,"stressOffWristCount":0,"stressTooActiveCount":0,"totalStressCount":0,"totalStressIntensity":0,"stressDuration":0,"restDuration":0,"activityDuration":0,"uncategorizedDuration":0,"totalDuration":0,"lowDuration":0,"mediumDuration":0,"highDuration":0}]},"version":1},{"userProfilePK":76018113,"calendarDate":"2021-03-01","uuid":"540bf142f9c74078b1cd14d7fa3484bd","durationInMilliseconds":86400000,"totalKilocalories":2293.0,"activeKilocalories":348.0,"bmrKilocalories":1945.0,"wellnessKilocalories":1945.0,"burnedKilocalories":348.0,"remainingKilocalories":2293.0,"wellnessTotalKilocalories":1945.0,"wellnessActiveKilocalories":0.0,"totalSteps":0,"dailyStepGoal":3490,"netCalorieGoal":1530,"totalDistanceMeters":13358,"wellnessDistanceMeters":0,"wellnessStartTimeGmt":"2021-02-28T23:00:00.0","wellnessEndTimeGmt":"2021-03-01T23:00:00.0","wellnessStartTimeLocal":"2021-03-01T00:00:00.0","wellnessEndTimeLocal":"2021-03-02T00:00:00.0","highlyActiveSeconds":0,"activeSeconds":0,"moderateIntensityMinutes":0,"vigorousIntensityMinutes":0,"floorsAscendedInMeters":0.0,"floorsDescendedInMeters":0.0,"userIntensityMinutesGoal":150,"userFloorsAscendedGoal":10,"includesWellnessData":true,"includesActivityData":true,"includesCalorieConsumedData":false,"includesSingleMeasurement":false,"includesContinuousMeasurement":false,"includesAllDayPulseOx":false,"includesSleepPulseOx":false,"source":0,"allDayStress":{"userProfilePK":76018113,"calendarDate":"2021-03-01","aggregatorList":[{"type":"TOTAL","averageStressLevel":-1,"averageStressLevelIntensity":-1,"maxStressLevel":0,"stressIntensityCount":0,"stressOffWristCount":1440,"stressTooActiveCount":0,"totalStressCount":1440,"totalStressIntensity":0,"stressDuration":0,"restDuration":0,"activityDuration":0,"uncategorizedDuration":86400,"totalDuration":86400,"lowDuration":0,"mediumDuration":0,"highDuration":0},{"type":"AWAKE","averageStressLevel":-1,"averageStressLevelIntensity":-1,"maxStressLevel":0,"stressIntensityCount":0,"stressOffWristCount":1440,"stressTooActiveCount":0,"totalStressCount":1440,"totalStressIntensity":0,"stressDuration":0,"restDuration":0,"activityDuration":0,"uncategorizedDuration":86400,"totalDuration":86400,"lowDuration":0,"mediumDuration":0,"highDuration":0},{"type":"ASLEEP","averageStressLevel":-2,"averageStressLevelIntensity":-2,"maxStressLevel":0,"stressIntensityCount":0,"stressOffWristCount":0,"stressTooActiveCount":0,"totalStressCount":0,"totalStressIntensity":0,"stressDuration":0,"restDuration":0,"activityDuration":0,"uncategorizedDuration":0,"totalDuration":0,"lowDuration":0,"mediumDuration":0,"highDuration":0}]},"version":2},{"userProfilePK":76018113,"calendarDate":"2021-03-02","uuid":"95f5e8188d1d4601a8cb52d40d77f356","durationInMilliseconds":86400000,"totalKilocalories":2330.0,"activeKilocalories":385.0,"bmrKilocalories":1945.0,"wellnessKilocalories":1945.0,"burnedKilocalories":385.0,"remainingKilocalories":2330.0,"wellnessTotalKilocalories":1945.0,"wellnessActiveKilocalories":0.0,"totalSteps":0,"dailyStepGoal":3490,"netCalorieGoal":1530,"totalDistanceMeters":13334,"wellnessDistanceMeters":0,"wellnessStartTimeGmt":"2021-03-01T23:00:00.0","wellnessEndTimeGmt":"2021-03-02T23:00:00.0","wellnessStartTimeLocal":"2021-03-02T00:00:00.0","wellnessEndTimeLocal":"2021-03-03T00:00:00.0","highlyActiveSeconds":0,"activeSeconds":0,"moderateIntensityMinutes":0,"vigorousIntensityMinutes":0,"floorsAscendedInMeters":0.0,"floorsDescendedInMeters":0.0,"userIntensityMinutesGoal":150,"userFloorsAscendedGoal":10,"includesWellnessData":true,"includesActivityData":true,"includesCalorieConsumedData":false,"includesSingleMeasurement":false,"includesContinuousMeasurement":false,"includesAllDayPulseOx":false,"includesSleepPulseOx":false,"source":0,"allDayStress":{"userProfilePK":76018113,"calendarDate":"2021-03-02","aggregatorList":[{"type":"TOTAL","averageStressLevel":-1,"averageStressLevelIntensity":-1,"maxStressLevel":0,"stressIntensityCount":0,"stressOffWristCount":1440,"stressTooActiveCount":0,"totalStressCount":1440,"totalStressIntensity":0,"stressDuration":0,"restDuration":0,"activityDuration":0,"uncategorizedDuration":86400,"totalDuration":86400,"lowDuration":0,"mediumDuration":0,"highDuration":0},{"type":"AWAKE","averageStressLevel":-1,"averageStressLevelIntensity":-1,"maxStressLevel":0,"stressIntensityCount":0,"stressOffWristCount":1440,"stressTooActiveCount":0,"totalStressCount":1440,"totalStressIntensity":0,"stressDuration":0,"restDuration":0,"activityDuration":0,"uncategorizedDuration":86400,"totalDuration":86400,"lowDuration":0,"mediumDuration":0,"highDuration":0},{"type":"ASLEEP","averageStressLevel":-2,"averageStressLevelIntensity":-2,"maxStressLevel":0,"stressIntensityCount":0,"stressOffWristCount":0,"stressTooActiveCount":0,"totalStressCount":0,"totalStressIntensity":0,"stressDuration":0,"restDuration":0,"activityDuration":0,"uncategorizedDuration":0,"totalDuration":0,"lowDuration":0,"mediumDuration":0,"highDuration":0}]},"version":2},{"userProfilePK":76018113,"calendarDate":"2021-03-03","uuid":"94b7023966394d2db7806f4ee1df75c4","durationInMilliseconds":86400000,"totalKilocalories":1945.0,"activeKilocalories":0.0,"bmrKilocalories":1945.0,"wellnessKilocalories":1945.0,"remainingKilocalories":1945.0,"wellnessTotalKilocalories":1945.0,"wellnessActiveKilocalories":0.0,"totalSteps":0,"dailyStepGoal":3490,"netCalorieGoal":1530,"totalDistanceMeters":0,"wellnessDistanceMeters":0,"wellnessStartTimeGmt":"2021-03-02T23:00:00.0","wellnessEndTimeGmt":"2021-03-03T23:00:00.0","wellnessStartTimeLocal":"2021-03-03T00:00:00.0","wellnessEndTimeLocal":"2021-03-04T00:00:00.0","highlyActiveSeconds":0,"activeSeconds":0,"moderateIntensityMinutes":0,"vigorousIntensityMinutes":0,"floorsAscendedInMeters":0.0,"floorsDescendedInMeters":0.0,"userIntensityMinutesGoal":150,"userFloorsAscendedGoal":10,"includesWellnessData":true,"includesActivityData":false,"includesCalorieConsumedData":false,"includesSingleMeasurement":false,"includesContinuousMeasurement":false,"includesAllDayPulseOx":false,"includesSleepPulseOx":false,"source":0,"allDayStress":{"userProfilePK":76018113,"calendarDate":"2021-03-03","aggregatorList":[{"type":"TOTAL","averageStressLevel":-1,"averageStressLevelIntensity":-1,"maxStressLevel":0,"stressIntensityCount":0,"stressOffWristCount":1440,"stressTooActiveCount":0,"totalStressCount":1440,"totalStressIntensity":0,"stressDuration":0,"restDuration":0,"activityDuration":0,"uncategorizedDuration":86400,"totalDuration":86400,"lowDuration":0,"mediumDuration":0,"highDuration":0},{"type":"AWAKE","averageStressLevel":-1,"averageStressLevelIntensity":-1,"maxStressLevel":0,"stressIntensityCount":0,"stressOffWristCount":1440,"stressTooActiveCount":0,"totalStressCount":1440,"totalStressIntensity":0,"stressDuration":0,"restDuration":0,"activityDuration":0,"uncategorizedDuration":86400,"totalDuration":86400,"lowDuration":0,"mediumDuration":0,"highDuration":0},{"type":"ASLEEP","averageStressLevel":-2,"averageStressLevelIntensity":-2,"maxStressLevel":0,"stressIntensityCount":0,"stressOffWristCount":0,"stressTooActiveCount":0,"totalStressCount":0,"totalStressIntensity":0,"stressDuration":0,"restDuration":0,"activityDuration":0,"uncategorizedDuration":0,"totalDuration":0,"lowDuration":0,"mediumDuration":0,"highDuration":0}]},"version":1},{"userProfilePK":76018113,"calendarDate":"2021-03-04","uuid":"62369ccdf11e47eea2c49add60780fc0","durationInMilliseconds":86400000,"totalKilocalories":1945.0,"activeKilocalories":0.0,"bmrKilocalories":1945.0,"wellnessKilocalories":1945.0,"remainingKilocalories":1945.0,"wellnessTotalKilocalories":1945.0,"wellnessActiveKilocalories":0.0,"totalSteps":0,"dailyStepGoal":3490,"netCalorieGoal":1530,"totalDistanceMeters":0,"wellnessDistanceMeters":0,"wellnessStartTimeGmt":"2021-03-03T23:00:00.0","wellnessEndTimeGmt":"2021-03-04T23:00:00.0","wellnessStartTimeLocal":"2021-03-04T00:00:00.0","wellnessEndTimeLocal":"2021-03-05T00:00:00.0","highlyActiveSeconds":0,"activeSeconds":0,"moderateIntensityMinutes":0,"vigorousIntensityMinutes":0,"floorsAscendedInMeters":0.0,"floorsDescendedInMeters":0.0,"userIntensityMinutesGoal":150,"userFloorsAscendedGoal":10,"includesWellnessData":true,"includesActivityData":false,"includesCalorieConsumedData":false,"includesSingleMeasurement":false,"includesContinuousMeasurement":false,"includesAllDayPulseOx":false,"includesSleepPulseOx":false,"source":0,"allDayStress":{"userProfilePK":76018113,"calendarDate":"2021-03-04","aggregatorList":[{"type":"TOTAL","averageStressLevel":1,"averageStressLevelIntensity":1,"maxStressLevel":1,"stressIntensityCount":3,"stressOffWristCount":1423,"stressTooActiveCount":0,"totalStressCount":1426,"totalStressIntensity":292,"stressDuration":0,"restDuration":180,"activityDuration":0,"uncategorizedDuration":85380,"totalDuration":85560,"lowDuration":0,"mediumDuration":0,"highDuration":0},{"type":"AWAKE","averageStressLevel":1,"averageStressLevelIntensity":1,"maxStressLevel":1,"stressIntensityCount":3,"stressOffWristCount":1423,"stressTooActiveCount":0,"totalStressCount":1426,"totalStressIntensity":292,"stressDuration":0,"restDuration":180,"activityDuration":0,"uncategorizedDuration":85380,"totalDuration":85560,"lowDuration":0,"mediumDuration":0,"highDuration":0},{"type":"ASLEEP","averageStressLevel":-2,"averageStressLevelIntensity":-2,"maxStressLevel":0,"stressIntensityCount":0,"stressOffWristCount":0,"stressTooActiveCount":0,"totalStressCount":0,"totalStressIntensity":0,"stressDuration":0,"restDuration":0,"activityDuration":0,"uncategorizedDuration":0,"totalDuration":0,"lowDuration":0,"mediumDuration":0,"highDuration":0}]},"version":1},{"userProfilePK":76018113,"calendarDate":"2021-03-05","uuid":"12331328adea4007855feac3cc16bc1e","durationInMilliseconds":86400000,"totalKilocalories":2578.0,"activeKilocalories":633.0,"bmrKilocalories":1945.0,"wellnessKilocalories":2578.0,"remainingKilocalories":2578.0,"wellnessTotalKilocalories":2578.0,"wellnessActiveKilocalories":633.0,"totalSteps":11315,"dailyStepGoal":3490,"netCalorieGoal":1530,"totalDistanceMeters":12936,"wellnessDistanceMeters":12936,"wellnessStartTimeGmt":"2021-03-04T23:00:00.0","wellnessEndTimeGmt":"2021-03-05T23:00:00.0","wellnessStartTimeLocal":"2021-03-05T00:00:00.0","wellnessEndTimeLocal":"2021-03-06T00:00:00.0","highlyActiveSeconds":3955,"activeSeconds":455,"moderateIntensityMinutes":74,"vigorousIntensityMinutes":0,"floorsAscendedInMeters":27.432,"floorsDescendedInMeters":40.905,"userIntensityMinutesGoal":150,"userFloorsAscendedGoal":10,"minHeartRate":87,"maxHeartRate":165,"includesWellnessData":true,"includesActivityData":false,"includesCalorieConsumedData":false,"includesSingleMeasurement":false,"includesContinuousMeasurement":false,"includesAllDayPulseOx":false,"includesSleepPulseOx":false,"source":0,"allDayStress":{"userProfilePK":76018113,"calendarDate":"2021-03-05","aggregatorList":[{"type":"TOTAL","averageStressLevel":0,"averageStressLevelIntensity":0,"maxStressLevel":0,"stressIntensityCount":2,"stressOffWristCount":1360,"stressTooActiveCount":76,"totalStressCount":1438,"totalStressIntensity":200,"stressDuration":0,"restDuration":120,"activityDuration":4560,"uncategorizedDuration":81600,"totalDuration":86280,"lowDuration":0,"mediumDuration":0,"highDuration":0},{"type":"AWAKE","averageStressLevel":0,"averageStressLevelIntensity":0,"maxStressLevel":0,"stressIntensityCount":2,"stressOffWristCount":1360,"stressTooActiveCount":76,"totalStressCount":1438,"totalStressIntensity":200,"stressDuration":0,"restDuration":120,"activityDuration":4560,"uncategorizedDuration":81600,"totalDuration":86280,"lowDuration":0,"mediumDuration":0,"highDuration":0},{"type":"ASLEEP","averageStressLevel":-2,"averageStressLevelIntensity":-2,"maxStressLevel":0,"stressIntensityCount":0,"stressOffWristCount":0,"stressTooActiveCount":0,"totalStressCount":0,"totalStressIntensity":0,"stressDuration":0,"restDuration":0,"activityDuration":0,"uncategorizedDuration":0,"totalDuration":0,"lowDuration":0,"mediumDuration":0,"highDuration":0}]},"minAvgHeartRate":88,"maxAvgHeartRate":163,"version":1},{"userProfilePK":76018113,"calendarDate":"2021-03-06","uuid":"b2f08d597b8e409e8d9d39519af06931","durationInMilliseconds":86400000,"totalKilocalories":2508.0,"activeKilocalories":563.0,"bmrKilocalories":1945.0,"wellnessKilocalories":1945.0,"burnedKilocalories":563.0,"remainingKilocalories":2508.0,"wellnessTotalKilocalories":1945.0,"wellnessActiveKilocalories":0.0,"totalSteps":0,"dailyStepGoal":5060,"netCalorieGoal":1530,"totalDistanceMeters":20850,"wellnessDistanceMeters":0,"wellnessStartTimeGmt":"2021-03-05T23:00:00.0","wellnessEndTimeGmt":"2021-03-06T23:00:00.0","wellnessStartTimeLocal":"2021-03-06T00:00:00.0","wellnessEndTimeLocal":"2021-03-07T00:00:00.0","highlyActiveSeconds":0,"activeSeconds":0,"moderateIntensityMinutes":0,"vigorousIntensityMinutes":0,"floorsAscendedInMeters":0.0,"floorsDescendedInMeters":0.0,"userIntensityMinutesGoal":150,"userFloorsAscendedGoal":10,"includesWellnessData":true,"includesActivityData":true,"includesCalorieConsumedData":false,"includesSingleMeasurement":false,"includesContinuousMeasurement":false,"includesAllDayPulseOx":false,"includesSleepPulseOx":false,"source":0,"allDayStress":{"userProfilePK":76018113,"calendarDate":"2021-03-06","aggregatorList":[{"type":"TOTAL","averageStressLevel":-1,"averageStressLevelIntensity":-1,"maxStressLevel":0,"stressIntensityCount":0,"stressOffWristCount":1440,"stressTooActiveCount":0,"totalStressCount":1440,"totalStressIntensity":0,"stressDuration":0,"restDuration":0,"activityDuration":0,"uncategorizedDuration":86400,"totalDuration":86400,"lowDuration":0,"mediumDuration":0,"highDuration":0},{"type":"AWAKE","averageStressLevel":-1,"averageStressLevelIntensity":-1,"maxStressLevel":0,"stressIntensityCount":0,"stressOffWristCount":1440,"stressTooActiveCount":0,"totalStressCount":1440,"totalStressIntensity":0,"stressDuration":0,"restDuration":0,"activityDuration":0,"uncategorizedDuration":86400,"totalDuration":86400,"lowDuration":0,"mediumDuration":0,"highDuration":0},{"type":"ASLEEP","averageStressLevel":-2,"averageStressLevelIntensity":-2,"maxStressLevel":0,"stressIntensityCount":0,"stressOffWristCount":0,"stressTooActiveCount":0,"totalStressCount":0,"totalStressIntensity":0,"stressDuration":0,"restDuration":0,"activityDuration":0,"uncategorizedDuration":0,"totalDuration":0,"lowDuration":0,"mediumDuration":0,"highDuration":0}]},"version":3},{"userProfilePK":76018113,"calendarDate":"2021-03-07","uuid":"6a7f6634e5f1449582df48880ffbe520","durationInMilliseconds":86400000,"totalKilocalories":1945.0,"activeKilocalories":0.0,"bmrKilocalories":1945.0,"wellnessKilocalories":1945.0,"remainingKilocalories":1945.0,"wellnessTotalKilocalories":1945.0,"wellnessActiveKilocalories":0.0,"totalSteps":0,"dailyStepGoal":5060,"netCalorieGoal":1530,"totalDistanceMeters":0,"wellnessDistanceMeters":0,"wellnessStartTimeGmt":"2021-03-06T23:00:00.0","wellnessEndTimeGmt":"2021-03-07T23:00:00.0","wellnessStartTimeLocal":"2021-03-07T00:00:00.0","wellnessEndTimeLocal":"2021-03-08T00:00:00.0","highlyActiveSeconds":0,"activeSeconds":0,"moderateIntensityMinutes":0,"vigorousIntensityMinutes":0,"floorsAscendedInMeters":0.0,"floorsDescendedInMeters":0.0,"userIntensityMinutesGoal":150,"userFloorsAscendedGoal":10,"includesWellnessData":true,"includesActivityData":false,"includesCalorieConsumedData":false,"includesSingleMeasurement":false,"includesContinuousMeasurement":false,"includesAllDayPulseOx":false,"includesSleepPulseOx":false,"source":0,"allDayStress":{"userProfilePK":76018113,"calendarDate":"2021-03-07","aggregatorList":[{"type":"TOTAL","averageStressLevel":-1,"averageStressLevelIntensity":-1,"maxStressLevel":0,"stressIntensityCount":0,"stressOffWristCount":1437,"stressTooActiveCount":0,"totalStressCount":1437,"totalStressIntensity":0,"stressDuration":0,"restDuration":0,"activityDuration":0,"uncategorizedDuration":86220,"totalDuration":86220,"lowDuration":0,"mediumDuration":0,"highDuration":0},{"type":"AWAKE","averageStressLevel":-1,"averageStressLevelIntensity":-1,"maxStressLevel":0,"stressIntensityCount":0,"stressOffWristCount":1437,"stressTooActiveCount":0,"totalStressCount":1437,"totalStressIntensity":0,"stressDuration":0,"restDuration":0,"activityDuration":0,"uncategorizedDuration":86220,"totalDuration":86220,"lowDuration":0,"mediumDuration":0,"highDuration":0},{"type":"ASLEEP","averageStressLevel":-2,"averageStressLevelIntensity":-2,"maxStressLevel":0,"stressIntensityCount":0,"stressOffWristCount":0,"stressTooActiveCount":0,"totalStressCount":0,"totalStressIntensity":0,"stressDuration":0,"restDuration":0,"activityDuration":0,"uncategorizedDuration":0,"totalDuration":0,"lowDuration":0,"mediumDuration":0,"highDuration":0}]},"version":1},{"userProfilePK":76018113,"calendarDate":"2021-03-08","uuid":"078531ba6e5b45a9b50ecc354ab0172f","durationInMilliseconds":86400000,"totalKilocalories":2316.0,"activeKilocalories":371.0,"bmrKilocalories":1945.0,"wellnessKilocalories":1945.0,"burnedKilocalories":371.0,"remainingKilocalories":2316.0,"wellnessTotalKilocalories":1945.0,"wellnessActiveKilocalories":0.0,"totalSteps":0,"dailyStepGoal":5060,"netCalorieGoal":1530,"totalDistanceMeters":13837,"wellnessDistanceMeters":0,"wellnessStartTimeGmt":"2021-03-07T23:00:00.0","wellnessEndTimeGmt":"2021-03-08T23:00:00.0","wellnessStartTimeLocal":"2021-03-08T00:00:00.0","wellnessEndTimeLocal":"2021-03-09T00:00:00.0","highlyActiveSeconds":0,"activeSeconds":0,"moderateIntensityMinutes":0,"vigorousIntensityMinutes":0,"floorsAscendedInMeters":0.0,"floorsDescendedInMeters":0.0,"userIntensityMinutesGoal":150,"userFloorsAscendedGoal":10,"includesWellnessData":true,"includesActivityData":true,"includesCalorieConsumedData":false,"includesSingleMeasurement":false,"includesContinuousMeasurement":false,"includesAllDayPulseOx":false,"includesSleepPulseOx":false,"source":0,"allDayStress":{"userProfilePK":76018113,"calendarDate":"2021-03-08","aggregatorList":[{"type":"TOTAL","averageStressLevel":-1,"averageStressLevelIntensity":-1,"maxStressLevel":0,"stressIntensityCount":0,"stressOffWristCount":1439,"stressTooActiveCount":0,"totalStressCount":1439,"totalStressIntensity":0,"stressDuration":0,"restDuration":0,"activityDuration":0,"uncategorizedDuration":86340,"totalDuration":86340,"lowDuration":0,"mediumDuration":0,"highDuration":0},{"type":"AWAKE","averageStressLevel":-1,"averageStressLevelIntensity":-1,"maxStressLevel":0,"stressIntensityCount":0,"stressOffWristCount":1439,"stressTooActiveCount":0,"totalStressCount":1439,"totalStressIntensity":0,"stressDuration":0,"restDuration":0,"activityDuration":0,"uncategorizedDuration":86340,"totalDuration":86340,"lowDuration":0,"mediumDuration":0,"highDuration":0},{"type":"ASLEEP","averageStressLevel":-2,"averageStressLevelIntensity":-2,"maxStressLevel":0,"stressIntensityCount":0,"stressOffWristCount":0,"stressTooActiveCount":0,"totalStressCount":0,"totalStressIntensity":0,"stressDuration":0,"restDuration":0,"activityDuration":0,"uncategorizedDuration":0,"totalDuration":0,"lowDuration":0,"mediumDuration":0,"highDuration":0}]},"version":3},{"userProfilePK":76018113,"calendarDate":"2021-03-09","uuid":"7df4ce3d56324c0e8e0dbff1a59c0097","durationInMilliseconds":86400000,"totalKilocalories":2333.0,"activeKilocalories":388.0,"bmrKilocalories":1945.0,"wellnessKilocalories":1945.0,"burnedKilocalories":388.0,"remainingKilocalories":2333.0,"wellnessTotalKilocalories":1945.0,"wellnessActiveKilocalories":0.0,"totalSteps":0,"dailyStepGoal":5060,"netCalorieGoal":1530,"totalDistanceMeters":13627,"wellnessDistanceMeters":0,"wellnessStartTimeGmt":"2021-03-08T23:00:00.0","wellnessEndTimeGmt":"2021-03-09T23:00:00.0","wellnessStartTimeLocal":"2021-03-09T00:00:00.0","wellnessEndTimeLocal":"2021-03-10T00:00:00.0","highlyActiveSeconds":0,"activeSeconds":0,"moderateIntensityMinutes":0,"vigorousIntensityMinutes":0,"floorsAscendedInMeters":0.0,"floorsDescendedInMeters":0.0,"userIntensityMinutesGoal":150,"userFloorsAscendedGoal":10,"includesWellnessData":true,"includesActivityData":true,"includesCalorieConsumedData":false,"includesSingleMeasurement":false,"includesContinuousMeasurement":false,"includesAllDayPulseOx":false,"includesSleepPulseOx":false,"source":0,"allDayStress":{"userProfilePK":76018113,"calendarDate":"2021-03-09","aggregatorList":[{"type":"TOTAL","averageStressLevel":-1,"averageStressLevelIntensity":-1,"maxStressLevel":0,"stressIntensityCount":0,"stressOffWristCount":1440,"stressTooActiveCount":0,"totalStressCount":1440,"totalStressIntensity":0,"stressDuration":0,"restDuration":0,"activityDuration":0,"uncategorizedDuration":86400,"totalDuration":86400,"lowDuration":0,"mediumDuration":0,"highDuration":0},{"type":"AWAKE","averageStressLevel":-1,"averageStressLevelIntensity":-1,"maxStressLevel":0,"stressIntensityCount":0,"stressOffWristCount":1440,"stressTooActiveCount":0,"totalStressCount":1440,"totalStressIntensity":0,"stressDuration":0,"restDuration":0,"activityDuration":0,"uncategorizedDuration":86400,"totalDuration":86400,"lowDuration":0,"mediumDuration":0,"highDuration":0},{"type":"ASLEEP","averageStressLevel":-2,"averageStressLevelIntensity":-2,"maxStressLevel":0,"stressIntensityCount":0,"stressOffWristCount":0,"stressTooActiveCount":0,"totalStressCount":0,"totalStressIntensity":0,"stressDuration":0,"restDuration":0,"activityDuration":0,"uncategorizedDuration":0,"totalDuration":0,"lowDuration":0,"mediumDuration":0,"highDuration":0}]},"version":3},{"userProfilePK":76018113,"calendarDate":"2021-03-10","uuid":"c1ad660e75f2489d9d2ca90330508bda","durationInMilliseconds":86400000,"totalKilocalories":1945.0,"activeKilocalories":0.0,"bmrKilocalories":1945.0,"wellnessKilocalories":1945.0,"remainingKilocalories":1945.0,"wellnessTotalKilocalories":1945.0,"wellnessActiveKilocalories":0.0,"totalSteps":0,"dailyStepGoal":5060,"netCalorieGoal":1530,"totalDistanceMeters":0,"wellnessDistanceMeters":0,"wellnessStartTimeGmt":"2021-03-09T23:00:00.0","wellnessEndTimeGmt":"2021-03-10T23:00:00.0","wellnessStartTimeLocal":"2021-03-10T00:00:00.0","wellnessEndTimeLocal":"2021-03-11T00:00:00.0","highlyActiveSeconds":0,"activeSeconds":0,"moderateIntensityMinutes":0,"vigorousIntensityMinutes":0,"floorsAscendedInMeters":0.0,"floorsDescendedInMeters":0.0,"userIntensityMinutesGoal":150,"userFloorsAscendedGoal":10,"includesWellnessData":true,"includesActivityData":false,"includesCalorieConsumedData":false,"includesSingleMeasurement":false,"includesContinuousMeasurement":false,"includesAllDayPulseOx":false,"includesSleepPulseOx":false,"source":0,"allDayStress":{"userProfilePK":76018113,"calendarDate":"2021-03-10","aggregatorList":[{"type":"TOTAL","averageStressLevel":0,"averageStressLevelIntensity":1,"maxStressLevel":0,"stressIntensityCount":1,"stressOffWristCount":1439,"stressTooActiveCount":0,"totalStressCount":1440,"totalStressIntensity":99,"stressDuration":0,"restDuration":60,"activityDuration":0,"uncategorizedDuration":86340,"totalDuration":86400,"lowDuration":0,"mediumDuration":0,"highDuration":0},{"type":"AWAKE","averageStressLevel":0,"averageStressLevelIntensity":1,"maxStressLevel":0,"stressIntensityCount":1,"stressOffWristCount":1439,"stressTooActiveCount":0,"totalStressCount":1440,"totalStressIntensity":99,"stressDuration":0,"restDuration":60,"activityDuration":0,"uncategorizedDuration":86340,"totalDuration":86400,"lowDuration":0,"mediumDuration":0,"highDuration":0},{"type":"ASLEEP","averageStressLevel":-2,"averageStressLevelIntensity":-2,"maxStressLevel":0,"stressIntensityCount":0,"stressOffWristCount":0,"stressTooActiveCount":0,"totalStressCount":0,"totalStressIntensity":0,"stressDuration":0,"restDuration":0,"activityDuration":0,"uncategorizedDuration":0,"totalDuration":0,"lowDuration":0,"mediumDuration":0,"highDuration":0}]},"version":1},{"userProfilePK":76018113,"calendarDate":"2021-03-11","uuid":"fd1fd116bca84a3db5a84b1b67fdd39d","durationInMilliseconds":86400000,"totalKilocalories":1945.0,"activeKilocalories":0.0,"bmrKilocalories":1945.0,"wellnessKilocalories":1945.0,"remainingKilocalories":1945.0,"wellnessTotalKilocalories":1945.0,"wellnessActiveKilocalories":0.0,"totalSteps":0,"dailyStepGoal":5060,"netCalorieGoal":1530,"totalDistanceMeters":0,"wellnessDistanceMeters":0,"wellnessStartTimeGmt":"2021-03-10T23:00:00.0","wellnessEndTimeGmt":"2021-03-11T23:00:00.0","wellnessStartTimeLocal":"2021-03-11T00:00:00.0","wellnessEndTimeLocal":"2021-03-12T00:00:00.0","highlyActiveSeconds":0,"activeSeconds":0,"moderateIntensityMinutes":0,"vigorousIntensityMinutes":0,"floorsAscendedInMeters":0.0,"floorsDescendedInMeters":0.0,"userIntensityMinutesGoal":150,"userFloorsAscendedGoal":10,"includesWellnessData":true,"includesActivityData":false,"includesCalorieConsumedData":false,"includesSingleMeasurement":false,"includesContinuousMeasurement":false,"includesAllDayPulseOx":false,"includesSleepPulseOx":false,"source":0,"allDayStress":{"userProfilePK":76018113,"calendarDate":"2021-03-11","aggregatorList":[{"type":"TOTAL","averageStressLevel":-1,"averageStressLevelIntensity":-1,"maxStressLevel":0,"stressIntensityCount":0,"stressOffWristCount":1440,"stressTooActiveCount":0,"totalStressCount":1440,"totalStressIntensity":0,"stressDuration":0,"restDuration":0,"activityDuration":0,"uncategorizedDuration":86400,"totalDuration":86400,"lowDuration":0,"mediumDuration":0,"highDuration":0},{"type":"AWAKE","averageStressLevel":-1,"averageStressLevelIntensity":-1,"maxStressLevel":0,"stressIntensityCount":0,"stressOffWristCount":1440,"stressTooActiveCount":0,"totalStressCount":1440,"totalStressIntensity":0,"stressDuration":0,"restDuration":0,"activityDuration":0,"uncategorizedDuration":86400,"totalDuration":86400,"lowDuration":0,"mediumDuration":0,"highDuration":0},{"type":"ASLEEP","averageStressLevel":-2,"averageStressLevelIntensity":-2,"maxStressLevel":0,"stressIntensityCount":0,"stressOffWristCount":0,"stressTooActiveCount":0,"totalStressCount":0,"totalStressIntensity":0,"stressDuration":0,"restDuration":0,"activityDuration":0,"uncategorizedDuration":0,"totalDuration":0,"lowDuration":0,"mediumDuration":0,"highDuration":0}]},"version":1},{"userProfilePK":76018113,"calendarDate":"2021-03-12","uuid":"40a175087f8740f9a5b380bf260ee2f9","durationInMilliseconds":78300000,"totalKilocalories":1762.0,"activeKilocalories":0.0,"bmrKilocalories":1762.0,"wellnessKilocalories":1762.0,"remainingKilocalories":1762.0,"wellnessTotalKilocalories":1762.0,"wellnessActiveKilocalories":0.0,"totalSteps":0,"dailyStepGoal":5060,"netCalorieGoal":1530,"totalDistanceMeters":0,"wellnessDistanceMeters":0,"wellnessStartTimeGmt":"2021-03-11T23:00:00.0","wellnessEndTimeGmt":"2021-03-12T20:45:00.0","wellnessStartTimeLocal":"2021-03-12T00:00:00.0","wellnessEndTimeLocal":"2021-03-12T21:45:00.0","highlyActiveSeconds":0,"activeSeconds":0,"moderateIntensityMinutes":0,"vigorousIntensityMinutes":0,"floorsAscendedInMeters":0.0,"floorsDescendedInMeters":0.0,"userIntensityMinutesGoal":150,"userFloorsAscendedGoal":10,"includesWellnessData":true,"includesActivityData":false,"includesCalorieConsumedData":false,"includesSingleMeasurement":false,"includesContinuousMeasurement":false,"includesAllDayPulseOx":false,"includesSleepPulseOx":false,"source":0,"allDayStress":{"userProfilePK":76018113,"calendarDate":"2021-03-12","aggregatorList":[{"type":"TOTAL","averageStressLevel":-1,"averageStressLevelIntensity":-1,"maxStressLevel":0,"stressIntensityCount":0,"stressOffWristCount":1303,"stressTooActiveCount":0,"totalStressCount":1303,"totalStressIntensity":0,"stressDuration":0,"restDuration":0,"activityDuration":0,"uncategorizedDuration":78180,"totalDuration":78180,"lowDuration":0,"mediumDuration":0,"highDuration":0},{"type":"AWAKE","averageStressLevel":-1,"averageStressLevelIntensity":-1,"maxStressLevel":0,"stressIntensityCount":0,"stressOffWristCount":1303,"stressTooActiveCount":0,"totalStressCount":1303,"totalStressIntensity":0,"stressDuration":0,"restDuration":0,"activityDuration":0,"uncategorizedDuration":78180,"totalDuration":78180,"lowDuration":0,"mediumDuration":0,"highDuration":0},{"type":"ASLEEP","averageStressLevel":-2,"averageStressLevelIntensity":-2,"maxStressLevel":0,"stressIntensityCount":0,"stressOffWristCount":0,"stressTooActiveCount":0,"totalStressCount":0,"totalStressIntensity":0,"stressDuration":0,"restDuration":0,"activityDuration":0,"uncategorizedDuration":0,"totalDuration":0,"lowDuration":0,"mediumDuration":0,"highDuration":0}]},"version":78300000},{"userProfilePK":76018113,"calendarDate":"2021-03-13","uuid":"8c121635798047c2a5cc4915c1a03b4b","durationInMilliseconds":0,"totalKilocalories":735.0,"activeKilocalories":735.0,"burnedKilocalories":735.0,"remainingKilocalories":735.0,"wellnessTotalKilocalories":735.0,"netCalorieGoal":1530,"totalDistanceMeters":20360,"wellnessStartTimeGmt":"2021-03-12T22:00:00.0","wellnessEndTimeGmt":"2021-03-13T22:00:00.0","wellnessStartTimeLocal":"2021-03-13T00:00:00.0","wellnessEndTimeLocal":"2021-03-14T00:00:00.0","includesWellnessData":false,"includesActivityData":true,"includesCalorieConsumedData":false,"source":0,"allDayStress":{},"version":1},{"userProfilePK":76018113,"calendarDate":"2021-03-16","uuid":"b44749f0e2d1439398f89bb692bdffe5","durationInMilliseconds":0,"totalKilocalories":461.0,"activeKilocalories":461.0,"burnedKilocalories":461.0,"remainingKilocalories":461.0,"wellnessTotalKilocalories":461.0,"netCalorieGoal":1530,"totalDistanceMeters":13150,"wellnessStartTimeGmt":"2021-03-15T22:00:00.0","wellnessEndTimeGmt":"2021-03-16T22:00:00.0","wellnessStartTimeLocal":"2021-03-16T00:00:00.0","wellnessEndTimeLocal":"2021-03-17T00:00:00.0","includesWellnessData":false,"includesActivityData":true,"includesCalorieConsumedData":false,"source":0,"allDayStress":{},"version":1},{"userProfilePK":76018113,"calendarDate":"2021-03-18","uuid":"4d4b6bb312f5433586cc35138f7a5109","durationInMilliseconds":0,"totalKilocalories":472.0,"activeKilocalories":472.0,"burnedKilocalories":472.0,"remainingKilocalories":472.0,"wellnessTotalKilocalories":472.0,"netCalorieGoal":1530,"totalDistanceMeters":13352,"wellnessStartTimeGmt":"2021-03-17T22:00:00.0","wellnessEndTimeGmt":"2021-03-18T22:00:00.0","wellnessStartTimeLocal":"2021-03-18T00:00:00.0","wellnessEndTimeLocal":"2021-03-19T00:00:00.0","includesWellnessData":false,"includesActivityData":true,"includesCalorieConsumedData":false,"source":0,"allDayStress":{},"version":1},{"userProfilePK":76018113,"calendarDate":"2021-03-20","uuid":"01cbcd67f7a9422ba357c5797900bb34","durationInMilliseconds":0,"totalKilocalories":698.0,"activeKilocalories":698.0,"burnedKilocalories":698.0,"remainingKilocalories":698.0,"wellnessTotalKilocalories":698.0,"netCalorieGoal":1530,"totalDistanceMeters":20672,"wellnessStartTimeGmt":"2021-03-19T22:00:00.0","wellnessEndTimeGmt":"2021-03-20T22:00:00.0","wellnessStartTimeLocal":"2021-03-20T00:00:00.0","wellnessEndTimeLocal":"2021-03-21T00:00:00.0","includesWellnessData":false,"includesActivityData":true,"includesCalorieConsumedData":false,"source":0,"allDayStress":{},"version":1},{"userProfilePK":76018113,"calendarDate":"2021-03-22","uuid":"eeaf2c09851e44ae8f5b070a208ef17c","durationInMilliseconds":0,"totalKilocalories":484.0,"activeKilocalories":484.0,"burnedKilocalories":484.0,"remainingKilocalories":484.0,"wellnessTotalKilocalories":484.0,"netCalorieGoal":1530,"totalDistanceMeters":13458,"wellnessStartTimeGmt":"2021-03-21T22:00:00.0","wellnessEndTimeGmt":"2021-03-22T22:00:00.0","wellnessStartTimeLocal":"2021-03-22T00:00:00.0","wellnessEndTimeLocal":"2021-03-23T00:00:00.0","includesWellnessData":false,"includesActivityData":true,"includesCalorieConsumedData":false,"source":0,"allDayStress":{},"version":1},{"userProfilePK":76018113,"calendarDate":"2021-03-23","uuid":"95f141b9deb040ad8423d2ed78c1d1a1","durationInMilliseconds":0,"totalKilocalories":375.0,"activeKilocalories":375.0,"burnedKilocalories":375.0,"remainingKilocalories":375.0,"wellnessTotalKilocalories":375.0,"netCalorieGoal":1530,"totalDistanceMeters":10093,"wellnessStartTimeGmt":"2021-03-22T22:00:00.0","wellnessEndTimeGmt":"2021-03-23T22:00:00.0","wellnessStartTimeLocal":"2021-03-23T00:00:00.0","wellnessEndTimeLocal":"2021-03-24T00:00:00.0","includesWellnessData":false,"includesActivityData":true,"includesCalorieConsumedData":false,"source":0,"allDayStress":{},"version":1},{"userProfilePK":76018113,"calendarDate":"2021-03-28","uuid":"42060345121b41379a90dd8fa55faaeb","durationInMilliseconds":0,"totalKilocalories":200.0,"activeKilocalories":200.0,"burnedKilocalories":200.0,"remainingKilocalories":200.0,"wellnessTotalKilocalories":200.0,"netCalorieGoal":1530,"totalDistanceMeters":10099,"wellnessStartTimeGmt":"2021-03-27T22:00:00.0","wellnessEndTimeGmt":"2021-03-28T22:00:00.0","wellnessStartTimeLocal":"2021-03-28T00:00:00.0","wellnessEndTimeLocal":"2021-03-29T00:00:00.0","includesWellnessData":false,"includesActivityData":true,"includesCalorieConsumedData":false,"source":0,"allDayStress":{},"version":1}]