{"id":370344132,"profileId":76018113,"displayName":"c13a59ed-71ec-4d12-a7ac-0182d6d2ed57","fullName":"Alberto Requena","userName":"requenalberto@gmail.com","profileImageUrlLarge":"https://s3.amazonaws.com/garmin-connect-prod/profile_images/4d228253-f3c3-4e11-8e32-76872a3a9f0e-76018113.png","profileImageUrlMedium":"https://s3.amazonaws.com/garmin-connect-prod/profile_images/6e18aa61-97ca-4239-b15a-432b9b26d440-76018113.png","profileImageUrlSmall":"https://s3.amazonaws.com/garmin-connect-prod/profile_images/0d40ad80-e241-461a-893a-5f125af3499a-76018113.png","location":"Madrid, Madrid","runningTrainingSpeed":0.0,"cyclingTrainingSpeed":0.0,"cyclingMaxAvgPower":0.0,"swimmingTrainingSpeed":0.0,"profileVisibility":"private","activityStartVisibility":"public","activityMapVisibility":"public","courseVisibility":"public","activityHeartRateVisibility":"public","activityPowerVisibility":"public","badgeVisibility":"following","showAge":false,"showWeight":false,"showHeight":false,"showWeightClass":false,"showAgeRange":false,"showGender":false,"showActivityClass":false,"showVO2Max":false,"showPersonalRecords":true,"showLast12Months":true,"showLifetimeTotals":true,"showUpcomingEvents":true,"showRecentFavorites":true,"showRecentDevice":true,"showRecentGear":false,"showBadges":true,"nameApproved":true,"makeGolfScorecardsPrivate":true,"allowGolfLiveScoring":false,"allowGolfScoringByConnections":true,"userLevel":3,"userPoint":122,"levelUpdateDate":"2022-10-08T09:01:20.0","levelIsViewed":false,"levelUpdateDateGMT":"2022-10-08T09:01:20.0","userPro":false}