[{"userProfilePk":76018113,"userGoalCategory":"MY_AUTO","userGoalType":"STEPS","startDate":{"date":"Apr 7, 2019"},"goalValue":"14800.0","updateDate":{"date":"Mar 25, 2024 12:00:00 AM"},"createDate":{"date":"Apr 7, 2019 10:35:25 AM"}},{"userProfilePk":76018113,"userGoalCategory":"MANUAL","userGoalType":"WEIGHT_GRAMS","startDate":{"date":"May 13, 2019"},"goalValue":"69900.0","updateDate":{"date":"May 13, 2019 7:37:41 AM"},"createDate":{"date":"May 13, 2019 7:37:41 AM"}},{"userProfilePk":76018113,"userGoalCategory":"MYFITNESSPAL","userGoalType":"NET_CALORIES","startDate":{"date":"Apr 7, 2019"},"endDate":{"date":"Jul 2, 2019"},"goalValue":"1520.0","updateDate":{"date":"Jul 3, 2019 2:53:31 AM"},"createDate":{"date":"Apr 7, 2019 10:59:38 AM"}},{"userProfilePk":76018113,"userGoalCategory":"MYFITNESSPAL","userGoalType":"NET_CALORIES","startDate":{"date":"Jul 3, 2019"},"endDate":{"date":"Aug 15, 2022"},"goalValue":"1530.0","updateDate":{"date":"Aug 16, 2022 5:16:50 AM"},"createDate":{"date":"Jul 3, 2019 2:53:31 AM"}}]