[{"personalRecords":[{"personalRecordId":1409854144,"activityId":3534774553,"value":3147.922119140625,"prStartTimeGMT":"Sun Apr 07 15:08:31 GMT 2019","personalRecordType":"Best 10km Run","createdDate":"2019-04-07","current":false,"confirmed":true},{"personalRecordId":1409854148,"activityId":3534774553,"value":1455.7769775390625,"prStartTimeGMT":"Sun Apr 07 15:08:31 GMT 2019","personalRecordType":"Best 5km Run","createdDate":"2019-04-07","current":false,"confirmed":true},{"personalRecordId":1414803338,"activityId":3566422279,"value":12648.4599609375,"prStartTimeGMT":"Thu Apr 18 07:06:28 GMT 2019","personalRecordType":"Farthest Run","createdDate":"2019-04-18","current":false,"confirmed":true},{"personalRecordId":1469415014,"activityId":3917867372,"value":46838.1015625,"prStartTimeGMT":"Mon Aug 05 06:34:20 GMT 2019","personalRecordType":"Farthest Cycle","createdDate":"2019-08-05","current":false,"confirmed":true},{"personalRecordId":1469415015,"activityId":3917867372,"value":284.0,"prStartTimeGMT":"Mon Aug 05 06:34:20 GMT 2019","personalRecordType":"Max Elevation Gain","createdDate":"2019-08-05","current":false,"confirmed":true},{"personalRecordId":1469415016,"activityId":3917867372,"value":8475.7861328125,"prStartTimeGMT":"Mon Aug 05 06:43:31 GMT 2019","personalRecordType":"Best 40km Cycle","createdDate":"2019-08-05","current":false,"confirmed":true},{"personalRecordId":1483791281,"activityId":4014426804,"value":47783.55078125,"prStartTimeGMT":"Sat Aug 31 15:47:54 GMT 2019","personalRecordType":"Farthest Cycle","createdDate":"2019-09-01","current":true,"confirmed":true},{"personalRecordId":1498344576,"activityId":0,"value":321366.0,"prStartTimeGMT":"Sat Mar 30 22:00:00 GMT 2024","personalRecordType":"Most Steps in a Month","createdDate":"2019-10-01","current":true,"confirmed":true},{"personalRecordId":1498344577,"activityId":0,"value":51737.0,"prStartTimeGMT":"Sat Dec 03 23:00:00 GMT 2022","personalRecordType":"Most Steps in a Day","createdDate":"2019-10-01","current":true,"confirmed":true},{"personalRecordId":1498344578,"activityId":0,"value":6.0,"prStartTimeGMT":"Sat Jul 20 22:00:00 GMT 2019","personalRecordType":"Longest Goal Streak","createdDate":"2019-10-01","current":true,"confirmed":true},{"personalRecordId":1498344579,"activityId":0,"value":1.0,"prStartTimeGMT":"Mon Apr 01 21:00:00 GMT 2024","personalRecordType":"Current Goal Streak","createdDate":"2019-10-01","current":true,"confirmed":true},{"personalRecordId":1498344582,"activityId":0,"value":96934.0,"prStartTimeGMT":"Sat Mar 23 23:00:00 GMT 2024","personalRecordType":"Most Steps in a Week","createdDate":"2019-10-01","current":true,"confirmed":true},{"personalRecordId":1733761393,"activityId":5567399632,"value":627.0,"prStartTimeGMT":"Sun Sep 20 18:05:08 GMT 2020","personalRecordType":"Max Elevation Gain","createdDate":"2020-09-20","current":false,"confirmed":true},{"personalRecordId":1737417282,"activityId":5592578172,"value":329.0,"prStartTimeGMT":"Sat Sep 26 07:56:38 GMT 2020","personalRecordType":"Max Elevation Gain","createdDate":"2020-09-26","current":false,"confirmed":true},{"personalRecordId":1948241829,"activityId":7252144668,"value":13338.51953125,"prStartTimeGMT":"Thu Aug 05 17:06:26 GMT 2021","personalRecordType":"Farthest Run","createdDate":"2021-08-05","current":false,"confirmed":true},{"personalRecordId":1965472019,"activityId":7424317896,"value":1431.7879638671875,"prStartTimeGMT":"Sat Sep 04 09:08:15 GMT 2021","personalRecordType":"Best 5km Run","createdDate":"2021-09-04","current":false,"confirmed":true},{"personalRecordId":1969721901,"activityId":7467858640,"value":198.5125,"prStartTimeGMT":"Sat Sep 11 10:20:34 GMT 2021","personalRecordType":"Max Avg Power (20 min)","createdDate":"2021-09-11","current":true,"confirmed":true},{"personalRecordId":1997425754,"activityId":7754377841,"value":13392.2802734375,"prStartTimeGMT":"Tue Nov 02 06:05:00 GMT 2021","personalRecordType":"Farthest Run","createdDate":"2021-11-02","current":false,"confirmed":true},{"personalRecordId":1998662540,"activityId":7769508096,"value":1411.4549560546875,"prStartTimeGMT":"Fri Nov 05 05:54:12 GMT 2021","personalRecordType":"Best 5km Run","createdDate":"2021-11-05","current":false,"confirmed":true},{"personalRecordId":2000710974,"activityId":7790445768,"value":1409.333984375,"prStartTimeGMT":"Tue Nov 09 06:15:17 GMT 2021","personalRecordType":"Best 5km Run","createdDate":"2021-11-09","current":false,"confirmed":true},{"personalRecordId":2006544322,"activityId":7865624026,"value":3055.156005859375,"prStartTimeGMT":"Wed Nov 24 06:02:55 GMT 2021","personalRecordType":"Best 10km Run","createdDate":"2021-11-24","current":false,"confirmed":true},{"personalRecordId":2007886573,"activityId":7881990155,"value":16161.58984375,"prStartTimeGMT":"Sat Nov 27 17:13:36 GMT 2021","personalRecordType":"Farthest Run","createdDate":"2021-11-27","current":false,"confirmed":true},{"personalRecordId":2013163778,"activityId":7946106752,"value":3049.986083984375,"prStartTimeGMT":"Sat Dec 11 16:17:31 GMT 2021","personalRecordType":"Best 10km Run","createdDate":"2021-12-11","current":false,"confirmed":true},{"personalRecordId":2037398891,"activityId":8201815786,"value":4802.41796875,"prStartTimeGMT":"Sat Jan 29 11:23:44 GMT 2022","personalRecordType":"Best 40km Cycle","createdDate":"2022-01-29","current":true,"confirmed":true},{"personalRecordId":2041007169,"activityId":8247527486,"value":16952.4609375,"prStartTimeGMT":"Sun Feb 06 10:45:29 GMT 2022","personalRecordType":"Farthest Run","createdDate":"2022-02-06","current":false,"confirmed":true},{"personalRecordId":2046656008,"activityId":8322533109,"value":19534.240234375,"prStartTimeGMT":"Sat Feb 19 11:14:35 GMT 2022","personalRecordType":"Farthest Run","createdDate":"2022-02-19","current":false,"confirmed":true},{"personalRecordId":2081715229,"activityId":8776758089,"value":1361.240966796875,"prStartTimeGMT":"Sat May 07 11:17:19 GMT 2022","personalRecordType":"Best 5km Run","createdDate":"2022-05-07","current":false,"confirmed":true},{"personalRecordId":2081715230,"activityId":8776758089,"value":2989.916015625,"prStartTimeGMT":"Sat May 07 11:04:16 GMT 2022","personalRecordType":"Best 10km Run","createdDate":"2022-05-07","current":false,"confirmed":true},{"personalRecordId":2092716253,"activityId":8912781208,"value":1326.35205078125,"prStartTimeGMT":"Sun May 29 07:25:09 GMT 2022","personalRecordType":"Best 5km Run","createdDate":"2022-05-29","current":false,"confirmed":true},{"personalRecordId":2092716254,"activityId":8912781208,"value":2690.8369140625,"prStartTimeGMT":"Sun May 29 07:02:06 GMT 2022","personalRecordType":"Best 10km Run","createdDate":"2022-05-29","current":false,"confirmed":true},{"personalRecordId":2156107005,"activityId":9749891821,"value":6813.55810546875,"prStartTimeGMT":"Sat Oct 08 06:14:00 GMT 2022","personalRecordType":"Best Half Marathon","createdDate":"2022-10-08","current":false,"confirmed":true},{"personalRecordId":2156107006,"activityId":9749891821,"value":21584.359375,"prStartTimeGMT":"Sat Oct 08 06:13:54 GMT 2022","personalRecordType":"Farthest Run","createdDate":"2022-10-08","current":false,"confirmed":true},{"personalRecordId":2159833874,"activityId":9799597566,"value":6064.5751953125,"prStartTimeGMT":"Sun Oct 16 08:07:09 GMT 2022","personalRecordType":"Best Half Marathon","createdDate":"2022-10-16","current":true,"confirmed":true},{"personalRecordId":2162191647,"activityId":9835150554,"value":21830.869140625,"prStartTimeGMT":"Sat Oct 22 07:09:35 GMT 2022","personalRecordType":"Farthest Run","createdDate":"2022-10-22","current":false,"confirmed":true},{"personalRecordId":2165509776,"activityId":9883920822,"value":22031.849609375,"prStartTimeGMT":"Sun Oct 30 07:47:39 GMT 2022","personalRecordType":"Farthest Run","createdDate":"2022-10-30","current":false,"confirmed":true},{"personalRecordId":2178946600,"activityId":10082626519,"value":13370.525390625,"prStartTimeGMT":"Sun Dec 04 07:55:13 GMT 2022","personalRecordType":"Best Full Marathon","createdDate":"2022-12-04","current":true,"confirmed":true},{"personalRecordId":2178946601,"activityId":10082626519,"value":42646.30859375,"prStartTimeGMT":"Sun Dec 04 07:55:13 GMT 2022","personalRecordType":"Farthest Run","createdDate":"2022-12-04","current":false,"confirmed":true},{"personalRecordId":2183352022,"activityId":10150563026,"value":1285.322021484375,"prStartTimeGMT":"Sun Dec 18 08:18:14 GMT 2022","personalRecordType":"Best 5km Run","createdDate":"2022-12-18","current":false,"confirmed":true},{"personalRecordId":2190477463,"activityId":10218804782,"value":684.5500000119209,"prStartTimeGMT":"Sat Dec 31 15:14:50 GMT 2022","personalRecordType":"Max Elevation Gain","createdDate":"2022-12-31","current":true,"confirmed":true},{"personalRecordId":2213386789,"activityId":10541677065,"value":42788.140625,"prStartTimeGMT":"Sun Feb 19 07:34:35 GMT 2023","personalRecordType":"Farthest Run","createdDate":"2023-02-19","current":true,"confirmed":true},{"personalRecordId":2222456462,"activityId":10678632608,"value":1227.7509765625,"prStartTimeGMT":"Sun Mar 12 10:14:49 GMT 2023","personalRecordType":"Best 5km Run","createdDate":"2023-03-12","current":false,"confirmed":true},{"personalRecordId":2228729448,"activityId":10772386781,"value":1211.2989501953125,"prStartTimeGMT":"Sun Mar 26 07:31:09 GMT 2023","personalRecordType":"Best 5km Run","createdDate":"2023-03-26","current":false,"confirmed":true},{"personalRecordId":2263540166,"activityId":11262877153,"value":1195.4449462890625,"prStartTimeGMT":"Sat Jun 03 19:39:54 GMT 2023","personalRecordType":"Best 5km Run","createdDate":"2023-06-03","current":true,"confirmed":true},{"personalRecordId":2401330266,"activityId":14338054384,"value":2630.10009765625,"prStartTimeGMT":"Sun Mar 10 10:04:30 GMT 2024","personalRecordType":"Best 10km Run","createdDate":"2024-03-10","current":true,"confirmed":true}]}]